{"type":"FeatureCollection", "features": [
{"type":"Feature","geometry":{"type":"Polygon","coordinates":[[[5.82,49.51],[6.43,49.45],[6.11,50.12],[5.82,49.51]]]},"properties":{"NAME":"Luxembourg","ABBREVN":"Luxembourg","SUBJECTO":"Luxembourg","BORDERPRECISION":3,"PARTOF":"Luxembourg"}},
{"type":"Feature","geometry":{"type":"MultiPolygon","coordinates":[[[[18.51,42.36],[19.61,41.76],[19.37,40.26],[20.03,39.81],[21.23,37.9],[22.39,36.52],[22.64,37.49],[23.56,38.35],[22.72,39.29],[22.6,40.4],[23.89,40.73],[25.99,40.85],[26.61,40.4],[27.47,40.96],[28.83,40.91],[27.5,42.52],[28.45,43.48],[28.69,44.49],[30.43,46.18],[29.43,46.82],[28.91,47.82],[26.16,48.94],[26.19,46.81],[24.94,45.96],[24.06,46.1],[22.48,45.73],[22.13,44.51],[20.79,44.74],[19.01,45.46],[18.26,45.12],[15.83,45.2],[15.76,44.79],[17.55,42.92],[17.65,42.86],[18.51,42.36]]],[[[50.97,24.44],[49.94,25.96],[50.12,26.74],[48.86,27.52],[47.91,29.89],[48.55,29.99],[47.69,30.88],[47.79,31.8],[45.51,33.8],[46.18,35.06],[45.39,35.93],[44.21,37.87],[43.85,40.75],[42.88,41.55],[41.48,41.44],[40.36,40.96],[38.65,40.92],[36.38,41.24],[35.96,41.69],[33.56,41.98],[30.74,41.04],[27.76,40.29],[26.77,40.38],[26.13,39.88],[26.71,39.18],[27.16,37.36],[29,36.69],[29.3,36.17],[30.47,36.19],[31.37,36.71],[33.17,35.97],[34.49,36.63],[35.71,36.21],[35.87,34.42],[34.15,31.21],[34.94,29.42],[34.89,28.36],[37.22,25.17],[37.2,24.66],[38.33,23.83],[39.1,22.4],[39.17,21.22],[39.76,20.41],[40.82,19.68],[41.92,20.77],[41.81,21.71],[41.07,22.26],[40.65,24.15],[38.81,24.84],[37.36,27.96],[36.59,29.79],[36.52,31.16],[37.21,33.57],[38.04,34.6],[40.03,34.39],[44.08,30.34],[46.91,29.44],[47.44,28.83],[48.47,26.7],[49.4,26.08],[49.7,24.41],[50.57,23.85],[50.97,24.44]]]]},"properties":{"NAME":"Ottoman Empire","ABBREVN":"Ottoman Empi","SUBJECTO":"Ottoman Empire","BORDERPRECISION":3,"PARTOF":"Ottoman Empire"}},
{"type":"Feature","geometry":{"type":"Polygon","coordinates":[[[91.61,27.64],[91.15,28.03],[89.37,27.88],[88.8,27.18],[88.87,26.91],[91.16,26.75],[91.61,27.64]]]},"properties":{"NAME":"Bhutan","ABBREVN":"Bhutan","SUBJECTO":"Bhutan","BORDERPRECISION":3,"PARTOF":"Bhutan"}},
{"type":"Feature","geometry":{"type":"MultiPolygon","coordinates":[[[[-71.68,18],[-70.62,18.51],[-68.66,18.87],[-70.88,19.93],[-71.78,19.77],[-71.68,18]]],[[[-82.18,22.37],[-79.73,21.67],[-78.73,21.62],[-78.45,20.97],[-77.29,20.7],[-77.46,19.87],[-75.52,19.91],[-74.34,20.32],[-75.6,21.01],[-77.34,21.51],[-78.17,22.12],[-79.76,22.76],[-81.43,23.14],[-82.18,22.37]]]]},"properties":{"NAME":"Spain","ABBREVN":"Spain","SUBJECTO":"Spain","BORDERPRECISION":3,"PARTOF":"Spain"}},
{"type":"Feature","geometry":{"type":"Polygon","coordinates":[[[-71.78,19.77],[-72.68,19.39],[-72.75,18.51],[-71.68,18],[-71.78,19.77]]]},"properties":{"NAME":"Haiti","ABBREVN":"Haiti","SUBJECTO":"Haiti","BORDERPRECISION":3,"PARTOF":"Haiti"}},
{"type":"Feature","geometry":{"type":"MultiPolygon","coordinates":[[[[-88.32,18.49],[-89.15,17.83],[-88.94,15.9],[-88.44,16.44],[-88.11,18.19],[-88.32,18.49]]],[[[-83.3,14.61],[-83.86,14.18],[-84.09,12.53],[-83.9,11.89],[-83.66,13.71],[-83.3,14.61]]]]},"properties":{"NAME":"United Kingdom","ABBREVN":"United Kingdom","SUBJECTO":"United Kingdom","BORDERPRECISION":3,"PARTOF":"United Kingdom"}},
{"type":"Feature","geometry":{"type":"MultiPolygon","coordinates":[[[[120.36,14.53],[121.01,13.66],[121.73,14.11],[121.24,15.31],[122.4,17.11],[122.03,18.01],[121.04,18.53],[120.39,18.04],[120.3,16.42],[119.77,15.47],[120.36,14.53]]],[[[121.87,10.47],[122.9,11.15],[121.99,11.76],[121.87,10.47]]],[[[122.94,9.05],[123.31,10.74],[122.92,10.85],[122.4,9.48],[122.94,9.05]]],[[[126.05,6.61],[126.32,7.15],[126.27,8.43],[125.93,9.17],[123.46,7.79],[124.22,6.09],[125.07,5.72],[125.28,6.59],[126.05,6.61]]]]},"properties":{"NAME":"Philippines","ABBREVN":"Philippines","SUBJECTO":"Philippines","BORDERPRECISION":3,"PARTOF":"Philippines"}},
{"type":"Feature","geometry":{"type":"Polygon","coordinates":[[[80.56,5.93],[81.2,6.08],[81.87,7.08],[80.66,9.3],[79.67,8.8],[79.85,7.06],[80.56,5.93]]]},"properties":{"NAME":"Ceylon","ABBREVN":"Ceylon","SUBJECTO":"Ceylon","BORDERPRECISION":3,"PARTOF":"Ceylon"}},
{"type":"Feature","geometry":{"type":"Polygon","coordinates":[[[44.67,-16.24],[43.97,-17.55],[44.47,-20.17],[43.5,-21.49],[43.38,-22.63],[43.83,-23.41],[43.67,-24.23],[44.43,-25.31],[45.58,-25.62],[46.86,-25.22],[47.26,-24.77],[48.09,-22.04],[49.34,-18.23],[49.42,-17.2],[50.5,-15.31],[49.82,-12.83],[49.18,-12.27],[48.75,-13.42],[46.92,-15.36],[44.67,-16.24]],[[48.02,-18],[48.91,-18],[48.32,-20.07],[47.37,-21.02],[46.66,-23.27],[44.94,-22.38],[46.13,-20.66],[46.65,-17.73],[47.48,-16.9],[48.02,-18]]]},"properties":{"NAME":null,"ABBREVN":null,"SUBJECTO":null,"BORDERPRECISION":3,"PARTOF":null}},
{"type":"Feature","geometry":{"type":"MultiPolygon","coordinates":[[[[175.31,-37.32],[174.22,-35.34],[173.17,-35.42],[174.76,-37.3],[174.65,-38.98],[173.8,-39.42],[175.35,-40.3],[174.9,-41.3],[176.01,-41.26],[177.16,-39.85],[177.02,-39.45],[178.41,-38.77],[177.53,-38.2],[175.31,-37.32]]],[[[172.06,-43.92],[174.23,-42.01],[173.26,-41.54],[171.46,-41.99],[171.02,-42.89],[168.42,-44.22],[167.14,-45.2],[166.52,-46.23],[169.4,-46.71],[170.61,-45.95],[171.38,-44.34],[172.06,-43.92]]]]},"properties":{"NAME":"Maori","ABBREVN":"M?ori","SUBJECTO":"Maori","BORDERPRECISION":3,"PARTOF":"Maori"}},
{"type":"Feature","geometry":{"type":"MultiPolygon","coordinates":[[[[-6.34,53.94],[-6.02,55.09],[-8.35,55.1],[-8.59,54.2],[-9.89,52.19],[-9.82,51.43],[-6.41,52.21],[-6.34,53.94]]],[[[0.08,53.39],[-1.72,55.45],[-2.74,55.96],[-2.15,57.57],[-5.76,57.62],[-5.63,55.94],[-3.58,54.92],[-2.91,53.27],[-4.32,53.09],[-4.16,51.68],[-4.6,50.78],[-3.52,50.62],[0.19,50.73],[1.69,52.31],[0.08,53.39]]]]},"properties":{"NAME":"United Kingdom of Great Britain and Ireland","ABBREVN":"UK+Ireland","SUBJECTO":"United Kingdom of Great Britain and Ireland","BORDERPRECISION":3,"PARTOF":"United Kingdom of Great Britain and Ireland"}},
{"type":"Feature","geometry":{"type":"Polygon","coordinates":[[[-8.81,41.89],[-6.71,41.96],[-6.93,38.96],[-7.49,37.21],[-6.63,37.02],[-5.66,36.01],[-4.45,36.72],[-2.24,36.73],[-0.92,37.57],[0.17,38.74],[-0.39,39.43],[0.88,41.02],[3.13,41.86],[3.09,42.37],[0.74,42.77],[-0.61,42.73],[-1.91,43.31],[-7.64,43.72],[-9.27,43.05],[-8.81,41.89]]]},"properties":{"NAME":"Spain","ABBREVN":"Spain","SUBJECTO":"Spain","BORDERPRECISION":3,"PARTOF":"Spain"}},
{"type":"Feature","geometry":{"type":"Polygon","coordinates":[[[-8.81,41.89],[-8.69,40.99],[-9.55,38.77],[-8.85,38.5],[-8.67,37.12],[-7.49,37.21],[-6.93,38.96],[-6.71,41.96],[-8.81,41.89]]]},"properties":{"NAME":"Portugal","ABBREVN":"Portugal","SUBJECTO":"Portugal","BORDERPRECISION":3,"PARTOF":"Portugal"}},
{"type":"Feature","geometry":{"type":"Polygon","coordinates":[[[61.22,35.58],[60.54,32.99],[60.79,31.58],[61.78,30.91],[60.82,29.83],[62.37,29.38],[64.09,29.39],[66.09,29.74],[66.47,30.84],[67.57,31.19],[68.24,31.77],[69.05,31.63],[69.51,32.95],[70.29,33.28],[71.66,35.13],[71.32,36.05],[72.37,36.72],[74.52,37],[74.73,37.21],[73.05,37.33],[71.85,36.72],[71.44,37.83],[70.72,38.36],[70.02,37.46],[67.86,36.85],[67.52,37.21],[65.72,37.49],[64.83,37.15],[64.54,36.34],[63.12,35.79],[62.68,35.27],[61.22,35.58]]]},"properties":{"NAME":"Afghanistan","ABBREVN":"Afghanistan","SUBJECTO":"Afghanistan","BORDERPRECISION":3,"PARTOF":"Afghanistan"}},
{"type":"Feature","geometry":{"type":"MultiPolygon","coordinates":[[[[100.16,6.34],[100.66,3.9],[101.34,2.78],[103.43,1.38],[104.18,1.39],[103.31,3.03],[103.34,4.81],[102.07,6.15],[101.76,5.59],[100.62,6.42],[100.16,6.34]]],[[[114.07,4.46],[112.76,3.01],[111.37,2.6],[110.82,1.24],[109.52,1.82],[110.55,0.73],[111.56,0.76],[112.4,1.43],[113.68,1.15],[114.66,1.6],[115.53,3.17],[115.71,4.16],[117.56,3.98],[118.39,4.37],[119.04,5.17],[118.38,5.64],[117.37,5.79],[117.51,6.39],[116.6,6.9],[114.96,4.88],[115.16,4.31],[114.43,4],[114.07,4.46]]]]},"properties":{"NAME":"Malaya","ABBREVN":"Malaya","SUBJECTO":"Malaya","BORDERPRECISION":3,"PARTOF":"Malaya"}},
{"type":"Feature","geometry":{"type":"Polygon","coordinates":[[[146.71,-43.72],[147.82,-42.97],[148.27,-41.09],[146.38,-41.31],[144.78,-40.84],[145.72,-43.24],[146.71,-43.72]]]},"properties":{"NAME":null,"ABBREVN":null,"SUBJECTO":null,"BORDERPRECISION":3,"PARTOF":null}},
{"type":"Feature","geometry":{"type":"Polygon","coordinates":[[[81.02,30.25],[80.1,28.95],[80.91,28.49],[82.81,27.54],[83.87,27.38],[86.78,26.47],[88.23,26.76],[88.2,27.88],[87.21,27.84],[85.14,28.34],[83.4,29.54],[81.66,30.45],[81.02,30.25]]]},"properties":{"NAME":"Nepal","ABBREVN":"Nepal","SUBJECTO":"Nepal","BORDERPRECISION":3,"PARTOF":"Nepal"}},
{"type":"Feature","geometry":{"type":"Polygon","coordinates":[[[-61.11,10.82],[-61.81,10.72],[-61.21,10.12],[-61.11,10.82]]]},"properties":{"NAME":"Trinidad","ABBREVN":"Trinidad","SUBJECTO":"Trinidad","BORDERPRECISION":3,"PARTOF":"Trinidad"}},
{"type":"Feature","geometry":{"type":"Polygon","coordinates":[[[114.96,4.88],[114.07,4.46],[114.43,4],[115.16,4.31],[114.96,4.88]]]},"properties":{"NAME":"Brunei","ABBREVN":"Brunei","SUBJECTO":"Brunei","BORDERPRECISION":3,"PARTOF":"Brunei"}},
{"type":"Feature","geometry":{"type":"MultiPolygon","coordinates":[[[[-76.13,44.33],[-74.78,45.01],[-71.53,44.96],[-70.59,45.29],[-69.05,47.46],[-67.7,47.04],[-67.19,45.25],[-64.91,45.46],[-66.19,44.14],[-65.71,43.56],[-61.03,45.38],[-64.53,46.27],[-65.21,48.12],[-64.95,49.21],[-66.03,49.17],[-68.34,48.55],[-66.37,50.31],[-61.64,50.28],[-60.14,50.41],[-58.52,51.38],[-56.96,51.49],[-55.66,52.19],[-55.88,53.35],[-57.52,54.47],[-59.69,55.15],[-61.93,56.27],[-62.89,58.66],[-64.67,60.18],[-65.86,58.8],[-67.77,58.25],[-69.21,58.75],[-70.03,60.88],[-73.39,62.35],[-75.69,62.22],[-77.36,62.52],[-77.51,60.41],[-78.34,58.55],[-76.77,57.66],[-76.44,56.81],[-77.23,55.61],[-79.55,54.69],[-78.49,52.26],[-79.59,51.27],[-80.36,51.3],[-81.75,52.17],[-82.34,52.98],[-82.2,54.97],[-84.47,55.17],[-87.47,55.91],[-90,57.18],[-92.48,56.98],[-93.07,58.55],[-94.68,58.88],[-94.75,59.95],[-93.42,61.86],[-87.44,64.57],[-88.17,65.13],[-85.99,66.16],[-83.14,66.37],[-81.29,67.5],[-82.69,68.7],[-81.48,69.19],[-84.31,69.83],[-86.49,67.38],[-88.32,67.81],[-87.79,68.48],[-88.91,69.23],[-92.67,69.74],[-91.66,70.29],[-93.27,71.56],[-95.41,71.86],[-96.7,70.84],[-96.13,69.94],[-92.96,69.08],[-96.21,68.07],[-101.91,67.71],[-105.64,68.35],[-107.66,67.96],[-112.5,67.69],[-115.29,68.89],[-117.83,69.01],[-122.33,69.88],[-125.97,69.43],[-127.35,70.38],[-129.01,69.72],[-131.67,69.28],[-135.44,69.53],[-136.2,68.88],[-141.06,69.6],[-140.97,66.03],[-140.93,63.79],[-140.89,60.39],[-139.01,60.26],[-137.22,58.88],[-135.85,59.65],[-133.5,58.42],[-131.72,56.61],[-130.29,56.11],[-130,55.29],[-130,53.94],[-128.89,53.42],[-127.56,52.17],[-127.25,50.97],[-124.94,50.6],[-124.79,50.04],[-122.9,49.07],[-121.05,49.05],[-115.16,49.06],[-110.67,49.05],[-104.26,49.06],[-100.46,49.04],[-94.82,49.05],[-91.68,48.04],[-89.62,47.97],[-88.09,49],[-86.38,48.73],[-85.03,47.94],[-84.74,46.47],[-83.82,46.15],[-80.81,45.95],[-79.92,44.97],[-81.09,44.8],[-82.3,43.03],[-83.06,42.03],[-81.44,42.59],[-79.05,42.85],[-79.14,43.22],[-79.15,43.77],[-76.13,44.33]]],[[[-98.88,68.89],[-95.51,68.81],[-97.74,69.83],[-98.88,68.89]]],[[[-101.41,72.29],[-98.94,71.39],[-96.85,71.88],[-96.69,72.82],[-99.67,73.92],[-101.41,72.29]]],[[[-95.49,73.61],[-95.06,72.28],[-92,72.84],[-90,74],[-95.07,74.06],[-95.49,73.61]]],[[[-125.65,49.06],[-124.72,49.49],[-125.72,50.41],[-127.85,50.86],[-125.65,49.06]]],[[[-111.73,72.33],[-114.65,73.35],[-118.99,72.03],[-117.31,71.47],[-117.57,69.99],[-115.91,69.35],[-113.92,69.25],[-113.15,68.6],[-110.45,68.65],[-106.85,69.45],[-104.19,68.9],[-101.81,69.14],[-101.06,70.03],[-103.86,70.7],[-105.31,72.65],[-108.99,72.73],[-111.73,72.33]]],[[[-125.19,71.93],[-123.47,71.2],[-120.84,71.53],[-120.45,72.3],[-115.65,73.63],[-121.24,74.58],[-124.06,73.87],[-125.34,72.97],[-125.19,71.93]]],[[[-114.37,76.47],[-116.3,76.24],[-115.19,75.15],[-112.2,74.5],[-109.07,75.13],[-105.77,75.23],[-105.92,76.02],[-111.39,75.66],[-114.37,76.47]]],[[[-57.81,49.2],[-58.39,49.04],[-59.16,47.67],[-56.8,47.62],[-56.08,47.87],[-52.73,47.45],[-54.13,48.84],[-56.66,50.06],[-57.81,49.2]]],[[[-87.05,63.75],[-84.65,63.31],[-82.11,64.64],[-85.56,65.86],[-87.05,63.75]]],[[[-71.26,63.57],[-71.32,63.06],[-69.16,62.42],[-65.94,61.79],[-66.5,63.08],[-64.73,63.07],[-64.47,63.74],[-67.61,65.91],[-65.03,65.95],[-62.84,65.61],[-61.21,66.64],[-68.67,68.72],[-66.67,69.19],[-69.46,69.96],[-71.25,71.35],[-73.28,71.16],[-75.32,72.55],[-80.49,73.04],[-81.53,73.69],[-88.1,73.64],[-89.64,72.78],[-90,71.54],[-87.95,71.35],[-87.95,70.38],[-82.27,69.86],[-78.71,70.01],[-73.18,68.3],[-72.3,67.26],[-75.79,65.2],[-77.36,65.38],[-78.13,64.65],[-76.53,64.23],[-74.56,64.78],[-73.16,64.57],[-71.26,63.57]]],[[[-89.8,75.92],[-92.37,75.42],[-89.7,74.61],[-80.35,74.62],[-79.5,75.28],[-81.7,75.87],[-86.62,75.43],[-89.8,75.92]]],[[[-88.64,82.07],[-89.19,81.1],[-86.32,80.11],[-85.81,78.91],[-87.27,76.5],[-78.21,76.55],[-78.37,78.03],[-71.45,79.85],[-66.48,81.3],[-62.43,82.63],[-76.38,83.15],[-88.64,82.07]]],[[[-88.37,80.23],[-92.02,81.26],[-96.43,79.93],[-92.7,78.43],[-90,78.26],[-87,79.45],[-88.37,80.23]]]]},"properties":{"NAME":"Canada","ABBREVN":"Canada","SUBJECTO":"Canada","BORDERPRECISION":3,"PARTOF":"Canada"}},
{"type":"Feature","geometry":{"type":"MultiPolygon","coordinates":[[[[-73.11,-72.75],[-70.02,-72.67],[-68.4,-71.13],[-70.33,-68.96],[-71.8,-69.74],[-72.11,-71.05],[-75.28,-71.67],[-73.11,-72.75]]],[[[-102.55,-72.13],[-97.14,-72.67],[-97.22,-71.82],[-101.16,-71.82],[-102.55,-72.13]]],[[[-55.18,-80.94],[-44.83,-80.32],[-44.21,-78.39],[-48.85,-78.08],[-55.18,-80.94]]],[[[169.77,-83.42],[162.02,-81.66],[159.32,-80.03],[160.69,-79.11],[163.64,-78.66],[162.35,-75.11],[164.62,-74.17],[168.97,-73.24],[170.73,-71.9],[167.63,-70.87],[160.6,-70.22],[157.31,-69.16],[151.09,-68.89],[150.89,-68.54],[146.88,-68],[145.59,-67.22],[141.16,-66.72],[134.21,-66.18],[130.27,-66.25],[129.01,-67.03],[122.46,-66.65],[118.29,-67.07],[113.01,-65.76],[110.61,-66.06],[109.4,-66.71],[102.63,-65.93],[99.65,-66.55],[95.72,-66.53],[90,-66.61],[85.52,-66.92],[81.81,-67.3],[78.26,-68.38],[76.87,-69.31],[72.54,-70.24],[70.3,-72.02],[67.36,-71.71],[67.51,-70.46],[68.95,-69.89],[69.77,-68.64],[69.37,-67.84],[62.81,-67.61],[56.63,-66.94],[55.14,-65.96],[52.45,-65.99],[48.97,-66.97],[47.31,-67.77],[44.8,-67.75],[39.65,-68.93],[38.33,-70.03],[36.08,-69.59],[33.54,-68.54],[32.75,-69.35],[23.71,-70.59],[17.6,-70.08],[12.66,-70.32],[10.34,-70.7],[8.49,-70.08],[0.68,-71.32],[-4.88,-71.28],[-7.2,-70.89],[-11.14,-71.59],[-11.83,-72.32],[-16.4,-73.44],[-14.45,-74.06],[-17.17,-74.76],[-18.4,-75.69],[-23.58,-75.92],[-30.23,-76.84],[-33.16,-77.39],[-36.41,-78.62],[-36.41,-79.16],[-29.57,-79.22],[-28.91,-80.48],[-38.03,-80.94],[-43.83,-81.79],[-60.21,-82.33],[-74.89,-80.71],[-76.59,-79.39],[-80.76,-78.24],[-80.69,-77.57],[-74.5,-78.08],[-78.6,-76.61],[-70.56,-76.69],[-64.46,-75.69],[-61.37,-73.91],[-60.83,-72.75],[-61.68,-70.82],[-63.84,-68.65],[-65.15,-68.5],[-65.38,-67.34],[-61.13,-64.87],[-57.27,-63.71],[-58.12,-63.4],[-62.91,-64.71],[-66.85,-66.8],[-67.7,-66.88],[-67.08,-68.65],[-68.78,-69.81],[-67.08,-71.82],[-67.63,-72.75],[-75.58,-73.75],[-81.77,-74.02],[-88.57,-73.25],[-99.79,-73],[-101.88,-74.1],[-100.05,-75.31],[-105.64,-75.07],[-110.56,-75.3],[-113.24,-74.32],[-128.98,-74.91],[-134.77,-74.64],[-140.57,-75.26],[-146.67,-76.11],[-146.15,-77.46],[-149.99,-77.73],[-154.17,-77.12],[-158.19,-77.81],[-154.55,-79.12],[-148.6,-79.67],[-145.67,-80.52],[-148.84,-81.37],[-154.48,-81.06],[-152.08,-82.6],[-153.31,-83.94],[-148.76,-85.07],[-156.56,-85.46],[-167.23,-84.76],[-178.43,-84.46],[-180,-84.32],[-180,-85.32],[-180,-86.32],[-180,-87.32],[-180,-88.32],[-180,-89.32],[-180,-90],[-179.2,-90],[-178.2,-90],[-177.2,-90],[-176.2,-90],[-175.2,-90],[-174.2,-90],[-173.2,-90],[-172.2,-90],[-171.2,-90],[-170.2,-90],[-169.2,-90],[-168.2,-90],[-167.2,-90],[-166.2,-90],[-165.2,-90],[-164.2,-90],[-163.2,-90],[-162.2,-90],[-161.2,-90],[-160.2,-90],[-159.2,-90],[-158.2,-90],[-157.2,-90],[-156.2,-90],[-155.2,-90],[-154.2,-90],[-153.2,-90],[-152.2,-90],[-151.2,-90],[-150.2,-90],[-149.2,-90],[-148.2,-90],[-147.2,-90],[-146.2,-90],[-145.2,-90],[-144.2,-90],[-143.2,-90],[-142.2,-90],[-141.2,-90],[-140.2,-90],[-139.2,-90],[-138.2,-90],[-137.2,-90],[-136.2,-90],[-135.2,-90],[-134.2,-90],[-133.2,-90],[-132.2,-90],[-131.2,-90],[-130.2,-90],[-129.2,-90],[-128.2,-90],[-127.2,-90],[-126.2,-90],[-125.2,-90],[-124.2,-90],[-123.2,-90],[-122.2,-90],[-121.2,-90],[-120.2,-90],[-119.2,-90],[-118.2,-90],[-117.2,-90],[-116.2,-90],[-115.2,-90],[-114.2,-90],[-113.2,-90],[-112.2,-90],[-111.2,-90],[-110.2,-90],[-109.2,-90],[-108.2,-90],[-107.2,-90],[-106.2,-90],[-105.2,-90],[-104.2,-90],[-103.2,-90],[-102.2,-90],[-101.2,-90],[-100.2,-90],[-99.2,-90],[-98.2,-90],[-97.2,-90],[-96.2,-90],[-95.2,-90],[-94.2,-90],[-93.2,-90],[-92.2,-90],[-91.2,-90],[-90,-90],[-89.2,-90],[-88.2,-90],[-87.2,-90],[-86.2,-90],[-85.2,-90],[-84.2,-90],[-83.2,-90],[-82.2,-90],[-81.2,-90],[-80.2,-90],[-79.2,-90],[-78.2,-90],[-77.2,-90],[-76.2,-90],[-75.2,-90],[-74.2,-90],[-73.2,-90],[-72.2,-90],[-71.2,-90],[-70.2,-90],[-69.2,-90],[-68.2,-90],[-67.2,-90],[-66.2,-90],[-65.2,-90],[-64.2,-90],[-63.2,-90],[-62.2,-90],[-61.2,-90],[-60.2,-90],[-59.2,-90],[-58.2,-90],[-57.2,-90],[-56.2,-90],[-55.2,-90],[-54.2,-90],[-53.2,-90],[-52.2,-90],[-51.2,-90],[-50.2,-90],[-49.2,-90],[-48.2,-90],[-47.2,-90],[-46.2,-90],[-45.2,-90],[-44.2,-90],[-43.2,-90],[-42.2,-90],[-41.2,-90],[-40.2,-90],[-39.2,-90],[-38.2,-90],[-37.2,-90],[-36.2,-90],[-35.2,-90],[-34.2,-90],[-33.2,-90],[-32.2,-90],[-31.2,-90],[-30.2,-90],[-29.2,-90],[-28.2,-90],[-27.2,-90],[-26.2,-90],[-25.2,-90],[-24.2,-90],[-23.2,-90],[-22.2,-90],[-21.2,-90],[-20.2,-90],[-19.2,-90],[-18.2,-90],[-17.2,-90],[-16.2,-90],[-15.2,-90],[-14.2,-90],[-13.2,-90],[-12.2,-90],[-11.2,-90],[-10.2,-90],[-9.2,-90],[-8.2,-90],[-7.2,-90],[-6.2,-90],[-5.2,-90],[-4.2,-90],[-3.2,-90],[-2.2,-90],[-1.2,-90],[-0.2,-90],[0.78,-90],[1.78,-90],[2.78,-90],[3.78,-90],[4.78,-90],[5.78,-90],[6.78,-90],[7.78,-90],[8.78,-90],[9.78,-90],[10.78,-90],[11.78,-90],[12.78,-90],[13.78,-90],[14.78,-90],[15.78,-90],[16.78,-90],[17.78,-90],[18.78,-90],[19.78,-90],[20.78,-90],[21.78,-90],[22.78,-90],[23.78,-90],[24.78,-90],[25.78,-90],[26.78,-90],[27.78,-90],[28.78,-90],[29.78,-90],[30.78,-90],[31.78,-90],[32.78,-90],[33.78,-90],[34.78,-90],[35.78,-90],[36.78,-90],[37.78,-90],[38.78,-90],[39.78,-90],[40.78,-90],[41.78,-90],[42.78,-90],[43.78,-90],[44.78,-90],[45.78,-90],[46.78,-90],[47.78,-90],[48.78,-90],[49.78,-90],[50.78,-90],[51.78,-90],[52.78,-90],[53.78,-90],[54.78,-90],[55.78,-90],[56.78,-90],[57.78,-90],[58.78,-90],[59.78,-90],[60.78,-90],[61.78,-90],[62.78,-90],[63.78,-90],[64.78,-90],[65.78,-90],[66.78,-90],[67.78,-90],[68.78,-90],[69.78,-90],[70.78,-90],[71.78,-90],[72.78,-90],[73.78,-90],[74.78,-90],[75.78,-90],[76.78,-90],[77.78,-90],[78.78,-90],[79.78,-90],[80.78,-90],[81.78,-90],[82.78,-90],[83.78,-90],[84.78,-90],[85.78,-90],[86.78,-90],[87.78,-90],[88.78,-90],[89.78,-90],[89.8,-90],[90,-90],[91.78,-90],[92.78,-90],[93.78,-90],[94.78,-90],[95.78,-90],[96.78,-90],[97.78,-90],[98.78,-90],[99.78,-90],[100.78,-90],[101.78,-90],[102.78,-90],[103.78,-90],[104.78,-90],[105.78,-90],[106.78,-90],[107.78,-90],[108.78,-90],[109.78,-90],[110.78,-90],[111.78,-90],[112.78,-90],[113.78,-90],[114.78,-90],[115.78,-90],[116.78,-90],[117.78,-90],[118.78,-90],[119.78,-90],[120.78,-90],[121.78,-90],[122.78,-90],[123.78,-90],[124.78,-90],[125.78,-90],[126.78,-90],[127.78,-90],[128.78,-90],[129.78,-90],[130.78,-90],[131.78,-90],[132.78,-90],[133.78,-90],[134.78,-90],[135.78,-90],[136.78,-90],[137.78,-90],[138.78,-90],[139.78,-90],[140.78,-90],[141.78,-90],[142.78,-90],[143.78,-90],[144.78,-90],[145.78,-90],[146.78,-90],[147.78,-90],[148.78,-90],[149.78,-90],[150.78,-90],[151.78,-90],[152.78,-90],[153.78,-90],[154.78,-90],[155.78,-90],[156.78,-90],[157.78,-90],[158.78,-90],[159.78,-90],[160.78,-90],[161.78,-90],[162.78,-90],[163.78,-90],[164.78,-90],[165.78,-90],[166.78,-90],[167.78,-90],[168.78,-90],[169.78,-90],[170.78,-90],[171.78,-90],[172.78,-90],[173.78,-90],[174.78,-90],[175.78,-90],[176.78,-90],[177.78,-90],[178.78,-90],[180,-90],[180,-89.32],[180,-88.32],[180,-87.32],[180,-86.32],[180,-85.32],[180,-84.34],[169.77,-83.42]]]]},"properties":{"NAME":null,"ABBREVN":"Antarctica","SUBJECTO":null,"BORDERPRECISION":3,"PARTOF":null}},
{"type":"Feature","geometry":{"type":"Polygon","coordinates":[[[5.82,49.51],[2.88,50.68],[2.52,51.09],[1.59,50.82],[1.27,50],[0.03,49.33],[-1.89,49.53],[-3.09,48.87],[-3.95,47.9],[-2,47.04],[-1.08,46.01],[-1.56,43.52],[-1.91,43.31],[-0.61,42.73],[0.74,42.77],[3.09,42.37],[3.07,42.94],[4.08,43.49],[5.83,43.02],[7.4,43.76],[6.94,44.87],[5.93,45.32],[5.94,46.18],[7.51,47.6],[8.16,48.98],[6.95,49.2],[6.43,49.45],[5.82,49.51]]]},"properties":{"NAME":"France","ABBREVN":"France","SUBJECTO":"France","BORDERPRECISION":3,"PARTOF":"France"}},
{"type":"Feature","geometry":{"type":"MultiPolygon","coordinates":[[[[14.08,42.63],[13.41,42.36],[13.76,41.21],[15.67,40.09],[16.08,39.01],[17.08,40.53],[14.08,42.63]]],[[[14.94,36.74],[15.39,38.21],[12.45,37.77],[14.94,36.74]]]]},"properties":{"NAME":"Kingdom of the Two Sicilies","ABBREVN":"Sicily","SUBJECTO":"Kingdom of the Two Sicilies","BORDERPRECISION":3,"PARTOF":"Kingdom of the Two Sicilies"}},
{"type":"Feature","geometry":{"type":"Polygon","coordinates":[[[8.16,48.98],[8.31,49.55],[7.64,49.98],[6.95,49.2],[8.16,48.98]]]},"properties":{"NAME":"Palatinate","ABBREVN":"Palatinate","SUBJECTO":"Palatinate","BORDERPRECISION":3,"PARTOF":"Palatinate"}},
{"type":"Feature","geometry":{"type":"Polygon","coordinates":[[[8.59,47.89],[8.68,47.97],[8.51,48.11],[8.59,47.89]]]},"properties":{"NAME":"Hohenzollern","ABBREVN":"Hohenzollern","SUBJECTO":"Hohenzollern","BORDERPRECISION":3,"PARTOF":"Hohenzollern"}},
{"type":"Feature","geometry":{"type":"Polygon","coordinates":[[[7.51,47.6],[8.64,47.78],[8.59,47.89],[8.51,48.11],[9.64,49.29],[9.08,49.38],[8.31,49.55],[8.16,48.98],[7.51,47.6]]]},"properties":{"NAME":"Baden","ABBREVN":"Baden","SUBJECTO":"Baden","BORDERPRECISION":3,"PARTOF":"Baden"}},
{"type":"Feature","geometry":{"type":"Polygon","coordinates":[[[15.01,51.06],[14.72,51.41],[12.63,51.61],[12.06,51.02],[11.84,50.33],[12.25,50.22],[15.01,51.06]]]},"properties":{"NAME":"Saxony","ABBREVN":"Saxony","SUBJECTO":"Saxony","BORDERPRECISION":3,"PARTOF":"Saxony"}},
{"type":"Feature","geometry":{"type":"Polygon","coordinates":[[[9.91,50.5],[10.13,50.33],[10.23,50.49],[9.91,50.5]]]},"properties":{"NAME":"Prussia","ABBREVN":"Prussia","SUBJECTO":"Prussia","BORDERPRECISION":3,"PARTOF":"Prussia"}},
{"type":"Feature","geometry":{"type":"Polygon","coordinates":[[[11.26,50.7],[11.34,50.51],[11.45,50.5],[11.43,50.65],[11.26,50.7]]]},"properties":{"NAME":"Prussia","ABBREVN":"Prussia","SUBJECTO":"Prussia","BORDERPRECISION":3,"PARTOF":"Prussia"}},
{"type":"Feature","geometry":{"type":"MultiPolygon","coordinates":[[[[10.89,53.88],[10.72,53.61],[10.91,53.43],[10.96,53.9],[10.89,53.88]]],[[[12.84,52.94],[13.72,53.28],[13.26,53.57],[12.84,52.94]]]]},"properties":{"NAME":"Mecklenburg-Strelitz","ABBREVN":"Mecklenburg","SUBJECTO":"Mecklenburg-Strelitz","BORDERPRECISION":3,"PARTOF":"Mecklenburg-Strelitz"}},
{"type":"Feature","geometry":{"type":"Polygon","coordinates":[[[8.31,49.55],[9.08,49.38],[8.82,50.23],[8.42,50.08],[7.74,50.14],[7.64,49.98],[8.31,49.55]]]},"properties":{"NAME":"Grand Duchy of Hesse","ABBREVN":"Grand Duchy","SUBJECTO":"Grand Duchy of Hesse","BORDERPRECISION":3,"PARTOF":"Grand Duchy of Hesse"}},
{"type":"Feature","geometry":{"type":"Polygon","coordinates":[[[8.42,50.08],[8.36,50.15],[8.4,50.27],[8.37,50.64],[8.17,50.8],[7.74,50.14],[8.42,50.08]]]},"properties":{"NAME":"Nassau","ABBREVN":"Nassau","SUBJECTO":"Nassau","BORDERPRECISION":3,"PARTOF":"Nassau"}},
{"type":"Feature","geometry":{"type":"Polygon","coordinates":[[[8.4,50.27],[8.41,50.61],[8.37,50.64],[8.4,50.27]]]},"properties":{"NAME":"Wetzlar","ABBREVN":"Wetzlar","SUBJECTO":"Wetzlar","BORDERPRECISION":3,"PARTOF":"Wetzlar"}},
{"type":"Feature","geometry":{"type":"Polygon","coordinates":[[[8.53,51.08],[8.71,50.95],[8.86,51.26],[8.53,51.08]]]},"properties":{"NAME":"Waldeck","ABBREVN":"Waldeck","SUBJECTO":"Waldeck","BORDERPRECISION":3,"PARTOF":"Waldeck"}},
{"type":"Feature","geometry":{"type":"Polygon","coordinates":[[[8.83,52.16],[9.17,51.63],[9.19,51.8],[8.83,52.16]]]},"properties":{"NAME":"Lippe-Detmold","ABBREVN":"Lippe","SUBJECTO":"Lippe-Detmold","BORDERPRECISION":3,"PARTOF":"Lippe-Detmold"}},
{"type":"Feature","geometry":{"type":"Polygon","coordinates":[[[9.17,51.63],[9.16,51.54],[9.35,51.6],[10.15,51.64],[10.21,51.66],[9.19,51.8],[9.17,51.63]]]},"properties":{"NAME":"Brunswick","ABBREVN":"Brunswick","SUBJECTO":"Brunswick","BORDERPRECISION":3,"PARTOF":"Brunswick"}},
{"type":"Feature","geometry":{"type":"Polygon","coordinates":[[[10.16,51.47],[10.47,51.49],[10.55,51.57],[10.18,51.6],[10.16,51.47]]]},"properties":{"NAME":"Brunswick","ABBREVN":"Brunswick","SUBJECTO":"Brunswick","BORDERPRECISION":3,"PARTOF":"Brunswick"}},
{"type":"Feature","geometry":{"type":"Polygon","coordinates":[[[10.47,51.49],[10.77,51.44],[10.97,51.58],[10.55,51.57],[10.47,51.49]]]},"properties":{"NAME":"Anhalt","ABBREVN":"Anhalt","SUBJECTO":"Anhalt","BORDERPRECISION":3,"PARTOF":"Anhalt"}},
{"type":"Feature","geometry":{"type":"Polygon","coordinates":[[[10.91,53.43],[11.08,52.97],[12.84,52.94],[13.26,53.57],[12.46,54.25],[10.96,53.9],[10.91,53.43]]]},"properties":{"NAME":"Mecklenburg-Schwerin","ABBREVN":"Mecklenburg","SUBJECTO":"Mecklenburg-Schwerin","BORDERPRECISION":3,"PARTOF":"Mecklenburg-Schwerin"}},
{"type":"Feature","geometry":{"type":"Polygon","coordinates":[[[12.06,51.02],[9.93,51.1],[9.69,50.5],[10.87,49.96],[11.84,50.33],[12.06,51.02]],[[9.91,50.5],[10.23,50.49],[10.13,50.33],[9.91,50.5]],[[11.26,50.7],[11.43,50.65],[11.45,50.5],[11.34,50.51],[11.26,50.7]]]},"properties":{"NAME":"Thuringia","ABBREVN":"Thuringia","SUBJECTO":"Thuringia","BORDERPRECISION":3,"PARTOF":"Thuringia"}},
{"type":"Feature","geometry":{"type":"Polygon","coordinates":[[[10.89,53.88],[10.88,53.88],[10.66,53.69],[10.72,53.61],[10.89,53.88]]]},"properties":{"NAME":"Lübeck","ABBREVN":"Lübeck","SUBJECTO":"Lübeck","BORDERPRECISION":3,"PARTOF":"Lübeck"}},
{"type":"Feature","geometry":{"type":"Polygon","coordinates":[[[10.88,53.88],[10.77,53.93],[10.58,53.89],[10.66,53.69],[10.88,53.88]]]},"properties":{"NAME":"Oldenburg","ABBREVN":"Oldenburg","SUBJECTO":"Oldenburg","BORDERPRECISION":3,"PARTOF":"Oldenburg"}},
{"type":"Feature","geometry":{"type":"Polygon","coordinates":[[[9.35,51.6],[9.65,51.31],[10.16,51.47],[10.18,51.6],[10.15,51.64],[9.35,51.6]]]},"properties":{"NAME":"Hanover","ABBREVN":"Hanover","SUBJECTO":"Hanover","BORDERPRECISION":3,"PARTOF":"Hanover"}},
{"type":"Feature","geometry":{"type":"Polygon","coordinates":[[[8.36,50.15],[8.86,50.28],[8.41,50.61],[8.4,50.27],[8.36,50.15]]]},"properties":{"NAME":"Grand Duchy of Hesse","ABBREVN":"Gr D of Hess","SUBJECTO":"Grand Duchy of Hesse","BORDERPRECISION":3,"PARTOF":"Grand Duchy of Hesse"}},
{"type":"Feature","geometry":{"type":"Polygon","coordinates":[[[8.82,50.23],[9.69,50.5],[9.93,51.1],[9.65,51.31],[9.35,51.6],[9.16,51.54],[8.86,51.26],[8.71,50.95],[8.53,51.08],[8.17,50.8],[8.37,50.64],[8.41,50.61],[8.86,50.28],[8.36,50.15],[8.42,50.08],[8.82,50.23]]]},"properties":{"NAME":"Electoral Hesse","ABBREVN":"Elect. Hesse","SUBJECTO":"Electoral Hesse","BORDERPRECISION":3,"PARTOF":"Electoral Hesse"}},
{"type":"Feature","geometry":{"type":"Polygon","coordinates":[[[7.88,53.63],[8.66,53.03],[8.56,53.16],[8.5,53.45],[7.88,53.63]]]},"properties":{"NAME":"Oldenburg","ABBREVN":"Oldenburg","SUBJECTO":"Oldenburg","BORDERPRECISION":3,"PARTOF":"Oldenburg"}},
{"type":"Feature","geometry":{"type":"Polygon","coordinates":[[[8.66,53.03],[8.74,53.09],[8.56,53.16],[8.66,53.03]]]},"properties":{"NAME":"Bremen","ABBREVN":"Bremen","SUBJECTO":"Bremen","BORDERPRECISION":3,"PARTOF":"Bremen"}},
{"type":"Feature","geometry":{"type":"Polygon","coordinates":[[[8.52,53.76],[8.56,53.75],[8.59,53.79],[8.52,53.76]]]},"properties":{"NAME":"Cuxhaven","ABBREVN":"Cuxhaven","SUBJECTO":"Cuxhaven","BORDERPRECISION":3,"PARTOF":"Cuxhaven"}},
{"type":"Feature","geometry":{"type":"Polygon","coordinates":[[[8.88,54.23],[10.14,54.34],[9.5,54.94],[8.62,54.89],[8.88,54.23]]]},"properties":{"NAME":"Schleswig","ABBREVN":"Schleswig","SUBJECTO":"Schleswig","BORDERPRECISION":3,"PARTOF":"Schleswig"}},
{"type":"Feature","geometry":{"type":"Polygon","coordinates":[[[10.72,53.61],[10.66,53.69],[10.58,53.89],[9.94,53.6],[10.02,53.45],[9.75,53.5],[9.13,53.79],[8.59,53.79],[8.56,53.75],[8.52,53.76],[8.5,53.45],[8.56,53.16],[8.74,53.09],[8.66,53.03],[7.88,53.63],[7.16,53.16],[7.07,52.27],[8.79,52.37],[8.85,52.19],[8.83,52.16],[9.19,51.8],[10.21,51.66],[11.08,52.97],[10.91,53.43],[10.72,53.61]]]},"properties":{"NAME":"Hanover","ABBREVN":"Hanover","SUBJECTO":"Hanover","BORDERPRECISION":3,"PARTOF":"Hanover"}},
{"type":"Feature","geometry":{"type":"Polygon","coordinates":[[[10.77,53.93],[10.14,54.34],[8.88,54.23],[9.13,53.79],[9.75,53.5],[9.94,53.6],[10.58,53.89],[10.77,53.93]]]},"properties":{"NAME":"Holstein","ABBREVN":"Holstein","SUBJECTO":"Holstein","BORDERPRECISION":3,"PARTOF":"Holstein"}},
{"type":"Feature","geometry":{"type":"Polygon","coordinates":[[[9.94,53.6],[9.75,53.5],[10.02,53.45],[9.94,53.6]]]},"properties":{"NAME":"Hamburg","ABBREVN":"Hamburg","SUBJECTO":"Hamburg","BORDERPRECISION":3,"PARTOF":"Hamburg"}},
{"type":"Feature","geometry":{"type":"Polygon","coordinates":[[[11.06,51.56],[11.8,51.56],[12.16,51.84],[11.93,52.09],[11.06,51.56]]]},"properties":{"NAME":"Anhalt","ABBREVN":"Anhalt","SUBJECTO":"Anhalt","BORDERPRECISION":3,"PARTOF":"Anhalt"}},
{"type":"Feature","geometry":{"type":"Polygon","coordinates":[[[8.79,52.37],[8.77,52.24],[8.85,52.19],[8.79,52.37]]]},"properties":{"NAME":"Schaumburg-Lippe","ABBREVN":"Westphalia","SUBJECTO":"Schaumburg-Lippe","BORDERPRECISION":3,"PARTOF":"Schaumburg-Lippe"}},
{"type":"Feature","geometry":{"type":"Polygon","coordinates":[[[6.43,49.45],[6.95,49.2],[7.64,49.98],[7.74,50.14],[8.17,50.8],[8.53,51.08],[8.86,51.26],[9.16,51.54],[9.17,51.63],[8.83,52.16],[8.85,52.19],[8.77,52.24],[8.79,52.37],[7.07,52.27],[5.98,51.8],[6.01,50.76],[6.11,50.12],[6.43,49.45]]]},"properties":{"NAME":"Prussia","ABBREVN":"Prussia","SUBJECTO":"Prussia","BORDERPRECISION":3,"PARTOF":"Prussia"}},
{"type":"Feature","geometry":{"type":"Polygon","coordinates":[[[-1.08,32.45],[0.87,31.99],[6.27,31.87],[8.02,33.02],[7.58,34.04],[8.22,34.58],[8.27,36.32],[8.64,36.89],[5.14,36.67],[1.06,36.46],[-2.19,35.05],[-1.74,34.61],[-1.68,33.26],[-1.08,32.45]]]},"properties":{"NAME":"Algiers","ABBREVN":"Algiers","SUBJECTO":"Algiers","BORDERPRECISION":3,"PARTOF":"Algiers"}},
{"type":"Feature","geometry":{"type":"Polygon","coordinates":[[[8.02,33.02],[10.41,33.63],[10.02,34.08],[11.13,35.24],[10.13,37.1],[8.64,36.89],[8.27,36.32],[8.22,34.58],[7.58,34.04],[8.02,33.02]]]},"properties":{"NAME":"Tunis","ABBREVN":"Tunis","SUBJECTO":"Tunis","BORDERPRECISION":3,"PARTOF":"Tunis"}},
{"type":"Feature","geometry":{"type":"Polygon","coordinates":[[[34.46,9.75],[38.94,9.72],[39.46,10.37],[39.07,12.7],[39,14.43],[37.72,14.8],[36.48,14.27],[35.1,11.79],[34.46,9.75]]]},"properties":{"NAME":"Ethiopia","ABBREVN":"Ethiopia","SUBJECTO":"Ethiopia","BORDERPRECISION":3,"PARTOF":"Ethiopia"}},
{"type":"Feature","geometry":{"type":"Polygon","coordinates":[[[23.16,-9.95],[24.91,-9.72],[25.42,-8.52],[25.05,-7.69],[23.9,-7.74],[23.16,-8.57],[23.16,-9.95]]]},"properties":{"NAME":"Lunda","ABBREVN":"Lunda","SUBJECTO":"Lunda","BORDERPRECISION":3,"PARTOF":"Lunda"}},
{"type":"Feature","geometry":{"type":"Polygon","coordinates":[[[18.9,-9.94],[19.36,-10.9],[20.06,-10.42],[19.84,-9.71],[18.9,-9.94]]]},"properties":{"NAME":"Imbangala","ABBREVN":"Imbangala","SUBJECTO":"Imbangala","BORDERPRECISION":3,"PARTOF":"Imbangala"}},
{"type":"Feature","geometry":{"type":"Polygon","coordinates":[[[16.84,14.37],[16.71,14.68],[15.15,14.4],[14.53,13.78],[12.73,14.49],[11.6,14.06],[12.5,12.22],[15.81,11.98],[16.84,14.33],[16.84,14.37]]]},"properties":{"NAME":"Bornu-Kanem","ABBREVN":"Bornu","SUBJECTO":"Bornu-Kanem","BORDERPRECISION":3,"PARTOF":"Bornu-Kanem"}},
{"type":"Feature","geometry":{"type":"Polygon","coordinates":[[[11.6,14.06],[7.16,16.04],[2.5,15.45],[1.46,13.67],[2.72,9.6],[4.72,7.68],[8.86,8.2],[12.19,7.31],[13.3,7.75],[13.67,8.27],[13,9.83],[12.5,12.22],[11.6,14.06]]]},"properties":{"NAME":"Fulani Empire","ABBREVN":"Fulani Empir","SUBJECTO":"Fulani Empire","BORDERPRECISION":3,"PARTOF":"Fulani Empire"}},
{"type":"Feature","geometry":{"type":"Polygon","coordinates":[[[-13.16,8.85],[-13.21,8.35],[-11.47,6.84],[-11.05,7.31],[-11.46,8.63],[-13.16,8.85]]]},"properties":{"NAME":"Sierra Leone","ABBREVN":"Sierra Leone","SUBJECTO":"Sierra Leone","BORDERPRECISION":3,"PARTOF":"Sierra Leone"}},
{"type":"Feature","geometry":{"type":"Polygon","coordinates":[[[34.15,31.21],[32.08,31.01],[31,31.47],[29.25,30.75],[26.14,31.49],[25.26,31.44],[26,30.71],[29.43,22.66],[31.64,21.28],[32.66,21],[35.25,21.37],[36.8,21.91],[35.75,22.91],[35.19,24.4],[33.93,26.56],[34.06,27.79],[34.94,29.42],[34.15,31.21]]]},"properties":{"NAME":"Egypt","ABBREVN":"Egypt","SUBJECTO":"Egypt","BORDERPRECISION":3,"PARTOF":"Egypt"}},
{"type":"Feature","geometry":{"type":"Polygon","coordinates":[[[12.12,32.88],[14.72,30.25],[15.65,30.52],[18.89,30.22],[17.42,31],[15.84,31.29],[15.01,32.36],[14.16,32.68],[12.12,32.88]]]},"properties":{"NAME":"Tripolitania","ABBREVN":"Tripolitania","SUBJECTO":"Tripolitania","BORDERPRECISION":3,"PARTOF":"Tripolitania"}},
{"type":"Feature","geometry":{"type":"Polygon","coordinates":[[[19.32,30.26],[20.36,30.34],[21.2,31.08],[22.12,31.08],[23.74,32.06],[22.54,32.72],[21.67,32.82],[20.37,32.3],[20.12,30.96],[19.32,30.26]]]},"properties":{"NAME":"Cyrenaica","ABBREVN":"Cyrenaica","SUBJECTO":"Cyrenaica","BORDERPRECISION":3,"PARTOF":"Cyrenaica"}},
{"type":"Feature","geometry":{"type":"Polygon","coordinates":[[[41.81,21.71],[41.8,23.11],[42.42,25.09],[43.9,25.95],[46.99,25.58],[49.7,24.41],[49.4,26.08],[48.47,26.7],[47.44,28.83],[46.91,29.44],[44.08,30.34],[40.03,34.39],[38.04,34.6],[37.21,33.57],[36.52,31.16],[36.59,29.79],[37.36,27.96],[38.81,24.84],[40.65,24.15],[41.07,22.26],[41.81,21.71]]]},"properties":{"NAME":null,"ABBREVN":null,"SUBJECTO":null,"BORDERPRECISION":3,"PARTOF":null}},
{"type":"Feature","geometry":{"type":"Polygon","coordinates":[[[56.28,25.46],[56.11,24.3],[57.62,22.16],[57.24,20.81],[57.84,19.03],[57.81,20.17],[58.51,20.42],[59.84,22.28],[58.63,23.46],[57.15,23.98],[56.28,25.46]]]},"properties":{"NAME":"Oman","ABBREVN":"Oman","SUBJECTO":"Oman","BORDERPRECISION":3,"PARTOF":"Oman"}},
{"type":"Feature","geometry":{"type":"Polygon","coordinates":[[[49.7,24.41],[46.99,25.58],[43.9,25.95],[42.42,25.09],[41.8,23.11],[41.81,21.71],[41.92,20.77],[43.6,20.06],[45.37,18.61],[51.76,19.95],[53.37,20.76],[53.05,22.16],[51.65,22.59],[50.57,23.85],[49.7,24.41]]]},"properties":{"NAME":"Nejd","ABBREVN":"Nejd","SUBJECTO":"Nejd","BORDERPRECISION":3,"PARTOF":"Nejd"}},
{"type":"Feature","geometry":{"type":"Polygon","coordinates":[[[46.88,13.47],[46.34,14.1],[45.26,13.83],[44.51,14.1],[43.49,16.62],[42.76,16.65],[42.8,15.47],[43.84,12.66],[44.96,12.83],[45.83,13.41],[46.88,13.47]]]},"properties":{"NAME":"Yemen","ABBREVN":"Yemen","SUBJECTO":"Yemen","BORDERPRECISION":3,"PARTOF":"Yemen"}},
{"type":"Feature","geometry":{"type":"Polygon","coordinates":[[[50.57,23.85],[51.65,22.59],[53.05,22.16],[53.37,20.76],[51.76,19.95],[45.37,18.61],[43.6,20.06],[41.92,20.77],[40.82,19.68],[41.63,18.05],[42.76,16.65],[43.49,16.62],[44.51,14.1],[45.26,13.83],[46.34,14.1],[46.88,13.47],[49.33,14.63],[51.31,15.25],[52.14,15.69],[52.89,16.61],[55.19,17.15],[55.56,17.94],[56.26,17.98],[56.74,18.69],[57.84,19.03],[57.24,20.81],[57.62,22.16],[56.11,24.3],[56.28,25.46],[55.46,25.42],[54.35,24.15],[51.59,24],[51.59,25.61],[50.85,25.27],[50.97,24.44],[50.57,23.85]]]},"properties":{"NAME":null,"ABBREVN":null,"SUBJECTO":null,"BORDERPRECISION":3,"PARTOF":null}},
{"type":"Feature","geometry":{"type":"Polygon","coordinates":[[[48.55,29.99],[50.13,30.07],[51.35,28.04],[52.89,27.05],[54.65,26.39],[55.9,27.1],[56.79,26.97],[57.25,25.79],[59.03,25.31],[61.34,25.03],[66.62,25.32],[66.7,24.75],[67.77,25.81],[67.66,27.85],[69.27,28.39],[69.04,29.43],[69.05,31.63],[68.24,31.77],[67.57,31.19],[66.47,30.84],[66.09,29.74],[64.09,29.39],[62.37,29.38],[60.82,29.83],[61.78,30.91],[60.79,31.58],[60.54,32.99],[61.22,35.58],[61.01,36.64],[60.35,36.61],[59.24,37.45],[57.23,38.19],[55.36,38.04],[54.02,37.35],[53.8,36.68],[51.8,36.43],[50.56,36.69],[50.04,37.22],[48.84,37.51],[48.82,38.31],[49.81,40.58],[47.57,43.01],[47.49,43.58],[47.25,42.78],[48.22,41.47],[47.35,41.44],[44.98,42.77],[43.96,42.59],[42.88,41.55],[43.85,40.75],[44.21,37.87],[45.39,35.93],[46.18,35.06],[45.51,33.8],[47.79,31.8],[47.69,30.88],[48.55,29.99]]]},"properties":{"NAME":"Persia","ABBREVN":"Persia","SUBJECTO":"Persia","BORDERPRECISION":3,"PARTOF":"Persia"}},
{"type":"Feature","geometry":{"type":"Polygon","coordinates":[[[103.62,14.41],[102.94,14.15],[102.36,13.51],[102.75,12.4],[102.61,12.1],[102.53,12.15],[103.04,10.9],[104.39,10.31],[106.09,11.01],[105.84,11.58],[107.38,12.35],[107.39,14.56],[106.84,14.32],[106.51,14.54],[106.05,14.39],[106.14,14.09],[106.13,13.96],[105.86,13.97],[105.13,14.22],[104.36,14.33],[103.62,14.41]]]},"properties":{"NAME":"Cambodia","ABBREVN":"Cambodia","SUBJECTO":"Cambodia","BORDERPRECISION":3,"PARTOF":"Cambodia"}},
{"type":"Feature","geometry":{"type":"Polygon","coordinates":[[[104.39,10.31],[104.98,9.98],[104.74,8.49],[106.48,9.55],[106.7,10.45],[106.09,11.01],[104.39,10.31]]]},"properties":{"NAME":"Cochin China","ABBREVN":"Cochin China","SUBJECTO":"Cochin China","BORDERPRECISION":3,"PARTOF":"Cochin China"}},
{"type":"Feature","geometry":{"type":"Polygon","coordinates":[[[106.09,11.01],[106.7,10.45],[107.41,10.37],[109.07,11.64],[109.31,12.91],[108.79,15.09],[108.24,16.08],[106.43,17.55],[105.53,18.84],[105.84,19.7],[106.81,20.91],[107.88,21.46],[107.1,21.65],[105.31,23.3],[104.48,22.78],[101.97,22.53],[102.99,20.94],[104.13,20.94],[104.72,20.2],[103.9,19.31],[104.81,18.72],[106.64,16.48],[107.11,16.17],[107.39,14.56],[107.38,12.35],[105.84,11.58],[106.09,11.01]]]},"properties":{"NAME":"Annam","ABBREVN":"Annam","SUBJECTO":"Annam","BORDERPRECISION":3,"PARTOF":"Annam"}},
{"type":"Feature","geometry":{"type":"Polygon","coordinates":[[[47.39,11.16],[46.72,8.43],[45.36,6.85],[45.25,5.8],[45.94,3.5],[46.23,2.55],[48.47,5.2],[49.05,6.42],[50.78,9.37],[51.18,11.78],[50.7,11.95],[49.3,11.25],[47.39,11.16]]]},"properties":{"NAME":"Somalia","ABBREVN":"Somalia","SUBJECTO":"Somalia","BORDERPRECISION":3,"PARTOF":"Somalia"}},
{"type":"Feature","geometry":{"type":"Polygon","coordinates":[[[45.94,3.5],[43.89,2.03],[41.05,-0.6],[38.75,-3.95],[38.22,-6.16],[38.9,-10.77],[40.52,-10.55],[39.66,-9.8],[39.27,-7.8],[39.57,-7.04],[38.92,-6.34],[39.27,-4.78],[40.23,-3.19],[42.44,-0.51],[43.72,0.8],[46.23,2.55],[45.94,3.5]]]},"properties":{"NAME":"Zanzibar","ABBREVN":"Zanzibar","SUBJECTO":"Zanzibar","BORDERPRECISION":3,"PARTOF":"Zanzibar"}},
{"type":"Feature","geometry":{"type":"Polygon","coordinates":[[[38.9,-10.77],[39.53,-12.24],[39.74,-13.71],[39.64,-15.29],[39.22,-15.71],[37.64,-16.02],[36.39,-16.97],[35.55,-16.97],[34.29,-15.92],[33.34,-15.71],[34.81,-17.6],[34.92,-18.33],[33.97,-18.96],[34.5,-23.26],[35.3,-23.83],[35.26,-22.27],[34.7,-20.57],[34.73,-19.86],[35.91,-19.03],[37.28,-17.71],[39.47,-16.72],[40.39,-15.74],[40.6,-14.4],[40.31,-11.34],[40.52,-10.55],[38.9,-10.77]]]},"properties":{"NAME":"Portuguese East Africa","ABBREVN":"Port E Afric","SUBJECTO":"Portuguese East Africa","BORDERPRECISION":3,"PARTOF":"Portuguese East Africa"}},
{"type":"Feature","geometry":{"type":"Polygon","coordinates":[[[77.49,41.06],[80.11,42],[80.77,43.38],[80.24,45.12],[82.44,45.74],[83.25,47.29],[85.48,47.09],[85.61,48.1],[86.78,48.99],[89.8,49.82],[90,50.31],[92.16,50.76],[93.32,50.62],[94.21,51.32],[93.57,52.35],[91.12,52.48],[84.44,50.55],[81.48,50.29],[78.65,50.81],[77.06,52.23],[75.46,51.66],[71.88,51.74],[66.53,50.64],[72.95,45.03],[76.74,43.36],[74.89,42.69],[76.98,41.72],[77.49,41.06]]]},"properties":{"NAME":"central Asian khanates","ABBREVN":"central Asian khanates","SUBJECTO":"central Asian khanates","BORDERPRECISION":3,"PARTOF":"central Asian khanates"}},
{"type":"Feature","geometry":{"type":"Polygon","coordinates":[[[91.61,27.64],[94.57,29.2],[96.25,28.39],[97.34,28.18],[98.64,27.48],[98.73,26.34],[97.52,24.8],[97.7,23.88],[98.77,24.09],[99.16,22.31],[100.32,21.46],[101.75,21.47],[101.97,22.53],[104.48,22.78],[105.31,23.3],[107.1,21.65],[107.88,21.46],[109.12,21.4],[110.08,20.87],[111.09,21.48],[112.75,21.76],[113.72,22.48],[116.34,22.91],[118.81,24.85],[119.47,25.77],[119.43,26.59],[120.35,27.18],[121.36,28.39],[121.77,29.83],[121.61,31.83],[120.66,32.54],[119.97,34.14],[119.02,34.69],[120.14,36.19],[121.85,36.86],[120.66,37.74],[119.6,37.12],[118.88,37.95],[117.59,38.28],[117.75,39.2],[118.98,39.22],[121.01,40.85],[122.11,40.35],[122.03,39.26],[124.13,39.84],[125.88,40.95],[126.47,41.65],[128.1,41.45],[128.76,42.06],[130.23,42.65],[131.14,43.23],[130.99,44.82],[131.74,45.26],[132.78,44.99],[133.38,45.65],[134.17,47.33],[134.11,48.25],[132.27,47.78],[130.92,47.73],[130.48,48.9],[127.71,49.7],[126.19,52.52],[125.51,53.16],[123.35,53.51],[121.19,53.32],[119.18,50.7],[119.29,50.12],[117.49,49.59],[114.1,50.27],[112.52,49.46],[109.42,49.3],[106.32,50.42],[103.68,50.17],[102.64,50.46],[102.12,51.36],[97.61,52.15],[97.32,52.83],[95.19,53.8],[93.57,52.35],[94.21,51.32],[93.32,50.62],[92.16,50.76],[90,50.31],[89.8,49.82],[86.78,48.99],[85.61,48.1],[85.48,47.09],[83.25,47.29],[82.44,45.74],[80.24,45.12],[80.77,43.38],[80.11,42],[77.49,41.06],[76.48,40.44],[75.43,40.61],[73.83,39.78],[73.86,38.54],[74.58,38.59],[74.73,37.21],[74.52,37],[75.63,36.77],[75.89,36.02],[77.85,35.24],[78.51,34.5],[78.62,33.5],[79.57,32.7],[78.78,32],[79.11,31.46],[81.02,30.25],[81.66,30.45],[83.4,29.54],[85.14,28.34],[87.21,27.84],[88.2,27.88],[88.8,27.18],[89.37,27.88],[91.15,28.03],[91.61,27.64]]]},"properties":{"NAME":"Manchu Empire","ABBREVN":"Qing Empire","SUBJECTO":"Manchu Empire","BORDERPRECISION":3,"PARTOF":"Manchu Empire"}},
{"type":"Feature","geometry":{"type":"Polygon","coordinates":[[[-2.19,35.05],[-4.59,35.15],[-5.93,35.73],[-7,33.87],[-8.31,33.34],[-9.22,32.58],[-9.81,31.29],[-9.66,29.95],[-10.34,29.15],[-8.28,28.78],[-4.95,28.86],[-1.71,28.39],[-1.34,29.04],[-1.71,30.06],[-1.08,32.45],[-1.68,33.26],[-1.74,34.61],[-2.19,35.05]]]},"properties":{"NAME":"Morocco","ABBREVN":"Morocco","SUBJECTO":"Morocco","BORDERPRECISION":3,"PARTOF":"Morocco"}},
{"type":"Feature","geometry":{"type":"MultiPolygon","coordinates":[[[[-50.48,-1.68],[-48.89,-1.42],[-48.4,-0.39],[-50.5,-0.26],[-50.48,-1.68]]],[[[-58.58,6.98],[-58.62,7.5],[-59.83,8.44],[-61.29,8.77],[-60.79,9.39],[-61.53,9.85],[-64.07,10.63],[-64.88,10.14],[-66.48,10.68],[-67.98,10.54],[-68.69,11.38],[-69.75,11.53],[-71.1,11.12],[-71.5,10.65],[-71.04,9.39],[-71.6,9.09],[-72.11,9.9],[-71.69,10.77],[-72.38,11.81],[-73.36,11.32],[-74.22,11.37],[-75.45,10.63],[-75.7,9.43],[-76.76,8.69],[-78.27,9.39],[-79.5,9.64],[-80.96,8.86],[-82.23,9.05],[-82.56,9.58],[-82.96,8.05],[-82.38,8.32],[-80.81,7.27],[-79.72,8.88],[-79.07,9.03],[-78.18,8.41],[-78.27,7.89],[-77.4,6.67],[-77.5,5.51],[-77.11,3.79],[-77.8,2.58],[-78.47,2.47],[-78.98,1.3],[-80.09,0.82],[-80.34,-0.66],[-80.97,-1.03],[-80.23,-3.47],[-80.26,-4.41],[-79.29,-5.01],[-77.41,-4.33],[-77.34,-4.79],[-75.69,-5.06],[-74.6,-4.36],[-73.59,-4.44],[-72.88,-3.39],[-71.06,-3.94],[-70.21,-3.81],[-69.9,-4.38],[-69.23,-3.48],[-67.98,-3.41],[-67.25,-2.55],[-66.66,-2.82],[-67.06,0.94],[-65.36,0.56],[-63.88,1.88],[-63.33,2.06],[-60.52,2.19],[-58.85,1.15],[-57.9,1.59],[-57.88,2.85],[-58.58,5],[-58.58,6.98]],[[-77.25,-2.76],[-78.39,-2.91],[-78.56,-2.13],[-77.85,-1.67],[-77.25,-2.76]]]]},"properties":{"NAME":"Vice-Royalty of New Granada","ABBREVN":"New Granada","SUBJECTO":"Spain","BORDERPRECISION":3,"PARTOF":"Vice-Royalty of New Granada"}},
{"type":"Feature","geometry":{"type":"Polygon","coordinates":[[[-57.9,1.59],[-54.86,2.48],[-53.98,3.36],[-54.37,4.69],[-53.84,5.69],[-54.57,5.96],[-56.75,6],[-58.58,6.98],[-58.58,5],[-57.88,2.85],[-57.9,1.59]]]},"properties":{"NAME":"Guiana","ABBREVN":"British Guia","SUBJECTO":"Netherlands","BORDERPRECISION":3,"PARTOF":"Guiana"}},
{"type":"Feature","geometry":{"type":"Polygon","coordinates":[[[-69.9,-4.38],[-70.55,-4.27],[-72.77,-5.14],[-73.06,-6.52],[-73.84,-7.58],[-72.92,-9.04],[-66.47,-9.91],[-65.31,-9.82],[-65.27,-11.37],[-64.26,-12.47],[-62.08,-13.1],[-61.63,-13.63],[-60.36,-13.9],[-60.03,-16.33],[-58.33,-16.37],[-58.4,-17.13],[-57.6,-18.04],[-58.14,-19.81],[-55.13,-24.06],[-54.22,-24.12],[-54.58,-25.74],[-53.62,-26.27],[-53.73,-27.22],[-54.75,-27.69],[-57.1,-29.89],[-55.87,-31.17],[-53.89,-32.05],[-53.24,-32.94],[-53.41,-33.88],[-52.35,-32.68],[-52.04,-31.56],[-50.58,-30.42],[-48.94,-28.7],[-48.56,-27.68],[-48.52,-25.88],[-48.72,-25.43],[-46.21,-23.88],[-45.46,-23.86],[-44.56,-22.99],[-41.96,-22.92],[-40.98,-22.09],[-40.93,-21.28],[-39.69,-19.41],[-39.67,-18.23],[-39.14,-17.77],[-38.95,-16],[-39.13,-14.32],[-38.8,-12.63],[-38.27,-12.89],[-37.19,-10.84],[-35.6,-9.63],[-34.89,-7.61],[-35.46,-5.27],[-37.18,-4.95],[-38.79,-3.6],[-40.23,-2.85],[-42.32,-2.82],[-43.33,-2.43],[-44.22,-2.78],[-44.8,-1.74],[-47.24,-0.68],[-48.04,-0.82],[-49.22,-2.11],[-50.64,-1.88],[-51.53,-0.43],[-49.88,1.21],[-50.69,2.22],[-51.21,4.07],[-51.71,4.23],[-53.03,5.43],[-53.84,5.69],[-54.37,4.69],[-53.98,3.36],[-54.86,2.48],[-57.9,1.59],[-58.85,1.15],[-60.52,2.19],[-63.33,2.06],[-63.88,1.88],[-65.36,0.56],[-67.06,0.94],[-66.66,-2.82],[-67.25,-2.55],[-67.98,-3.41],[-69.23,-3.48],[-69.9,-4.38]]]},"properties":{"NAME":"Viceroyalty of Brazil","ABBREVN":"Brazil","SUBJECTO":"Portugal","BORDERPRECISION":3,"PARTOF":"Vice-Royalty of Brazil"}},
{"type":"Feature","geometry":{"type":"Polygon","coordinates":[[[-58.14,-19.81],[-62.61,-22.16],[-61.24,-23.62],[-59.81,-24.22],[-57.71,-25.34],[-58.28,-26.38],[-58.07,-27.19],[-55.73,-27.45],[-54.82,-26.56],[-54.58,-25.74],[-54.22,-24.12],[-55.13,-24.06],[-58.14,-19.81]]]},"properties":{"NAME":"Paraguay","ABBREVN":"Paraguay","SUBJECTO":"Paraguay","BORDERPRECISION":3,"PARTOF":"Paraguay"}},
{"type":"Feature","geometry":{"type":"Polygon","coordinates":[[[-80.23,-3.47],[-81.42,-4.68],[-80.61,-6.37],[-80.07,-6.76],[-79.06,-8.22],[-77.76,-10.66],[-76.24,-13.5],[-76.24,-14.11],[-75.23,-15.22],[-74.05,-16.04],[-71.61,-17.22],[-70.58,-18.08],[-70.21,-19.07],[-70.11,-21.75],[-70.57,-23.17],[-70.4,-25.25],[-70.93,-27.73],[-71.43,-29.1],[-71.23,-29.52],[-71.7,-30.85],[-71.42,-32.75],[-71.62,-33.71],[-72.63,-35.65],[-73.14,-37.16],[-73.67,-37.5],[-73.19,-39.57],[-73.91,-40.84],[-73.59,-41.7],[-72.59,-41.62],[-71.8,-41.57],[-71.86,-40.75],[-71.36,-39.03],[-70.84,-38.73],[-71.1,-36.81],[-70.39,-36.17],[-70.48,-35.36],[-69.84,-33.76],[-70.5,-31.69],[-69.85,-30.36],[-69.95,-29.36],[-68.82,-27.27],[-68.25,-26.98],[-68.56,-25.44],[-68.39,-24.6],[-67.26,-24.08],[-67.19,-22.98],[-66.15,-21.92],[-64.76,-22.16],[-62.61,-22.16],[-58.14,-19.81],[-57.6,-18.04],[-58.4,-17.13],[-58.33,-16.37],[-60.03,-16.33],[-60.36,-13.9],[-61.63,-13.63],[-62.08,-13.1],[-64.26,-12.47],[-65.27,-11.37],[-65.31,-9.82],[-66.47,-9.91],[-72.92,-9.04],[-73.84,-7.58],[-73.06,-6.52],[-72.77,-5.14],[-70.55,-4.27],[-69.9,-4.38],[-70.21,-3.81],[-71.06,-3.94],[-72.88,-3.39],[-73.59,-4.44],[-74.6,-4.36],[-75.69,-5.06],[-77.34,-4.79],[-77.41,-4.33],[-79.29,-5.01],[-80.26,-4.41],[-80.23,-3.47]]]},"properties":{"NAME":"Vice-Royalty of Peru","ABBREVN":"Peru","SUBJECTO":"Spain","BORDERPRECISION":3,"PARTOF":"Vice-Royalty of Peru"}},
{"type":"Feature","geometry":{"type":"Polygon","coordinates":[[[-54.58,-25.74],[-54.82,-26.56],[-55.73,-27.45],[-58.07,-27.19],[-58.28,-26.38],[-57.71,-25.34],[-59.81,-24.22],[-61.24,-23.62],[-62.61,-22.16],[-64.76,-22.16],[-66.15,-21.92],[-67.19,-22.98],[-67.26,-24.08],[-68.39,-24.6],[-68.56,-25.44],[-68.25,-26.98],[-68.82,-27.27],[-69.95,-29.36],[-69.85,-30.36],[-70.5,-31.69],[-69.84,-33.76],[-70.48,-35.36],[-70.39,-36.17],[-71.1,-36.81],[-70.84,-38.73],[-71.36,-39.03],[-71.86,-40.75],[-71.8,-41.57],[-70.75,-41],[-69.95,-40.97],[-68.83,-39.73],[-66.28,-40.26],[-64.98,-40.08],[-64.21,-40.56],[-62.73,-41.05],[-62.29,-40.67],[-62.47,-40.37],[-62.07,-39.56],[-62.35,-39.33],[-59.52,-38.87],[-57.81,-38.39],[-56.7,-36.94],[-56.8,-36.54],[-57.29,-36.27],[-57.37,-36.15],[-57.23,-35.44],[-58.52,-34.59],[-57.35,-34.51],[-56.34,-35],[-54.62,-34.92],[-53.41,-33.88],[-53.24,-32.94],[-53.89,-32.05],[-55.87,-31.17],[-57.1,-29.89],[-54.75,-27.69],[-53.73,-27.22],[-53.62,-26.27],[-54.58,-25.74]]]},"properties":{"NAME":"United Provinces of La Plata","ABBREVN":"La Plata","SUBJECTO":"Spain","BORDERPRECISION":3,"PARTOF":"United Provinces of La Plata"}},
{"type":"Feature","geometry":{"type":"Polygon","coordinates":[[[-65.78,-47.71],[-67.58,-49.06],[-67.83,-49.97],[-69.04,-50.56],[-69.11,-51.35],[-69.08,-51.5],[-69.04,-50.56],[-67.83,-49.97],[-67.58,-49.06],[-65.78,-47.71]]]},"properties":{"NAME":null,"ABBREVN":null,"SUBJECTO":null,"BORDERPRECISION":3,"PARTOF":null}},
{"type":"Feature","geometry":{"type":"Polygon","coordinates":[[[-69.9,-52.63],[-70.42,-52.67],[-70.73,-52.8],[-71,-53.82],[-71.44,-53.88],[-71,-53.82],[-70.73,-52.8],[-69.9,-52.63]]]},"properties":{"NAME":null,"ABBREVN":null,"SUBJECTO":null,"BORDERPRECISION":3,"PARTOF":null}},
{"type":"Feature","geometry":{"type":"Polygon","coordinates":[[[92.51,22.11],[92.12,21],[93.33,20.03],[94.05,19.06],[94.47,17.64],[95.36,18.04],[94.7,20.02],[93.32,21.73],[92.51,22.11]]]},"properties":{"NAME":"Arakan","ABBREVN":"Arakan","SUBJECTO":"Arakan","BORDERPRECISION":3,"PARTOF":"Arakan"}},
{"type":"Feature","geometry":{"type":"Polygon","coordinates":[[[10.86,45.05],[10.66,45.81],[10.4,46.89],[8.64,46.12],[9.13,45.12],[10.39,45.03],[10.86,45.05]]]},"properties":{"NAME":"Lombardy","ABBREVN":"Lombardy","SUBJECTO":"Austrian Empire","BORDERPRECISION":3,"PARTOF":"Lombardy"}},
{"type":"Feature","geometry":{"type":"Polygon","coordinates":[[[10.86,45.05],[11.17,45.07],[12.38,44.73],[12.28,45.4],[13.8,45.57],[13.57,46.51],[11.91,46.41],[10.66,45.81],[10.86,45.05]]]},"properties":{"NAME":"Venetia","ABBREVN":"Venetia","SUBJECTO":"Austrian Empire","BORDERPRECISION":3,"PARTOF":"Venetia"}},
{"type":"Feature","geometry":{"type":"Polygon","coordinates":[[[9.13,45.12],[9.57,44.44],[9.98,44.41],[10.06,44.38],[10.13,44.36],[10.39,45.03],[9.13,45.12]]]},"properties":{"NAME":"Parma","ABBREVN":"Parma","SUBJECTO":"Austrian Empire","BORDERPRECISION":3,"PARTOF":"Parma"}},
{"type":"Feature","geometry":{"type":"Polygon","coordinates":[[[7.4,43.76],[8.67,44.42],[9.83,44.15],[9.88,44.29],[9.57,44.44],[9.13,45.12],[8.64,46.12],[6.81,46.39],[6.38,46.34],[5.94,46.18],[5.93,45.32],[6.94,44.87],[7.4,43.76]]]},"properties":{"NAME":"Kingdom of Sardinia","ABBREVN":"Sardinia","SUBJECTO":"Kingdom of Sardinia","BORDERPRECISION":3,"PARTOF":"Kingdom of Sardinia"}},
{"type":"Feature","geometry":{"type":"Polygon","coordinates":[[[14.08,42.63],[13.6,43.53],[12.7,43.93],[12.38,44.73],[11.17,45.07],[11.2,44.14],[12.3,43.28],[11.96,42.01],[13.76,41.21],[13.41,42.36],[14.08,42.63]],[[12.4,43.96],[12.5,43.99],[12.49,43.9],[12.4,43.96]]]},"properties":{"NAME":"Papal States","ABBREVN":"Papal States","SUBJECTO":"Papal States","BORDERPRECISION":3,"PARTOF":"Papal States"}},
{"type":"Feature","geometry":{"type":"Polygon","coordinates":[[[9.57,44.44],[9.88,44.29],[9.98,44.41],[9.57,44.44]]]},"properties":{"NAME":"Pontremoli","ABBREVN":"Pontremoli","SUBJECTO":"Pontremoli","BORDERPRECISION":3,"PARTOF":"Pontremoli"}},
{"type":"Feature","geometry":{"type":"Polygon","coordinates":[[[10.06,44.38],[10.04,44.29],[10.14,44.22],[10.17,44.31],[10.13,44.36],[10.06,44.38]]]},"properties":{"NAME":"Fivizzano","ABBREVN":"Fivizzano","SUBJECTO":"Fivizzano","BORDERPRECISION":3,"PARTOF":"Fivizzano"}},
{"type":"Feature","geometry":{"type":"Polygon","coordinates":[[[10.34,43.6],[10.69,44.09],[10.41,43.94],[10.26,43.75],[10.34,43.6]]]},"properties":{"NAME":"Lucca","ABBREVN":"Lucca","SUBJECTO":"Lucca","BORDERPRECISION":3,"PARTOF":"Lucca"}},
{"type":"Feature","geometry":{"type":"Polygon","coordinates":[[[11.2,44.14],[10.69,44.09],[10.34,43.6],[10.74,42.85],[11.96,42.01],[12.3,43.28],[11.2,44.14]]]},"properties":{"NAME":"Tuscany","ABBREVN":"Tuscany","SUBJECTO":"Tuscany","BORDERPRECISION":3,"PARTOF":"Tuscany"}},
{"type":"Feature","geometry":{"type":"Polygon","coordinates":[[[10.39,45.03],[10.13,44.36],[10.17,44.31],[10.14,44.22],[10.04,44.29],[10.06,44.38],[9.98,44.41],[9.88,44.29],[9.83,44.15],[10.16,43.88],[10.41,43.94],[10.69,44.09],[11.2,44.14],[11.17,45.07],[10.86,45.05],[10.39,45.03]]]},"properties":{"NAME":"Modena","ABBREVN":"Modena","SUBJECTO":"Austrian Empire","BORDERPRECISION":3,"PARTOF":"Modena"}},
{"type":"Feature","geometry":{"type":"Polygon","coordinates":[[[10.41,43.94],[10.16,43.88],[10.26,43.75],[10.41,43.94]]]},"properties":{"NAME":"Massa","ABBREVN":"Massa","SUBJECTO":"Massa","BORDERPRECISION":3,"PARTOF":"Massa"}},
{"type":"Feature","geometry":{"type":"Polygon","coordinates":[[[9.64,49.29],[9.46,47.65],[9.67,47.56],[11.17,47.42],[12.7,47.69],[13.95,48.66],[12.54,49.56],[12.25,50.22],[11.84,50.33],[10.87,49.96],[9.69,50.5],[8.82,50.23],[9.08,49.38],[9.64,49.29]]]},"properties":{"NAME":"Bavaria","ABBREVN":"Bavaria","SUBJECTO":"Bavaria","BORDERPRECISION":3,"PARTOF":"Bavaria"}},
{"type":"Feature","geometry":{"type":"Polygon","coordinates":[[[8.59,47.89],[8.64,47.78],[8.98,47.68],[9.12,47.68],[9.22,47.67],[9.46,47.65],[9.64,49.29],[8.51,48.11],[8.68,47.97],[8.59,47.89]]]},"properties":{"NAME":"Württemberg","ABBREVN":"Württemberg","SUBJECTO":"Württemberg","BORDERPRECISION":3,"PARTOF":"Württemberg"}},
{"type":"Feature","geometry":{"type":"Polygon","coordinates":[[[91.16,26.75],[91.43,26.1],[91.57,24.35],[92.05,23.69],[93.43,24.08],[94.18,23.94],[95.18,26.56],[97.01,27.58],[97.34,28.18],[96.25,28.39],[94.57,29.2],[91.61,27.64],[91.16,26.75]]]},"properties":{"NAME":"Assam","ABBREVN":"Assam","SUBJECTO":"Assam","BORDERPRECISION":3,"PARTOF":"Assam"}},
{"type":"Feature","geometry":{"type":"Polygon","coordinates":[[[97.34,28.18],[97.01,27.58],[95.18,26.56],[94.18,23.94],[93.43,24.08],[92.05,23.69],[92.51,22.11],[93.32,21.73],[94.7,20.02],[95.36,18.04],[94.47,17.64],[94.14,16.01],[95.33,15.68],[96.47,16.51],[96.88,17.35],[97.57,16.45],[97.82,14.62],[98.49,13.11],[98.74,11.44],[98.59,10.12],[99.58,11.89],[99,13.89],[98.14,15.19],[98.82,16.32],[97.27,18.5],[97.37,20.78],[98.2,21.61],[97.7,23.88],[97.52,24.8],[98.73,26.34],[98.64,27.48],[97.34,28.18]]]},"properties":{"NAME":"Burma","ABBREVN":"Burma","SUBJECTO":"Burma","BORDERPRECISION":3,"PARTOF":"Burma"}},
{"type":"Feature","geometry":{"type":"Polygon","coordinates":[[[88.8,27.18],[88.2,27.88],[88.23,26.76],[88.87,26.91],[88.8,27.18]]]},"properties":{"NAME":"Sikkim (Indian princely state)","ABBREVN":"Sikkim","SUBJECTO":"Sikkim (Indian princely state)","BORDERPRECISION":3,"PARTOF":"Sikkim (Indian princely state)"}},
{"type":"Feature","geometry":{"type":"Polygon","coordinates":[[[80.91,28.49],[80.18,27.2],[80.52,26.11],[81.96,25.29],[82.71,25.22],[83.33,25.9],[83.87,27.38],[82.81,27.54],[80.91,28.49]]]},"properties":{"NAME":"Oudh","ABBREVN":"Oudh","SUBJECTO":"Oudh","BORDERPRECISION":3,"PARTOF":"Oudh"}},
{"type":"Feature","geometry":{"type":"Polygon","coordinates":[[[75.24,14.15],[75,14.05],[75.56,12.51],[77.17,11.45],[78.61,12.25],[78.79,12.77],[77.63,13.2],[76.79,13.19],[76.4,14.03],[75.24,14.15]]]},"properties":{"NAME":"Mysore (Indian princely state)","ABBREVN":"Mysore","SUBJECTO":"Mysore (Indian princely state)","BORDERPRECISION":3,"PARTOF":"Mysore (Indian princely state)"}},
{"type":"Feature","geometry":{"type":"Polygon","coordinates":[[[76.29,9.98],[76.7,8.71],[77.85,8.23],[77.45,8.44],[77.32,10.07],[76.29,9.98]]]},"properties":{"NAME":"Travancore","ABBREVN":"Travancore","SUBJECTO":"Travancore","BORDERPRECISION":3,"PARTOF":"Travancore"}},
{"type":"Feature","geometry":{"type":"Polygon","coordinates":[[[88.87,26.91],[88.23,26.76],[86.78,26.47],[83.87,27.38],[83.33,25.9],[82.71,25.22],[81.96,25.29],[80.52,26.11],[80.18,27.2],[80.91,28.49],[80.1,28.95],[78.89,28.54],[79.06,29.75],[77.68,30.37],[77.59,29.96],[76.94,29.7],[77.07,28.45],[78.97,26.47],[79.28,25.43],[80.27,25.52],[81.09,24.87],[82.21,24.74],[82.34,24.18],[83.46,23.79],[84.76,22.15],[86.31,21.24],[85.23,21.03],[85.36,20.21],[84.15,19.51],[83.38,20.34],[82,20.25],[81.43,18.5],[81.05,18.4],[80.37,16.58],[79.94,16.74],[78.77,15.95],[76.94,15.43],[75.24,14.15],[76.4,14.03],[76.79,13.19],[77.63,13.2],[78.79,12.77],[78.61,12.25],[77.17,11.45],[75.56,12.51],[75,14.05],[74.6,14.68],[74.42,14.38],[75.21,12.1],[76.29,9.98],[77.32,10.07],[77.45,8.44],[77.85,8.23],[79.83,10.36],[79.71,11.44],[80.22,12.83],[80.09,15.18],[81.37,16.35],[84.26,18.46],[85.11,19.44],[86.12,19.81],[87.64,21.56],[88.72,21.54],[90,21.93],[90,22.56],[91.41,22.72],[92.12,21],[92.51,22.11],[92.05,23.69],[91.57,24.35],[91.43,26.1],[91.16,26.75],[88.87,26.91]]]},"properties":{"NAME":"British East India Company","ABBREVN":"British East India Company","SUBJECTO":"British East India Company","BORDERPRECISION":3,"PARTOF":"British East India Company"}},
{"type":"Feature","geometry":{"type":"Polygon","coordinates":[[[74.6,14.68],[74.15,14.85],[74.42,14.38],[74.6,14.68]]]},"properties":{"NAME":"Goa","ABBREVN":"Goa","SUBJECTO":"Goa","BORDERPRECISION":3,"PARTOF":"Goa"}},
{"type":"Feature","geometry":{"type":"Polygon","coordinates":[[[32,-1.28],[33.51,0.1],[33.19,1.75],[32.75,2.19],[31.38,2.14],[30.64,1.21],[30.3,-0.76],[32,-1.28]]]},"properties":{"NAME":"Buganda","ABBREVN":"Buganda","SUBJECTO":"Buganda","BORDERPRECISION":3,"PARTOF":"Buganda"}},
{"type":"Feature","geometry":{"type":"Polygon","coordinates":[[[31.38,2.14],[31.47,3.16],[29.73,3.74],[28.45,3.5],[27.74,2.13],[27.69,0.76],[27.93,-0.81],[30.3,-0.76],[30.64,1.21],[31.38,2.14]]]},"properties":{"NAME":"Bunyoro","ABBREVN":"Bunyoro","SUBJECTO":"Bunyoro","BORDERPRECISION":3,"PARTOF":"Bunyoro"}},
{"type":"Feature","geometry":{"type":"Polygon","coordinates":[[[30.3,-0.76],[27.93,-0.81],[26.98,-1.8],[27.88,-2.75],[29.77,-2.46],[31.91,-2.46],[32,-1.28],[30.3,-0.76]]]},"properties":{"NAME":"Nkore","ABBREVN":"Nkore","SUBJECTO":"Nkore","BORDERPRECISION":3,"PARTOF":"Nkore"}},
{"type":"Feature","geometry":{"type":"Polygon","coordinates":[[[27.88,-2.75],[26.93,-3.55],[26.65,-4.55],[26.89,-5.92],[27.98,-5.83],[30.58,-6.01],[32.24,-5.35],[32.52,-4.12],[31.91,-2.46],[29.77,-2.46],[27.88,-2.75]]]},"properties":{"NAME":"Rwanda","ABBREVN":"Rwanda","SUBJECTO":"Rwanda","BORDERPRECISION":3,"PARTOF":"Rwanda"}},
{"type":"Feature","geometry":{"type":"Polygon","coordinates":[[[26.89,-5.92],[26.74,-8.38],[27.31,-8.76],[31.01,-8.76],[32.24,-8.62],[32.66,-7.91],[32.66,-6.96],[32.24,-5.35],[30.58,-6.01],[27.98,-5.83],[26.89,-5.92]]]},"properties":{"NAME":"Burundi","ABBREVN":"Burundi","SUBJECTO":"Burundi","BORDERPRECISION":3,"PARTOF":"Burundi"}},
{"type":"Feature","geometry":{"type":"Polygon","coordinates":[[[34.29,-15.92],[35.17,-15.58],[35.08,-14.21],[34.56,-13.21],[34.46,-11.6],[33.14,-11.32],[32.95,-12.79],[32.27,-13.89],[31.15,-14.3],[31.03,-15.72],[33.34,-15.71],[34.29,-15.92]]]},"properties":{"NAME":"Kazembe","ABBREVN":"Kazembe","SUBJECTO":"Kazembe","BORDERPRECISION":3,"PARTOF":"Kazembe"}},
{"type":"Feature","geometry":{"type":"Polygon","coordinates":[[[29.55,-15.37],[28.78,-14.18],[26.65,-14.12],[24.58,-13.24],[23.87,-13.24],[23.22,-14.06],[23.39,-16.43],[22.8,-17.79],[23.57,-18.44],[25.76,-18.38],[27.83,-18.68],[29.19,-17.2],[29.55,-15.37]]]},"properties":{"NAME":"Lozi","ABBREVN":"Lozi","SUBJECTO":"Lozi","BORDERPRECISION":3,"PARTOF":"Lozi"}},
{"type":"Feature","geometry":{"type":"Polygon","coordinates":[[[12.3,-14.56],[14.44,-12.64],[14.68,-11.76],[14.09,-7.71],[13.02,-7.61],[13.48,-8.42],[13.2,-9.64],[13.82,-10.98],[13.65,-12.2],[12.59,-13.46],[12.3,-14.56]]]},"properties":{"NAME":"Angola","ABBREVN":"Angola","SUBJECTO":"Angola","BORDERPRECISION":3,"PARTOF":"Angola"}},
{"type":"Feature","geometry":{"type":"Polygon","coordinates":[[[14.09,-7.71],[14.99,-7.2],[15.05,-6.01],[14.58,-4.77],[12.37,-6.26],[13.02,-7.61],[14.09,-7.71]]]},"properties":{"NAME":"Congo","ABBREVN":"Congo","SUBJECTO":"Congo","BORDERPRECISION":3,"PARTOF":"Congo"}},
{"type":"Feature","geometry":{"type":"Polygon","coordinates":[[[22.59,-34.13],[22.09,-33.36],[20.49,-33.12],[19.96,-31.88],[18.34,-32.34],[17.87,-32.99],[18.46,-33.83],[19.88,-34.99],[20.26,-34.62],[22.59,-34.13]]]},"properties":{"NAME":"Cape Colony","ABBREVN":"Cape Colony","SUBJECTO":"Cape Colony","BORDERPRECISION":3,"PARTOF":"Cape Colony"}},
{"type":"Feature","geometry":{"type":"Polygon","coordinates":[[[22.59,-34.13],[24.43,-34.33],[25.62,-33.92],[25.63,-32.38],[24.52,-32.53],[23.1,-32.06],[21.44,-30.99],[20.08,-31.23],[17.43,-30.57],[18.34,-32.34],[19.96,-31.88],[20.49,-33.12],[22.09,-33.36],[22.59,-34.13]]]},"properties":{"NAME":"Dutch East Indies","ABBREVN":"Dutch East Indies","SUBJECTO":"Netherlands","BORDERPRECISION":3,"PARTOF":"Dutch East Indies"}},
{"type":"Feature","geometry":{"type":"Polygon","coordinates":[[[25.62,-33.92],[26.66,-33.85],[29.09,-32.13],[28.43,-31.17],[25.63,-32.38],[25.62,-33.92]]]},"properties":{"NAME":"Xhosa","ABBREVN":"Xhosa","SUBJECTO":"Xhosa","BORDERPRECISION":3,"PARTOF":"Xhosa"}},
{"type":"Feature","geometry":{"type":"Polygon","coordinates":[[[30.29,-30.92],[31.56,-29.21],[32.23,-28.74],[32.89,-26.72],[32.09,-26.26],[28.72,-28.45],[28.6,-29.27],[30.29,-30.92]]]},"properties":{"NAME":"Zulu","ABBREVN":"Zulu","SUBJECTO":"Zulu","BORDERPRECISION":3,"PARTOF":"Zulu"}},
{"type":"Feature","geometry":{"type":"Polygon","coordinates":[[[32.89,-26.72],[32.94,-25.54],[32.09,-26.26],[32.89,-26.72]]]},"properties":{"NAME":"Delagoa Bay","ABBREVN":"Delagoa Bay","SUBJECTO":"Delagoa Bay","BORDERPRECISION":3,"PARTOF":"Delagoa Bay"}},
{"type":"Feature","geometry":{"type":"Polygon","coordinates":[[[48.02,-18],[47.48,-16.9],[46.65,-17.73],[46.13,-20.66],[44.94,-22.38],[46.66,-23.27],[47.37,-21.02],[48.32,-20.07],[48.91,-18],[48.02,-18]]]},"properties":{"NAME":"Expansionist Kingdom of Merina","ABBREVN":"Merina","SUBJECTO":"Expansionist Kingdom of Merina","BORDERPRECISION":3,"PARTOF":"Expansionist Kingdom of Merina"}},
{"type":"Feature","geometry":{"type":"Polygon","coordinates":[[[-0.52,6.15],[-0.59,7.52],[-0.38,8.08],[-0.74,9],[-2.22,8.78],[-3.44,9],[-4.29,9.15],[-4.95,8.04],[-4.51,6.19],[-4.58,5.25],[-2.75,5.1],[-2.78,5.43],[-0.53,6.15],[-0.52,6.15]]]},"properties":{"NAME":"Asante","ABBREVN":"Asante","SUBJECTO":"Asante","BORDERPRECISION":3,"PARTOF":"Asante"}},
{"type":"Feature","geometry":{"type":"Polygon","coordinates":[[[-0.52,6.15],[0.17,6.38],[1.58,6.83],[1.76,6.25],[2.62,6.34],[2.15,8.12],[0.37,8.34],[-0.38,8.08],[-0.59,7.52],[-0.52,6.15]]]},"properties":{"NAME":"Oyo","ABBREVN":"Oyo","SUBJECTO":"Oyo","BORDERPRECISION":3,"PARTOF":"Oyo"}},
{"type":"Feature","geometry":{"type":"Polygon","coordinates":[[[-2.75,5.1],[-2.03,4.7],[0.09,5.66],[1.76,6.25],[1.58,6.83],[0.17,6.38],[-0.52,6.15],[-0.53,6.15],[-2.78,5.43],[-2.75,5.1]]]},"properties":{"NAME":"Fante","ABBREVN":"Fante","SUBJECTO":"Fante","BORDERPRECISION":3,"PARTOF":"Fante"}},
{"type":"Feature","geometry":{"type":"Polygon","coordinates":[[[-0.74,9],[-0.15,12.85],[-0.66,15.22],[-1.18,15.74],[-2.73,15.88],[-3.33,15.51],[-3.99,13.66],[-3.99,11.44],[-3.44,9],[-2.22,8.78],[-0.74,9]]]},"properties":{"NAME":"Mossi States","ABBREVN":"Mossi States","SUBJECTO":"Mossi States","BORDERPRECISION":3,"PARTOF":"Mossi States"}},
{"type":"Feature","geometry":{"type":"Polygon","coordinates":[[[7.18,4.53],[6.73,5.53],[7.18,6.27],[6.36,6.93],[5.62,6.64],[5.38,5.61],[5.61,4.63],[6.09,4.33],[7.18,4.53]]]},"properties":{"NAME":"Sotho","ABBREVN":"Sotho","SUBJECTO":"Sotho","BORDERPRECISION":3,"PARTOF":"Sotho"}},
{"type":"Feature","geometry":{"type":"Polygon","coordinates":[[[-4.58,17.07],[-5.55,17.21],[-7.32,16.18],[-11.39,16.11],[-12.57,15.22],[-12.28,11.67],[-11.46,11.22],[-8.73,11.22],[-5.25,10.19],[-4.73,10.85],[-4.95,11.52],[-4.21,15.88],[-4.58,17.07]]]},"properties":{"NAME":"Kaarta","ABBREVN":"Kaarta","SUBJECTO":"Kaarta","BORDERPRECISION":3,"PARTOF":"Kaarta"}},
{"type":"Feature","geometry":{"type":"Polygon","coordinates":[[[-16.87,14.36],[-16.05,15.07],[-16.45,16.12],[-17.22,14.73],[-16.87,14.36]]]},"properties":{"NAME":"Senegal","ABBREVN":"Senegal","SUBJECTO":"Senegal","BORDERPRECISION":3,"PARTOF":"Senegal"}},
{"type":"Feature","geometry":{"type":"Polygon","coordinates":[[[-1.08,32.45],[-1.71,30.06],[-1.34,29.04],[-1.71,28.39],[-4.95,28.86],[-8.28,28.78],[-10.34,29.15],[-11.58,28.23],[-12.87,27.86],[-13.63,26.59],[-14.37,26.12],[-14.82,24.73],[-15.71,23.87],[-16.81,21.99],[-17.05,21],[-16.35,20.52],[-15.98,18.18],[-16.45,16.12],[-16.05,15.07],[-16.87,14.36],[-16.57,12.31],[-15.46,12.48],[-15.16,11.88],[-15.34,11.22],[-13.68,9.92],[-13.16,8.85],[-11.46,8.63],[-11.05,7.31],[-11.47,6.84],[-9.94,5.86],[-9.25,5.17],[-7.53,4.34],[-5.58,5.13],[-4.58,5.25],[-4.51,6.19],[-4.95,8.04],[-4.29,9.15],[-3.44,9],[-3.99,11.44],[-3.99,13.66],[-3.33,15.51],[-2.73,15.88],[-1.18,15.74],[-0.66,15.22],[-0.15,12.85],[-0.74,9],[-0.38,8.08],[0.37,8.34],[2.15,8.12],[2.62,6.34],[3.95,6.58],[5.38,5.61],[5.62,6.64],[6.36,6.93],[7.18,6.27],[6.73,5.53],[7.18,4.53],[8.87,4.62],[9.92,2.82],[9.85,1.88],[9.2,-0.63],[8.82,-0.9],[9.66,-2.42],[11.77,-4.54],[12.37,-6.26],[14.58,-4.77],[15.05,-6.01],[14.99,-7.2],[14.09,-7.71],[14.68,-11.76],[14.44,-12.64],[12.3,-14.56],[11.78,-15.87],[11.77,-17.6],[12.08,-18.49],[12.93,-19.74],[14.42,-22.27],[14.4,-23.07],[14.91,-25.02],[14.84,-25.62],[15.45,-27.62],[16.79,-29.14],[17.43,-30.57],[20.08,-31.23],[21.44,-30.99],[23.1,-32.06],[24.52,-32.53],[25.63,-32.38],[28.43,-31.17],[29.09,-32.13],[30.29,-30.92],[28.6,-29.27],[28.72,-28.45],[32.09,-26.26],[32.94,-25.54],[34.88,-24.72],[35.3,-23.83],[34.5,-23.26],[33.97,-18.96],[34.92,-18.33],[34.81,-17.6],[33.34,-15.71],[31.03,-15.72],[31.15,-14.3],[32.27,-13.89],[32.95,-12.79],[33.14,-11.32],[34.46,-11.6],[34.56,-13.21],[35.08,-14.21],[35.17,-15.58],[34.29,-15.92],[35.55,-16.97],[36.39,-16.97],[37.64,-16.02],[39.22,-15.71],[39.64,-15.29],[39.74,-13.71],[39.53,-12.24],[38.9,-10.77],[38.22,-6.16],[38.75,-3.95],[41.05,-0.6],[43.89,2.03],[45.94,3.5],[45.25,5.8],[45.36,6.85],[46.72,8.43],[47.39,11.16],[46.68,10.7],[45.91,10.83],[44.28,10.4],[43.37,11.46],[43.47,12.1],[42.08,13.86],[40.74,14.92],[39.52,15.46],[38.69,18],[37.4,18.92],[37.13,21.23],[36.8,21.91],[35.25,21.37],[32.66,21],[31.64,21.28],[29.43,22.66],[26,30.71],[25.26,31.44],[23.74,32.06],[22.12,31.08],[21.2,31.08],[20.36,30.34],[19.32,30.26],[18.89,30.22],[15.65,30.52],[14.72,30.25],[12.12,32.88],[10.41,33.63],[8.02,33.02],[6.27,31.87],[0.87,31.99],[-1.08,32.45]],[[34.46,9.75],[35.1,11.79],[36.48,14.27],[37.72,14.8],[39,14.43],[39.07,12.7],[39.46,10.37],[38.94,9.72],[34.46,9.75]],[[23.16,-9.95],[23.16,-8.57],[23.9,-7.74],[25.05,-7.69],[25.42,-8.52],[24.91,-9.72],[23.16,-9.95]],[[18.9,-9.94],[19.84,-9.71],[20.06,-10.42],[19.36,-10.9],[18.9,-9.94]],[[12.5,12.22],[13,9.83],[13.67,8.27],[13.3,7.75],[12.19,7.31],[8.86,8.2],[4.72,7.68],[2.72,9.6],[1.46,13.67],[2.5,15.45],[7.16,16.04],[11.6,14.06],[12.73,14.49],[14.53,13.78],[15.15,14.4],[16.71,14.68],[16.84,14.37],[16.84,14.33],[15.81,11.98],[12.5,12.22]],[[32,-1.28],[31.91,-2.46],[32.52,-4.12],[32.24,-5.35],[32.66,-6.96],[32.66,-7.91],[32.24,-8.62],[31.01,-8.76],[27.31,-8.76],[26.74,-8.38],[26.89,-5.92],[26.65,-4.55],[26.93,-3.55],[27.88,-2.75],[26.98,-1.8],[27.93,-0.81],[27.69,0.76],[27.74,2.13],[28.45,3.5],[29.73,3.74],[31.47,3.16],[31.38,2.14],[32.75,2.19],[33.19,1.75],[33.51,0.1],[32,-1.28]],[[29.55,-15.37],[29.19,-17.2],[27.83,-18.68],[25.76,-18.38],[23.57,-18.44],[22.8,-17.79],[23.39,-16.43],[23.22,-14.06],[23.87,-13.24],[24.58,-13.24],[26.65,-14.12],[28.78,-14.18],[29.55,-15.37]],[[-4.58,17.07],[-4.21,15.88],[-4.95,11.52],[-4.73,10.85],[-5.25,10.19],[-8.73,11.22],[-11.46,11.22],[-12.28,11.67],[-12.57,15.22],[-11.39,16.11],[-7.32,16.18],[-5.55,17.21],[-4.58,17.07]]]},"properties":{"NAME":null,"ABBREVN":null,"SUBJECTO":null,"BORDERPRECISION":3,"PARTOF":null}},
{"type":"Feature","geometry":{"type":"Polygon","coordinates":[[[-16.57,12.31],[-15.16,11.88],[-15.46,12.48],[-16.57,12.31]]]},"properties":{"NAME":"Portuguese Guinea","ABBREVN":"Port. Guinea","SUBJECTO":"Portuguese Guinea","BORDERPRECISION":3,"PARTOF":"Portuguese Guinea"}},
{"type":"Feature","geometry":{"type":"Polygon","coordinates":[[[142.86,53.34],[141.77,53.27],[141.64,51.81],[142.15,50.89],[141.73,47.47],[142.49,47.9],[143.63,50.23],[142.94,51.62],[142.86,53.34]]]},"properties":{"NAME":null,"ABBREVN":null,"SUBJECTO":null,"BORDERPRECISION":3,"PARTOF":null}},
{"type":"Feature","geometry":{"type":"Polygon","coordinates":[[[-61.69,17.02],[-61.79,17.16],[-61.89,17.03],[-61.69,17.02]]]},"properties":{"NAME":"Antigua and Barbuda","ABBREVN":"Antigua and Barbuda","SUBJECTO":"Antigua and Barbuda","BORDERPRECISION":3,"PARTOF":"Antigua and Barbuda"}},
{"type":"Feature","geometry":{"type":"Polygon","coordinates":[[[-14.51,28.05],[-13.88,28.2],[-14.15,28.39],[-14.51,28.05]]]},"properties":{"NAME":"Guanches","ABBREVN":"Guanches","SUBJECTO":"Guanches","BORDERPRECISION":3,"PARTOF":"Guanches"}},
{"type":"Feature","geometry":{"type":"Polygon","coordinates":[[[134.46,-33.29],[135.53,-35.05],[137.46,-33.31],[138.1,-34.36],[139.37,-35.61],[140.01,-37.64],[140.65,-38.16],[143.36,-38.97],[144.97,-38.07],[145.93,-38.88],[146.82,-38.84],[148.04,-38.1],[149.5,-37.93],[149.98,-37.35],[150.22,-35.69],[150.76,-35.25],[151.36,-33.52],[152.18,-32.88],[152.97,-31.42],[152.94,-30.7],[153.49,-28.84],[152.95,-27.34],[153.07,-26.23],[151.73,-24.16],[150.8,-23.6],[150.75,-22.81],[149.56,-22.43],[149.1,-21.06],[148.19,-20.17],[146.32,-19.08],[145.92,-18.26],[145.87,-17.19],[145.33,-16.49],[145.18,-15.05],[143.74,-14.47],[143.17,-12.12],[142.64,-11.09],[142.13,-11.16],[141.68,-12.47],[141.47,-14.76],[141.71,-15.23],[140.8,-17.56],[140.25,-17.8],[139.25,-17.43],[137.07,-16.03],[136.69,-16.03],[135.39,-14.9],[135.83,-13.48],[136.66,-12.62],[134.64,-12.06],[134.64,-12.11],[134.64,-12.44],[134.64,-12.48],[134.63,-13.24],[134.32,-13.43],[134.33,-13.42],[134.63,-13.93],[134.62,-14.51],[134.62,-15.03],[134.62,-15.14],[134.6,-17.13],[134.48,-17.2],[134.51,-17.24],[134.44,-17.81],[134.35,-17.94],[134.59,-17.96],[134.57,-20.25],[134.57,-20.48],[134.56,-21.94],[134.55,-22.55],[134.55,-23.02],[134.55,-23.24],[134.52,-26.28],[134.52,-26.55],[134.5,-28.92],[134.5,-29],[134.48,-30.83],[134.48,-30.94],[134.47,-32.74],[134.46,-33.29]]]},"properties":{"NAME":"New South Wales","ABBREVN":"New South Wales","SUBJECTO":"United Kingdom of Great Britain and Ireland","BORDERPRECISION":3,"PARTOF":"New South Wales"}},
{"type":"Feature","geometry":{"type":"Polygon","coordinates":[[[-59.53,13.05],[-59.43,13.16],[-59.66,13.29],[-59.64,13.15],[-59.53,13.05]]]},"properties":{"NAME":"Barbados","ABBREVN":"Barbados","SUBJECTO":"Barbados","BORDERPRECISION":3,"PARTOF":"Barbados"}},
{"type":"Feature","geometry":{"type":"Polygon","coordinates":[[[-61.36,15.2],[-61.26,15.29],[-61.3,15.57],[-61.47,15.49],[-61.36,15.2]]]},"properties":{"NAME":"Dominica","ABBREVN":"Dominica","SUBJECTO":"Dominica","BORDERPRECISION":3,"PARTOF":"Dominica"}},
{"type":"Feature","geometry":{"type":"Polygon","coordinates":[[[-61.75,12],[-61.6,12.13],[-61.72,12.17],[-61.75,12]]]},"properties":{"NAME":"Grenada","ABBREVN":"Grenada","SUBJECTO":"Grenada","BORDERPRECISION":3,"PARTOF":"Grenada"}},
{"type":"Feature","geometry":{"type":"Polygon","coordinates":[[[-60.86,14.4],[-60.83,14.57],[-61.03,14.83],[-61.23,14.81],[-61.03,14.47],[-60.86,14.4]]]},"properties":{"NAME":"Martinique","ABBREVN":"Martinique","SUBJECTO":"Martinique","BORDERPRECISION":3,"PARTOF":"Martinique"}},
{"type":"Feature","geometry":{"type":"Polygon","coordinates":[[[-62.17,16.67],[-62.14,16.69],[-62.18,16.81],[-62.24,16.71],[-62.17,16.67]]]},"properties":{"NAME":"Montserrat","ABBREVN":"Montserrat","SUBJECTO":"Montserrat","BORDERPRECISION":3,"PARTOF":"Montserrat"}},
{"type":"Feature","geometry":{"type":"Polygon","coordinates":[[[-63.17,18.16],[-62.99,18.23],[-63.06,18.26],[-63.17,18.16]]]},"properties":{"NAME":"Anguilla","ABBREVN":"Anguilla","SUBJECTO":"Anguilla","BORDERPRECISION":3,"PARTOF":"Anguilla"}},
{"type":"Feature","geometry":{"type":"Polygon","coordinates":[[[-62.7,17.34],[-62.81,17.41],[-62.86,17.37],[-62.78,17.29],[-62.7,17.34]]]},"properties":{"NAME":"Saint Kitts and Nevis","ABBREVN":"Saint Kitts and Nevis","SUBJECTO":"Saint Kitts and Nevis","BORDERPRECISION":3,"PARTOF":"Saint Kitts and Nevis"}},
{"type":"Feature","geometry":{"type":"Polygon","coordinates":[[[-60.95,13.71],[-60.88,13.96],[-61.08,13.9],[-60.95,13.71]]]},"properties":{"NAME":"Saint Lucia","ABBREVN":"Saint Lucia","SUBJECTO":"Saint Lucia","BORDERPRECISION":3,"PARTOF":"Saint Lucia"}},
{"type":"Feature","geometry":{"type":"Polygon","coordinates":[[[-61.17,13.13],[-61.12,13.25],[-61.21,13.37],[-61.28,13.25],[-61.17,13.13]]]},"properties":{"NAME":"Saint Vincent and the Grenadines","ABBREVN":"Saint Vincent and the Grenadines","SUBJECTO":"Saint Vincent and the Grenadines","BORDERPRECISION":3,"PARTOF":"Saint Vincent and the Grenadines"}},
{"type":"Feature","geometry":{"type":"Polygon","coordinates":[[[-61.35,16.33],[-61.5,16.35],[-61.79,16.24],[-61.7,15.95],[-61.55,16.05],[-61.58,16.2],[-61.35,16.33]]]},"properties":{"NAME":"Guadeloupe","ABBREVN":"Guadeloupe","SUBJECTO":"Guadeloupe","BORDERPRECISION":3,"PARTOF":"Guadeloupe"}},
{"type":"Feature","geometry":{"type":"Polygon","coordinates":[[[-68.97,12.2],[-69.08,12.35],[-69.16,12.31],[-69.06,12.19],[-68.83,12.05],[-68.82,12.16],[-68.97,12.2]]]},"properties":{"NAME":"Netherlands Antilles","ABBREVN":"Netherlands Antilles","SUBJECTO":"Netherlands Antilles","BORDERPRECISION":3,"PARTOF":"Netherlands Antilles"}},
{"type":"Feature","geometry":{"type":"Polygon","coordinates":[[[-63.01,18.07],[-63.05,18.12],[-63.14,18.06],[-63.01,18.07]]]},"properties":{"NAME":"Saint Martin","ABBREVN":"Saint Martin","SUBJECTO":"Saint Martin","BORDERPRECISION":3,"PARTOF":"Saint Martin"}},
{"type":"Feature","geometry":{"type":"Polygon","coordinates":[[[-63.14,18.06],[-63.03,18.02],[-63.01,18.07],[-63.14,18.06]]]},"properties":{"NAME":"Saint Barthelemy","ABBREVN":"Saint Barthelemy","SUBJECTO":"Saint Barthelemy","BORDERPRECISION":3,"PARTOF":"Saint Barthelemy"}},
{"type":"Feature","geometry":{"type":"Polygon","coordinates":[[[-88.32,18.49],[-87.88,18.38],[-87.65,20.19],[-86.94,20.98],[-87.2,21.53],[-88.33,21.59],[-90,21.16],[-90,19.38],[-91.7,18.82],[-94.24,18.24],[-96.01,18.93],[-97.5,21.19],[-97.88,22.33],[-97.82,24.21],[-97.26,25.81],[-97.63,27.23],[-96.83,28.16],[-94.06,29.7],[-93.75,31.17],[-94.25,31.98],[-94.25,33.54],[-95.5,33.86],[-97.33,33.7],[-100.2,34.54],[-100.24,37.71],[-104.1,37.55],[-107.48,38.19],[-110.21,38.35],[-110.21,42.05],[-118.92,42.05],[-124.31,42.05],[-124.36,40.33],[-123.8,39.03],[-121.93,37.01],[-121.93,36.34],[-120.68,35.19],[-120.53,34.51],[-118.6,34.1],[-117.5,33.33],[-116.7,31.59],[-115.6,29.69],[-114.07,28.42],[-114.48,27.24],[-112.41,26.19],[-112.17,25.01],[-110.22,23.4],[-110.2,24.32],[-110.8,24.88],[-112.87,28.33],[-114.68,30.14],[-114.84,31.82],[-113.05,31.14],[-112.65,29.92],[-111.69,28.5],[-110.6,27.86],[-110.38,27.21],[-109.13,26.29],[-108.01,24.98],[-105.54,22.28],[-104.95,19.44],[-103.49,18.35],[-101.99,18.03],[-101.22,17.42],[-98.86,16.6],[-97.88,16.05],[-96.33,15.75],[-95.13,16.3],[-94.08,16.11],[-91.52,14.06],[-87.95,13.17],[-86.01,11.37],[-85.78,10.14],[-85.09,9.58],[-83.61,9.15],[-82.96,8.05],[-82.56,9.58],[-83.91,11.25],[-83.9,11.89],[-84.09,12.53],[-83.86,14.18],[-83.3,14.61],[-83.53,15.24],[-84.65,15.93],[-86.37,15.8],[-88.94,15.9],[-89.15,17.83],[-88.32,18.49]]]},"properties":{"NAME":"Vice-Royalty of New Spain","ABBREVN":"Vice-Royalty of New Spain","SUBJECTO":"Spain","BORDERPRECISION":3,"PARTOF":"Vice-Royalty of New Spain"}},
{"type":"Feature","geometry":{"type":"Polygon","coordinates":[[[-156.16,19.81],[-156.03,19.11],[-154.95,19.48],[-155.93,20.28],[-156.16,19.81]]]},"properties":{"NAME":"Kongldom of Hawaii","ABBREVN":"Hawaii","SUBJECTO":"Kongldom of Hawaii","BORDERPRECISION":3,"PARTOF":"Kongldom of Hawaii"}},
{"type":"Feature","geometry":{"type":"Polygon","coordinates":[[[-77.25,-2.76],[-77.85,-1.67],[-78.56,-2.13],[-78.39,-2.91],[-77.25,-2.76]]]},"properties":{"NAME":"Shuar","ABBREVN":"Shuar","SUBJECTO":"Shuar","BORDERPRECISION":3,"PARTOF":"Shuar"}},
{"type":"Feature","geometry":{"type":"Polygon","coordinates":[[[19.33,57.96],[19.1,57.98],[19.14,57.91],[19.33,57.96]]]},"properties":{"NAME":null,"ABBREVN":null,"SUBJECTO":null,"BORDERPRECISION":3,"PARTOF":null}},
{"type":"Feature","geometry":{"type":"Polygon","coordinates":[[[18.21,56.91],[18.71,57.24],[18.81,57.7],[18.11,57.52],[18.21,56.91]]]},"properties":{"NAME":null,"ABBREVN":null,"SUBJECTO":null,"BORDERPRECISION":3,"PARTOF":null}},
{"type":"Feature","geometry":{"type":"Polygon","coordinates":[[[122.95,-8.38],[121.28,-8.72],[120.57,-8.39],[119.94,-8.94],[121.69,-9],[122.95,-8.38]]]},"properties":{"NAME":null,"ABBREVN":"East Indies","SUBJECTO":"Dutch East Indies","BORDERPRECISION":3,"PARTOF":null}},
{"type":"Feature","geometry":{"type":"Polygon","coordinates":[[[117.94,-8.54],[116.96,-8.53],[116.98,-9.18],[117.94,-8.54]]]},"properties":{"NAME":null,"ABBREVN":"East Indies","SUBJECTO":"Dutch East Indies","BORDERPRECISION":3,"PARTOF":null}},
{"type":"Feature","geometry":{"type":"Polygon","coordinates":[[[115.07,-8.78],[115.08,-8.23],[114.51,-8.45],[115.07,-8.78]]]},"properties":{"NAME":null,"ABBREVN":"East Indies","SUBJECTO":"Dutch East Indies","BORDERPRECISION":3,"PARTOF":null}},
{"type":"Feature","geometry":{"type":"Polygon","coordinates":[[[127.63,-0.02],[128.63,1.02],[127.69,0.92],[127.63,-0.02]]]},"properties":{"NAME":null,"ABBREVN":"East Indies","SUBJECTO":"Dutch East Indies","BORDERPRECISION":3,"PARTOF":null}},
{"type":"Feature","geometry":{"type":"Polygon","coordinates":[[[106.55,-3.18],[106.33,-2.57],[105.43,-1.71],[105.2,-2.11],[105.81,-2.38],[105.99,-2.89],[106.55,-3.18]]]},"properties":{"NAME":"Dutch East Indies","ABBREVN":"East Indies","SUBJECTO":"Dutch East Indies","BORDERPRECISION":3,"PARTOF":"Dutch East Indies"}},
{"type":"Feature","geometry":{"type":"Polygon","coordinates":[[[120.28,-10.38],[120.46,-9.93],[119.79,-9.46],[119.41,-9.87],[120.28,-10.38]]]},"properties":{"NAME":null,"ABBREVN":"East Indies","SUBJECTO":"Dutch East Indies","BORDERPRECISION":3,"PARTOF":null}},
{"type":"Feature","geometry":{"type":"Polygon","coordinates":[[[109.52,1.82],[108.81,0.81],[109.18,-0.87],[109.94,-1.64],[110.1,-3.08],[111.44,-2.97],[112.58,-3.42],[112.8,-2.97],[114.71,-4.21],[115.57,-3.8],[116.35,-2.42],[116.05,-1.93],[117.05,-0.93],[117.53,0.61],[118.52,1.17],[117.07,3.51],[117.56,3.98],[115.71,4.16],[115.53,3.17],[114.66,1.6],[113.68,1.15],[112.4,1.43],[111.56,0.76],[110.55,0.73],[109.52,1.82]]]},"properties":{"NAME":null,"ABBREVN":null,"SUBJECTO":null,"BORDERPRECISION":3,"PARTOF":null}},
{"type":"Feature","geometry":{"type":"Polygon","coordinates":[[[142.41,-3.31],[139.59,-2.38],[137.85,-1.61],[136.27,-2.42],[135.25,-3.54],[134.28,-2.85],[133.91,-1.01],[132.25,-0.53],[131.21,-1.02],[132.72,-2.93],[132.71,-3.89],[134.04,-3.95],[137.39,-5.12],[137.82,-5.43],[139.16,-7.73],[139.98,-8.24],[140.95,-9.27],[142.61,-9.38],[143.33,-9],[143.44,-8.36],[144.38,-7.76],[145.82,-8.1],[146.65,-9.28],[147.87,-10.18],[149.78,-10.41],[149.83,-9.71],[148.59,-9.16],[147.38,-7.8],[146.91,-6.89],[147.38,-6.12],[145.59,-5.42],[145.73,-5],[143.45,-3.61],[142.41,-3.31]]]},"properties":{"NAME":"Papou","ABBREVN":"Papou","SUBJECTO":"Papu","BORDERPRECISION":3,"PARTOF":"Papou"}},
{"type":"Feature","geometry":{"type":"MultiPolygon","coordinates":[[[[123.61,-9.89],[124.15,-10.2],[125.21,-9.4],[125.08,-8.77],[123.61,-9.89]]],[[[105.29,-6.77],[106.37,-7.04],[106.48,-7.5],[108.16,-7.86],[109.04,-7.72],[110.78,-8.32],[113.07,-8.35],[112.27,-7.03],[111.04,-6.85],[110.03,-7.04],[108.56,-6.92],[106.95,-6.03],[106.02,-6.08],[105.29,-6.77]]],[[[119.91,0.54],[118.68,-2.9],[118.79,-3.66],[119.46,-3.81],[119.48,-5.8],[120.25,-5.59],[120.14,-3.08],[121.87,-4.96],[122.64,-4.28],[122.26,-3.21],[121.26,-2.1],[122.22,-1.65],[121.46,-0.99],[120.51,-1.45],[119.87,-0.46],[120.34,0.36],[122.73,0.67],[120.77,1.14],[119.91,0.54]]],[[[103.69,-0.12],[102.47,0.62],[101.06,2.08],[98.15,4.07],[97.38,5.18],[96.19,5.15],[95.56,4.53],[96.72,3.7],[97.6,2.25],[98.6,1.71],[99.11,0.22],[99.7,-0.15],[100.65,-1.63],[100.81,-2.34],[102.46,-4.18],[104.57,-6.07],[105.73,-5.83],[105.71,-4.1],[105.94,-3.21],[104.35,-1.89],[104.3,-1.36],[103.24,-0.66],[103.69,-0.12]]]]},"properties":{"NAME":null,"ABBREVN":"East Indies","SUBJECTO":"Dutch East Indies","BORDERPRECISION":3,"PARTOF":null}},
{"type":"Feature","geometry":{"type":"Polygon","coordinates":[[[69.05,31.63],[69.04,29.43],[69.27,28.39],[67.66,27.85],[67.77,25.81],[66.7,24.75],[68.79,23.03],[69.66,22.79],[69.13,21.97],[70.21,20.95],[71.02,20.66],[72.12,21.16],[73.11,20.69],[72.76,20.06],[73.41,16.56],[74.15,14.85],[74.6,14.68],[75,14.05],[75.24,14.15],[76.94,15.43],[78.77,15.95],[79.94,16.74],[80.37,16.58],[81.05,18.4],[81.43,18.5],[82,20.25],[83.38,20.34],[84.15,19.51],[85.36,20.21],[85.23,21.03],[86.31,21.24],[84.76,22.15],[83.46,23.79],[82.34,24.18],[82.21,24.74],[81.09,24.87],[80.27,25.52],[79.28,25.43],[78.97,26.47],[77.07,28.45],[76.94,29.7],[77.59,29.96],[77.68,30.37],[79.06,29.75],[78.89,28.54],[80.1,28.95],[81.02,30.25],[79.11,31.46],[78.78,32],[79.57,32.7],[78.62,33.5],[78.51,34.5],[77.85,35.24],[75.89,36.02],[75.63,36.77],[74.52,37],[72.37,36.72],[71.32,36.05],[71.66,35.13],[70.29,33.28],[69.51,32.95],[69.05,31.63]]]},"properties":{"NAME":"Maratha Confederacy","ABBREVN":"Maratha Confederacy","SUBJECTO":"Maratha Confederacy","BORDERPRECISION":3,"PARTOF":"Maratha Confederacy"}},
{"type":"Feature","geometry":{"type":"MultiPolygon","coordinates":[[[[-72.59,-41.62],[-72.61,-42],[-72.47,-42.03],[-72.53,-43.06],[-72.76,-44.37],[-72.58,-44.44],[-73.14,-45.34],[-73.05,-45.38],[-73.97,-46.71],[-74,-46.49],[-74.43,-46.53],[-74.04,-46.09],[-75.44,-46.63],[-75.02,-46.55],[-74.86,-46.82],[-73.98,-47.03],[-74.38,-47.42],[-74.3,-47.76],[-73.36,-47.97],[-74.21,-48.01],[-73.96,-49.24],[-73.93,-49.99],[-73.93,-50.51],[-73.53,-50.43],[-74.21,-51.02],[-73.68,-51.23],[-73.78,-51.61],[-73.26,-51.71],[-73.11,-52.1],[-72.45,-52.16],[-72.21,-52.57],[-71.68,-52.64],[-72.75,-53.14],[-71.15,-52.96],[-71.44,-53.88],[-71,-53.82],[-70.73,-52.8],[-70.42,-52.67],[-69.9,-52.63],[-68.46,-52.42],[-69.08,-51.5],[-69.11,-51.35],[-71.17,-51.56],[-72.04,-48.77],[-72.19,-45.99],[-71.63,-43.2],[-70.75,-41],[-71.8,-41.57],[-72.59,-41.62]]],[[[-65.26,-54.82],[-66.98,-54.34],[-68.71,-53.23],[-68.31,-52.94],[-69.41,-52.57],[-70.33,-53.47],[-69.44,-53.41],[-70.04,-53.99],[-69.06,-54.6],[-70.5,-54.92],[-69.67,-54.77],[-65.26,-54.82]]],[[[-73.7,-43.39],[-73.83,-42.56],[-73.46,-42.26],[-74.17,-42.35],[-74.24,-43.37],[-73.7,-43.39]]],[[[-72.84,-52.65],[-73.24,-52.57],[-73.08,-53.03],[-72.84,-52.65]]]]},"properties":{"NAME":"Patagonian shellfish and marine mammal hunters","ABBREVN":"Patagonian shellfish and marine mammal hunters","SUBJECTO":"Patagonian shellfish and marine mammal hunters","BORDERPRECISION":3,"PARTOF":"Patagonian shellfish and marine mammal hunters"}},
{"type":"Feature","geometry":{"type":"Polygon","coordinates":[[[-70.75,-41],[-71.63,-43.2],[-72.19,-45.99],[-72.04,-48.77],[-71.17,-51.56],[-69.11,-51.35],[-69.04,-50.56],[-67.83,-49.97],[-67.58,-49.06],[-65.78,-47.71],[-67.47,-46.27],[-66.69,-45.13],[-65.66,-44.94],[-65.63,-44.72],[-65.31,-43.6],[-64.7,-43.2],[-65.09,-42.78],[-64.17,-42.65],[-64,-42.85],[-63.62,-42.57],[-64.12,-42.38],[-64.99,-42.19],[-64.92,-41.73],[-65.13,-41.24],[-62.73,-41.05],[-64.21,-40.56],[-64.98,-40.08],[-66.28,-40.26],[-68.83,-39.73],[-69.95,-40.97],[-70.75,-41]]]},"properties":{"NAME":"Pampas cultures","ABBREVN":"Pampas cultures","SUBJECTO":"Pampas cultures","BORDERPRECISION":3,"PARTOF":"Pampas cultures"}},
{"type":"Feature","geometry":{"type":"Polygon","coordinates":[[[27.78,35.89],[28.06,36.11],[27.72,36.17],[27.78,35.89]]]},"properties":{"NAME":null,"ABBREVN":null,"SUBJECTO":null,"BORDERPRECISION":3,"PARTOF":null}},
{"type":"Feature","geometry":{"type":"Polygon","coordinates":[[[8.7,39],[9.48,39.14],[9.79,40.56],[9.31,41.18],[8.24,40.86],[8.7,39]]]},"properties":{"NAME":"Kingdom of Sardinia","ABBREVN":"Sardinia","SUBJECTO":"Kingdom of Sardinia","BORDERPRECISION":3,"PARTOF":"Kingdom of Sardinia"}},
{"type":"Feature","geometry":{"type":"Polygon","coordinates":[[[5.94,46.18],[6.38,46.34],[6.81,46.39],[8.64,46.12],[10.4,46.89],[9.54,47.49],[9.67,47.56],[9.46,47.65],[9.22,47.67],[9.12,47.68],[8.98,47.68],[8.64,47.78],[7.51,47.6],[5.94,46.18]]]},"properties":{"NAME":"Switzerland","ABBREVN":"Switzerland","SUBJECTO":"Switzerland","BORDERPRECISION":3,"PARTOF":"Switzerland"}},
{"type":"Feature","geometry":{"type":"Polygon","coordinates":[[[120.39,-32.76],[120.39,-32.77],[120.41,-32.78],[120.46,-32.88],[120.53,-32.96],[120.54,-32.97],[120.58,-33.05],[120.71,-33.17],[121.4,-33.12],[122.75,-33.39],[122.8,-33.16],[122.83,-33.06],[122.83,-33.04],[122.91,-32.76],[122.93,-32.49],[122.92,-32.37],[123,-32.1],[123.11,-31.75],[123.19,-31.46],[123.38,-30.99],[123.25,-30.95],[123.19,-30.94],[122.81,-30.98],[122.28,-31.04],[121.62,-31.1],[121.24,-31.1],[121.22,-31.11],[120.96,-31.25],[120.7,-31.41],[120.42,-31.64],[120.17,-31.89],[120.02,-32.06],[119.92,-32.18],[120.07,-32.34],[120.23,-32.55],[120.31,-32.65],[120.39,-32.76]]]},"properties":{"NAME":"Kalaako/Malpa","ABBREVN":"Kalaako/Malpa","SUBJECTO":"Kalaako/Malpa","BORDERPRECISION":3,"PARTOF":"Kalaako/Malpa"}},
{"type":"Feature","geometry":{"type":"Polygon","coordinates":[[[128.18,-15.25],[128.09,-15.36],[128.08,-15.36],[128.07,-15.42],[128.06,-15.44],[128.05,-15.45],[128.12,-15.52],[128.12,-15.56],[128.14,-15.56],[128.44,-15.49],[128.45,-15.33],[128.46,-15.25],[128.46,-15.24],[128.47,-15.17],[128.78,-15.08],[129.28,-15.29],[129.72,-15.29],[129.76,-15.27],[129.73,-15.23],[129.67,-15.15],[129.63,-15.28],[129.2,-14.99],[128.46,-14.89],[128.18,-15.25]]]},"properties":{"NAME":"Kadjerong","ABBREVN":"Kadjerong","SUBJECTO":"Kadjerong","BORDERPRECISION":3,"PARTOF":"Kadjerong"}},
{"type":"Feature","geometry":{"type":"Polygon","coordinates":[[[125.94,-18.05],[125.93,-18.05],[125.74,-18.05],[125.68,-18.09],[125.74,-18.12],[125.73,-18.14],[125.66,-18.24],[125.56,-18.35],[125.5,-18.41],[125.5,-18.42],[125.55,-18.43],[125.88,-18.85],[126.06,-18.93],[126.22,-18.93],[126.29,-18.94],[126.3,-18.94],[126.3,-18.89],[126.72,-18.67],[126.77,-18.56],[126.78,-18.48],[126.74,-18.48],[126.49,-18.14],[125.94,-18.06],[125.95,-18.05],[125.94,-18.05]]]},"properties":{"NAME":"Gooniyandi","ABBREVN":"Gooniyandi","SUBJECTO":"Gooniyandi","BORDERPRECISION":3,"PARTOF":"Gooniyandi"}},
{"type":"Feature","geometry":{"type":"Polygon","coordinates":[[[115.89,-22.57],[115.93,-22.63],[115.96,-22.64],[116.09,-22.8],[116.46,-22.97],[116.54,-23.02],[116.59,-23.04],[116.61,-23],[116.65,-22.92],[116.84,-22.78],[116.86,-22.77],[116.75,-22.66],[116.42,-22.43],[116.17,-22.42],[116,-22.45],[115.94,-22.51],[115.89,-22.57]]]},"properties":{"NAME":"Pinikura","ABBREVN":"Pinikura","SUBJECTO":"Pinikura","BORDERPRECISION":3,"PARTOF":"Pinikura"}},
{"type":"Feature","geometry":{"type":"Polygon","coordinates":[[[128.08,-15.36],[128.07,-15.38],[127.98,-15.29],[128.02,-15.02],[127.99,-14.86],[127.86,-15.02],[127.67,-15.23],[127.66,-15.24],[127.72,-15.29],[127.72,-15.46],[127.83,-15.56],[128.02,-15.42],[128.05,-15.45],[128.06,-15.44],[128.07,-15.42],[128.08,-15.36]]]},"properties":{"NAME":"Yiiji","ABBREVN":"Yiiji","SUBJECTO":"Yiiji","BORDERPRECISION":3,"PARTOF":"Yiiji"}},
{"type":"Feature","geometry":{"type":"Polygon","coordinates":[[[117.07,-21.03],[116.99,-20.98],[116.92,-20.9],[116.78,-20.83],[116.81,-20.78],[116.77,-20.79],[116.42,-20.84],[116.25,-20.92],[116.44,-21.21],[116.45,-21.29],[116.45,-21.33],[116.52,-21.34],[116.69,-21.38],[116.84,-21.4],[116.88,-21.41],[116.88,-21.39],[116.89,-21.34],[116.91,-21.28],[117.03,-21.04],[117.07,-21.04],[117.07,-21.03]]]},"properties":{"NAME":"Martuthunira","ABBREVN":"Martuthunira","SUBJECTO":"Martuthunira","BORDERPRECISION":3,"PARTOF":"Martuthunira"}},
{"type":"Feature","geometry":{"type":"Polygon","coordinates":[[[118.5,-23.63],[118.56,-23.53],[118.42,-23.46],[118.2,-23.34],[117.49,-22.91],[117.43,-22.82],[117.45,-22.77],[117.3,-22.81],[116.99,-22.88],[116.98,-22.87],[116.98,-22.88],[116.98,-22.93],[117.2,-23.21],[117.19,-23.33],[117.19,-23.35],[117.19,-23.37],[117.18,-23.51],[117.15,-23.62],[117.28,-23.68],[117.5,-23.73],[117.64,-23.83],[117.68,-23.84],[117.73,-23.86],[117.73,-23.99],[117.72,-23.99],[117.88,-24.03],[118.5,-23.63]]]},"properties":{"NAME":"Yinhawangka","ABBREVN":"Yinhawangka","SUBJECTO":"Yinhawangka","BORDERPRECISION":3,"PARTOF":"Yinhawangka"}},
{"type":"Feature","geometry":{"type":"Polygon","coordinates":[[[122.89,-17.04],[122.86,-17.03],[122.64,-16.99],[122.56,-16.94],[122.55,-16.94],[122.55,-16.93],[122.54,-16.92],[122.16,-17.32],[122.6,-17.32],[122.76,-17.32],[122.8,-17.32],[122.81,-17.26],[122.84,-17.1],[122.89,-17.04]]]},"properties":{"NAME":"Jabirrjabirr","ABBREVN":"Jabirrjabirr","SUBJECTO":"Jabirrjabirr","BORDERPRECISION":3,"PARTOF":"Jabirrjabirr"}},
{"type":"Feature","geometry":{"type":"Polygon","coordinates":[[[118.47,-28.4],[119.2,-28.64],[119.44,-28.76],[119.52,-28.81],[119.69,-29.01],[119.76,-28.99],[119.73,-28.97],[119.87,-28.85],[121.85,-28.84],[122.1,-28.77],[122.14,-28.75],[122.3,-28.7],[122.32,-28.7],[122.27,-28.58],[121.96,-28.16],[121.81,-27.98],[121.76,-27.92],[121.76,-27.91],[121.69,-27.86],[121.61,-27.79],[121.49,-27.65],[121.32,-27.53],[121.31,-27.53],[121.29,-27.53],[121.18,-27.53],[120.98,-27.53],[120.87,-27.54],[120.22,-27.35],[119.32,-27.28],[118.83,-28.04],[118.73,-28.1],[118.65,-28.14],[118.53,-28.3],[118.47,-28.4]]]},"properties":{"NAME":"Kuwarra","ABBREVN":"Kuwarra","SUBJECTO":"Kuwarra","BORDERPRECISION":3,"PARTOF":"Kuwarra"}},
{"type":"Feature","geometry":{"type":"Polygon","coordinates":[[[113.67,-23.78],[114.26,-23.93],[114.48,-23.97],[114.52,-23.98],[114.52,-23.92],[114.52,-23.88],[114.68,-23.32],[114.71,-23.33],[114.71,-23.29],[114.71,-23.2],[114.73,-23.05],[114.77,-22.93],[114.8,-22.83],[114.76,-22.77],[113.77,-22.86],[113.74,-23.25],[113.67,-23.78]]]},"properties":{"NAME":"Payungu","ABBREVN":"Payungu","SUBJECTO":"Payungu","BORDERPRECISION":3,"PARTOF":"Payungu"}},
{"type":"Feature","geometry":{"type":"Polygon","coordinates":[[[113.67,-23.78],[113.37,-24.26],[113.57,-24.79],[113.61,-24.81],[113.63,-24.78],[114.14,-24.67],[114.87,-24.92],[115.03,-24.94],[115.22,-24.96],[115.31,-24.81],[115.26,-24.49],[114.87,-24.11],[114.63,-24],[114.52,-23.98],[114.48,-23.97],[114.26,-23.93],[113.67,-23.78]]]},"properties":{"NAME":"Maya","ABBREVN":"Maya","SUBJECTO":"Maya","BORDERPRECISION":3,"PARTOF":"Maya"}},
{"type":"Feature","geometry":{"type":"Polygon","coordinates":[[[133.64,-13.41],[133.61,-13.32],[132.85,-12.84],[132.91,-12.78],[132.89,-12.77],[132.69,-12.8],[132.67,-12.76],[132.63,-12.79],[132.48,-12.79],[132.43,-12.74],[132.43,-12.75],[132.41,-12.8],[132.71,-12.8],[132.72,-12.81],[132.76,-12.8],[132.83,-12.82],[132.85,-13.03],[132.66,-13.2],[132.29,-13.07],[132.26,-13.08],[132.18,-13.19],[132.2,-13.22],[132.21,-13.24],[132.26,-13.27],[132.68,-13.38],[132.62,-13.58],[132.2,-13.68],[132.1,-13.72],[132.08,-13.75],[132.04,-13.8],[132.11,-14.6],[132.93,-14.74],[133.1,-14.96],[133.16,-14.9],[133.17,-14.91],[133.18,-14.9],[133.2,-14.87],[133.38,-14.68],[133.46,-14.32],[133.47,-14.31],[133.48,-14.28],[133.58,-14.11],[133.64,-13.71],[133.64,-13.68],[133.63,-13.56],[133.64,-13.41]]]},"properties":{"NAME":"Jawoyn","ABBREVN":"Jawoyn","SUBJECTO":"Jawoyn","BORDERPRECISION":3,"PARTOF":"Jawoyn"}},
{"type":"Feature","geometry":{"type":"Polygon","coordinates":[[[134.35,-17.94],[134.23,-17.94],[133.49,-18.03],[133.43,-18.25],[133.42,-18.25],[133.43,-18.26],[133.37,-18.45],[133.75,-18.85],[133.48,-19.12],[132.98,-19.27],[132.47,-19.31],[132.39,-19.33],[132.32,-19.34],[132.45,-19.56],[132.53,-19.82],[132.82,-20.21],[132.96,-20.73],[132.97,-20.78],[133,-20.78],[133.1,-20.95],[133.82,-20.93],[134.33,-20.65],[134.57,-20.48],[134.57,-20.25],[134.59,-17.96],[134.35,-17.94]]]},"properties":{"NAME":"Warumungu","ABBREVN":"Warumungu","SUBJECTO":"Warumungu","BORDERPRECISION":3,"PARTOF":"Warumungu"}},
{"type":"Feature","geometry":{"type":"Polygon","coordinates":[[[131.04,-25.47],[131.03,-25.51],[131.06,-25.52],[131.21,-25.6],[131.5,-25.7],[131.93,-25.88],[132.63,-26.19],[132.92,-26.47],[132.97,-26.46],[133.01,-26.46],[133.12,-26.44],[133.32,-26.31],[133.81,-26.12],[133.87,-26.08],[133.97,-26.01],[134.01,-25.99],[133.12,-24.58],[132.39,-23.98],[132.12,-23.41],[132.34,-23.09],[132.31,-23.04],[132.3,-23.01],[132.29,-22.98],[132.2,-22.98],[132.23,-23.03],[132.12,-23.03],[131.78,-23.01],[131.46,-23.01],[131.29,-22.97],[131.26,-23.15],[131.19,-23.46],[130.91,-24.39],[130.67,-24.71],[130.6,-24.77],[130.58,-24.79],[130.7,-24.84],[130.85,-24.88],[131.06,-25.21],[131.05,-25.4],[131.04,-25.47]]]},"properties":{"NAME":"Luritja","ABBREVN":"Luritja","SUBJECTO":"Luritja","BORDERPRECISION":3,"PARTOF":"Luritja"}},
{"type":"Feature","geometry":{"type":"Polygon","coordinates":[[[134.57,-20.48],[134.33,-20.65],[133.82,-20.93],[133.1,-20.95],[133,-20.78],[132.97,-20.78],[133,-20.88],[133.1,-21.21],[133.08,-21.68],[132.95,-21.89],[132.92,-21.93],[133.02,-22.13],[133.68,-22.21],[134.02,-22.35],[134.1,-22.39],[134.13,-22.4],[134.54,-22.57],[134.55,-22.55],[134.56,-21.94],[134.57,-20.48]]]},"properties":{"NAME":"Kaytej","ABBREVN":"Kaytej","SUBJECTO":"Kaytej","BORDERPRECISION":3,"PARTOF":"Kaytej"}},
{"type":"Feature","geometry":{"type":"Polygon","coordinates":[[[117.74,-35.22],[118.21,-35.09],[118.67,-34.61],[119.01,-34.61],[119.03,-34.49],[118.92,-34.29],[118.57,-34.23],[118.65,-34.25],[116.52,-34.33],[116.57,-34.83],[116.56,-34.84],[116.43,-35.05],[116.41,-35.08],[117.74,-35.22]]]},"properties":{"NAME":"Minang","ABBREVN":"Minang","SUBJECTO":"Minang","BORDERPRECISION":3,"PARTOF":"Minang"}},
{"type":"Feature","geometry":{"type":"Polygon","coordinates":[[[113.9,-25.59],[113.06,-26.12],[113.6,-26.76],[113.7,-26.81],[113.73,-26.8],[113.85,-26.75],[114.02,-26.59],[114.53,-26.4],[114.63,-26.4],[114.68,-26.44],[114.74,-26.39],[114.77,-26.08],[114.72,-25.87],[114.73,-25.75],[114.57,-25.77],[114.21,-25.77],[114.01,-25.71],[113.96,-25.63],[113.9,-25.59]]]},"properties":{"NAME":"Malkana","ABBREVN":"Malkana","SUBJECTO":"Malkana","BORDERPRECISION":3,"PARTOF":"Malkana"}},
{"type":"Feature","geometry":{"type":"Polygon","coordinates":[[[122.23,-18.14],[122.22,-18.18],[122.31,-18.07],[122.23,-18.14]]]},"properties":{"NAME":"Yawuru","ABBREVN":"Yawuru","SUBJECTO":"Yawuru","BORDERPRECISION":3,"PARTOF":"Yawuru"}},
{"type":"Feature","geometry":{"type":"Polygon","coordinates":[[[117.56,-34.21],[117.67,-34.05],[117.65,-33.81],[117.56,-33.77],[117.43,-33.64],[117.42,-33.64],[117.21,-33.48],[116.99,-33.38],[116.76,-33.3],[116.68,-33.25],[116.63,-33.23],[116.27,-33.06],[116.14,-33.03],[116.05,-33],[115.99,-32.99],[115.99,-32.98],[115.98,-32.98],[115.97,-32.98],[115.83,-32.98],[115.72,-33.02],[115.71,-33.02],[115.65,-33.35],[115.84,-33.66],[115.87,-33.67],[115.99,-33.71],[116.05,-33.8],[116.19,-33.93],[116.2,-33.94],[116.21,-33.95],[117.56,-34.21]]]},"properties":{"NAME":"Kaniyang","ABBREVN":"Kaniyang","SUBJECTO":"Kaniyang","BORDERPRECISION":3,"PARTOF":"Kaniyang"}},
{"type":"Feature","geometry":{"type":"Polygon","coordinates":[[[129.51,-15.98],[129.35,-16.18],[129.28,-16.29],[129.27,-16.32],[129.29,-16.34],[129.34,-16.46],[129.27,-16.63],[129.25,-16.63],[129.25,-16.79],[130.14,-17.07],[130.25,-17.15],[130.29,-17.12],[130.33,-17.09],[130.68,-16.69],[130.96,-16.44],[130.96,-16.4],[130.97,-16.36],[130.9,-16.26],[130.87,-16.1],[130.76,-16.07],[130.71,-16.05],[130.48,-15.96],[130.45,-15.81],[130.45,-15.71],[130.45,-15.69],[130.45,-15.66],[130.42,-15.53],[130.39,-15.49],[130.38,-15.48],[130.36,-15.45],[130.29,-15.4],[130.15,-15.49],[130.11,-15.52],[130.03,-15.57],[129.79,-15.74],[129.51,-15.98]]]},"properties":{"NAME":"Ngarinman","ABBREVN":"Ngarinman","SUBJECTO":"Ngarinman","BORDERPRECISION":3,"PARTOF":"Ngarinman"}},
{"type":"Feature","geometry":{"type":"Polygon","coordinates":[[[122.18,-17.92],[122.21,-18.05],[122.25,-18.06],[122.69,-17.92],[122.7,-17.82],[122.74,-17.75],[122.68,-17.76],[122.19,-17.78],[122.18,-17.77],[122.16,-17.79],[122.18,-17.92]]]},"properties":{"NAME":"Jukun","ABBREVN":"Jukun","SUBJECTO":"Jukun","BORDERPRECISION":3,"PARTOF":"Jukun"}},
{"type":"Feature","geometry":{"type":"Polygon","coordinates":[[[130.09,-13.59],[130.06,-13.61],[130.13,-13.66],[130.1,-13.78],[130.14,-13.86],[130.2,-13.89],[130.23,-13.9],[130.24,-13.89],[130.23,-13.88],[130.22,-13.88],[130.24,-13.71],[130.27,-13.63],[130.21,-13.6],[130.19,-13.5],[130.18,-13.51],[130.09,-13.59]]]},"properties":{"NAME":"Maranunggu","ABBREVN":"Maranunggu","SUBJECTO":"Maranunggu","BORDERPRECISION":3,"PARTOF":"Maranunggu"}},
{"type":"Feature","geometry":{"type":"Polygon","coordinates":[[[116.43,-23.98],[116.35,-24.46],[116.37,-24.56],[116.37,-24.59],[116.5,-24.51],[116.83,-24.48],[116.99,-24.06],[117.36,-23.97],[117.42,-24.01],[117.58,-24.03],[117.59,-24.03],[117.72,-23.99],[117.73,-23.99],[117.73,-23.86],[117.68,-23.84],[117.64,-23.83],[117.5,-23.73],[117.28,-23.68],[117.15,-23.62],[117.03,-23.56],[116.69,-23.4],[116.28,-23.21],[115.98,-23.01],[115.78,-22.92],[115.74,-22.9],[115.73,-22.93],[115.7,-23.25],[115.82,-23.7],[115.8,-23.75],[115.79,-23.78],[115.77,-23.84],[115.81,-23.84],[115.84,-23.85],[115.89,-23.86],[116.27,-23.88],[116.43,-23.98]]]},"properties":{"NAME":"Thiin","ABBREVN":"Thiin","SUBJECTO":"Thiin","BORDERPRECISION":3,"PARTOF":"Thiin"}},
{"type":"Feature","geometry":{"type":"Polygon","coordinates":[[[130.15,-15.49],[130.13,-15.44],[129.91,-15.41],[129.89,-15.34],[129.85,-15.3],[129.81,-15.25],[129.76,-15.27],[129.72,-15.29],[129.28,-15.29],[128.78,-15.08],[128.47,-15.17],[128.46,-15.24],[128.46,-15.25],[128.45,-15.33],[128.44,-15.49],[128.14,-15.56],[128.12,-15.56],[128.12,-15.58],[128.11,-15.65],[128.02,-15.82],[127.94,-15.87],[128.08,-15.88],[129.01,-16.14],[129.17,-16.23],[129.17,-16.24],[129.28,-16.29],[129.35,-16.18],[129.51,-15.98],[129.79,-15.74],[130.03,-15.57],[130.11,-15.52],[130.15,-15.49]]]},"properties":{"NAME":"Doolboong/Miriwoong","ABBREVN":"Doolboong/Miriwoong","SUBJECTO":"Doolboong/Miriwoong","BORDERPRECISION":3,"PARTOF":"Doolboong/Miriwoong"}},
{"type":"Feature","geometry":{"type":"Polygon","coordinates":[[[129.03,-18.01],[129.14,-18.92],[128.86,-19.17],[128.77,-19.25],[128.76,-19.26],[128.72,-19.3],[130.5,-20.55],[130.4,-21],[130.25,-21.11],[130.32,-21.12],[130.44,-21.14],[131.32,-22.76],[131.31,-22.89],[131.3,-22.95],[131.29,-22.97],[131.46,-23.01],[131.78,-23.01],[132.12,-23.03],[132.23,-23.03],[132.2,-22.98],[132.03,-22.75],[131.88,-22.55],[132.07,-22],[132.9,-21.96],[132.92,-21.93],[132.95,-21.89],[133.08,-21.68],[133.1,-21.21],[133,-20.88],[132.97,-20.78],[132.96,-20.73],[132.82,-20.21],[132.53,-19.82],[132.45,-19.56],[132.32,-19.34],[132.27,-19.28],[132.2,-19.16],[132.06,-18.95],[131.59,-18.56],[131.23,-18.3],[131.03,-18.16],[130.97,-18.12],[130.95,-18.1],[129.89,-18.31],[129.27,-18.32],[129.15,-18.17],[129.03,-18.01]]]},"properties":{"NAME":"Warlpiri","ABBREVN":"Warlpiri","SUBJECTO":"Warlpiri","BORDERPRECISION":3,"PARTOF":"Warlpiri"}},
{"type":"Feature","geometry":{"type":"Polygon","coordinates":[[[124.88,-18.48],[124.81,-18.58],[124.86,-18.59],[124.86,-18.61],[124.86,-18.7],[124.8,-18.78],[124.8,-18.96],[125.11,-19.88],[125,-20.15],[124.96,-20.2],[125.11,-20.18],[126.08,-20.28],[126.34,-20.34],[126.36,-20.28],[126.8,-19.2],[126.83,-19.18],[126.83,-19.16],[126.69,-19.08],[126.44,-19.1],[126.31,-19.02],[126.3,-18.95],[126.3,-18.94],[126.29,-18.94],[126.22,-18.93],[126.06,-18.93],[125.88,-18.85],[125.55,-18.43],[125.5,-18.42],[125.49,-18.42],[125.45,-18.42],[125.31,-18.48],[124.88,-18.48]]]},"properties":{"NAME":"Walmatjarri","ABBREVN":"Walmatjarri","SUBJECTO":"Walmatjarri","BORDERPRECISION":3,"PARTOF":"Walmatjarri"}},
{"type":"Feature","geometry":{"type":"Polygon","coordinates":[[[119.92,-32.18],[118.87,-31.53],[118.35,-31.07],[118.27,-30.91],[118.22,-30.86],[118.19,-30.9],[117.92,-31.26],[117.72,-31.53],[117.53,-31.96],[117.54,-32.21],[117.61,-32.4],[117.67,-32.55],[118.04,-32.98],[117.96,-32.98],[117.96,-33.32],[117.53,-33.55],[117.43,-33.64],[117.56,-33.77],[117.45,-33.65],[117.86,-33.39],[118.44,-33.17],[118.58,-33.28],[120.2,-33.08],[120.33,-32.95],[120.39,-32.77],[120.39,-32.76],[120.31,-32.65],[120.23,-32.55],[120.07,-32.34],[119.92,-32.18]]]},"properties":{"NAME":"Nyaki-nyaki","ABBREVN":"Nyaki-nyaki","SUBJECTO":"Nyaki-nyaki","BORDERPRECISION":3,"PARTOF":"Nyaki-nyaki"}},
{"type":"Feature","geometry":{"type":"Polygon","coordinates":[[[116.82,-20.78],[116.81,-20.78],[116.78,-20.83],[116.92,-20.9],[116.99,-20.98],[117.07,-21.03],[117.07,-21.04],[117.09,-21.04],[117.18,-21.03],[117.42,-21.1],[117.91,-21.27],[117.96,-21.32],[117.98,-21.31],[117.92,-21.16],[117.8,-20.69],[117.79,-20.64],[117.76,-20.68],[117.6,-20.76],[117.09,-20.78],[116.82,-20.78]]]},"properties":{"NAME":"Ngarluma","ABBREVN":"Ngarluma","SUBJECTO":"Ngarluma","BORDERPRECISION":3,"PARTOF":"Ngarluma"}},
{"type":"Feature","geometry":{"type":"Polygon","coordinates":[[[130.19,-14.03],[130.18,-14.04],[130.16,-14.05],[130.08,-14.08],[130.05,-14.09],[130.11,-14.12],[130.11,-14.13],[130.21,-14.09],[130.29,-14],[130.3,-13.91],[130.24,-13.89],[130.23,-13.9],[130.23,-13.93],[130.22,-13.98],[130.21,-13.99],[130.21,-14.01],[130.19,-14.03]]]},"properties":{"NAME":"Marramaninjsji","ABBREVN":"Marramaninjsji","SUBJECTO":"Marramaninjsji","BORDERPRECISION":3,"PARTOF":"Marramaninjsji"}},
{"type":"Feature","geometry":{"type":"Polygon","coordinates":[[[125.94,-18.05],[125.95,-18.05],[125.96,-18.04],[126.06,-17.93],[126.22,-17.73],[126.27,-17.72],[126.19,-17.59],[126.04,-17.48],[125.8,-17.43],[125.79,-17.42],[125.78,-17.45],[125.48,-17.67],[125.34,-17.65],[125.35,-17.67],[125.4,-17.77],[125.48,-17.91],[125.65,-18.07],[125.68,-18.09],[125.74,-18.05],[125.93,-18.05],[125.94,-18.05]]]},"properties":{"NAME":"Punuba","ABBREVN":"Punuba","SUBJECTO":"Punuba","BORDERPRECISION":3,"PARTOF":"Punuba"}},
{"type":"Feature","geometry":{"type":"Polygon","coordinates":[[[132.32,-19.34],[132.39,-19.33],[132.47,-19.31],[132.98,-19.27],[133.48,-19.12],[133.75,-18.85],[133.37,-18.45],[133.43,-18.26],[133.42,-18.25],[133.34,-18.17],[133.35,-17.75],[133.28,-17.74],[133.02,-17.73],[132.28,-17.69],[132.01,-17.8],[131.64,-17.91],[131.51,-17.97],[131.49,-17.98],[131.11,-18.06],[130.97,-18.12],[131.03,-18.16],[131.23,-18.3],[131.59,-18.56],[132.06,-18.95],[132.2,-19.16],[132.27,-19.28],[132.32,-19.34]]]},"properties":{"NAME":"Warlmanpa","ABBREVN":"Warlmanpa","SUBJECTO":"Warlmanpa","BORDERPRECISION":3,"PARTOF":"Warlmanpa"}},
{"type":"Feature","geometry":{"type":"Polygon","coordinates":[[[125.79,-17.41],[125.79,-17.42],[125.8,-17.43],[126.04,-17.48],[126.19,-17.59],[126.27,-17.72],[126.31,-17.71],[126.45,-17.69],[127.34,-17.33],[127.5,-17.2],[127.32,-16.67],[127.41,-16.08],[127.46,-16.04],[127.46,-16],[127.3,-16],[127.08,-16],[126.53,-16.9],[125.94,-16.84],[125.86,-16.93],[125.77,-17],[125.68,-17.07],[125.67,-17.08],[125.68,-17.21],[125.73,-17.31],[125.79,-17.41]]]},"properties":{"NAME":"Worla","ABBREVN":"Worla","SUBJECTO":"Worla","BORDERPRECISION":3,"PARTOF":"Worla"}},
{"type":"Feature","geometry":{"type":"Polygon","coordinates":[[[121.31,-27.53],[121.28,-27.4],[121.15,-27.28],[120.93,-26.91],[120.85,-26.59],[120.84,-26.47],[120.83,-26.43],[120.79,-26.42],[120.78,-26.41],[120.61,-26.31],[119.64,-26],[119.23,-25.81],[118.91,-25.81],[118.88,-25.99],[118.23,-27.04],[118.04,-27.16],[118.03,-27.19],[118.02,-27.21],[118.33,-27.71],[118.65,-28.03],[118.73,-28.1],[118.83,-28.04],[119.32,-27.28],[120.22,-27.35],[120.87,-27.54],[120.98,-27.53],[121.18,-27.53],[121.29,-27.53],[121.31,-27.53]]]},"properties":{"NAME":"Tjupany","ABBREVN":"Tjupany","SUBJECTO":"Tjupany","BORDERPRECISION":3,"PARTOF":"Tjupany"}},
{"type":"Feature","geometry":{"type":"Polygon","coordinates":[[[131.04,-25.47],[130.95,-25.75],[130.78,-26.08],[130.87,-26.74],[130.7,-27.33],[130.7,-27.46],[130.7,-27.48],[130.78,-27.54],[130.98,-27.77],[131.28,-28.04],[131.72,-28.25],[132.12,-28.4],[132.6,-28.4],[132.92,-28.34],[133.25,-28.32],[133.26,-28.31],[133.46,-28.39],[133.51,-28.21],[133.34,-27.8],[133.24,-27.25],[133.11,-26.89],[133.07,-26.72],[133.01,-26.46],[132.97,-26.46],[132.92,-26.47],[132.63,-26.19],[131.93,-25.88],[131.5,-25.7],[131.21,-25.6],[131.06,-25.52],[131.03,-25.51],[131.04,-25.47]]]},"properties":{"NAME":"Yankuntjatjara","ABBREVN":"Yankuntjatjara","SUBJECTO":"Yankuntjatjara","BORDERPRECISION":3,"PARTOF":"Yankuntjatjara"}},
{"type":"Feature","geometry":{"type":"Polygon","coordinates":[[[129.84,-28.37],[129.85,-28.3],[129.85,-28.26],[130.22,-27.85],[130.44,-27.64],[130.58,-27.53],[130.58,-27.52],[130.54,-27.52],[130.21,-27.5],[129.29,-27.13],[129.08,-26.82],[129.02,-26.4],[129.02,-26.1],[129.02,-25.96],[129.02,-25.9],[128.92,-26.01],[128.85,-26.01],[128.57,-26],[128.21,-26],[127.68,-26.48],[127.36,-26.54],[127.34,-26.53],[127.43,-26.58],[127.31,-26.59],[127.07,-26.58],[127.01,-26.61],[127.14,-26.86],[127.32,-27.79],[127.28,-28.15],[127.37,-28.52],[127.38,-28.52],[127.42,-28.56],[127.45,-28.59],[127.56,-28.56],[127.99,-28.44],[129.19,-28.36],[129.59,-28.36],[129.84,-28.37]]]},"properties":{"NAME":"Nakako","ABBREVN":"Nakako","SUBJECTO":"Nakako","BORDERPRECISION":3,"PARTOF":"Nakako"}},
{"type":"Feature","geometry":{"type":"Polygon","coordinates":[[[124.37,-27.52],[124.39,-27.51],[124.42,-27.52],[124.61,-27.61],[125.07,-28.03],[125.93,-28.56],[126.65,-28.88],[126.94,-28.83],[127.13,-28.63],[127.28,-28.56],[127.37,-28.52],[127.28,-28.15],[127.32,-27.79],[127.14,-26.86],[127.01,-26.61],[126.95,-26.58],[126.84,-26.58],[126.38,-26.44],[125.49,-25.91],[124.88,-26.14],[124.53,-26.85],[124.49,-27.16],[124.39,-27.4],[124.37,-27.47],[124.36,-27.46],[124.37,-27.52]]]},"properties":{"NAME":"Mandjindja","ABBREVN":"Mandjindja","SUBJECTO":"Mandjindja","BORDERPRECISION":3,"PARTOF":"Mandjindja"}},
{"type":"Feature","geometry":{"type":"Polygon","coordinates":[[[127.45,-28.59],[127.64,-28.79],[127.86,-29.06],[128.34,-29.5],[128.47,-29.78],[128.45,-30.11],[128.45,-30.13],[128.46,-30.13],[129.34,-30.09],[130.16,-30.12],[131.25,-30.21],[131.35,-30.22],[131.02,-30.12],[130.66,-29.95],[130.56,-29.89],[130.51,-29.86],[130.3,-29.75],[129.99,-29.47],[129.83,-28.63],[129.84,-28.37],[129.59,-28.36],[129.19,-28.36],[127.99,-28.44],[127.56,-28.56],[127.45,-28.59]]]},"properties":{"NAME":"Ngalea","ABBREVN":"Ngalea","SUBJECTO":"Ngalea","BORDERPRECISION":3,"PARTOF":"Ngalea"}},
{"type":"Feature","geometry":{"type":"Polygon","coordinates":[[[117.81,-20.62],[117.79,-20.64],[117.8,-20.69],[117.92,-21.16],[117.98,-21.31],[117.98,-21.33],[118.11,-21.43],[118.39,-21.55],[118.62,-21.63],[118.64,-21.6],[118.64,-21.54],[118.8,-20.99],[118.81,-20.62],[118.62,-20.37],[118.69,-20.34],[117.97,-20.47],[117.81,-20.62]]]},"properties":{"NAME":"Kariyarra","ABBREVN":"Kariyarra","SUBJECTO":"Kariyarra","BORDERPRECISION":3,"PARTOF":"Kariyarra"}},
{"type":"Feature","geometry":{"type":"Polygon","coordinates":[[[122.89,-17.04],[122.93,-16.99],[123.06,-16.94],[123.02,-16.86],[122.95,-16.76],[122.93,-16.73],[122.86,-16.73],[122.79,-16.74],[122.76,-16.74],[122.73,-16.74],[122.65,-16.74],[122.54,-16.92],[122.55,-16.93],[122.55,-16.94],[122.56,-16.94],[122.64,-16.99],[122.86,-17.03],[122.89,-17.04]]]},"properties":{"NAME":"Nyul Nyul","ABBREVN":"Nyul Nyul","SUBJECTO":"Nyul Nyul","BORDERPRECISION":3,"PARTOF":"Nyul Nyul"}},
{"type":"Feature","geometry":{"type":"Polygon","coordinates":[[[134.52,-26.55],[134.17,-26.25],[133.87,-26.08],[133.81,-26.12],[133.32,-26.31],[133.12,-26.44],[133.01,-26.46],[133.07,-26.72],[133.11,-26.89],[133.24,-27.25],[133.34,-27.8],[133.51,-28.21],[133.46,-28.39],[133.56,-28.43],[133.63,-28.55],[134.5,-28.92],[134.52,-26.55]]]},"properties":{"NAME":"Antakarinja","ABBREVN":"Antakarinja","SUBJECTO":"Antakarinja","BORDERPRECISION":3,"PARTOF":"Antakarinja"}},
{"type":"Feature","geometry":{"type":"Polygon","coordinates":[[[132.14,-16],[131.56,-16.6],[131.94,-16.31],[132.14,-16]]]},"properties":{"NAME":"Karangpurru","ABBREVN":"Karangpurru","SUBJECTO":"Karangpurru","BORDERPRECISION":3,"PARTOF":"Karangpurru"}},
{"type":"Feature","geometry":{"type":"Polygon","coordinates":[[[116.27,-21.39],[115.64,-22.12],[115.39,-22.34],[115.32,-22.4],[115.19,-22.5],[115.81,-22.57],[115.95,-22.46],[116,-22.45],[116.17,-22.42],[116.42,-22.43],[116.75,-22.66],[116.86,-22.77],[116.88,-22.79],[116.96,-22.87],[116.98,-22.87],[116.99,-22.88],[117.3,-22.81],[117.45,-22.77],[117.46,-22.74],[117.49,-22.68],[117.54,-22.61],[117.6,-22.45],[117.77,-22.12],[117.82,-22.09],[117.82,-22.07],[117.81,-22.06],[117.67,-21.94],[117.48,-21.82],[117.26,-21.73],[116.94,-21.42],[116.88,-21.41],[116.84,-21.4],[116.69,-21.38],[116.52,-21.34],[116.45,-21.33],[116.37,-21.31],[116.27,-21.39]]]},"properties":{"NAME":"Kurrama","ABBREVN":"Kurrama","SUBJECTO":"Kurrama","BORDERPRECISION":3,"PARTOF":"Kurrama"}},
{"type":"Feature","geometry":{"type":"Polygon","coordinates":[[[121.69,-27.86],[121.94,-27.69],[122.1,-27.56],[122.5,-27.29],[122.82,-26.78],[122.96,-26.56],[122.89,-26.49],[122.78,-26.16],[122.78,-26.03],[122.78,-26.01],[122.62,-26.01],[122.5,-26.01],[121.94,-26.1],[121.03,-26.49],[120.83,-26.43],[120.84,-26.47],[120.85,-26.59],[120.93,-26.91],[121.15,-27.28],[121.28,-27.4],[121.31,-27.53],[121.32,-27.53],[121.49,-27.65],[121.61,-27.79],[121.69,-27.86]]]},"properties":{"NAME":"Nana","ABBREVN":"Nana","SUBJECTO":"Nana","BORDERPRECISION":3,"PARTOF":"Nana"}},
{"type":"Feature","geometry":{"type":"Polygon","coordinates":[[[134.14,-12.08],[134.04,-12.06],[134.04,-12.26],[134.07,-12.26],[134.12,-12.26],[134.12,-12.24],[134.14,-12.18],[134.17,-12.12],[134.23,-12.1],[134.14,-12.08]]]},"properties":{"NAME":"Gunibidji","ABBREVN":"Gunibidji","SUBJECTO":"Gunibidji","BORDERPRECISION":3,"PARTOF":"Gunibidji"}},
{"type":"Feature","geometry":{"type":"Polygon","coordinates":[[[133.2,-14.87],[133.4,-14.91],[133.7,-14.94],[133.7,-15.06],[133.76,-15.02],[133.82,-14.94],[133.86,-14.89],[133.9,-14.84],[133.93,-14.77],[134.07,-14.74],[134.03,-14.72],[133.56,-14.39],[133.47,-14.31],[133.46,-14.32],[133.38,-14.68],[133.2,-14.87]]]},"properties":{"NAME":"Mangarayi","ABBREVN":"Mangarayi","SUBJECTO":"Mangarayi","BORDERPRECISION":3,"PARTOF":"Mangarayi"}},
{"type":"Feature","geometry":{"type":"Polygon","coordinates":[[[116.72,-30],[116.67,-29.95],[114.95,-30.31],[114.97,-30.34],[115.43,-31.39],[115.92,-31.37],[115.98,-31.42],[116.39,-31.47],[116.39,-31.39],[116.83,-30.05],[116.72,-30]]]},"properties":{"NAME":"Yuat","ABBREVN":"Yuat","SUBJECTO":"Yuat","BORDERPRECISION":3,"PARTOF":"Yuat"}},
{"type":"Feature","geometry":{"type":"Polygon","coordinates":[[[115.49,-31.55],[115.76,-32.49],[116.03,-32.44],[116.14,-32.39],[116.16,-32.38],[116.27,-32.29],[116.55,-32.15],[116.6,-32.14],[116.63,-32.14],[116.67,-31.99],[116.39,-31.47],[115.98,-31.42],[115.49,-31.55]]]},"properties":{"NAME":"Wajuk","ABBREVN":"Wajuk","SUBJECTO":"Wajuk","BORDERPRECISION":3,"PARTOF":"Wajuk"}},
{"type":"Feature","geometry":{"type":"Polygon","coordinates":[[[134.35,-17.94],[134.44,-17.81],[134.51,-17.24],[134.48,-17.2],[134.45,-17.21],[134.31,-16.97],[133.87,-16.56],[133.66,-16.38],[133.51,-16.24],[133.49,-16.23],[133.43,-16.39],[133.39,-16.42],[133.42,-16.56],[133.41,-16.96],[133.5,-17.31],[133.38,-17.64],[133.29,-17.7],[133.28,-17.74],[133.35,-17.75],[133.34,-18.17],[133.42,-18.25],[133.43,-18.25],[133.49,-18.03],[134.23,-17.94],[134.35,-17.94]]]},"properties":{"NAME":"Jingili","ABBREVN":"Jingili","SUBJECTO":"Jingili","BORDERPRECISION":3,"PARTOF":"Jingili"}},
{"type":"Feature","geometry":{"type":"Polygon","coordinates":[[[116.25,-20.92],[116.2,-20.95],[116.13,-20.98],[115.35,-21.6],[114.69,-21.95],[115.13,-22.4],[115.32,-22.4],[115.39,-22.34],[115.64,-22.12],[116.27,-21.39],[116.37,-21.31],[116.45,-21.33],[116.45,-21.29],[116.44,-21.21],[116.25,-20.92]]]},"properties":{"NAME":"Nhuwala","ABBREVN":"Nhuwala","SUBJECTO":"Nhuwala","BORDERPRECISION":3,"PARTOF":"Nhuwala"}},
{"type":"Feature","geometry":{"type":"Polygon","coordinates":[[[126.3,-18.94],[126.3,-18.95],[126.31,-19.02],[126.44,-19.1],[126.69,-19.08],[126.83,-19.16],[126.85,-19.17],[127.06,-19.27],[127.73,-19.43],[127.78,-19.42],[127.8,-19.42],[127.96,-19.31],[128.74,-19.24],[128.75,-19.25],[128.76,-19.26],[128.77,-19.25],[128.86,-19.17],[129.14,-18.92],[129.03,-18.01],[129.15,-18.17],[129.27,-18.32],[129.28,-18.22],[129.2,-17.93],[129.05,-17.83],[129.06,-17.85],[129,-17.82],[128.98,-17.81],[128.88,-17.78],[128.78,-17.66],[128.43,-17.56],[128.33,-17.55],[128.29,-17.56],[128.23,-17.72],[128.06,-17.94],[127.55,-18.26],[127.03,-18.47],[126.89,-18.48],[126.81,-18.48],[126.78,-18.48],[126.77,-18.56],[126.72,-18.67],[126.3,-18.89],[126.3,-18.94]]]},"properties":{"NAME":"Jaru","ABBREVN":"Jaru","SUBJECTO":"Jaru","BORDERPRECISION":3,"PARTOF":"Jaru"}},
{"type":"Feature","geometry":{"type":"MultiPolygon","coordinates":[[[[130.1,-14.13],[130.11,-14.13],[130.11,-14.12],[130.05,-14.09],[130.04,-14.09],[129.99,-14.11],[129.92,-14.1],[129.89,-14.1],[129.87,-14.13],[129.86,-14.2],[129.87,-14.33],[129.9,-14.37],[129.93,-14.36],[129.98,-14.38],[130.02,-14.41],[130.01,-14.39],[129.99,-14.34],[130.01,-14.28],[130.03,-14.2],[130.09,-14.13],[130.1,-14.13]]],[[[130,-14.43],[130.03,-14.44],[130.03,-14.43],[130.02,-14.41],[130,-14.43]]]]},"properties":{"NAME":"Ngan’gikurunggurr","ABBREVN":"Ngan’gikurunggurr","SUBJECTO":"Ngan’gikurunggurr","BORDERPRECISION":3,"PARTOF":"Ngan’gikurunggurr"}},
{"type":"Feature","geometry":{"type":"Polygon","coordinates":[[[132.21,-12.8],[132.22,-12.77],[132.24,-12.58],[132.22,-12.34],[132.18,-12.34],[131.82,-12.37],[131.68,-12.38],[131.63,-12.39],[131.61,-12.91],[131.66,-12.93],[131.66,-12.94],[131.72,-12.95],[132.21,-12.8]]]},"properties":{"NAME":"Limilngan","ABBREVN":"Limilngan","SUBJECTO":"Limilngan","BORDERPRECISION":3,"PARTOF":"Limilngan"}},
{"type":"Feature","geometry":{"type":"Polygon","coordinates":[[[118.22,-30.86],[118.27,-30.91],[118.35,-31.07],[118.87,-31.53],[119.92,-32.18],[120.02,-32.06],[120.17,-31.89],[120.42,-31.64],[120.7,-31.41],[120.96,-31.25],[121.22,-31.11],[121.2,-31.1],[121.03,-30.93],[120.99,-30.73],[120.74,-30.63],[120,-29.32],[119.44,-28.76],[119.2,-28.64],[118.69,-28.56],[118.42,-28.37],[118.37,-28.38],[118.22,-28.3],[117.89,-28.35],[116.31,-29.21],[116.33,-29.25],[116.31,-29.25],[116.38,-29.38],[116.52,-29.6],[116.72,-30],[116.83,-30.05],[116.95,-30.12],[117.92,-30.67],[117.98,-30.69],[118.08,-30.74],[118.09,-30.74],[118.22,-30.86]]]},"properties":{"NAME":"Kalaamaya","ABBREVN":"Kalaamaya","SUBJECTO":"Kalaamaya","BORDERPRECISION":3,"PARTOF":"Kalaamaya"}},
{"type":"Feature","geometry":{"type":"Polygon","coordinates":[[[115.93,-22.63],[115.89,-22.62],[115.75,-22.81],[115.73,-22.85],[115.77,-22.87],[115.78,-22.92],[115.98,-23.01],[116.28,-23.21],[116.69,-23.4],[117.03,-23.56],[117.15,-23.62],[117.18,-23.51],[117.19,-23.37],[117.19,-23.35],[117.19,-23.33],[117.1,-23.31],[116.86,-23.21],[116.67,-23.09],[116.59,-23.04],[116.54,-23.02],[116.46,-22.97],[116.09,-22.8],[115.96,-22.64],[115.93,-22.63]]]},"properties":{"NAME":"Jiwarli","ABBREVN":"Jiwarli","SUBJECTO":"Jiwarli","BORDERPRECISION":3,"PARTOF":"Jiwarli"}},
{"type":"Feature","geometry":{"type":"Polygon","coordinates":[[[125.11,-15.21],[125.1,-15.26],[125.36,-15.22],[125.41,-15.46],[125.61,-15.59],[125.75,-15.73],[125.85,-15.51],[125.9,-15.31],[125.95,-14.87],[126,-14.74],[126,-14.69],[126,-14.65],[126,-14.54],[125.97,-14.48],[125.92,-14.57],[125.86,-14.69],[125.5,-14.68],[125.16,-14.8],[125.11,-15.21]]]},"properties":{"NAME":"Wunambul","ABBREVN":"Wunambul","SUBJECTO":"Wunambul","BORDERPRECISION":3,"PARTOF":"Wunambul"}},
{"type":"Feature","geometry":{"type":"Polygon","coordinates":[[[133.28,-17.74],[133.29,-17.7],[133.38,-17.64],[133.5,-17.31],[133.41,-16.96],[133.42,-16.56],[133.39,-16.42],[133.39,-16.41],[133.37,-16.42],[133.19,-16.49],[132.63,-16.42],[132.43,-16.16],[132.39,-16.19],[132.23,-16.31],[131.93,-16.44],[131.94,-16.31],[131.56,-16.6],[130.98,-17.55],[130.98,-17.83],[130.98,-17.87],[130.99,-17.88],[130.99,-17.91],[131.41,-17.95],[131.49,-17.96],[131.51,-17.97],[131.64,-17.91],[132.01,-17.8],[132.28,-17.69],[133.02,-17.73],[133.28,-17.74]]]},"properties":{"NAME":"Mudburra","ABBREVN":"Mudburra","SUBJECTO":"Mudburra","BORDERPRECISION":3,"PARTOF":"Mudburra"}},
{"type":"Feature","geometry":{"type":"Polygon","coordinates":[[[134.33,-13.42],[134.37,-13.78],[134.63,-13.93],[134.33,-13.42]]]},"properties":{"NAME":"Ngalkbun","ABBREVN":"Ngalkbun","SUBJECTO":"Ngalkbun","BORDERPRECISION":3,"PARTOF":"Ngalkbun"}},
{"type":"Feature","geometry":{"type":"Polygon","coordinates":[[[118.57,-24.34],[118.58,-24.45],[119.4,-24.84],[119.65,-25.02],[119.72,-24.93],[119.83,-24.71],[119.88,-24.43],[119.81,-23.94],[119.7,-23.66],[119.63,-23.53],[119.62,-23.53],[119.47,-23.54],[119.14,-23.55],[118.85,-23.54],[118.8,-23.54],[118.79,-23.58],[118.57,-24.34]]]},"properties":{"NAME":"Ngalawangka","ABBREVN":"Ngalawangka","SUBJECTO":"Ngalawangka","BORDERPRECISION":3,"PARTOF":"Ngalawangka"}},
{"type":"Feature","geometry":{"type":"Polygon","coordinates":[[[122.84,-18.54],[122.74,-19],[122.75,-19.02],[122.76,-19.03],[123.15,-19.13],[123.8,-20.04],[123.84,-20.42],[123.84,-20.53],[124.26,-20.53],[124.72,-20.22],[124.9,-20.2],[124.96,-20.2],[125,-20.15],[125.11,-19.88],[124.8,-18.96],[124.8,-18.78],[124.86,-18.7],[124.86,-18.61],[124.86,-18.59],[124.81,-18.58],[124.7,-18.56],[124.59,-18.35],[124.35,-18.21],[124.15,-18.34],[123.88,-18.8],[123.32,-18.44],[123.26,-18.44],[123.22,-18.44],[123.14,-18.44],[122.93,-18.45],[122.91,-18.47],[122.9,-18.48],[122.84,-18.54]]]},"properties":{"NAME":"Mangala","ABBREVN":"Mangala","SUBJECTO":"Mangala","BORDERPRECISION":3,"PARTOF":"Mangala"}},
{"type":"Feature","geometry":{"type":"Polygon","coordinates":[[[132.89,-12.77],[132.84,-12.66],[132.77,-12.65],[132.69,-12.66],[132.71,-12.74],[132.67,-12.76],[132.69,-12.8],[132.89,-12.77]]]},"properties":{"NAME":"Bukurnidja","ABBREVN":"Bukurnidja","SUBJECTO":"Bukurnidja","BORDERPRECISION":3,"PARTOF":"Bukurnidja"}},
{"type":"Feature","geometry":{"type":"Polygon","coordinates":[[[121.22,-31.11],[121.24,-31.1],[121.62,-31.1],[122.28,-31.04],[122.81,-30.98],[123.19,-30.94],[123.25,-30.95],[123.35,-30.92],[123.55,-30.95],[123.56,-30.92],[123.56,-30.9],[123.52,-30.73],[123.51,-30.47],[123.41,-30.11],[122.73,-28.94],[122.64,-28.85],[122.63,-28.73],[122.63,-28.7],[122.54,-28.65],[122.32,-28.7],[122.3,-28.7],[122.14,-28.75],[122.1,-28.77],[121.85,-28.84],[119.87,-28.85],[119.73,-28.97],[119.76,-28.99],[120.22,-29.4],[120.99,-30.73],[121.03,-30.93],[121.2,-31.1],[121.22,-31.11]]]},"properties":{"NAME":"Wangkathaa","ABBREVN":"Wangkathaa","SUBJECTO":"Wangkathaa","BORDERPRECISION":3,"PARTOF":"Wangkathaa"}},
{"type":"Feature","geometry":{"type":"Polygon","coordinates":[[[115.8,-23.87],[115.81,-23.84],[115.77,-23.84],[115.79,-23.78],[115.8,-23.75],[115.72,-23.72],[115.44,-23.67],[115.05,-23.42],[114.92,-23.4],[114.79,-23.35],[114.74,-23.34],[114.71,-23.33],[114.68,-23.32],[114.52,-23.88],[114.52,-23.92],[114.52,-23.98],[114.63,-24],[114.87,-24.11],[115.26,-24.49],[115.31,-24.81],[115.22,-24.96],[115.26,-24.97],[115.37,-24.99],[115.38,-25],[115.42,-24.89],[115.48,-24.7],[115.52,-24.62],[115.64,-24.22],[115.77,-24],[115.8,-23.87]]]},"properties":{"NAME":"Tharrgari","ABBREVN":"Tharrgari","SUBJECTO":"Tharrgari","BORDERPRECISION":3,"PARTOF":"Tharrgari"}},
{"type":"Feature","geometry":{"type":"Polygon","coordinates":[[[125.7,-15.78],[125.73,-15.77],[125.75,-15.73],[125.61,-15.59],[125.41,-15.46],[125.36,-15.22],[125.1,-15.26],[124.42,-15.66],[124.53,-16.33],[124.62,-16.37],[124.79,-16.37],[124.78,-16.24],[124.82,-15.94],[125,-15.79],[125.56,-15.85],[125.7,-15.78]]]},"properties":{"NAME":"Worora","ABBREVN":"Worora","SUBJECTO":"Worora","BORDERPRECISION":3,"PARTOF":"Worora"}},
{"type":"Feature","geometry":{"type":"Polygon","coordinates":[[[125.5,-18.42],[125.5,-18.41],[125.56,-18.35],[125.66,-18.24],[125.73,-18.14],[125.74,-18.12],[125.68,-18.09],[125.65,-18.07],[125.48,-17.91],[125.4,-17.77],[125.35,-17.67],[125.34,-17.65],[125.33,-17.64],[125.28,-17.54],[125.21,-17.44],[125.05,-17.4],[124.7,-17.42],[124.55,-17.42],[124.49,-17.41],[124.46,-17.41],[124.4,-17.4],[123.86,-17.32],[123.67,-17.24],[123.63,-17.21],[123.6,-17.16],[123.57,-17.17],[123.56,-17.21],[123.53,-17.38],[123.53,-17.39],[123.52,-17.5],[123.43,-17.69],[123.17,-17.86],[123.06,-18.04],[123.05,-18.06],[123,-18.27],[122.89,-18.45],[122.91,-18.47],[122.93,-18.45],[123.14,-18.44],[123.22,-18.44],[123.26,-18.44],[123.32,-18.44],[123.88,-18.8],[124.15,-18.34],[124.35,-18.21],[124.59,-18.35],[124.7,-18.56],[124.81,-18.58],[124.88,-18.48],[125.31,-18.48],[125.45,-18.42],[125.49,-18.42],[125.5,-18.42]]]},"properties":{"NAME":"Nyikina","ABBREVN":"Nyikina","SUBJECTO":"Nyikina","BORDERPRECISION":3,"PARTOF":"Nyikina"}},
{"type":"Feature","geometry":{"type":"Polygon","coordinates":[[[123.58,-16.39],[123.55,-16.7],[123.99,-16.82],[123.58,-16.39]]]},"properties":{"NAME":"Unggarangi","ABBREVN":"Unggarangi","SUBJECTO":"Unggarangi","BORDERPRECISION":3,"PARTOF":"Unggarangi"}},
{"type":"Feature","geometry":{"type":"Polygon","coordinates":[[[122.89,-17.04],[122.84,-17.1],[122.81,-17.26],[122.8,-17.32],[122.8,-17.37],[122.8,-17.41],[122.81,-17.62],[122.82,-17.72],[122.84,-17.84],[122.92,-18],[123.05,-18.06],[123.06,-18.04],[123.17,-17.86],[123.43,-17.69],[123.52,-17.5],[123.53,-17.39],[123.53,-17.38],[123.5,-17.32],[123.06,-16.94],[122.93,-16.99],[122.89,-17.04]]]},"properties":{"NAME":"Nimanburu","ABBREVN":"Nimanburu","SUBJECTO":"Nimanburu","BORDERPRECISION":3,"PARTOF":"Nimanburu"}},
{"type":"Feature","geometry":{"type":"Polygon","coordinates":[[[134.5,-28.92],[133.63,-28.55],[133.56,-28.43],[133.46,-28.39],[133.26,-28.31],[133.25,-28.32],[132.92,-28.34],[132.6,-28.4],[132.12,-28.4],[131.72,-28.25],[131.28,-28.04],[130.98,-27.77],[130.78,-27.54],[130.7,-27.48],[130.7,-27.46],[130.69,-27.47],[130.67,-27.46],[130.64,-27.48],[130.58,-27.53],[130.44,-27.64],[130.22,-27.85],[129.85,-28.26],[129.85,-28.3],[129.84,-28.37],[129.83,-28.63],[129.99,-29.47],[130.3,-29.75],[130.51,-29.86],[130.56,-29.89],[130.66,-29.95],[131.02,-30.12],[131.35,-30.22],[131.36,-30.22],[131.37,-30.23],[131.41,-30.24],[131.44,-30.25],[131.85,-30.37],[133.23,-30.5],[134.32,-30.88],[134.48,-30.94],[134.48,-30.83],[134.5,-29],[134.5,-28.92]]]},"properties":{"NAME":"Kokatha","ABBREVN":"Kokatha","SUBJECTO":"Kokatha","BORDERPRECISION":3,"PARTOF":"Kokatha"}},
{"type":"Feature","geometry":{"type":"Polygon","coordinates":[[[134.02,-12.06],[133.73,-11.99],[133.85,-12.19],[133.9,-12.21],[134,-12.27],[134.02,-12.27],[134.04,-12.26],[134.04,-12.06],[134.02,-12.06]]]},"properties":{"NAME":"Gunbalang","ABBREVN":"Gunbalang","SUBJECTO":"Gunbalang","BORDERPRECISION":3,"PARTOF":"Gunbalang"}},
{"type":"Feature","geometry":{"type":"Polygon","coordinates":[[[118.73,-28.1],[118.65,-28.03],[118.33,-27.71],[118.02,-27.21],[118.03,-27.19],[118.01,-27.18],[117.98,-27.21],[117.75,-27.25],[117.57,-27.46],[116.76,-27.95],[116.24,-28.3],[115.88,-28.57],[115.86,-28.59],[115.82,-28.57],[115.82,-28.61],[116.27,-29.27],[116.31,-29.25],[116.33,-29.25],[116.31,-29.21],[117.89,-28.35],[118.22,-28.3],[118.37,-28.38],[118.42,-28.37],[118.47,-28.4],[118.53,-28.3],[118.65,-28.14],[118.73,-28.1]]]},"properties":{"NAME":"Badimaya","ABBREVN":"Badimaya","SUBJECTO":"Badimaya","BORDERPRECISION":3,"PARTOF":"Badimaya"}},
{"type":"Feature","geometry":{"type":"Polygon","coordinates":[[[130.98,-12.98],[130.47,-13.37],[131.17,-13.45],[131.52,-13.23],[130.98,-12.98]]]},"properties":{"NAME":"Kungarakany","ABBREVN":"Kungarakany","SUBJECTO":"Kungarakany","BORDERPRECISION":3,"PARTOF":"Kungarakany"}},
{"type":"Feature","geometry":{"type":"Polygon","coordinates":[[[134.62,-14.51],[133.8,-13.93],[133.64,-13.68],[133.64,-13.71],[133.58,-14.11],[133.48,-14.28],[133.47,-14.31],[133.56,-14.39],[134.03,-14.72],[134.07,-14.74],[134.14,-14.72],[134.15,-14.72],[134.3,-14.8],[134.62,-15.03],[134.62,-14.51]]]},"properties":{"NAME":"Ngalakan","ABBREVN":"Ngalakan","SUBJECTO":"Ngalakan","BORDERPRECISION":3,"PARTOF":"Ngalakan"}},
{"type":"Feature","geometry":{"type":"Polygon","coordinates":[[[124.22,-31.03],[124.43,-32.94],[126.01,-32.27],[127.31,-32.27],[128.9,-31.71],[131.02,-31.55],[131.11,-31.46],[131.24,-30.81],[131.03,-30.77],[128.69,-30.34],[127.13,-30.37],[126.36,-30.38],[125.19,-30.65],[124.42,-30.96],[124.22,-31.03]]]},"properties":{"NAME":"Mirning","ABBREVN":"Mirning","SUBJECTO":"Mirning","BORDERPRECISION":3,"PARTOF":"Mirning"}},
{"type":"Feature","geometry":{"type":"Polygon","coordinates":[[[130.45,-15.69],[130.62,-15.7],[130.92,-15.65],[131.15,-15.65],[131.39,-15.66],[131.34,-15.55],[131.27,-15.44],[131.11,-15.38],[131.07,-15.33],[130.98,-15.42],[130.55,-15.49],[130.39,-15.49],[130.42,-15.53],[130.45,-15.66],[130.45,-15.69]]]},"properties":{"NAME":"Nungali","ABBREVN":"Nungali","SUBJECTO":"Nungali","BORDERPRECISION":3,"PARTOF":"Nungali"}},
{"type":"Feature","geometry":{"type":"Polygon","coordinates":[[[117.07,-21.04],[117.03,-21.04],[116.91,-21.28],[116.89,-21.34],[116.88,-21.39],[116.88,-21.41],[116.94,-21.42],[117.26,-21.73],[117.48,-21.82],[117.67,-21.94],[117.81,-22.06],[117.82,-22.07],[117.82,-22.09],[117.84,-22.07],[117.89,-22.04],[118.2,-22.08],[118.91,-22.33],[118.92,-22.34],[118.93,-22.33],[118.91,-22.28],[118.98,-22.06],[119.03,-22.01],[118.96,-21.98],[118.89,-21.84],[118.65,-21.71],[118.65,-21.64],[118.62,-21.63],[118.39,-21.55],[118.11,-21.43],[117.98,-21.33],[117.98,-21.31],[117.96,-21.32],[117.91,-21.27],[117.42,-21.1],[117.18,-21.03],[117.09,-21.04],[117.07,-21.04]]]},"properties":{"NAME":"Yindjibarndi","ABBREVN":"Yindjibarndi","SUBJECTO":"Yindjibarndi","BORDERPRECISION":3,"PARTOF":"Yindjibarndi"}},
{"type":"Feature","geometry":{"type":"Polygon","coordinates":[[[122.9,-18.48],[122.88,-18.45],[122.22,-18.19],[121.55,-18.77],[121.54,-18.79],[121.84,-18.84],[122.49,-18.96],[122.74,-19.03],[122.75,-19.02],[122.74,-19],[122.84,-18.54],[122.9,-18.48]]]},"properties":{"NAME":"Karajarri","ABBREVN":"Karajarri","SUBJECTO":"Karajarri","BORDERPRECISION":3,"PARTOF":"Karajarri"}},
{"type":"Feature","geometry":{"type":"Polygon","coordinates":[[[120.53,-32.96],[120.38,-33.01],[120.2,-33.08],[118.58,-33.28],[118.67,-33.52],[119.16,-34.1],[119.51,-34.34],[121.74,-33.96],[123.19,-34.04],[123.46,-33.99],[123.62,-33.92],[123.92,-33.52],[123.95,-33.48],[123.65,-33.14],[122.83,-33.06],[122.8,-33.16],[122.75,-33.39],[121.4,-33.12],[120.71,-33.17],[120.58,-33.05],[120.54,-32.97],[120.53,-32.96]]]},"properties":{"NAME":"Wudjari","ABBREVN":"Wudjari","SUBJECTO":"Wudjari","BORDERPRECISION":3,"PARTOF":"Wudjari"}},
{"type":"Feature","geometry":{"type":"Polygon","coordinates":[[[130.25,-17.15],[130.28,-17.18],[130.29,-17.18],[130.29,-17.29],[130.73,-17.38],[130.94,-17.37],[130.94,-17.39],[130.97,-17.39],[131.39,-16.77],[130.98,-16.39],[130.96,-16.4],[130.96,-16.44],[130.68,-16.69],[130.33,-17.09],[130.29,-17.12],[130.25,-17.15]]]},"properties":{"NAME":"Bilinara","ABBREVN":"Bilinara","SUBJECTO":"Bilinara","BORDERPRECISION":3,"PARTOF":"Bilinara"}},
{"type":"Feature","geometry":{"type":"Polygon","coordinates":[[[130.37,-13.37],[130.31,-13.39],[130.3,-13.43],[130.32,-13.44],[130.33,-13.45],[130.37,-13.38],[130.4,-13.39],[130.39,-13.38],[130.37,-13.37]]]},"properties":{"NAME":"Tjerratj","ABBREVN":"Tjerratj","SUBJECTO":"Tjerratj","BORDERPRECISION":3,"PARTOF":"Tjerratj"}},
{"type":"Feature","geometry":{"type":"Polygon","coordinates":[[[121.33,-21.99],[121.22,-22.01],[121.19,-22.02],[121.15,-22.02],[121.12,-22.06],[121.08,-22.11],[121.1,-22.2],[121.12,-22.28],[121.12,-23.05],[121,-23.3],[120.95,-23.36],[120.96,-23.39],[120.97,-23.44],[121.95,-24.53],[122.26,-24.8],[122.84,-25.3],[122.87,-25.33],[122.91,-25.37],[122.95,-25.4],[122.98,-25.42],[124.27,-24.26],[125.26,-24.47],[125.47,-24.57],[125.51,-24.6],[125.51,-24.61],[125.53,-24.6],[125.61,-24.64],[126.16,-24.23],[128.01,-24.11],[127.97,-24.06],[127.89,-23.99],[127.83,-23.92],[127.43,-23.65],[127.05,-23.3],[126.56,-22.35],[126.31,-22.04],[126.2,-21.96],[126.16,-21.93],[125.99,-21.81],[125.84,-21.81],[125.52,-21.81],[125.39,-21.81],[125.21,-21.96],[124.09,-22.35],[123.61,-21.42],[123.41,-21.36],[123.29,-21.37],[123.27,-21.37],[123.17,-21.38],[122.54,-22.41],[121.33,-21.99]]]},"properties":{"NAME":"Mardu","ABBREVN":"Mardu","SUBJECTO":"Mardu","BORDERPRECISION":3,"PARTOF":"Mardu"}},
{"type":"Feature","geometry":{"type":"Polygon","coordinates":[[[119.35,-34.55],[119.46,-34.4],[119.16,-34.1],[118.67,-33.52],[118.44,-33.17],[117.86,-33.39],[117.45,-33.65],[117.65,-33.81],[117.67,-34.05],[118.57,-34.23],[118.92,-34.29],[119.35,-34.55]]]},"properties":{"NAME":"Goreng","ABBREVN":"Goreng","SUBJECTO":"Goreng","BORDERPRECISION":3,"PARTOF":"Goreng"}},
{"type":"Feature","geometry":{"type":"Polygon","coordinates":[[[133.41,-12.85],[133.01,-12.08],[133.32,-12.81],[133.41,-12.85]]]},"properties":{"NAME":"Gunwinggu","ABBREVN":"Gunwinggu","SUBJECTO":"Gunwinggu","BORDERPRECISION":3,"PARTOF":"Gunwinggu"}},
{"type":"Feature","geometry":{"type":"Polygon","coordinates":[[[115.82,-25.2],[115.77,-25.17],[115.75,-25.18],[115.44,-25.01],[115.38,-25],[115.37,-24.99],[115.26,-24.97],[115.22,-24.96],[115.03,-24.94],[114.87,-24.92],[114.14,-24.67],[113.63,-24.78],[113.61,-24.81],[113.55,-24.88],[113.75,-25.32],[113.9,-25.59],[113.96,-25.63],[114.01,-25.71],[114.21,-25.77],[114.57,-25.77],[114.73,-25.75],[114.73,-25.71],[115.82,-25.55],[115.81,-25.29],[115.84,-25.23],[115.83,-25.21],[115.82,-25.2]]]},"properties":{"NAME":"Yinggarda","ABBREVN":"Yinggarda","SUBJECTO":"Yinggarda","BORDERPRECISION":3,"PARTOF":"Yinggarda"}},
{"type":"Feature","geometry":{"type":"Polygon","coordinates":[[[134.55,-23.02],[134.32,-23.02],[133.98,-22.98],[133.96,-22.89],[133.44,-22.9],[133.19,-22.91],[132.63,-22.78],[132.54,-22.8],[132.3,-23.01],[132.31,-23.04],[132.34,-23.09],[132.12,-23.41],[132.39,-23.98],[133.12,-24.58],[134.01,-25.99],[133.97,-26.01],[133.87,-26.08],[134.17,-26.25],[134.52,-26.55],[134.52,-26.28],[134.55,-23.24],[134.55,-23.02]]]},"properties":{"NAME":"Arrernte","ABBREVN":"Arrernte","SUBJECTO":"Arrernte","BORDERPRECISION":3,"PARTOF":"Arrernte"}},
{"type":"Feature","geometry":{"type":"Polygon","coordinates":[[[132.22,-12.77],[132.3,-12.79],[132.43,-12.75],[132.43,-12.74],[132.41,-12.72],[132.4,-12.33],[132.43,-12.32],[132.18,-12.34],[132.22,-12.34],[132.24,-12.58],[132.22,-12.77]]]},"properties":{"NAME":"Konbudj","ABBREVN":"Konbudj","SUBJECTO":"Konbudj","BORDERPRECISION":3,"PARTOF":"Konbudj"}},
{"type":"Feature","geometry":{"type":"Polygon","coordinates":[[[122.96,-26.56],[123.06,-26.67],[123.16,-26.78],[123.73,-27.16],[124.17,-27.35],[124.36,-27.46],[124.37,-27.47],[124.39,-27.4],[124.49,-27.16],[124.53,-26.85],[124.88,-26.14],[125.49,-25.91],[126.38,-26.44],[126.84,-26.58],[126.95,-26.58],[127.01,-26.61],[127.07,-26.58],[127.31,-26.59],[127.43,-26.58],[127.34,-26.53],[127.25,-26.5],[127.05,-26.42],[126.68,-26.24],[125.84,-25.68],[125.52,-25.05],[125.51,-24.62],[125.51,-24.61],[125.51,-24.6],[125.47,-24.57],[125.26,-24.47],[124.27,-24.26],[122.98,-25.42],[122.95,-25.4],[122.97,-25.53],[122.95,-26.03],[122.79,-26.01],[122.78,-26.01],[122.78,-26.03],[122.78,-26.16],[122.89,-26.49],[122.96,-26.56]]]},"properties":{"NAME":"Ngaanyatjarra","ABBREVN":"Ngaanyatjarra","SUBJECTO":"Ngaanyatjarra","BORDERPRECISION":3,"PARTOF":"Ngaanyatjarra"}},
{"type":"Feature","geometry":{"type":"Polygon","coordinates":[[[125.67,-17.08],[125.68,-17.07],[125.77,-17],[125.86,-16.93],[125.94,-16.84],[126.53,-16.9],[127.08,-16],[127.3,-16],[127.46,-16],[127.51,-16],[127.52,-16],[127.74,-15.98],[127.85,-15.92],[127.94,-15.87],[128.02,-15.82],[128.11,-15.65],[128.12,-15.58],[128.12,-15.56],[128.12,-15.52],[128.05,-15.45],[128.02,-15.42],[127.83,-15.56],[127.72,-15.46],[127.72,-15.29],[127.66,-15.24],[127.65,-15.23],[127.62,-15.2],[127.44,-15.18],[127.38,-14.7],[127.29,-14.48],[127.28,-14.45],[127.24,-14.44],[126.99,-14.38],[126.75,-14.38],[126.69,-14.38],[126.05,-14.64],[126.03,-14.68],[126,-14.69],[126,-14.74],[125.95,-14.87],[125.9,-15.31],[125.85,-15.51],[125.75,-15.73],[125.73,-15.77],[125.7,-15.78],[125.56,-15.85],[125,-15.79],[124.82,-15.94],[124.78,-16.24],[124.79,-16.37],[124.8,-16.5],[124.85,-16.53],[125.62,-17.12],[125.67,-17.08]]]},"properties":{"NAME":"Ngarinyin","ABBREVN":"Ngarinyin","SUBJECTO":"Ngarinyin","BORDERPRECISION":3,"PARTOF":"Ngarinyin"}},
{"type":"Feature","geometry":{"type":"Polygon","coordinates":[[[126.27,-17.72],[126.22,-17.73],[126.06,-17.93],[125.96,-18.04],[125.95,-18.05],[125.94,-18.06],[126.49,-18.14],[126.74,-18.48],[126.78,-18.48],[126.81,-18.48],[126.89,-18.48],[127.03,-18.47],[127.55,-18.26],[128.06,-17.94],[128.23,-17.72],[128.29,-17.56],[128.33,-17.55],[128.43,-17.56],[128.78,-17.66],[128.88,-17.78],[128.98,-17.81],[129,-17.82],[129.06,-17.85],[129.05,-17.83],[129.02,-17.62],[128.89,-17.17],[128.8,-16.7],[128.9,-16.65],[129.11,-16.63],[129.21,-16.63],[129.25,-16.63],[129.27,-16.63],[129.34,-16.46],[129.29,-16.34],[129.27,-16.32],[129.28,-16.29],[129.17,-16.24],[129.17,-16.23],[129.01,-16.14],[128.08,-15.88],[127.94,-15.87],[127.85,-15.92],[127.74,-15.98],[127.52,-16],[127.51,-16],[127.46,-16],[127.46,-16.04],[127.41,-16.08],[127.32,-16.67],[127.5,-17.2],[127.34,-17.33],[126.45,-17.69],[126.31,-17.71],[126.27,-17.72]]]},"properties":{"NAME":"Kija","ABBREVN":"Kija","SUBJECTO":"Kija","BORDERPRECISION":3,"PARTOF":"Kija"}},
{"type":"Feature","geometry":{"type":"Polygon","coordinates":[[[131.34,-13.63],[131.34,-13.64],[131.31,-13.72],[131.15,-13.77],[130.91,-13.78],[130.87,-13.8],[130.86,-13.81],[130.86,-13.9],[130.88,-14.02],[130.91,-14.18],[130.79,-14.4],[130.55,-14.48],[130.39,-14.49],[130.34,-14.51],[130.34,-14.57],[130.35,-14.67],[130.35,-14.72],[130.35,-14.75],[130.39,-14.75],[130.42,-14.76],[130.63,-14.75],[130.85,-14.76],[130.96,-14.8],[130.99,-14.82],[131.02,-14.79],[131.03,-14.77],[131.51,-14.6],[131.98,-14.56],[131.99,-14.57],[132,-14.54],[131.92,-14.45],[131.98,-14.37],[132,-13.98],[131.34,-13.63]]]},"properties":{"NAME":"Wagiman","ABBREVN":"Wagiman","SUBJECTO":"Wagiman","BORDERPRECISION":3,"PARTOF":"Wagiman"}},
{"type":"Feature","geometry":{"type":"Polygon","coordinates":[[[132.34,-12.98],[132.35,-12.96],[132.41,-12.99],[132.67,-13.02],[132.71,-12.91],[132.71,-12.81],[132.72,-12.81],[132.71,-12.8],[132.41,-12.8],[132.34,-12.98]]]},"properties":{"NAME":"Ngombur","ABBREVN":"Ngombur","SUBJECTO":"Ngombur","BORDERPRECISION":3,"PARTOF":"Ngombur"}},
{"type":"Feature","geometry":{"type":"Polygon","coordinates":[[[134.55,-22.55],[134.54,-22.57],[134.13,-22.4],[134.01,-22.65],[133.98,-22.89],[133.96,-22.89],[133.98,-22.98],[134.32,-23.02],[134.55,-23.02],[134.55,-22.55]]]},"properties":{"NAME":"Alyawarre","ABBREVN":"Alyawarre","SUBJECTO":"Alyawarre","BORDERPRECISION":3,"PARTOF":"Alyawarre"}},
{"type":"Feature","geometry":{"type":"Polygon","coordinates":[[[132.63,-11.75],[132.78,-11.58],[132.38,-11.3],[132.3,-11.5],[132.63,-11.75]]]},"properties":{"NAME":"Iwaidja","ABBREVN":"Iwaidja","SUBJECTO":"Iwaidja","BORDERPRECISION":3,"PARTOF":"Iwaidja"}},
{"type":"Feature","geometry":{"type":"Polygon","coordinates":[[[132.72,-12.81],[132.71,-12.81],[132.71,-12.91],[132.67,-13.02],[132.41,-12.99],[132.35,-12.96],[132.34,-12.98],[132.32,-13.05],[132.29,-13.07],[132.66,-13.2],[132.85,-13.03],[132.83,-12.82],[132.76,-12.8],[132.72,-12.81]]]},"properties":{"NAME":"Mbukarla","ABBREVN":"Mbukarla","SUBJECTO":"Mbukarla","BORDERPRECISION":3,"PARTOF":"Mbukarla"}},
{"type":"Feature","geometry":{"type":"Polygon","coordinates":[[[115.81,-23.84],[115.8,-23.87],[115.77,-24],[115.64,-24.22],[115.52,-24.62],[115.48,-24.7],[115.42,-24.89],[115.38,-25],[115.44,-25.01],[115.75,-25.18],[115.77,-25.17],[115.82,-25.2],[115.83,-25.21],[115.84,-25.23],[115.85,-25.2],[115.89,-25.11],[116.06,-24.97],[116.14,-24.76],[116.29,-24.65],[116.34,-24.62],[116.37,-24.59],[116.37,-24.56],[116.35,-24.46],[116.43,-23.98],[116.27,-23.88],[115.89,-23.86],[115.84,-23.85],[115.81,-23.84]]]},"properties":{"NAME":"Warriyangga","ABBREVN":"Warriyangga","SUBJECTO":"Warriyangga","BORDERPRECISION":3,"PARTOF":"Warriyangga"}},
{"type":"Feature","geometry":{"type":"Polygon","coordinates":[[[132.67,-12.76],[132.71,-12.74],[132.69,-12.66],[132.67,-12.58],[132.73,-12.22],[132.63,-12.27],[132.43,-12.32],[132.4,-12.33],[132.41,-12.72],[132.43,-12.74],[132.48,-12.79],[132.63,-12.79],[132.67,-12.76]]]},"properties":{"NAME":"Gagudju","ABBREVN":"Gagudju","SUBJECTO":"Gagudju","BORDERPRECISION":3,"PARTOF":"Gagudju"}},
{"type":"Feature","geometry":{"type":"Polygon","coordinates":[[[122.93,-16.73],[122.87,-16.66],[122.76,-16.6],[122.73,-16.72],[122.73,-16.74],[122.76,-16.74],[122.79,-16.74],[122.86,-16.73],[122.93,-16.73]]]},"properties":{"NAME":"Bardi","ABBREVN":"Bardi","SUBJECTO":"Bardi","BORDERPRECISION":3,"PARTOF":"Bardi"}},
{"type":"Feature","geometry":{"type":"Polygon","coordinates":[[[133.4,-11.88],[133.14,-11.7],[133.08,-11.86],[133.4,-11.88]]]},"properties":{"NAME":"Maung","ABBREVN":"Maung","SUBJECTO":"Maung","BORDERPRECISION":3,"PARTOF":"Maung"}},
{"type":"Feature","geometry":{"type":"Polygon","coordinates":[[[118.69,-20.34],[118.62,-20.37],[118.81,-20.62],[118.8,-20.99],[118.64,-21.54],[118.64,-21.6],[118.62,-21.63],[118.65,-21.64],[118.65,-21.71],[118.89,-21.84],[118.96,-21.98],[119.03,-22.01],[119.12,-22.04],[120.4,-22.09],[120.95,-22.16],[121.07,-22.23],[121.1,-22.2],[121.08,-22.11],[121.12,-22.06],[121.15,-22.02],[121.19,-22.02],[121.14,-21.95],[120.9,-20.98],[120.22,-20.52],[120.03,-20.28],[119.96,-20.14],[119.94,-20.12],[119.93,-20.11],[119.83,-20.26],[119.64,-20.39],[118.83,-20.14],[118.81,-20.17],[118.73,-20.32],[118.69,-20.34]]]},"properties":{"NAME":"Nyamal","ABBREVN":"Nyamal","SUBJECTO":"Nyamal","BORDERPRECISION":3,"PARTOF":"Nyamal"}},
{"type":"Feature","geometry":{"type":"Polygon","coordinates":[[[129.99,-14.43],[130,-14.43],[130.02,-14.41],[129.98,-14.38],[129.93,-14.36],[129.9,-14.37],[129.87,-14.33],[129.86,-14.2],[129.87,-14.13],[129.89,-14.1],[129.88,-14.1],[129.88,-14.09],[129.87,-14.05],[129.9,-13.99],[129.87,-13.98],[129.76,-14.01],[129.76,-14.02],[129.6,-14.17],[129.65,-14.34],[129.81,-14.45],[129.92,-14.43],[129.99,-14.43]]]},"properties":{"NAME":"Marringarr","ABBREVN":"Marringarr","SUBJECTO":"Marringarr","BORDERPRECISION":3,"PARTOF":"Marringarr"}},
{"type":"Feature","geometry":{"type":"Polygon","coordinates":[[[115.87,-33.67],[115.85,-33.67],[115.72,-33.89],[115.37,-34.08],[115.14,-34.4],[115.65,-34.6],[116,-34.94],[116.43,-35.05],[116.56,-34.84],[116.18,-34.17],[116.21,-33.95],[116.2,-33.94],[116.19,-33.93],[116.05,-33.8],[115.99,-33.71],[115.87,-33.67]]]},"properties":{"NAME":"Bibbulman","ABBREVN":"Bibbulman","SUBJECTO":"Bibbulman","BORDERPRECISION":3,"PARTOF":"Bibbulman"}},
{"type":"Feature","geometry":{"type":"Polygon","coordinates":[[[126,-14.69],[126.03,-14.68],[126.05,-14.64],[126.69,-14.38],[126.75,-14.38],[126.69,-14.35],[126.62,-14.2],[126.64,-14.15],[126.1,-14.2],[125.97,-14.48],[126,-14.54],[126,-14.65],[126,-14.69]]]},"properties":{"NAME":"Gamberre","ABBREVN":"Gamberre","SUBJECTO":"Gamberre","BORDERPRECISION":3,"PARTOF":"Gamberre"}},
{"type":"Feature","geometry":{"type":"Polygon","coordinates":[[[125.51,-24.61],[125.51,-24.62],[125.52,-25.05],[125.84,-25.68],[126.68,-26.24],[127.05,-26.42],[127.25,-26.5],[127.34,-26.53],[127.36,-26.54],[127.68,-26.48],[128.21,-26],[128.57,-26],[128.85,-26.01],[128.92,-26.01],[129.02,-25.9],[129.07,-25.85],[129.03,-24.8],[128.89,-24.43],[128.88,-24.42],[128.87,-24.4],[128.5,-24.27],[128.14,-24.13],[127.97,-24.06],[128.01,-24.11],[126.16,-24.23],[125.61,-24.64],[125.53,-24.6],[125.51,-24.61]]]},"properties":{"NAME":"Ngatatjara","ABBREVN":"Ngatatjara","SUBJECTO":"Ngatatjara","BORDERPRECISION":3,"PARTOF":"Ngatatjara"}},
{"type":"Feature","geometry":{"type":"Polygon","coordinates":[[[121,-23.3],[120.98,-23.28],[119.81,-23.37],[119.67,-23.4],[119.64,-23.4],[119.62,-23.4],[119.62,-23.46],[119.62,-23.51],[119.63,-23.53],[119.7,-23.66],[119.81,-23.94],[119.88,-24.43],[119.83,-24.71],[119.72,-24.93],[119.65,-25.02],[119.58,-25.13],[119.32,-25.33],[119.13,-25.43],[119.01,-25.55],[118.95,-25.65],[118.93,-25.74],[118.92,-25.79],[118.91,-25.81],[119.23,-25.81],[119.64,-26],[120.61,-26.31],[120.78,-26.41],[120.79,-26.42],[120.83,-26.43],[121.03,-26.49],[121.94,-26.1],[122.5,-26.01],[122.62,-26.01],[122.78,-26.01],[122.79,-26.01],[122.95,-26.03],[122.97,-25.53],[122.95,-25.4],[122.91,-25.37],[122.87,-25.33],[122.84,-25.3],[122.26,-24.8],[121.95,-24.53],[120.97,-23.44],[120.96,-23.39],[120.95,-23.36],[121,-23.3]]]},"properties":{"NAME":"Wawula","ABBREVN":"Wawula","SUBJECTO":"Wawula","BORDERPRECISION":3,"PARTOF":"Wawula"}},
{"type":"Feature","geometry":{"type":"Polygon","coordinates":[[[123.29,-21.37],[123.29,-21.36],[123.56,-21.05],[123.71,-20.9],[123.84,-20.75],[123.84,-20.68],[123.84,-20.53],[123.84,-20.42],[123.8,-20.04],[123.15,-19.13],[122.76,-19.03],[122.75,-19.02],[122.74,-19.03],[122.49,-18.96],[121.84,-18.84],[121.54,-18.79],[120.87,-19.68],[119.93,-20.08],[119.94,-20.12],[119.96,-20.14],[120.03,-20.28],[120.22,-20.52],[120.9,-20.98],[121.14,-21.95],[121.19,-22.02],[121.22,-22.01],[121.33,-21.99],[122.54,-22.41],[123.17,-21.38],[123.27,-21.37],[123.29,-21.37]]]},"properties":{"NAME":"Nyangumarda","ABBREVN":"Nyangumarda","SUBJECTO":"Nyangumarda","BORDERPRECISION":3,"PARTOF":"Nyangumarda"}},
{"type":"Feature","geometry":{"type":"Polygon","coordinates":[[[134.48,-17.2],[134.6,-17.13],[134.62,-15.14],[134.62,-15.03],[134.3,-14.8],[134.15,-14.72],[134.14,-14.72],[134.07,-14.74],[133.93,-14.77],[133.9,-14.84],[133.86,-14.89],[133.82,-14.94],[133.76,-15.02],[133.7,-15.06],[133.69,-15.07],[133.63,-15.11],[133.48,-16.21],[133.5,-16.23],[133.49,-16.23],[133.51,-16.24],[133.66,-16.38],[133.87,-16.56],[134.31,-16.97],[134.45,-17.21],[134.48,-17.2]]]},"properties":{"NAME":"Alawa","ABBREVN":"Alawa","SUBJECTO":"Alawa","BORDERPRECISION":3,"PARTOF":"Alawa"}},
{"type":"Feature","geometry":{"type":"Polygon","coordinates":[[[133.1,-14.96],[132.46,-14.98],[132.32,-15.96],[132.33,-16.11],[132.39,-16.19],[132.43,-16.16],[132.63,-16.42],[133.19,-16.49],[133.37,-16.42],[133.39,-16.41],[133.39,-16.42],[133.43,-16.39],[133.49,-16.23],[133.5,-16.23],[133.48,-16.21],[133.63,-15.11],[133.69,-15.07],[133.7,-15.06],[133.7,-14.94],[133.4,-14.91],[133.2,-14.87],[133.18,-14.9],[133.17,-14.91],[133.16,-14.9],[133.1,-14.96]]]},"properties":{"NAME":"Yangman","ABBREVN":"Yangman","SUBJECTO":"Yangman","BORDERPRECISION":3,"PARTOF":"Yangman"}},
{"type":"Feature","geometry":{"type":"Polygon","coordinates":[[[134.48,-30.94],[134.32,-30.88],[133.23,-30.5],[131.85,-30.37],[131.44,-30.25],[131.41,-30.24],[131.37,-30.23],[131.29,-30.28],[131.04,-30.64],[131.03,-30.77],[131.24,-30.81],[131.11,-31.46],[131.36,-31.67],[131.99,-32.07],[133.84,-32.34],[134.47,-32.74],[134.48,-30.94]]]},"properties":{"NAME":"Wirangu","ABBREVN":"Wirangu","SUBJECTO":"Wirangu","BORDERPRECISION":3,"PARTOF":"Wirangu"}},
{"type":"Feature","geometry":{"type":"Polygon","coordinates":[[[127.66,-15.24],[127.67,-15.23],[127.86,-15.02],[127.99,-14.86],[127.97,-14.74],[127.96,-14.7],[127.4,-14.1],[127.24,-14.28],[127.24,-14.44],[127.28,-14.45],[127.29,-14.48],[127.38,-14.7],[127.44,-15.18],[127.62,-15.2],[127.65,-15.23],[127.66,-15.24]]]},"properties":{"NAME":"Kwini","ABBREVN":"Kwini","SUBJECTO":"Kwini","BORDERPRECISION":3,"PARTOF":"Kwini"}},
{"type":"Feature","geometry":{"type":"Polygon","coordinates":[[[131.2,-12.92],[131.12,-12.26],[130.84,-12.71],[131.1,-12.96],[131.2,-12.92]]]},"properties":{"NAME":"Larrakia","ABBREVN":"Larrakia","SUBJECTO":"Larrakia","BORDERPRECISION":3,"PARTOF":"Larrakia"}},
{"type":"Feature","geometry":{"type":"Polygon","coordinates":[[[115.82,-28.57],[115.73,-28.51],[115.39,-28.57],[115.31,-28.53],[115.3,-28.54],[115.23,-28.57],[114.7,-28.72],[114.6,-28.72],[114.59,-28.72],[114.54,-28.78],[114.9,-30.13],[114.95,-30.31],[116.67,-29.95],[116.38,-29.38],[116.31,-29.25],[116.27,-29.27],[115.82,-28.61],[115.82,-28.57]]]},"properties":{"NAME":"Amangu","ABBREVN":"Amangu","SUBJECTO":"Amangu","BORDERPRECISION":3,"PARTOF":"Amangu"}},
{"type":"Feature","geometry":{"type":"Polygon","coordinates":[[[134.23,-12.1],[134.17,-12.12],[134.14,-12.18],[134.12,-12.24],[134.12,-12.26],[134.13,-12.26],[134.19,-12.26],[134.36,-12.25],[134.37,-12.17],[134.4,-12.16],[134.4,-12.15],[134.39,-12.12],[134.23,-12.1]]]},"properties":{"NAME":"Gungurugoni","ABBREVN":"Gungurugoni","SUBJECTO":"Gungurugoni","BORDERPRECISION":3,"PARTOF":"Gungurugoni"}},
{"type":"Feature","geometry":{"type":"Polygon","coordinates":[[[122.83,-33.06],[123.65,-33.14],[123.95,-33.48],[123.92,-33.52],[124,-33.42],[124.43,-32.94],[124.22,-31.03],[123.38,-30.99],[123.19,-31.46],[123.11,-31.75],[123,-32.1],[122.92,-32.37],[122.93,-32.49],[122.91,-32.76],[122.83,-33.04],[122.83,-33.06]]]},"properties":{"NAME":"Ngatjumay","ABBREVN":"Ngatjumay","SUBJECTO":"Ngatjumay","BORDERPRECISION":3,"PARTOF":"Ngatjumay"}},
{"type":"Feature","geometry":{"type":"Polygon","coordinates":[[[130.76,-16.07],[130.78,-16.07],[130.9,-16.09],[131.43,-15.99],[131.43,-15.81],[131.4,-15.81],[131.4,-15.68],[131.39,-15.66],[131.15,-15.65],[130.92,-15.65],[130.62,-15.7],[130.45,-15.69],[130.45,-15.71],[130.45,-15.81],[130.48,-15.96],[130.71,-16.05],[130.76,-16.07]]]},"properties":{"NAME":"Ngaliwuru","ABBREVN":"Ngaliwuru","SUBJECTO":"Ngaliwuru","BORDERPRECISION":3,"PARTOF":"Ngaliwuru"}},
{"type":"Feature","geometry":{"type":"Polygon","coordinates":[[[114.64,-21.98],[113.62,-22.66],[113.72,-22.82],[113.77,-22.86],[114.76,-22.77],[114.8,-22.83],[114.87,-22.81],[115.63,-22.81],[115.73,-22.85],[115.75,-22.81],[115.89,-22.62],[115.93,-22.63],[115.89,-22.57],[115.94,-22.51],[116,-22.45],[115.95,-22.46],[115.81,-22.57],[115.19,-22.5],[115.32,-22.4],[115.13,-22.4],[115.26,-22.43],[114.92,-22.42],[114.64,-21.98]]]},"properties":{"NAME":"Thalanyji","ABBREVN":"Thalanyji","SUBJECTO":"Thalanyji","BORDERPRECISION":3,"PARTOF":"Thalanyji"}},
{"type":"Feature","geometry":{"type":"Polygon","coordinates":[[[131.68,-12.38],[131.18,-12.24],[131.21,-12.92],[131.66,-12.94],[131.66,-12.93],[131.61,-12.91],[131.63,-12.39],[131.68,-12.38]]]},"properties":{"NAME":"Woolna","ABBREVN":"Woolna","SUBJECTO":"Woolna","BORDERPRECISION":3,"PARTOF":"Woolna"}},
{"type":"Feature","geometry":{"type":"Polygon","coordinates":[[[134.64,-12.48],[134.31,-12.69],[133.96,-13.03],[133.95,-13.1],[134.32,-13.43],[134.63,-13.24],[134.64,-12.48]]]},"properties":{"NAME":"Rembarnga","ABBREVN":"Rembarnga","SUBJECTO":"Rembarnga","BORDERPRECISION":3,"PARTOF":"Rembarnga"}},
{"type":"Feature","geometry":{"type":"Polygon","coordinates":[[[130.04,-14.45],[130.03,-14.44],[130,-14.43],[129.99,-14.43],[129.92,-14.43],[129.81,-14.45],[129.65,-14.34],[129.6,-14.17],[129.43,-14.31],[129.46,-14.5],[129.73,-14.67],[129.79,-14.75],[129.84,-14.75],[130.06,-14.72],[130.26,-14.72],[130.35,-14.72],[130.35,-14.67],[130.34,-14.57],[130.34,-14.51],[130.32,-14.51],[130.28,-14.49],[130.16,-14.47],[130.07,-14.47],[130.04,-14.45]]]},"properties":{"NAME":"Murrinh-patha","ABBREVN":"Murrinh-patha","SUBJECTO":"Murrinh-patha","BORDERPRECISION":3,"PARTOF":"Murrinh-patha"}},
{"type":"Feature","geometry":{"type":"Polygon","coordinates":[[[130.58,-24.79],[130.5,-24.87],[129.33,-24.49],[129.07,-24.45],[128.89,-24.43],[129.03,-24.8],[129.07,-25.85],[129.02,-25.9],[129.02,-25.96],[129.02,-26.1],[129.02,-26.4],[129.08,-26.82],[129.29,-27.13],[130.21,-27.5],[130.54,-27.52],[130.58,-27.52],[130.58,-27.53],[130.64,-27.48],[130.67,-27.46],[130.69,-27.47],[130.7,-27.46],[130.7,-27.33],[130.87,-26.74],[130.78,-26.08],[130.95,-25.75],[131.04,-25.47],[131.05,-25.4],[131.06,-25.21],[130.85,-24.88],[130.7,-24.84],[130.58,-24.79]]]},"properties":{"NAME":"Pitjantjatjara","ABBREVN":"Pitjantjatjara","SUBJECTO":"Pitjantjatjara","BORDERPRECISION":3,"PARTOF":"Pitjantjatjara"}},
{"type":"Feature","geometry":{"type":"Polygon","coordinates":[[[115.05,-34.38],[115.37,-34.07],[115.41,-33.77],[114.96,-33.87],[115.02,-34.26],[115.05,-34.38]]]},"properties":{"NAME":"Wardandi","ABBREVN":"Wardandi","SUBJECTO":"Wardandi","BORDERPRECISION":3,"PARTOF":"Wardandi"}},
{"type":"Feature","geometry":{"type":"Polygon","coordinates":[[[132.63,-11.75],[132.75,-12.17],[132.88,-12.17],[132.93,-12.09],[132.78,-11.58],[132.63,-11.75]]]},"properties":{"NAME":"Amarak","ABBREVN":"Amarak","SUBJECTO":"Amarak","BORDERPRECISION":3,"PARTOF":"Amarak"}},
{"type":"Feature","geometry":{"type":"Polygon","coordinates":[[[123.58,-16.39],[123.99,-16.82],[124.05,-16.82],[124.19,-16.83],[124.34,-16.83],[124.45,-16.84],[124.45,-16.77],[124.45,-16.65],[124.4,-16.52],[124.28,-16.52],[123.98,-16.41],[123.58,-16.39]]]},"properties":{"NAME":"Umida","ABBREVN":"Umida","SUBJECTO":"Umida","BORDERPRECISION":3,"PARTOF":"Umida"}},
{"type":"Feature","geometry":{"type":"Polygon","coordinates":[[[132.87,-12.24],[132.88,-12.17],[132.75,-12.17],[132.92,-12.68],[132.87,-12.24]]]},"properties":{"NAME":"Kundjey’mi","ABBREVN":"Kundjey’mi","SUBJECTO":"Kundjey’mi","BORDERPRECISION":3,"PARTOF":"Kundjey’mi"}},
{"type":"Feature","geometry":{"type":"Polygon","coordinates":[[[118.92,-22.34],[118.93,-22.34],[118.95,-22.4],[119.36,-22.71],[119.61,-23.38],[119.64,-23.4],[119.67,-23.4],[119.81,-23.37],[120.98,-23.28],[121,-23.3],[121.12,-23.05],[121.12,-22.28],[121.1,-22.2],[121.07,-22.23],[120.95,-22.16],[120.4,-22.09],[119.12,-22.04],[119.03,-22.01],[118.98,-22.06],[118.91,-22.28],[118.93,-22.33],[118.92,-22.34]]]},"properties":{"NAME":"Palyku","ABBREVN":"Palyku","SUBJECTO":"Palyku","BORDERPRECISION":3,"PARTOF":"Palyku"}},
{"type":"Feature","geometry":{"type":"Polygon","coordinates":[[[115.84,-25.23],[115.81,-25.29],[115.82,-25.55],[114.73,-25.71],[114.73,-25.75],[114.72,-25.87],[114.77,-26.08],[114.74,-26.39],[114.68,-26.44],[114.64,-26.47],[114.7,-26.62],[114.87,-27.16],[114.91,-27.95],[115.2,-28.47],[115.27,-28.51],[115.3,-28.54],[115.31,-28.53],[115.39,-28.57],[115.73,-28.51],[115.82,-28.57],[115.86,-28.59],[115.88,-28.57],[116.24,-28.3],[116.76,-27.95],[117.57,-27.46],[117.75,-27.25],[117.98,-27.21],[118.01,-27.18],[118.03,-27.19],[118.04,-27.16],[118.23,-27.04],[118.88,-25.99],[118.91,-25.81],[118.92,-25.79],[118.93,-25.74],[118.95,-25.65],[119.01,-25.55],[119.13,-25.43],[119.17,-25.38],[118.44,-24.37],[117.67,-24.03],[117.59,-24.03],[117.58,-24.03],[117.42,-24.01],[117.36,-23.97],[116.99,-24.06],[116.83,-24.48],[116.5,-24.51],[116.37,-24.59],[116.34,-24.62],[116.29,-24.65],[116.14,-24.76],[116.06,-24.97],[115.89,-25.11],[115.85,-25.2],[115.84,-25.23]]]},"properties":{"NAME":"Watjarri","ABBREVN":"Watjarri","SUBJECTO":"Watjarri","BORDERPRECISION":3,"PARTOF":"Watjarri"}},
{"type":"Feature","geometry":{"type":"Polygon","coordinates":[[[127.74,-19.46],[127.72,-19.81],[127.74,-20.6],[127.71,-20.68],[127.87,-20.73],[128.42,-20.89],[128.72,-20.91],[129.14,-21.06],[129.79,-20.96],[130.09,-21.09],[130.25,-21.11],[130.4,-21],[130.5,-20.55],[128.72,-19.3],[128.76,-19.26],[128.75,-19.25],[128.74,-19.24],[127.96,-19.31],[127.8,-19.42],[127.78,-19.42],[127.78,-19.43],[127.74,-19.46]]]},"properties":{"NAME":"Ngarti","ABBREVN":"Ngarti","SUBJECTO":"Ngarti","BORDERPRECISION":3,"PARTOF":"Ngarti"}},
{"type":"Feature","geometry":{"type":"Polygon","coordinates":[[[124.46,-17.41],[124.46,-17.35],[124.45,-17.07],[124.45,-16.89],[124.45,-16.84],[124.34,-16.83],[124.19,-16.83],[124.05,-16.82],[123.99,-16.82],[123.96,-16.82],[123.6,-17.16],[123.63,-17.21],[123.67,-17.24],[123.86,-17.32],[124.4,-17.4],[124.46,-17.41]]]},"properties":{"NAME":"Warwa","ABBREVN":"Warwa","SUBJECTO":"Warwa","BORDERPRECISION":3,"PARTOF":"Warwa"}},
{"type":"Feature","geometry":{"type":"Polygon","coordinates":[[[134.64,-12.11],[134.56,-12.1],[134.4,-12.16],[134.37,-12.17],[134.36,-12.25],[134.19,-12.26],[134.13,-12.26],[134.12,-12.26],[134.07,-12.26],[134.04,-12.26],[134.02,-12.27],[134,-12.27],[133.98,-12.27],[133.75,-13.02],[133.96,-13.03],[134.31,-12.69],[134.64,-12.48],[134.64,-12.44],[134.64,-12.11]]]},"properties":{"NAME":"Dangbon","ABBREVN":"Dangbon","SUBJECTO":"Dangbon","BORDERPRECISION":3,"PARTOF":"Dangbon"}},
{"type":"Feature","geometry":{"type":"Polygon","coordinates":[[[131.99,-14.57],[131.98,-14.56],[131.51,-14.6],[131.03,-14.77],[131.02,-14.79],[130.99,-14.82],[130.96,-14.85],[131.03,-15.27],[131.06,-15.31],[131.07,-15.33],[131.11,-15.38],[131.27,-15.44],[131.34,-15.55],[131.39,-15.66],[131.4,-15.68],[131.4,-15.81],[131.43,-15.81],[131.52,-15.83],[132.18,-15.98],[132.3,-15.98],[132.32,-15.96],[132.46,-14.98],[132.21,-14.77],[131.99,-14.57]]]},"properties":{"NAME":"Wardaman","ABBREVN":"Wardaman","SUBJECTO":"Wardaman","BORDERPRECISION":3,"PARTOF":"Wardaman"}},
{"type":"Feature","geometry":{"type":"Polygon","coordinates":[[[115.99,-32.98],[115.99,-32.99],[116.05,-33],[116.14,-33.03],[116.27,-33.06],[116.63,-33.23],[116.68,-33.25],[116.76,-33.3],[116.99,-33.38],[117.21,-33.48],[117.42,-33.64],[117.43,-33.64],[117.53,-33.55],[117.96,-33.32],[117.96,-32.98],[117.8,-32.77],[117.51,-32.38],[116.63,-32.14],[116.6,-32.14],[116.55,-32.15],[116.27,-32.29],[116.16,-32.38],[116.14,-32.39],[116.14,-32.4],[116.1,-32.43],[116.08,-32.6],[116.08,-32.64],[115.99,-32.95],[115.99,-32.98]]]},"properties":{"NAME":"Wiilman","ABBREVN":"Wiilman","SUBJECTO":"Wiilman","BORDERPRECISION":3,"PARTOF":"Wiilman"}},
{"type":"Feature","geometry":{"type":"Polygon","coordinates":[[[132.18,-13.19],[131.92,-13.1],[131.6,-13.21],[132.07,-13.75],[132.08,-13.75],[132.1,-13.72],[132.2,-13.68],[132.62,-13.58],[132.68,-13.38],[132.26,-13.27],[132.21,-13.24],[132.2,-13.22],[132.18,-13.19]]]},"properties":{"NAME":"Warray","ABBREVN":"Warray","SUBJECTO":"Warray","BORDERPRECISION":3,"PARTOF":"Warray"}},
{"type":"Feature","geometry":{"type":"Polygon","coordinates":[[[126.45,-20.37],[126.45,-20.63],[126.04,-21.58],[125.84,-21.81],[125.99,-21.81],[126.16,-21.93],[126.21,-21.91],[126.21,-21.88],[126.63,-21.62],[127.02,-21.04],[127.62,-20.65],[127.71,-20.68],[127.74,-20.6],[127.72,-19.81],[127.74,-19.46],[127.78,-19.43],[127.78,-19.42],[127.73,-19.43],[127.06,-19.27],[126.85,-19.17],[126.83,-19.16],[126.83,-19.18],[126.8,-19.2],[126.36,-20.28],[126.34,-20.34],[126.45,-20.37]]]},"properties":{"NAME":"Kukatja","ABBREVN":"Kukatja","SUBJECTO":"Kukatja","BORDERPRECISION":3,"PARTOF":"Kukatja"}},
{"type":"Feature","geometry":{"type":"Polygon","coordinates":[[[116.59,-23.04],[116.67,-23.09],[116.86,-23.21],[117.1,-23.31],[117.19,-23.33],[117.2,-23.21],[116.98,-22.93],[116.98,-22.88],[116.98,-22.87],[116.96,-22.87],[116.88,-22.79],[116.86,-22.77],[116.84,-22.78],[116.65,-22.92],[116.61,-23],[116.59,-23.04]]]},"properties":{"NAME":"Jurruru","ABBREVN":"Jurruru","SUBJECTO":"Jurruru","BORDERPRECISION":3,"PARTOF":"Jurruru"}},
{"type":"Feature","geometry":{"type":"Polygon","coordinates":[[[114.71,-23.33],[114.74,-23.34],[114.79,-23.35],[114.92,-23.4],[115.05,-23.42],[115.44,-23.67],[115.72,-23.72],[115.8,-23.75],[115.82,-23.7],[115.7,-23.25],[115.73,-22.93],[115.74,-22.9],[115.78,-22.92],[115.77,-22.87],[115.73,-22.85],[115.63,-22.81],[114.87,-22.81],[114.8,-22.83],[114.77,-22.93],[114.73,-23.05],[114.71,-23.2],[114.71,-23.29],[114.71,-23.33]]]},"properties":{"NAME":"Purduna","ABBREVN":"Purduna","SUBJECTO":"Purduna","BORDERPRECISION":3,"PARTOF":"Purduna"}},
{"type":"Feature","geometry":{"type":"Polygon","coordinates":[[[126.16,-21.93],[126.2,-21.96],[126.31,-22.04],[126.56,-22.35],[127.05,-23.3],[127.43,-23.65],[127.83,-23.92],[127.89,-23.99],[127.97,-24.06],[128.14,-24.13],[128.5,-24.27],[128.87,-24.4],[128.88,-24.42],[128.89,-24.43],[129.07,-24.45],[129.33,-24.49],[130.5,-24.87],[130.58,-24.79],[130.6,-24.77],[130.67,-24.71],[130.91,-24.39],[131.19,-23.46],[131.26,-23.15],[131.29,-22.97],[131.3,-22.95],[131.31,-22.89],[131.32,-22.76],[130.44,-21.14],[130.32,-21.12],[130.25,-21.11],[130.09,-21.09],[129.79,-20.96],[129.14,-21.06],[128.72,-20.91],[128.42,-20.89],[127.87,-20.73],[127.71,-20.68],[127.62,-20.65],[127.02,-21.04],[126.63,-21.62],[126.21,-21.88],[126.21,-21.91],[126.16,-21.93]]]},"properties":{"NAME":"Pintupi","ABBREVN":"Pintupi","SUBJECTO":"Pintupi","BORDERPRECISION":3,"PARTOF":"Pintupi"}},
{"type":"Feature","geometry":{"type":"Polygon","coordinates":[[[127.24,-14.44],[127.24,-14.28],[127.4,-14.1],[126.85,-13.78],[126.76,-14],[126.67,-14.1],[126.64,-14.15],[126.62,-14.2],[126.69,-14.35],[126.75,-14.38],[126.99,-14.38],[127.24,-14.44]]]},"properties":{"NAME":"Miwa","ABBREVN":"Miwa","SUBJECTO":"Miwa","BORDERPRECISION":3,"PARTOF":"Miwa"}},
{"type":"Feature","geometry":{"type":"Polygon","coordinates":[[[117.82,-22.09],[117.77,-22.12],[117.6,-22.45],[117.54,-22.61],[117.49,-22.68],[117.46,-22.74],[117.45,-22.77],[117.43,-22.82],[117.49,-22.91],[118.2,-23.34],[118.42,-23.46],[118.56,-23.53],[118.58,-23.53],[118.8,-23.54],[118.85,-23.54],[119.14,-23.55],[119.47,-23.54],[119.62,-23.53],[119.63,-23.53],[119.62,-23.51],[119.62,-23.46],[119.62,-23.4],[119.64,-23.4],[119.61,-23.38],[119.36,-22.71],[118.95,-22.4],[118.93,-22.34],[118.92,-22.34],[118.91,-22.33],[118.2,-22.08],[117.89,-22.04],[117.84,-22.07],[117.82,-22.09]]]},"properties":{"NAME":"Banjima","ABBREVN":"Banjima","SUBJECTO":"Banjima","BORDERPRECISION":3,"PARTOF":"Banjima"}},
{"type":"Feature","geometry":{"type":"Polygon","coordinates":[[[130.27,-13.63],[130.3,-13.55],[130.32,-13.47],[130.33,-13.46],[130.33,-13.45],[130.32,-13.44],[130.3,-13.43],[130.29,-13.43],[130.21,-13.48],[130.19,-13.5],[130.21,-13.6],[130.27,-13.63]]]},"properties":{"NAME":"Kuwema","ABBREVN":"Kuwema","SUBJECTO":"Kuwema","BORDERPRECISION":3,"PARTOF":"Kuwema"}},
{"type":"Feature","geometry":{"type":"Polygon","coordinates":[[[130.25,-17.15],[130.14,-17.07],[129.25,-16.79],[129.25,-16.63],[129.21,-16.63],[129.11,-16.63],[128.9,-16.65],[128.8,-16.7],[128.89,-17.17],[129.02,-17.62],[129.05,-17.83],[129.2,-17.93],[129.28,-18.22],[129.27,-18.32],[129.89,-18.31],[130.95,-18.1],[130.97,-18.12],[131.11,-18.06],[131.49,-17.98],[131.51,-17.97],[131.49,-17.96],[131.41,-17.95],[130.99,-17.91],[130.99,-17.88],[130.98,-17.87],[130.96,-17.48],[130.94,-17.39],[130.94,-17.37],[130.73,-17.38],[130.29,-17.29],[130.29,-17.18],[130.28,-17.18],[130.25,-17.15]]]},"properties":{"NAME":"Gurindji","ABBREVN":"Gurindji","SUBJECTO":"Gurindji","BORDERPRECISION":3,"PARTOF":"Gurindji"}},
{"type":"Feature","geometry":{"type":"Polygon","coordinates":[[[132.92,-21.93],[132.9,-21.96],[132.07,-22],[131.88,-22.55],[132.03,-22.75],[132.2,-22.98],[132.29,-22.98],[132.3,-23.01],[132.54,-22.8],[132.63,-22.78],[133.19,-22.91],[133.44,-22.9],[133.96,-22.89],[133.98,-22.89],[134.01,-22.65],[134.13,-22.4],[134.1,-22.39],[134.02,-22.35],[133.68,-22.21],[133.02,-22.13],[132.92,-21.93]]]},"properties":{"NAME":"Anmatyerre","ABBREVN":"Anmatyerre","SUBJECTO":"Anmatyerre","BORDERPRECISION":3,"PARTOF":"Anmatyerre"}},
{"type":"Feature","geometry":{"type":"Polygon","coordinates":[[[130.06,-13.61],[129.86,-13.72],[129.85,-13.72],[129.77,-13.82],[129.76,-13.99],[129.76,-14.01],[129.87,-13.98],[129.9,-13.99],[129.87,-14.05],[129.88,-14.09],[129.88,-14.1],[129.89,-14.1],[129.92,-14.1],[129.99,-14.11],[130.04,-14.09],[130.05,-14.09],[130.08,-14.08],[130.16,-14.05],[130.18,-14.04],[130.19,-14.03],[130.21,-14.01],[130.21,-13.99],[130.22,-13.98],[130.23,-13.93],[130.23,-13.9],[130.2,-13.89],[130.14,-13.86],[130.1,-13.78],[130.13,-13.66],[130.06,-13.61]]]},"properties":{"NAME":"Marrithiyel","ABBREVN":"Marrithiyel","SUBJECTO":"Marrithiyel","BORDERPRECISION":3,"PARTOF":"Marrithiyel"}},
{"type":"Feature","geometry":{"type":"Polygon","coordinates":[[[130.4,-13.39],[130.37,-13.38],[130.33,-13.45],[130.33,-13.46],[130.32,-13.47],[130.3,-13.55],[130.27,-13.63],[130.24,-13.71],[130.22,-13.88],[130.23,-13.88],[130.24,-13.89],[130.3,-13.91],[130.3,-13.89],[130.31,-13.89],[130.42,-13.89],[130.59,-13.85],[130.73,-13.8],[130.87,-13.8],[130.91,-13.78],[131.15,-13.77],[131.31,-13.72],[131.34,-13.64],[131.34,-13.63],[131.33,-13.62],[130.48,-13.42],[130.4,-13.39]]]},"properties":{"NAME":"Malak malak","ABBREVN":"Malak malak","SUBJECTO":"Malak malak","BORDERPRECISION":3,"PARTOF":"Malak malak"}},
{"type":"Feature","geometry":{"type":"Polygon","coordinates":[[[125.34,-17.65],[125.48,-17.67],[125.78,-17.45],[125.79,-17.42],[125.79,-17.41],[125.73,-17.31],[125.68,-17.21],[125.67,-17.08],[125.62,-17.12],[124.85,-16.53],[124.72,-16.5],[124.4,-16.52],[124.45,-16.65],[124.45,-16.77],[124.45,-16.84],[124.45,-16.89],[124.45,-17.07],[124.46,-17.35],[124.46,-17.41],[124.49,-17.41],[124.55,-17.42],[124.7,-17.42],[125.05,-17.4],[125.21,-17.44],[125.28,-17.54],[125.33,-17.64],[125.34,-17.65]]]},"properties":{"NAME":"Unggumi","ABBREVN":"Unggumi","SUBJECTO":"Unggumi","BORDERPRECISION":3,"PARTOF":"Unggumi"}},
{"type":"Feature","geometry":{"type":"Polygon","coordinates":[[[122.32,-28.7],[122.54,-28.65],[122.63,-28.7],[122.63,-28.66],[123.28,-28.29],[123.88,-27.88],[124.17,-27.63],[124.37,-27.52],[124.36,-27.46],[124.17,-27.35],[123.73,-27.16],[123.16,-26.78],[123.06,-26.67],[122.96,-26.56],[122.82,-26.78],[122.5,-27.29],[122.1,-27.56],[121.94,-27.69],[121.69,-27.86],[121.76,-27.91],[121.76,-27.92],[121.81,-27.98],[121.96,-28.16],[122.27,-28.58],[122.32,-28.7]]]},"properties":{"NAME":"Tjalkanti","ABBREVN":"Tjalkanti","SUBJECTO":"Tjalkanti","BORDERPRECISION":3,"PARTOF":"Tjalkanti"}},
{"type":"Feature","geometry":{"type":"Polygon","coordinates":[[[122.8,-17.32],[122.76,-17.32],[122.6,-17.32],[122.16,-17.32],[122.13,-17.35],[122.1,-17.38],[122.15,-17.73],[122.18,-17.77],[122.19,-17.78],[122.68,-17.76],[122.74,-17.75],[122.81,-17.72],[122.82,-17.72],[122.81,-17.62],[122.8,-17.41],[122.8,-17.37],[122.8,-17.32]]]},"properties":{"NAME":"Ngumbarl","ABBREVN":"Ngumbarl","SUBJECTO":"Ngumbarl","BORDERPRECISION":3,"PARTOF":"Ngumbarl"}},
{"type":"Feature","geometry":{"type":"Polygon","coordinates":[[[114.68,-26.44],[114.63,-26.4],[114.53,-26.4],[114.02,-26.59],[113.85,-26.75],[113.73,-26.8],[113.7,-26.81],[114.34,-28.49],[114.45,-28.65],[114.59,-28.72],[114.6,-28.72],[114.7,-28.72],[115.23,-28.57],[115.3,-28.54],[115.27,-28.51],[115.2,-28.47],[114.91,-27.95],[114.87,-27.16],[114.7,-26.62],[114.64,-26.47],[114.68,-26.44]]]},"properties":{"NAME":"Nhanta","ABBREVN":"Nhanta","SUBJECTO":"Nhanta","BORDERPRECISION":3,"PARTOF":"Nhanta"}},
{"type":"Feature","geometry":{"type":"Polygon","coordinates":[[[119.94,-20.12],[119.93,-20.08],[119.81,-20.12],[119.53,-20.14],[118.87,-20.07],[118.83,-20.14],[119.64,-20.39],[119.83,-20.26],[119.93,-20.11],[119.94,-20.12]]]},"properties":{"NAME":"Ngarla","ABBREVN":"Ngarla","SUBJECTO":"Ngarla","BORDERPRECISION":3,"PARTOF":"Ngarla"}},
{"type":"Feature","geometry":{"type":"Polygon","coordinates":[[[129.69,-15.09],[129.67,-15.15],[129.73,-15.23],[129.76,-15.27],[129.81,-15.25],[129.85,-15.3],[129.89,-15.34],[129.91,-15.41],[130.13,-15.44],[130.15,-15.49],[130.29,-15.4],[130.36,-15.45],[130.38,-15.48],[130.39,-15.49],[130.55,-15.49],[130.98,-15.42],[131.07,-15.33],[131.06,-15.31],[131.03,-15.27],[130.96,-14.85],[130.99,-14.82],[130.96,-14.8],[130.85,-14.76],[130.63,-14.75],[130.42,-14.76],[130.39,-14.75],[130.35,-14.75],[130.35,-14.72],[130.26,-14.72],[130.06,-14.72],[129.84,-14.75],[129.79,-14.75],[129.82,-14.78],[129.85,-14.82],[129.84,-14.93],[129.7,-15.06],[129.69,-15.09]]]},"properties":{"NAME":"Jaminjung","ABBREVN":"Jaminjung","SUBJECTO":"Jaminjung","BORDERPRECISION":3,"PARTOF":"Jaminjung"}},
{"type":"Feature","geometry":{"type":"Polygon","coordinates":[[[118.22,-30.86],[118.09,-30.74],[118.08,-30.74],[117.98,-30.69],[117.92,-30.67],[117.59,-30.6],[116.85,-30.07],[116.43,-31.47],[116.73,-31.6],[116.73,-32.12],[117.51,-32.38],[117.8,-32.77],[118.04,-32.98],[117.67,-32.55],[117.61,-32.4],[117.54,-32.21],[117.53,-31.96],[117.72,-31.53],[117.92,-31.26],[118.19,-30.9],[118.22,-30.86]]]},"properties":{"NAME":"Ballardong","ABBREVN":"Ballardong","SUBJECTO":"Ballardong","BORDERPRECISION":3,"PARTOF":"Ballardong"}},
{"type":"Feature","geometry":{"type":"Polygon","coordinates":[[[123.29,-21.37],[123.41,-21.36],[123.61,-21.42],[124.09,-22.35],[125.21,-21.96],[125.39,-21.81],[125.52,-21.81],[125.84,-21.81],[126.04,-21.58],[126.45,-20.63],[126.45,-20.37],[126.34,-20.34],[126.08,-20.28],[125.11,-20.18],[124.96,-20.2],[124.9,-20.2],[124.72,-20.22],[124.26,-20.53],[123.84,-20.53],[123.84,-20.68],[123.84,-20.75],[123.71,-20.9],[123.56,-21.05],[123.29,-21.36],[123.29,-21.37]]]},"properties":{"NAME":"Yulparitja","ABBREVN":"Yulparitja","SUBJECTO":"Yulparitja","BORDERPRECISION":3,"PARTOF":"Yulparitja"}},
{"type":"Feature","geometry":{"type":"Polygon","coordinates":[[[133.61,-13.32],[133.65,-13.04],[133.51,-12.91],[133.44,-12.88],[133.32,-12.83],[132.91,-12.78],[132.85,-12.84],[133.61,-13.32]]]},"properties":{"NAME":"Wuningangk","ABBREVN":"Wuningangk","SUBJECTO":"Wuningangk","BORDERPRECISION":3,"PARTOF":"Wuningangk"}},
{"type":"Feature","geometry":{"type":"Polygon","coordinates":[[[130.03,-14.44],[130.04,-14.45],[130.07,-14.47],[130.16,-14.47],[130.28,-14.49],[130.32,-14.51],[130.34,-14.51],[130.39,-14.49],[130.55,-14.48],[130.79,-14.4],[130.91,-14.18],[130.88,-14.02],[130.86,-13.9],[130.86,-13.81],[130.87,-13.8],[130.73,-13.8],[130.59,-13.85],[130.42,-13.89],[130.31,-13.89],[130.3,-13.89],[130.3,-13.91],[130.29,-14],[130.21,-14.09],[130.11,-14.13],[130.1,-14.13],[130.09,-14.13],[130.03,-14.2],[130.01,-14.28],[129.99,-14.34],[130.01,-14.39],[130.02,-14.41],[130.03,-14.43],[130.03,-14.44]]]},"properties":{"NAME":"Ngan’giwumirri","ABBREVN":"Ngan’giwumirri","SUBJECTO":"Ngan’giwumirri","BORDERPRECISION":3,"PARTOF":"Ngan’giwumirri"}},
{"type":"Feature","geometry":{"type":"Polygon","coordinates":[[[115.99,-32.98],[115.99,-32.95],[116.08,-32.64],[116.08,-32.6],[116.1,-32.43],[116.14,-32.4],[116.14,-32.39],[116.03,-32.44],[115.76,-32.49],[115.77,-32.75],[115.72,-33.02],[115.83,-32.98],[115.97,-32.98],[115.98,-32.98],[115.99,-32.98]]]},"properties":{"NAME":"Pinjarup","ABBREVN":"Pinjarup","SUBJECTO":"Pinjarup","BORDERPRECISION":3,"PARTOF":"Pinjarup"}},
{"type":"Feature","geometry":{"type":"Polygon","coordinates":[[[127.45,-28.59],[127.42,-28.56],[127.38,-28.52],[127.37,-28.52],[127.28,-28.56],[127.13,-28.63],[126.94,-28.83],[126.65,-28.88],[125.93,-28.56],[125.07,-28.03],[124.61,-27.61],[124.42,-27.52],[124.39,-27.51],[124.37,-27.52],[124.17,-27.63],[123.88,-27.88],[123.28,-28.29],[122.63,-28.66],[122.63,-28.7],[122.63,-28.73],[122.64,-28.85],[122.73,-28.94],[123.41,-30.11],[123.51,-30.47],[123.52,-30.73],[123.56,-30.9],[123.56,-30.92],[124.42,-30.96],[125.19,-30.65],[126.36,-30.38],[127.13,-30.37],[128.17,-30.13],[128.45,-30.13],[128.45,-30.11],[128.47,-29.78],[128.34,-29.5],[127.86,-29.06],[127.64,-28.79],[127.45,-28.59]]]},"properties":{"NAME":"Nyanganyatjara","ABBREVN":"Nyanganyatjara","SUBJECTO":"Nyanganyatjara","BORDERPRECISION":3,"PARTOF":"Nyanganyatjara"}},
{"type":"Feature","geometry":{"type":"Polygon","coordinates":[[[131.03,-30.77],[131.04,-30.64],[128.69,-30.34],[131.03,-30.77]]]},"properties":{"NAME":null,"ABBREVN":null,"SUBJECTO":null,"BORDERPRECISION":3,"PARTOF":null}},
{"type":"Feature","geometry":{"type":"MultiPolygon","coordinates":[[[[134.63,-13.93],[134.37,-13.78],[134.33,-13.42],[134.32,-13.43],[133.95,-13.1],[133.96,-13.03],[133.75,-13.02],[133.65,-13.04],[133.61,-13.32],[133.64,-13.41],[133.63,-13.56],[133.64,-13.68],[133.8,-13.93],[134.62,-14.51],[134.63,-13.93]]],[[[123.38,-30.99],[124.22,-31.03],[124.42,-30.96],[123.56,-30.92],[123.55,-30.95],[123.35,-30.92],[123.25,-30.95],[123.38,-30.99]]],[[[120.39,-32.77],[120.33,-32.95],[120.2,-33.08],[120.38,-33.01],[120.53,-32.96],[120.46,-32.88],[120.41,-32.78],[120.39,-32.77]]],[[[117.72,-23.99],[117.59,-24.03],[117.67,-24.03],[118.44,-24.37],[118.57,-24.34],[118.79,-23.58],[118.8,-23.54],[118.58,-23.53],[118.56,-23.53],[118.5,-23.63],[117.88,-24.03],[117.72,-23.99]]],[[[119.44,-28.76],[120,-29.32],[120.74,-30.63],[120.99,-30.73],[120.22,-29.4],[119.76,-28.99],[119.69,-29.01],[119.52,-28.81],[119.44,-28.76]]],[[[118.47,-28.4],[118.42,-28.37],[118.69,-28.56],[119.2,-28.64],[118.47,-28.4]]],[[[113.77,-22.86],[113.72,-22.82],[113.62,-22.66],[113.74,-23.25],[113.77,-22.86]]],[[[113.37,-24.26],[113.43,-24.87],[113.9,-25.59],[113.75,-25.32],[113.55,-24.88],[113.61,-24.81],[113.57,-24.79],[113.37,-24.26]]],[[[132.11,-14.6],[132.21,-14.77],[132.46,-14.98],[133.1,-14.96],[132.93,-14.74],[132.11,-14.6]]],[[[132.29,-13.07],[132.32,-13.05],[132.34,-12.98],[132.41,-12.8],[132.43,-12.75],[132.3,-12.79],[132.22,-12.77],[132.21,-12.8],[131.72,-12.95],[131.66,-12.94],[131.21,-12.92],[131.2,-12.92],[131.1,-12.96],[130.98,-12.98],[131.52,-13.23],[131.6,-13.21],[131.92,-13.1],[132.18,-13.19],[132.26,-13.08],[132.29,-13.07]]],[[[116.43,-35.05],[116,-34.94],[115.65,-34.6],[115.14,-34.4],[115.05,-34.38],[115.02,-34.26],[115.05,-34.42],[115.62,-34.63],[115.97,-34.94],[116.56,-35.19],[117.74,-35.22],[116.41,-35.08],[116.43,-35.05]]],[[[118.57,-34.23],[117.67,-34.05],[117.56,-34.21],[116.21,-33.95],[116.18,-34.17],[116.56,-34.84],[116.57,-34.83],[116.52,-34.33],[118.65,-34.25],[118.57,-34.23]]],[[[119.01,-34.61],[119.35,-34.55],[118.92,-34.29],[119.03,-34.49],[119.01,-34.61]]],[[[113.06,-26.12],[114.34,-28.49],[113.7,-26.81],[113.6,-26.76],[113.06,-26.12]]],[[[122.31,-18.07],[122.25,-18.06],[122.21,-18.05],[122.23,-18.14],[122.31,-18.07]]],[[[122.18,-17.77],[122.15,-17.73],[122.1,-17.38],[122.09,-17.62],[122.18,-17.92],[122.16,-17.79],[122.18,-17.77]]],[[[128.45,-30.13],[128.17,-30.13],[127.13,-30.37],[128.69,-30.34],[131.04,-30.64],[131.29,-30.28],[131.37,-30.23],[131.36,-30.22],[131.35,-30.22],[131.25,-30.21],[130.16,-30.12],[129.34,-30.09],[128.46,-30.13],[128.45,-30.13]]],[[[122.73,-16.74],[122.73,-16.72],[122.76,-16.6],[122.65,-16.74],[122.73,-16.74]]],[[[131.94,-16.31],[131.93,-16.44],[132.23,-16.31],[132.39,-16.19],[132.33,-16.11],[132.32,-15.96],[132.3,-15.98],[132.18,-15.98],[132.14,-16],[131.94,-16.31]]],[[[116.39,-31.47],[116.67,-31.99],[116.63,-32.14],[117.51,-32.38],[116.73,-32.12],[116.73,-31.6],[116.43,-31.47],[116.85,-30.07],[117.59,-30.6],[117.92,-30.67],[116.95,-30.12],[116.83,-30.05],[116.39,-31.39],[116.39,-31.47]]],[[[114.95,-30.31],[114.9,-30.13],[115.06,-30.8],[115.49,-31.55],[115.98,-31.42],[115.92,-31.37],[115.43,-31.39],[114.97,-30.34],[114.95,-30.31]]],[[[114.69,-21.95],[114.64,-21.98],[114.92,-22.42],[115.26,-22.43],[115.13,-22.4],[114.69,-21.95]]],[[[131.56,-16.6],[131.39,-16.77],[130.97,-17.39],[130.94,-17.39],[130.96,-17.48],[130.98,-17.87],[130.98,-17.83],[130.98,-17.55],[131.56,-16.6]]],[[[123.6,-17.16],[123.51,-17.11],[123.5,-17.32],[123.53,-17.38],[123.56,-17.21],[123.57,-17.17],[123.6,-17.16]]],[[[130.47,-13.37],[130.48,-13.42],[131.33,-13.62],[131.34,-13.63],[131.17,-13.45],[130.47,-13.37]]],[[[124.43,-32.94],[124,-33.42],[126.06,-32.43],[127.27,-32.38],[129.19,-31.8],[131.36,-31.67],[131.11,-31.46],[131.02,-31.55],[128.9,-31.71],[127.31,-32.27],[126.01,-32.27],[124.43,-32.94]]],[[[117.45,-33.65],[117.56,-33.77],[117.65,-33.81],[117.45,-33.65]]],[[[118.67,-33.52],[118.58,-33.28],[118.44,-33.17],[118.67,-33.52]]],[[[119.46,-34.4],[119.51,-34.34],[119.16,-34.1],[119.46,-34.4]]],[[[133.01,-12.08],[132.93,-12.09],[132.88,-12.17],[132.87,-12.24],[132.92,-12.68],[132.89,-12.77],[132.91,-12.78],[133.32,-12.83],[133.32,-12.81],[133.01,-12.08]]],[[[114.59,-28.72],[114.45,-28.65],[114.54,-28.78],[114.59,-28.72]]],[[[116.67,-29.95],[116.72,-30],[116.52,-29.6],[116.38,-29.38],[116.67,-29.95]]],[[[117.96,-32.98],[118.04,-32.98],[117.8,-32.77],[117.96,-32.98]]]]},"properties":{"NAME":"Australian aboriginal hunter-gatherers","ABBREVN":"Australian aboriginal hunter-gatherers","SUBJECTO":"Australian aboriginal hunter-gatherers","BORDERPRECISION":1,"PARTOF":"Australian aboriginal hunter-gatherers"}},
{"type":"Feature","geometry":{"type":"Polygon","coordinates":[[[-4.15,53.23],[-4.28,53.4],[-4.57,53.27],[-4.35,53.12],[-4.15,53.23]]]},"properties":{"NAME":null,"ABBREVN":null,"SUBJECTO":null,"BORDERPRECISION":3,"PARTOF":null}},
{"type":"Feature","geometry":{"type":"Polygon","coordinates":[[[-5.1,55.44],[-5.15,55.67],[-5.4,55.6],[-5.1,55.44]]]},"properties":{"NAME":null,"ABBREVN":null,"SUBJECTO":null,"BORDERPRECISION":3,"PARTOF":null}},
{"type":"Feature","geometry":{"type":"Polygon","coordinates":[[[-6.12,55.88],[-6.33,55.59],[-6.02,55.68],[-6.12,55.88]]]},"properties":{"NAME":null,"ABBREVN":null,"SUBJECTO":null,"BORDERPRECISION":3,"PARTOF":null}},
{"type":"Feature","geometry":{"type":"Polygon","coordinates":[[[-5.95,55.83],[-5.75,56.06],[-5.97,56.02],[-6.08,55.91],[-5.95,55.83]]]},"properties":{"NAME":null,"ABBREVN":null,"SUBJECTO":null,"BORDERPRECISION":3,"PARTOF":null}},
{"type":"Feature","geometry":{"type":"Polygon","coordinates":[[[-7.47,56.94],[-7.38,56.98],[-7.45,57.06],[-7.55,56.97],[-7.47,56.94]]]},"properties":{"NAME":null,"ABBREVN":null,"SUBJECTO":null,"BORDERPRECISION":3,"PARTOF":null}},
{"type":"Feature","geometry":{"type":"Polygon","coordinates":[[[-7.22,57.34],[-7.42,57.38],[-7.38,57.11],[-7.23,57.09],[-7.22,57.34]]]},"properties":{"NAME":null,"ABBREVN":null,"SUBJECTO":null,"BORDERPRECISION":3,"PARTOF":null}},
{"type":"Feature","geometry":{"type":"Polygon","coordinates":[[[-7.27,57.4],[-7.2,57.46],[-7.35,57.49],[-7.39,57.42],[-7.27,57.4]]]},"properties":{"NAME":null,"ABBREVN":null,"SUBJECTO":null,"BORDERPRECISION":3,"PARTOF":null}},
{"type":"Feature","geometry":{"type":"Polygon","coordinates":[[[-7.19,57.69],[-7.48,57.56],[-7.15,57.51],[-7.19,57.69]]]},"properties":{"NAME":null,"ABBREVN":null,"SUBJECTO":null,"BORDERPRECISION":3,"PARTOF":null}},
{"type":"Feature","geometry":{"type":"Polygon","coordinates":[[[-7.01,57.88],[-6.99,57.92],[-7.07,57.9],[-7.01,57.88]]]},"properties":{"NAME":null,"ABBREVN":null,"SUBJECTO":null,"BORDERPRECISION":3,"PARTOF":null}},
{"type":"Feature","geometry":{"type":"Polygon","coordinates":[[[-6.2,58.36],[-7.03,58.24],[-6.47,57.94],[-6.2,58.36]]]},"properties":{"NAME":null,"ABBREVN":null,"SUBJECTO":null,"BORDERPRECISION":3,"PARTOF":null}},
{"type":"Feature","geometry":{"type":"Polygon","coordinates":[[[-2.92,58.73],[-2.88,58.82],[-3.04,58.82],[-2.92,58.73]]]},"properties":{"NAME":null,"ABBREVN":null,"SUBJECTO":null,"BORDERPRECISION":3,"PARTOF":null}},
{"type":"Feature","geometry":{"type":"Polygon","coordinates":[[[-3.23,58.78],[-3.14,58.8],[-3.34,58.93],[-3.43,58.87],[-3.23,58.78]]]},"properties":{"NAME":null,"ABBREVN":null,"SUBJECTO":null,"BORDERPRECISION":3,"PARTOF":null}},
{"type":"Feature","geometry":{"type":"Polygon","coordinates":[[[-2.79,58.95],[-3.08,59.12],[-3.19,58.91],[-2.79,58.95]]]},"properties":{"NAME":null,"ABBREVN":null,"SUBJECTO":null,"BORDERPRECISION":3,"PARTOF":null}},
{"type":"Feature","geometry":{"type":"Polygon","coordinates":[[[-2.68,59.2],[-2.62,59.24],[-2.5,59.24],[-2.41,59.31],[-2.59,59.29],[-2.68,59.2]]]},"properties":{"NAME":null,"ABBREVN":null,"SUBJECTO":null,"BORDERPRECISION":3,"PARTOF":null}},
{"type":"Feature","geometry":{"type":"Polygon","coordinates":[[[-2.89,59.3],[-3.05,59.33],[-3,59.26],[-2.97,59.29],[-2.89,59.3]]]},"properties":{"NAME":null,"ABBREVN":null,"SUBJECTO":null,"BORDERPRECISION":3,"PARTOF":null}},
{"type":"Feature","geometry":{"type":"Polygon","coordinates":[[[-1.3,60.49],[-1.32,60.36],[-1.65,60.23],[-1.13,60.15],[-1.04,60.45],[-1.3,60.49]]]},"properties":{"NAME":null,"ABBREVN":null,"SUBJECTO":null,"BORDERPRECISION":3,"PARTOF":null}},
{"type":"Feature","geometry":{"type":"Polygon","coordinates":[[[-1.03,60.5],[-0.99,60.72],[-1.18,60.64],[-1.03,60.5]]]},"properties":{"NAME":null,"ABBREVN":null,"SUBJECTO":null,"BORDERPRECISION":3,"PARTOF":null}},
{"type":"Feature","geometry":{"type":"Polygon","coordinates":[[[-0.82,60.69],[-0.77,60.83],[-0.94,60.79],[-0.97,60.69],[-0.82,60.69]]]},"properties":{"NAME":null,"ABBREVN":null,"SUBJECTO":null,"BORDERPRECISION":3,"PARTOF":null}},
{"type":"Feature","geometry":{"type":"Polygon","coordinates":[[[-6.71,61.94],[-6.72,62.03],[-7.19,62.31],[-7.23,62.17],[-6.71,61.94]]]},"properties":{"NAME":null,"ABBREVN":null,"SUBJECTO":null,"BORDERPRECISION":3,"PARTOF":null}},
{"type":"Feature","geometry":{"type":"Polygon","coordinates":[[[-4.78,54.06],[-4.39,54.19],[-4.53,54.37],[-4.78,54.06]]]},"properties":{"NAME":null,"ABBREVN":null,"SUBJECTO":null,"BORDERPRECISION":3,"PARTOF":null}},
{"type":"Feature","geometry":{"type":"Polygon","coordinates":[[[129.72,28.45],[129.16,28.23],[129.37,28.12],[129.72,28.45]]]},"properties":{"NAME":null,"ABBREVN":null,"SUBJECTO":null,"BORDERPRECISION":3,"PARTOF":null}},
{"type":"Feature","geometry":{"type":"Polygon","coordinates":[[[129.96,29.96],[129.94,30],[129.92,29.98],[129.96,29.96]]]},"properties":{"NAME":null,"ABBREVN":null,"SUBJECTO":null,"BORDERPRECISION":3,"PARTOF":null}},
{"type":"Feature","geometry":{"type":"Polygon","coordinates":[[[129.9,29.87],[129.88,29.83],[129.92,29.82],[129.9,29.87]]]},"properties":{"NAME":null,"ABBREVN":null,"SUBJECTO":null,"BORDERPRECISION":3,"PARTOF":null}},
{"type":"Feature","geometry":{"type":"Polygon","coordinates":[[[130.91,30.35],[131.07,30.69],[130.95,30.68],[130.91,30.35]]]},"properties":{"NAME":null,"ABBREVN":null,"SUBJECTO":null,"BORDERPRECISION":3,"PARTOF":null}},
{"type":"Feature","geometry":{"type":"Polygon","coordinates":[[[130.56,30.24],[130.67,30.37],[130.51,30.46],[130.39,30.4],[130.56,30.24]]]},"properties":{"NAME":null,"ABBREVN":null,"SUBJECTO":null,"BORDERPRECISION":3,"PARTOF":null}},
{"type":"Feature","geometry":{"type":"Polygon","coordinates":[[[121.73,25.14],[121,25],[120.12,23.63],[120.33,22.52],[120.88,22.34],[121.84,24.48],[121.73,25.14]]]},"properties":{"NAME":null,"ABBREVN":null,"SUBJECTO":null,"BORDERPRECISION":3,"PARTOF":null}},
{"type":"Feature","geometry":{"type":"Polygon","coordinates":[[[128.9,32.64],[128.65,32.78],[128.61,32.61],[128.9,32.64]]]},"properties":{"NAME":null,"ABBREVN":null,"SUBJECTO":null,"BORDERPRECISION":3,"PARTOF":null}},
{"type":"Feature","geometry":{"type":"Polygon","coordinates":[[[123.87,24.25],[123.92,24.37],[123.77,24.41],[123.68,24.32],[123.87,24.25]]]},"properties":{"NAME":null,"ABBREVN":null,"SUBJECTO":null,"BORDERPRECISION":3,"PARTOF":null}},
{"type":"Feature","geometry":{"type":"Polygon","coordinates":[[[125.36,24.78],[125.26,24.88],[125.25,24.74],[125.36,24.78]]]},"properties":{"NAME":null,"ABBREVN":null,"SUBJECTO":null,"BORDERPRECISION":3,"PARTOF":null}},
{"type":"Feature","geometry":{"type":"Polygon","coordinates":[[[124.26,24.46],[124.08,24.42],[124.12,24.34],[124.23,24.34],[124.26,24.46]]]},"properties":{"NAME":null,"ABBREVN":null,"SUBJECTO":null,"BORDERPRECISION":3,"PARTOF":null}},
{"type":"Feature","geometry":{"type":"Polygon","coordinates":[[[128.25,26.64],[128.25,26.84],[127.96,26.54],[128.25,26.64]]]},"properties":{"NAME":null,"ABBREVN":null,"SUBJECTO":null,"BORDERPRECISION":3,"PARTOF":null}},
{"type":"Feature","geometry":{"type":"Polygon","coordinates":[[[126.76,26.39],[126.7,26.35],[126.78,26.3],[126.81,26.35],[126.76,26.39]]]},"properties":{"NAME":null,"ABBREVN":null,"SUBJECTO":null,"BORDERPRECISION":3,"PARTOF":null}},
{"type":"Feature","geometry":{"type":"Polygon","coordinates":[[[128.95,27.68],[129.03,27.77],[128.9,27.9],[128.9,27.73],[128.95,27.68]]]},"properties":{"NAME":null,"ABBREVN":null,"SUBJECTO":null,"BORDERPRECISION":3,"PARTOF":null}},
{"type":"Feature","geometry":{"type":"Polygon","coordinates":[[[128.61,27.36],[128.7,27.45],[128.52,27.41],[128.61,27.36]]]},"properties":{"NAME":null,"ABBREVN":null,"SUBJECTO":null,"BORDERPRECISION":3,"PARTOF":null}},
{"type":"Feature","geometry":{"type":"Polygon","coordinates":[[[129.99,28.28],[130.03,28.35],[129.94,28.32],[129.99,28.28]]]},"properties":{"NAME":null,"ABBREVN":null,"SUBJECTO":null,"BORDERPRECISION":3,"PARTOF":null}},
{"type":"Feature","geometry":{"type":"Polygon","coordinates":[[[129.34,28.08],[129.34,28.11],[129.22,28.18],[129.22,28.1],[129.34,28.08]]]},"properties":{"NAME":null,"ABBREVN":null,"SUBJECTO":null,"BORDERPRECISION":3,"PARTOF":null}},
{"type":"Feature","geometry":{"type":"Polygon","coordinates":[[[129.73,29.61],[129.75,29.65],[129.71,29.65],[129.73,29.61]]]},"properties":{"NAME":null,"ABBREVN":null,"SUBJECTO":null,"BORDERPRECISION":3,"PARTOF":null}},
{"type":"Feature","geometry":{"type":"Polygon","coordinates":[[[7.16,53.16],[4.64,52.76],[3.77,51.38],[5.08,51.39],[6.01,50.76],[5.98,51.8],[7.07,52.27],[7.16,53.16]]]},"properties":{"NAME":"       ","ABBREVN":"Netherlands","SUBJECTO":"United Kingdom of Netherlands","BORDERPRECISION":3,"PARTOF":"United Kingdom of Netherlands"}},
{"type":"Feature","geometry":{"type":"MultiPolygon","coordinates":[[[[6.11,50.12],[6.01,50.76],[5.08,51.39],[3.77,51.38],[2.52,51.09],[2.88,50.68],[5.82,49.51],[6.11,50.12]]],[[[26.16,48.94],[26.04,49.63],[24.26,50.16],[20.26,49.89],[18.79,49.89],[16.73,50.15],[15.01,51.06],[12.25,50.22],[12.54,49.56],[13.95,48.66],[12.7,47.69],[11.17,47.42],[9.67,47.56],[9.54,47.49],[10.4,46.89],[10.66,45.81],[11.91,46.41],[13.57,46.51],[13.8,45.57],[14.85,45.11],[15.41,43.93],[17.55,42.92],[15.76,44.79],[15.83,45.2],[18.26,45.12],[19.01,45.46],[20.79,44.74],[22.13,44.51],[22.48,45.73],[24.06,46.1],[24.94,45.96],[26.19,46.81],[26.16,48.94]]]]},"properties":{"NAME":"Austrian Empire","ABBREVN":"Austria-Hung","SUBJECTO":"Austrian Empire","BORDERPRECISION":3,"PARTOF":"Austrian Empire"}},
{"type":"Feature","geometry":{"type":"Polygon","coordinates":[[[155.48,50.12],[156.15,50.52],[155.9,50.7],[155.48,50.12]]]},"properties":{"NAME":"Kuril Islands","ABBREVN":"","SUBJECTO":"(Russian and Japanese claim)","BORDERPRECISION":3,"PARTOF":""}},
{"type":"Feature","geometry":{"type":"MultiPolygon","coordinates":[[[[136.81,37.31],[135.98,35.97],[135.16,35.65],[132.66,35.38],[130.9,33.9],[134.43,34.63],[135.06,33.69],[135.76,33.34],[136.73,34.87],[138.15,34.53],[139.42,35.17],[140.32,35.03],[140.87,37.92],[141.5,38.42],[142,39.67],[141.15,40.87],[139.92,40.57],[140.03,39.48],[139.2,37.92],[137.18,36.64],[136.81,37.31]]],[[[132.57,32.64],[134.54,34.01],[132.78,33.91],[132.12,33.35],[132.57,32.64]]],[[[130.58,30.91],[131.32,31.51],[131.83,32.69],[131.67,33.31],[130.43,33.67],[129.34,33.15],[129.85,32.59],[130.58,30.91]]],[[[140.01,41.38],[140.25,42.23],[141.93,42.5],[143.21,41.93],[143.85,42.77],[145.45,43.17],[145.06,43.79],[143.51,44.16],[141.88,45.44],[141.71,43.91],[141.3,43.19],[139.71,42.48],[140.01,41.38]]]]},"properties":{"NAME":"Japan","ABBREVN":"Japan","SUBJECTO":"Japan","BORDERPRECISION":3,"PARTOF":"Japan"}},
{"type":"Feature","geometry":{"type":"Polygon","coordinates":[[[-179.06,51.25],[-179.09,51.29],[-179.14,51.27],[-179.13,51.22],[-179.06,51.25]]]},"properties":{"NAME":null,"ABBREVN":null,"SUBJECTO":null,"BORDERPRECISION":3,"PARTOF":null}},
{"type":"Feature","geometry":{"type":"Polygon","coordinates":[[[-178.9,51.36],[-178.98,51.37],[-178.99,51.31],[-178.9,51.36]]]},"properties":{"NAME":null,"ABBREVN":null,"SUBJECTO":null,"BORDERPRECISION":3,"PARTOF":null}},
{"type":"Feature","geometry":{"type":"Polygon","coordinates":[[[-178.08,51.7],[-177.91,51.66],[-177.82,51.83],[-177.95,51.92],[-178.21,51.86],[-177.97,51.77],[-178.08,51.7]]]},"properties":{"NAME":null,"ABBREVN":null,"SUBJECTO":null,"BORDERPRECISION":3,"PARTOF":null}},
{"type":"Feature","geometry":{"type":"Polygon","coordinates":[[[-176.43,51.84],[-176.61,51.99],[-176.97,51.66],[-176.42,51.75],[-176.43,51.84]]]},"properties":{"NAME":null,"ABBREVN":null,"SUBJECTO":null,"BORDERPRECISION":3,"PARTOF":null}},
{"type":"Feature","geometry":{"type":"Polygon","coordinates":[[[-178.78,51.83],[-178.86,51.79],[-178.8,51.74],[-178.73,51.78],[-178.78,51.83]]]},"properties":{"NAME":null,"ABBREVN":null,"SUBJECTO":null,"BORDERPRECISION":3,"PARTOF":null}},
{"type":"Feature","geometry":{"type":"Polygon","coordinates":[[[-177.63,51.69],[-177.37,51.73],[-177.15,51.7],[-177.05,51.89],[-177.2,51.92],[-177.24,51.79],[-177.63,51.69]]]},"properties":{"NAME":null,"ABBREVN":null,"SUBJECTO":null,"BORDERPRECISION":3,"PARTOF":null}},
{"type":"Feature","geometry":{"type":"Polygon","coordinates":[[[-176.31,51.87],[-176.42,51.85],[-176.39,51.73],[-176.26,51.78],[-176.31,51.87]]]},"properties":{"NAME":null,"ABBREVN":null,"SUBJECTO":null,"BORDERPRECISION":3,"PARTOF":null}},
{"type":"Feature","geometry":{"type":"Polygon","coordinates":[[[-176.21,51.82],[-176.03,51.82],[-176.02,51.85],[-176.21,51.88],[-176.21,51.82]]]},"properties":{"NAME":null,"ABBREVN":null,"SUBJECTO":null,"BORDERPRECISION":3,"PARTOF":null}},
{"type":"Feature","geometry":{"type":"Polygon","coordinates":[[[-175.96,51.89],[-176.06,51.91],[-176.05,51.86],[-175.96,51.89]]]},"properties":{"NAME":null,"ABBREVN":null,"SUBJECTO":null,"BORDERPRECISION":3,"PARTOF":null}},
{"type":"Feature","geometry":{"type":"Polygon","coordinates":[[[-175.72,51.93],[-175.66,51.95],[-175.7,51.97],[-175.72,51.93]]]},"properties":{"NAME":null,"ABBREVN":null,"SUBJECTO":null,"BORDERPRECISION":3,"PARTOF":null}},
{"type":"Feature","geometry":{"type":"Polygon","coordinates":[[[-175.8,51.99],[-175.94,51.98],[-175.88,51.96],[-175.8,51.99]]]},"properties":{"NAME":null,"ABBREVN":null,"SUBJECTO":null,"BORDERPRECISION":3,"PARTOF":null}},
{"type":"Feature","geometry":{"type":"Polygon","coordinates":[[[-176.15,52.1],[-176.17,51.99],[-175.99,52.03],[-176.15,52.1]]]},"properties":{"NAME":null,"ABBREVN":null,"SUBJECTO":null,"BORDERPRECISION":3,"PARTOF":null}},
{"type":"Feature","geometry":{"type":"Polygon","coordinates":[[[-172.96,52.09],[-173.51,52.11],[-173.47,52.04],[-172.96,52.09]]]},"properties":{"NAME":null,"ABBREVN":null,"SUBJECTO":null,"BORDERPRECISION":3,"PARTOF":null}},
{"type":"Feature","geometry":{"type":"Polygon","coordinates":[[[-174.79,52.02],[-174.14,52.12],[-174.23,52.27],[-174.79,52.02]]]},"properties":{"NAME":null,"ABBREVN":null,"SUBJECTO":null,"BORDERPRECISION":3,"PARTOF":null}},
{"type":"Feature","geometry":{"type":"Polygon","coordinates":[[[-172.57,52.34],[-172.52,52.24],[-172.31,52.31],[-172.41,52.39],[-172.57,52.34]]]},"properties":{"NAME":null,"ABBREVN":null,"SUBJECTO":null,"BORDERPRECISION":3,"PARTOF":null}},
{"type":"Feature","geometry":{"type":"Polygon","coordinates":[[[-171.25,52.52],[-171.3,52.5],[-171.31,52.45],[-171.23,52.45],[-171.2,52.49],[-171.25,52.52]]]},"properties":{"NAME":null,"ABBREVN":null,"SUBJECTO":null,"BORDERPRECISION":3,"PARTOF":null}},
{"type":"Feature","geometry":{"type":"Polygon","coordinates":[[[-170.79,52.53],[-170.61,52.59],[-170.68,52.69],[-170.82,52.62],[-170.79,52.53]]]},"properties":{"NAME":null,"ABBREVN":null,"SUBJECTO":null,"BORDERPRECISION":3,"PARTOF":null}},
{"type":"Feature","geometry":{"type":"Polygon","coordinates":[[[-170.05,52.76],[-170.18,52.78],[-170.19,52.72],[-170.05,52.76]]]},"properties":{"NAME":null,"ABBREVN":null,"SUBJECTO":null,"BORDERPRECISION":3,"PARTOF":null}},
{"type":"Feature","geometry":{"type":"Polygon","coordinates":[[[-169.99,52.8],[-169.71,52.78],[-169.78,52.89],[-169.99,52.8]]]},"properties":{"NAME":null,"ABBREVN":null,"SUBJECTO":null,"BORDERPRECISION":3,"PARTOF":null}},
{"type":"Feature","geometry":{"type":"Polygon","coordinates":[[[-169.99,52.9],[-170.08,52.92],[-170.13,52.89],[-170.05,52.85],[-169.99,52.9]]]},"properties":{"NAME":null,"ABBREVN":null,"SUBJECTO":null,"BORDERPRECISION":3,"PARTOF":null}},
{"type":"Feature","geometry":{"type":"Polygon","coordinates":[[[-169.68,53.03],[-169.75,53.03],[-169.76,52.97],[-169.7,52.96],[-169.68,53.03]]]},"properties":{"NAME":null,"ABBREVN":null,"SUBJECTO":null,"BORDERPRECISION":3,"PARTOF":null}},
{"type":"Feature","geometry":{"type":"Polygon","coordinates":[[[-169.04,52.83],[-167.87,53.37],[-168.41,53.42],[-169.04,52.83]]]},"properties":{"NAME":null,"ABBREVN":null,"SUBJECTO":null,"BORDERPRECISION":3,"PARTOF":null}},
{"type":"Feature","geometry":{"type":"Polygon","coordinates":[[[-166.21,53.92],[-167.16,53.85],[-167.14,53.42],[-166.27,53.68],[-166.32,53.78],[-166.21,53.92]]]},"properties":{"NAME":null,"ABBREVN":null,"SUBJECTO":null,"BORDERPRECISION":3,"PARTOF":null}},
{"type":"Feature","geometry":{"type":"Polygon","coordinates":[[[-166.2,53.83],[-166.3,53.76],[-166.21,53.71],[-166.11,53.78],[-166.2,53.83]]]},"properties":{"NAME":null,"ABBREVN":null,"SUBJECTO":null,"BORDERPRECISION":3,"PARTOF":null}},
{"type":"Feature","geometry":{"type":"Polygon","coordinates":[[[-165.48,54.07],[-165.36,54.07],[-165.3,54.04],[-165.25,54.06],[-165.28,54.09],[-165.43,54.08],[-165.48,54.07]]]},"properties":{"NAME":null,"ABBREVN":null,"SUBJECTO":null,"BORDERPRECISION":3,"PARTOF":null}},
{"type":"Feature","geometry":{"type":"Polygon","coordinates":[[[-165.09,54.07],[-165.13,54.13],[-165.21,54.08],[-165.09,54.07]]]},"properties":{"NAME":null,"ABBREVN":null,"SUBJECTO":null,"BORDERPRECISION":3,"PARTOF":null}},
{"type":"Feature","geometry":{"type":"Polygon","coordinates":[[[-165.99,54.05],[-165.66,54.13],[-165.94,54.22],[-165.99,54.05]]]},"properties":{"NAME":null,"ABBREVN":null,"SUBJECTO":null,"BORDERPRECISION":3,"PARTOF":null}},
{"type":"Feature","geometry":{"type":"Polygon","coordinates":[[[-165.49,54.29],[-165.68,54.24],[-165.62,54.13],[-165.49,54.17],[-165.49,54.29]]]},"properties":{"NAME":null,"ABBREVN":null,"SUBJECTO":null,"BORDERPRECISION":3,"PARTOF":null}},
{"type":"Feature","geometry":{"type":"Polygon","coordinates":[[[-163.33,54.7],[-163.52,55.04],[-164.43,54.93],[-164.33,54.52],[-164.3,54.55],[-163.43,54.68],[-163.33,54.7]]]},"properties":{"NAME":null,"ABBREVN":null,"SUBJECTO":null,"BORDERPRECISION":3,"PARTOF":null}},
{"type":"Feature","geometry":{"type":"Polygon","coordinates":[[[-169.64,56.55],[-169.47,56.59],[-169.76,56.62],[-169.64,56.55]]]},"properties":{"NAME":null,"ABBREVN":null,"SUBJECTO":null,"BORDERPRECISION":3,"PARTOF":null}},
{"type":"Feature","geometry":{"type":"Polygon","coordinates":[[[-170.41,57.17],[-170.25,57.13],[-170.15,57.23],[-170.39,57.2],[-170.41,57.17]]]},"properties":{"NAME":null,"ABBREVN":null,"SUBJECTO":null,"BORDERPRECISION":3,"PARTOF":null}},
{"type":"Feature","geometry":{"type":"Polygon","coordinates":[[[-165.86,60.35],[-166.5,60.38],[-167.13,60],[-165.73,59.91],[-165.86,60.35]]]},"properties":{"NAME":null,"ABBREVN":null,"SUBJECTO":null,"BORDERPRECISION":3,"PARTOF":null}},
{"type":"Feature","geometry":{"type":"Polygon","coordinates":[[[-172.26,60.3],[-172.38,60.39],[-172.58,60.4],[-172.6,60.33],[-172.26,60.3]]]},"properties":{"NAME":null,"ABBREVN":null,"SUBJECTO":null,"BORDERPRECISION":3,"PARTOF":null}},
{"type":"Feature","geometry":{"type":"Polygon","coordinates":[[[-170.71,63.65],[-171.64,63.72],[-171.72,63.75],[-171.85,63.51],[-170.87,63.46],[-170.22,63.21],[-170.15,63.18],[-169.89,63.15],[-169.16,63.3],[-170.03,63.54],[-170.71,63.65]]]},"properties":{"NAME":null,"ABBREVN":null,"SUBJECTO":null,"BORDERPRECISION":3,"PARTOF":null}},
{"type":"Feature","geometry":{"type":"Polygon","coordinates":[[[-172.53,64.66],[-172.66,64.67],[-172.75,64.64],[-172.54,64.61],[-172.53,64.66]]]},"properties":{"NAME":null,"ABBREVN":null,"SUBJECTO":null,"BORDERPRECISION":3,"PARTOF":null}},
{"type":"Feature","geometry":{"type":"Polygon","coordinates":[[[-172.57,64.82],[-172.59,64.7],[-172.17,64.77],[-172.3,64.85],[-172.57,64.82]]]},"properties":{"NAME":null,"ABBREVN":null,"SUBJECTO":null,"BORDERPRECISION":3,"PARTOF":null}},
{"type":"Feature","geometry":{"type":"Polygon","coordinates":[[[-178.21,71.47],[-180,71.54],[-180,71],[-177.94,71.04],[-178.21,71.47]]]},"properties":{"NAME":null,"ABBREVN":null,"SUBJECTO":null,"BORDERPRECISION":3,"PARTOF":null}},
{"type":"Feature","geometry":{"type":"Polygon","coordinates":[[[-175.68,71.41],[-175.8,71.43],[-175.8,71.39],[-175.68,71.41]]]},"properties":{"NAME":null,"ABBREVN":null,"SUBJECTO":null,"BORDERPRECISION":3,"PARTOF":null}},
{"type":"Feature","geometry":{"type":"MultiPolygon","coordinates":[[[[-141.06,69.6],[-143.31,70.2],[-145.27,70.12],[-149.29,70.54],[-156.9,71.35],[-160.24,70.86],[-162.88,70],[-164.07,69.06],[-166.84,68.41],[-163.74,67.22],[-161.94,67.09],[-162.28,66.07],[-164.46,66.6],[-168.18,65.69],[-166.14,65.35],[-166.59,64.73],[-163.03,64.44],[-161.29,64.96],[-161.13,63.56],[-165.43,62.43],[-165.9,61.27],[-164.03,59.8],[-162.38,60.16],[-162,58.83],[-160.43,59],[-158.29,58.73],[-157.67,57.6],[-160.46,56.2],[-159.08,55.99],[-156.68,57.4],[-154.65,58.08],[-153.45,58.88],[-154.28,59.25],[-151.78,59.99],[-151.39,59.21],[-149.33,60.03],[-148.49,61.06],[-144.41,60.09],[-139.57,59.9],[-139.2,59.28],[-137.58,58.6],[-134.12,58.24],[-131.77,56.01],[-130,55.29],[-130.29,56.11],[-131.72,56.61],[-133.5,58.42],[-135.85,59.65],[-137.22,58.88],[-139.01,60.26],[-140.89,60.39],[-140.93,63.79],[-140.97,66.03],[-141.06,69.6]]],[[[-179.5,68.95],[-180,68.98],[-180,68.07],[-180,67.07],[-180,66.07],[-180,65.07],[-178.56,65.52],[-176.08,65.47],[-175.82,64.96],[-173.19,64.25],[-172.42,65.58],[-170.14,66.16],[-178.74,68.54],[-179.5,68.95]]]]},"properties":{"NAME":"Russian Empire","ABBREVN":"Russia","SUBJECTO":"Russian Empire","BORDERPRECISION":3,"PARTOF":"Russian Empire"}},
{"type":"Feature","geometry":{"type":"Polygon","coordinates":[[[-79.05,42.85],[-80.07,42.15],[-82.57,41.4],[-83.06,42.03],[-82.3,43.03],[-83.39,44.31],[-83.82,46.15],[-84.74,46.47],[-86.52,46.48],[-87.76,46.86],[-90.28,46.62],[-91.15,47.37],[-89.62,47.97],[-91.68,48.04],[-94.82,49.05],[-100.46,49.04],[-104.26,49.06],[-110.67,49.05],[-115.16,49.06],[-121.05,49.05],[-122.9,49.07],[-122.83,48.02],[-124.68,48.39],[-123.99,45.76],[-124.63,43.01],[-124.31,42.05],[-118.92,42.05],[-110.21,42.05],[-110.21,38.35],[-107.48,38.19],[-104.1,37.55],[-100.24,37.71],[-100.2,34.54],[-97.33,33.7],[-95.5,33.86],[-94.25,33.54],[-94.25,31.98],[-93.75,31.17],[-94.06,29.7],[-93.45,29.77],[-90,29.11],[-89.23,30.41],[-87.77,30.26],[-86.39,30.47],[-85.3,29.66],[-83.89,30.05],[-82.65,28.91],[-82.84,27.84],[-81.1,25.13],[-80.31,25.24],[-80.05,26.55],[-80.61,28.56],[-81.51,30.73],[-80.58,32.5],[-76.62,34.76],[-75.73,35.88],[-76.22,37.94],[-75.67,37.9],[-74.15,39.77],[-73.74,40.98],[-70.3,41.76],[-70.87,42.87],[-70.22,43.8],[-66.94,44.88],[-67.19,45.25],[-67.7,47.04],[-69.05,47.46],[-70.59,45.29],[-71.53,44.96],[-74.78,45.01],[-76.13,44.33],[-76.94,43.24],[-79.14,43.22],[-79.05,42.85]],[[-87.68,42.02],[-87.91,43.19],[-86.72,45.87],[-85.38,46.07],[-84.95,45.41],[-86,44.92],[-86.51,43.68],[-86.23,42.62],[-87.68,42.02]]]},"properties":{"NAME":"United States","ABBREVN":"United States","SUBJECTO":"United States","BORDERPRECISION":3,"PARTOF":"United States"}},
{"type":"Feature","geometry":{"type":"Polygon","coordinates":[[[124.13,39.84],[125.3,39.36],[124.74,38.28],[126.63,37.59],[126.37,34.79],[128.45,34.85],[129.44,35.48],[129.34,37.26],[127.28,39.22],[127.67,39.87],[129.48,40.68],[129.64,41.66],[130.44,42.28],[130.23,42.65],[128.76,42.06],[128.1,41.45],[126.47,41.65],[125.88,40.95],[124.13,39.84]]]},"properties":{"NAME":"Korea","ABBREVN":"Korea","SUBJECTO":"Korea","BORDERPRECISION":3,"PARTOF":"Korea"}},
{"type":"Feature","geometry":{"type":"Polygon","coordinates":[[[13.67,54.57],[13.23,54.63],[13.12,54.33],[13.51,54.34],[13.67,54.57]]]},"properties":{"NAME":null,"ABBREVN":null,"SUBJECTO":null,"BORDERPRECISION":3,"PARTOF":null}},
{"type":"Feature","geometry":{"type":"Polygon","coordinates":[[[14.76,55.31],[14.68,55.1],[15.04,55],[15.15,55.13],[14.76,55.31]]]},"properties":{"NAME":null,"ABBREVN":null,"SUBJECTO":null,"BORDERPRECISION":3,"PARTOF":null}},
{"type":"Feature","geometry":{"type":"Polygon","coordinates":[[[23.17,58.68],[23.07,58.59],[23.23,58.53],[23.35,58.64],[23.17,58.68]]]},"properties":{"NAME":null,"ABBREVN":null,"SUBJECTO":null,"BORDERPRECISION":3,"PARTOF":null}},
{"type":"Feature","geometry":{"type":"Polygon","coordinates":[[[23.21,58.45],[22.11,58.49],[22.2,58.15],[23.21,58.45]]]},"properties":{"NAME":null,"ABBREVN":null,"SUBJECTO":null,"BORDERPRECISION":3,"PARTOF":null}},
{"type":"Feature","geometry":{"type":"Polygon","coordinates":[[[22.95,58.84],[22.58,59.07],[22.23,58.88],[22.48,58.7],[22.95,58.84]]]},"properties":{"NAME":null,"ABBREVN":null,"SUBJECTO":null,"BORDERPRECISION":3,"PARTOF":null}},
{"type":"Feature","geometry":{"type":"Polygon","coordinates":[[[23.18,59.04],[23.18,58.96],[23.38,58.98],[23.33,59.04],[23.18,59.04]]]},"properties":{"NAME":null,"ABBREVN":null,"SUBJECTO":null,"BORDERPRECISION":3,"PARTOF":null}},
{"type":"Feature","geometry":{"type":"Polygon","coordinates":[[[20.12,60.08],[20,60.05],[20.14,59.99],[20.21,60.06],[20.12,60.08]]]},"properties":{"NAME":null,"ABBREVN":null,"SUBJECTO":null,"BORDERPRECISION":3,"PARTOF":null}},
{"type":"Feature","geometry":{"type":"Polygon","coordinates":[[[20.3,60.12],[20.22,60.14],[20.2,60.08],[20.27,60.06],[20.3,60.12]]]},"properties":{"NAME":null,"ABBREVN":null,"SUBJECTO":null,"BORDERPRECISION":3,"PARTOF":null}},
{"type":"Feature","geometry":{"type":"Polygon","coordinates":[[[19.57,60.25],[19.51,60.18],[19.54,60.13],[19.67,60.15],[19.57,60.25]]]},"properties":{"NAME":null,"ABBREVN":null,"SUBJECTO":null,"BORDERPRECISION":3,"PARTOF":null}},
{"type":"Feature","geometry":{"type":"Polygon","coordinates":[[[20.07,60.3],[19.93,60.28],[19.77,60.08],[20.04,60.09],[19.91,60.22],[20.07,60.3]]]},"properties":{"NAME":null,"ABBREVN":null,"SUBJECTO":null,"BORDERPRECISION":3,"PARTOF":null}},
{"type":"Feature","geometry":{"type":"Polygon","coordinates":[[[20.44,60.25],[20.34,60.24],[20.39,60.19],[20.44,60.25]]]},"properties":{"NAME":null,"ABBREVN":null,"SUBJECTO":null,"BORDERPRECISION":3,"PARTOF":null}},
{"type":"Feature","geometry":{"type":"Polygon","coordinates":[[[11.04,54.52],[11.02,54.44],[11.31,54.41],[11.24,54.5],[11.04,54.52]]]},"properties":{"NAME":null,"ABBREVN":null,"SUBJECTO":null,"BORDERPRECISION":3,"PARTOF":null}},
{"type":"Feature","geometry":{"type":"MultiPolygon","coordinates":[[[[9.5,54.94],[10.84,55.29],[9.31,56.48],[8.18,56.43],[8.62,54.89],[9.5,54.94]]],[[[-22.47,66],[-21.95,65.38],[-22.37,63.77],[-18.64,63.32],[-14.82,64.2],[-13.65,65.5],[-16.39,66.45],[-18.68,66.09],[-21.08,65.21],[-22.47,66]]],[[[-27.91,70.28],[-27.61,71.07],[-25.29,71.57],[-23.75,70.59],[-21.73,71.4],[-25.07,72.63],[-24.08,73.76],[-20.33,73.42],[-19.19,75.44],[-21.18,76.7],[-18.25,77.3],[-20.78,77.97],[-20.88,78.82],[-14.2,81.21],[-22.05,81.54],[-25.46,82.22],[-22.43,82.74],[-32.51,83.58],[-49.65,82.48],[-61.12,81.8],[-61.11,81.18],[-67.14,80.56],[-64.62,79.95],[-65.48,79.16],[-72.38,78.53],[-71.18,77.26],[-67.04,75.94],[-63.65,76.38],[-58.64,75.79],[-54.73,73.04],[-55.63,71.73],[-51.72,71.59],[-50.57,69.87],[-50.95,68.54],[-50.48,67.48],[-52.3,66.91],[-53.1,65.87],[-52.08,65.37],[-51.37,63.73],[-49.86,62.97],[-48.92,61.42],[-43.14,59.82],[-42.27,62.19],[-40.52,63.78],[-39.99,65.53],[-35.97,65.85],[-34.43,66.38],[-32.96,67.64],[-26.96,68.5],[-22.73,69.77],[-24.58,70.3],[-27.91,70.28]]]]},"properties":{"NAME":"Denmark","ABBREVN":"Denmark","SUBJECTO":"Denmark","BORDERPRECISION":3,"PARTOF":"Denmark"}},
{"type":"Feature","geometry":{"type":"MultiPolygon","coordinates":[[[[31.05,69.64],[30.8,70.31],[28.31,70.95],[24.57,70.74],[23.2,69.94],[20.16,69.75],[17.41,68.77],[13.17,66.46],[12.11,65.13],[9.83,63.68],[7.09,62.91],[5.15,61.74],[5.1,60.26],[5.81,59.95],[5.62,58.46],[6.96,57.97],[8.15,58.09],[10.55,59.38],[13.3,55.3],[14.65,56.12],[15.77,56.03],[16.66,57.44],[16.74,58.31],[19.04,59.86],[17.15,60.95],[17.07,61.54],[18.49,62.98],[20.7,63.82],[20.92,64.71],[22.65,65.93],[23.95,65.8],[23.49,67.83],[22.46,68.69],[25.63,68.81],[26.51,69.81],[29.92,69.35],[31.05,69.64]]],[[[20.34,79.8],[23.82,79.15],[27.2,79.94],[24.78,80.38],[20.34,79.8]]],[[[13.4,79.43],[11.76,78.88],[15.1,77.12],[17.27,76.81],[19.12,78.45],[20.91,78.81],[17.83,79.81],[13.4,79.43]]]]},"properties":{"NAME":"Sweden–Norway","ABBREVN":"Sweden–Norway","SUBJECTO":"","BORDERPRECISION":3,"PARTOF":""}},
{"type":"Feature","geometry":{"type":"Polygon","coordinates":[[[15.01,51.06],[16.73,50.15],[18.79,49.89],[18.77,50.18],[18.14,50.99],[17.9,52.18],[19.28,53.17],[20.01,53.04],[22.81,53.81],[22.79,54.9],[20.95,56.07],[21.14,54.85],[18.28,54.72],[14.47,53.88],[13.78,53.78],[12.46,54.25],[13.26,53.57],[13.72,53.28],[12.84,52.94],[11.08,52.97],[10.21,51.66],[10.15,51.64],[10.18,51.6],[10.55,51.57],[10.97,51.58],[10.77,51.44],[10.47,51.49],[10.16,51.47],[9.65,51.31],[9.93,51.1],[12.06,51.02],[12.63,51.61],[14.72,51.41],[15.01,51.06]],[[11.06,51.56],[11.93,52.09],[12.16,51.84],[11.8,51.56],[11.06,51.56]]]},"properties":{"NAME":"Prussia","ABBREVN":"Prussia","SUBJECTO":"Prussia","BORDERPRECISION":3,"PARTOF":"Prussia"}},
{"type":"Feature","geometry":{"type":"Polygon","coordinates":[[[14.07,53.92],[13.78,54.04],[13.83,53.83],[14.07,53.92]]]},"properties":{"NAME":"Prussia","ABBREVN":"Prussia","SUBJECTO":"Prussia","BORDERPRECISION":3,"PARTOF":"Prussia"}},
{"type":"Feature","geometry":{"type":"Polygon","coordinates":[[[20.26,49.89],[18.77,50.18],[18.79,49.89],[20.26,49.89]]]},"properties":{"NAME":"Republic of Kraków","ABBREVN":"Republic of Kraków","SUBJECTO":"Republic of Kraków","BORDERPRECISION":3,"PARTOF":"Republic of Kraków"}},
{"type":"Feature","geometry":{"type":"Polygon","coordinates":[[[30.43,46.18],[31.78,46.7],[32.2,46.17],[33.64,45.93],[33.4,44.6],[35.07,44.86],[34.91,46.27],[37.42,47.08],[37.97,46.44],[37.47,44.69],[38.92,44.21],[40.25,43.27],[41.41,42.79],[41.48,41.44],[42.88,41.55],[43.96,42.59],[44.98,42.77],[47.35,41.44],[48.22,41.47],[47.25,42.78],[47.49,43.58],[46.85,44.45],[47.56,45.45],[49.53,46.54],[51.37,47.09],[53.19,46.87],[53.27,45.34],[53.53,45.28],[58.61,46.79],[65.33,50.39],[66.53,50.64],[71.88,51.74],[75.46,51.66],[77.06,52.23],[78.65,50.81],[81.48,50.29],[84.44,50.55],[91.12,52.48],[93.57,52.35],[95.19,53.8],[97.32,52.83],[97.61,52.15],[102.12,51.36],[102.64,50.46],[103.68,50.17],[106.32,50.42],[109.42,49.3],[112.52,49.46],[114.1,50.27],[117.49,49.59],[119.29,50.12],[119.18,50.7],[121.19,53.32],[123.35,53.51],[125.51,53.16],[126.19,52.52],[127.71,49.7],[130.48,48.9],[130.92,47.73],[132.27,47.78],[134.11,48.25],[134.17,47.33],[133.38,45.65],[132.78,44.99],[131.74,45.26],[130.99,44.82],[131.14,43.23],[130.23,42.65],[130.44,42.28],[132.18,43.19],[132.95,42.67],[134.14,42.99],[136.03,44.4],[137.72,46],[140.08,48.5],[141.12,53.05],[140.1,53.8],[138.42,54.09],[137.98,53.46],[136.35,53.7],[136.49,54.46],[134.99,54.85],[137.23,55.98],[140.59,58.24],[142.85,59.27],[148.42,59.1],[149.05,59.59],[151.14,59.44],[152.5,58.77],[153.92,58.92],[154.32,59.98],[155.73,60.56],[157.1,61.63],[158.84,61.78],[160.64,60.72],[164.14,62.53],[163.33,60.69],[159.65,58.95],[158.33,58.03],[156.78,57.58],[155.63,56.27],[155.47,54.92],[156.7,50.96],[157.9,51.67],[158.46,52.83],[159.9,53.24],[159.93,54.09],[162.01,54.74],[161.5,55.29],[162.51,57.03],[161.8,58.1],[163.39,59.81],[164.58,59.66],[165.78,60.35],[170.34,60.28],[173.48,61.6],[179.29,62.82],[178.15,64.16],[180,64.95],[180,65.05],[180,65.31],[180,65.38],[180,65.96],[180,66.96],[180,67.96],[180,68.92],[175.61,69.78],[170.45,70.02],[170.83,68.92],[169.39,68.72],[167.32,69.66],[161.96,69.53],[159.44,69.76],[158.41,70.81],[156.04,70.99],[152.13,70.66],[150.69,71.35],[146.92,72.2],[141.29,72.79],[137.63,71.08],[132.28,71.66],[130.78,70.68],[126.22,72.38],[125.72,73.4],[120.58,72.84],[118.46,73.52],[108.34,73.69],[113.63,75.27],[113.53,76.09],[108.24,76.65],[103.39,77.56],[99.47,75.97],[90,75.6],[86.96,74.78],[87.69,73.9],[80.46,73.31],[79.22,72.27],[76.33,71.72],[73.22,71.46],[74.25,70.57],[73.91,69.15],[74.74,67.69],[72.21,66.17],[70.84,66.55],[72.84,67.65],[72.68,70.82],[71.8,71.43],[72.71,72.77],[69.34,72.83],[68.32,71.63],[66.82,71.11],[67.42,70.22],[66.58,68.89],[62.28,69.71],[57.02,68.45],[53.89,68.79],[48.08,67.56],[45.86,68.38],[43.82,68.33],[44.38,66.61],[42.21,66.41],[39.95,65.58],[39.19,64.51],[36.88,65.07],[37.41,63.75],[35.08,64.29],[34.29,65.4],[35.77,66.26],[39.19,66.04],[41.26,66.94],[40.83,67.66],[37.25,68.79],[31.05,69.64],[29.92,69.35],[26.51,69.81],[25.63,68.81],[22.46,68.69],[23.49,67.83],[23.95,65.8],[25.25,65.42],[24.47,64.64],[21.03,62.48],[21.56,60.51],[23.66,59.84],[25.58,60.26],[28.44,60.34],[27.7,59.3],[25.72,59.46],[23.42,59.12],[24.35,57.16],[23.22,56.98],[21.68,57.46],[20.95,56.07],[22.79,54.9],[22.81,53.81],[20.01,53.04],[19.28,53.17],[17.9,52.18],[18.14,50.99],[18.77,50.18],[20.26,49.89],[24.26,50.16],[26.04,49.63],[26.16,48.94],[28.91,47.82],[29.43,46.82],[30.43,46.18]]]},"properties":{"NAME":"Russian Empire","ABBREVN":"Russia","SUBJECTO":"Russian Empire","BORDERPRECISION":3,"PARTOF":"Russian Empire"}},
{"type":"Feature","geometry":{"type":"Polygon","coordinates":[[[12.4,43.96],[12.49,43.9],[12.5,43.99],[12.4,43.96]]]},"properties":{"NAME":"San Marino","ABBREVN":"San Marino","SUBJECTO":"San Marino","BORDERPRECISION":3,"PARTOF":"San Marino"}},
{"type":"Feature","geometry":{"type":"Polygon","coordinates":[[[102.07,6.15],[101.56,6.74],[100.61,6.98],[100.13,8.53],[99.07,9.9],[99.9,12.08],[100.24,13.49],[100.87,12.68],[101.92,12.59],[102.53,12.15],[102.61,12.1],[102.75,12.4],[102.36,13.51],[102.94,14.15],[103.62,14.41],[104.36,14.33],[105.13,14.22],[105.86,13.97],[106.13,13.96],[106.14,14.09],[106.05,14.39],[106.51,14.54],[106.84,14.32],[107.39,14.56],[107.11,16.17],[106.64,16.48],[104.81,18.72],[103.9,19.31],[104.72,20.2],[104.13,20.94],[102.99,20.94],[101.97,22.53],[101.75,21.47],[100.32,21.46],[99.16,22.31],[98.77,24.09],[97.7,23.88],[98.2,21.61],[97.37,20.78],[97.27,18.5],[98.82,16.32],[98.14,15.19],[99,13.89],[99.58,11.89],[98.59,10.12],[98.18,8.6],[99.02,7.87],[100.16,6.34],[100.62,6.42],[101.76,5.59],[102.07,6.15]]]},"properties":{"NAME":"Rattanakosin Kingdom","ABBREVN":"Rattanakosin Kingdom","SUBJECTO":"Rattanakosin Kingdom","BORDERPRECISION":3,"PARTOF":"Rattanakosin Kingdom"}},
{"type":"Feature","geometry":{"type":"Polygon","coordinates":[[[74.73,37.21],[74.58,38.59],[73.86,38.54],[73.83,39.78],[75.43,40.61],[76.48,40.44],[77.49,41.06],[76.98,41.72],[74.89,42.69],[76.74,43.36],[72.95,45.03],[66.53,50.64],[65.33,50.39],[58.61,46.79],[53.53,45.28],[53.27,45.34],[51.51,45.37],[50.87,44.63],[51.17,43.72],[52.52,42.07],[53.99,42.11],[54.82,40.88],[53.26,40.76],[52.85,40.18],[54.07,38.9],[54.02,37.35],[55.36,38.04],[57.23,38.19],[59.24,37.45],[60.35,36.61],[61.01,36.64],[61.22,35.58],[62.68,35.27],[63.12,35.79],[64.54,36.34],[64.83,37.15],[65.72,37.49],[67.52,37.21],[67.86,36.85],[70.02,37.46],[70.72,38.36],[71.44,37.83],[71.85,36.72],[73.05,37.33],[74.73,37.21]],[[61.25,46.61],[60.94,44.44],[60.08,43.61],[58.37,43.74],[58.2,44.52],[58.82,45.93],[60.27,46.7],[61.25,46.61]]]},"properties":{"NAME":"Turan","ABBREVN":"Turan","SUBJECTO":"Turan","BORDERPRECISION":3,"PARTOF":"Turan"}},
{"type":"Feature","geometry":{"type":"Polygon","coordinates":[[[178.18,-18.24],[178.17,-17.34],[177.51,-17.51],[177.33,-18.12],[178.18,-18.24]]]},"properties":{"NAME":"Tuʻi Tonga Empire","ABBREVN":"Tuʻi Tonga Empire","SUBJECTO":"Tuʻi Tonga Empire","BORDERPRECISION":3,"PARTOF":"Tuʻi Tonga Empire"}},
{"type":"Feature","geometry":{"type":"Polygon","coordinates":[[[-109.24,-27.13],[-109.37,-27.06],[-109.43,-27.2],[-109.24,-27.13]]]},"properties":{"NAME":"Polynesians","ABBREVN":"Polynesians","SUBJECTO":"Polynesians","BORDERPRECISION":3,"PARTOF":"Polynesians"}},
{"type":"Feature","geometry":{"type":"Polygon","coordinates":[[[114.03,22.51],[114.33,22.27],[114.31,22.55],[114.03,22.51]]]},"properties":{"NAME":"Hong Kong","ABBREVN":"Hong Kong","SUBJECTO":"Hong Kong","BORDERPRECISION":3,"PARTOF":"Hong Kong"}},
{"type":"Feature","geometry":{"type":"Polygon","coordinates":[[[108.56,19.06],[109.43,18.1],[110.26,18.63],[110.62,20.02],[109.55,19.91],[108.56,19.06]]]},"properties":{"NAME":"Manchu Empire","ABBREVN":"Manchu Empire","SUBJECTO":"Manchu Empire","BORDERPRECISION":3,"PARTOF":"Manchu Empire"}}
]}