{"type":"FeatureCollection", "features": [
{"type":"Feature","geometry":{"type":"Polygon","coordinates":[[[120.69,22.05],[120.97,22.72],[121.33,23.4],[121.4,23.93],[121.57,24.23],[121.59,24.65],[121.78,24.9],[121.43,25.13],[120.97,24.89],[120.56,24.39],[120.12,23.63],[120.15,23.33],[120.05,23.06],[120.33,22.52],[120.57,22.37],[120.69,22.05]]]},"properties":{"NAME":"Dapenkeng culture","ABBREVN":"Dapenkeng","type":"culture","weblnks":"https://en.wikipedia.org/wiki/Dapenkeng_culture","SUBJECTO":"Dakapeng culture","BORDERPRECISION":1,"PARTOF":"Dakapeng culture"}},
{"type":"Feature","geometry":{"type":"MultiPolygon","coordinates":[[[[118.65,-8.54],[118.39,-8.32],[117.71,-8.25],[118.25,-8.66],[117.9,-8.7],[116.96,-8.53],[116.79,-8.63],[116.81,-9.04],[117.04,-9.11],[117.88,-8.93],[118.25,-8.77],[118.47,-8.87],[118.87,-8.67],[118.65,-8.54]]],[[[115.16,-8.68],[115.5,-8.47],[115.08,-8.23],[114.65,-8.33],[115.16,-8.68]]],[[[106.95,-6.09],[106.86,-6.27],[106.63,-6.31],[106.52,-6.11],[105.93,-6.03],[105.82,-6.41],[105.63,-6.76],[106.03,-6.84],[106.29,-6.99],[106.54,-7],[106.57,-7.42],[107.47,-7.51],[107.69,-7.63],[108.42,-7.81],[108.58,-7.69],[109.4,-7.72],[110.06,-7.9],[110.71,-8.2],[111.39,-8.28],[111.65,-8.36],[111.78,-8.26],[112.64,-8.43],[113.2,-8.28],[113.72,-8.53],[114.06,-8.64],[114.23,-7.93],[113.95,-7.82],[113.56,-7.91],[113.07,-7.88],[112.68,-7.72],[112.5,-7.46],[112.54,-7.26],[112.27,-7.03],[111.04,-6.85],[110.81,-6.53],[110.48,-6.95],[110.03,-7.04],[108.56,-6.92],[108.48,-6.69],[108.17,-6.36],[107.77,-6.45],[107.34,-6.15],[106.95,-6.09]]],[[[106.53,-3.11],[106.47,-2.92],[106.64,-2.71],[106.33,-2.57],[106.04,-2.2],[105.9,-1.8],[105.43,-1.71],[105.21,-2.1],[105.74,-2.13],[105.98,-2.82],[106.44,-2.98],[106.53,-3.11]]],[[[97.17,5.16],[96.75,5.06],[96.19,5.15],[95.74,5.47],[95.28,5.55],[95.23,5.28],[95.53,4.68],[96.56,3.74],[96.79,3.74],[97.25,3.23],[97.43,2.92],[97.63,2.76],[97.66,2.4],[98.52,1.93],[98.82,1.67],[98.77,1.54],[99.1,0.58],[99.13,0.27],[99.35,0.23],[99.74,-0.03],[99.8,-0.29],[100.34,-0.87],[100.44,-1.24],[100.85,-1.89],[100.83,-2.15],[101.09,-2.57],[101.32,-2.73],[101.63,-3.25],[102.24,-3.68],[102.34,-4.01],[103.44,-4.86],[103.72,-4.96],[104.34,-5.67],[104.7,-5.52],[105.07,-5.76],[105.26,-5.45],[105.62,-5.82],[105.73,-5.83],[105.8,-5.35],[105.8,-4.73],[105.71,-4.1],[105.94,-3.21],[105.63,-2.91],[105.44,-2.6],[104.99,-2.47],[104.61,-2.58],[104.81,-2.16],[104.57,-2.14],[104.35,-1.89],[104.3,-1.36],[104.12,-1.14],[103.75,-1.12],[103.38,-0.89],[103.24,-0.66],[103.41,-0.5],[103.6,-0.03],[103.24,0.46],[102.47,0.62],[102.14,0.94],[101.87,1.43],[101.47,1.55],[101.28,1.72],[101.06,2.08],[100.95,1.88],[100.73,1.87],[100.46,2.12],[100.13,2.53],[99.86,2.57],[99.86,2.9],[98.63,3.66],[98.15,4.07],[98.17,4.38],[97.94,4.52],[97.38,5.18],[97.17,5.16]]],[[[117.52,3.93],[117.47,4.08],[117.69,4.37],[118,4.22],[118.39,4.37],[117.99,4.68],[118.11,4.94],[118.35,5.04],[118.7,4.94],[118.97,5.05],[119,5.28],[118.38,5.64],[117.76,5.58],[117.87,5.9],[117.37,5.79],[117.54,6.24],[117.51,6.39],[117.17,6.61],[116.86,6.6],[116.64,6.69],[116.11,6.11],[116.04,5.83],[115.72,5.47],[115.49,5.49],[115.57,5.18],[115.36,4.88],[114.67,4.83],[114.45,4.56],[113.98,4.4],[113.78,4.04],[113.52,3.81],[113.04,3.19],[112.76,3.01],[111.63,2.72],[111.43,2.62],[111.18,2.14],[111,1.59],[111.12,1.27],[110.82,1.24],[110.29,1.52],[109.72,1.62],[109.43,1.87],[109.18,1.62],[108.96,1.18],[108.85,0.81],[108.93,0.31],[109.1,0.24],[109.19,-0.2],[109.11,-0.45],[109.73,-0.95],[110.05,-1.31],[109.95,-1.86],[110.13,-2.05],[110.28,-3.01],[110.49,-2.88],[110.91,-3.09],[111.34,-2.92],[111.83,-3.03],[111.84,-3.42],[112.16,-3.35],[112.64,-3.33],[112.8,-2.97],[113.06,-2.99],[113.61,-3.45],[114.1,-3.35],[114.48,-3.5],[114.61,-3.68],[114.61,-4.13],[115.59,-3.78],[115.81,-3.54],[115.96,-3.2],[116.2,-2.91],[116.24,-2.7],[116.04,-2.44],[116.35,-2.42],[116.25,-2.11],[116.05,-1.93],[116.38,-1.66],[116.58,-1.37],[117.05,-0.93],[117.39,-0.86],[117.43,-0.62],[117.32,-0.14],[117.53,0.61],[117.71,0.82],[118.13,0.89],[118.77,0.82],[118.52,1.17],[117.91,1.59],[117.7,1.9],[117.83,2.31],[117.34,3.02],[117.14,3.17],[117.2,3.62],[117.68,3.63],[117.52,3.93]]],[[[126.22,6.95],[126.37,7.54],[126.28,7.73],[126.27,8.43],[125.92,8.48],[126.07,8.81],[125.93,9.17],[125.61,9.54],[125.39,9.65],[125.54,9.06],[125.27,8.98],[124.75,8.51],[124.37,8.56],[124.22,8.21],[123.83,8.09],[123.49,8.5],[122.98,8.38],[123,8.22],[122.64,8],[122.21,7.9],[122.13,7.56],[121.93,7.19],[122.02,6.92],[122.46,7.69],[122.81,7.75],[122.79,7.46],[123,7.48],[123.12,7.73],[123.57,7.85],[124.01,7.65],[124.27,7.36],[123.99,7.02],[124.04,6.43],[124.33,6.11],[124.85,5.88],[124.97,6.08],[125.27,6.08],[125.18,5.84],[125.34,5.56],[125.53,5.94],[125.47,6.24],[125.28,6.59],[125.61,7.24],[125.81,7.36],[125.97,6.95],[126.22,6.95]]],[[[122.94,9.07],[123.13,9.25],[122.96,9.59],[123.1,10.23],[123.31,10.74],[123.24,10.92],[122.95,10.86],[122.84,10.54],[122.86,10.09],[122.42,9.84],[122.41,9.66],[122.67,9.38],[122.87,9.31],[122.94,9.07]]],[[[117.22,8.51],[117.71,8.71],[117.97,9.11],[118.28,9.27],[118.5,9.48],[118.53,9.79],[118.03,9.26],[117.66,9.08],[117.22,8.51]]],[[[118.8,10.03],[119.03,10.13],[119.56,10.5],[119.47,10.76],[118.8,10.03]]],[[[122.26,10.65],[122.71,10.94],[122.9,11.15],[122.9,11.52],[122.47,11.45],[122.1,11.67],[122.05,11.03],[121.93,10.78],[121.96,10.56],[122.26,10.65]]],[[[121.1,12.28],[121.27,12.53],[121.3,13.13],[121.04,13.41],[120.39,13.37],[120.65,13.19],[120.8,12.72],[121.1,12.28]]],[[[122.14,13.91],[121.73,14.11],[121.46,14.88],[121.24,15.31],[121.37,15.5],[121.44,15.92],[122.06,16.33],[122.2,16.54],[122.4,17.11],[122.07,17.44],[122.03,18.01],[122.15,18.21],[121.58,18.29],[121.04,18.53],[120.59,18.45],[120.44,17.73],[120.45,16.97],[120.32,16.63],[120.43,16.17],[120.16,16.04],[119.79,16.34],[119.76,16.07],[119.91,15.84],[119.91,15.4],[120.01,15.26],[120.08,14.79],[120.37,14.54],[120.47,14.8],[120.84,14.76],[120.82,14.37],[120.58,14.18],[120.62,13.91],[120.91,13.88],[121.06,13.66],[121.72,13.97],[122.33,13.58],[122.37,13.88],[122.56,13.94],[122.89,13.57],[123.2,13.42],[123.41,13.04],[123.68,12.89],[123.82,12.98],[123.4,13.53],[123.64,13.83],[123.36,13.95],[123.27,13.74],[122.99,13.73],[122.78,14.17],[122.44,14.31],[122.14,13.91]]],[[[125.17,11.25],[125.45,11.21],[125.33,11.56],[125.25,12.29],[124.95,12.53],[124.3,12.42],[124.39,12.19],[125.04,11.73],[124.85,11.49],[125.17,11.25]]]]},"properties":{"NAME":"Austronesians","ABBREVN":"Austronesians","type":null,"weblnks":null,"SUBJECTO":"Austronesians","BORDERPRECISION":1,"PARTOF":"Austronesians"}},
{"type":"Feature","geometry":{"type":"MultiPolygon","coordinates":[[[[173.08,-41.29],[172.77,-40.85],[172.44,-40.75],[172.21,-41.04],[172.15,-41.58],[171.89,-41.83],[171.46,-41.99],[171.4,-42.51],[171.08,-42.71],[171.02,-42.89],[170.37,-43.22],[170.2,-43.22],[169.65,-43.74],[168.91,-44.1],[168.42,-44.22],[167.97,-44.48],[167.92,-44.62],[167.14,-45.2],[167.32,-45.5],[166.83,-45.6],[166.62,-46.09],[166.73,-46.21],[167.22,-46.26],[167.6,-46.17],[167.86,-46.4],[168.37,-46.42],[168.49,-46.61],[169.05,-46.68],[169.56,-46.6],[170.62,-45.84],[171.02,-45.08],[171.17,-44.94],[171.32,-44.32],[171.77,-44.05],[172.5,-43.72],[172.44,-43.51],[172.84,-43.15],[173.33,-42.91],[173.57,-42.48],[174.2,-41.88],[174.06,-41.29],[173.7,-41.25],[173.26,-41.54],[173.08,-41.29]]],[[[174.47,-35.65],[174.22,-35.34],[173.47,-35.03],[173.09,-35.21],[173.86,-36.07],[174.44,-36.41],[174.39,-36.74],[174.72,-37.15],[174.74,-37.48],[174.95,-37.93],[174.71,-38.44],[174.65,-38.98],[173.8,-39.42],[174.35,-39.64],[174.55,-39.82],[174.97,-39.92],[175.35,-40.3],[174.9,-41.3],[175.32,-41.61],[176.08,-41.13],[176.35,-40.69],[176.81,-40.22],[177.02,-39.77],[176.9,-39.44],[177.05,-39.2],[177.43,-39.06],[177.89,-39.06],[177.94,-38.79],[178.3,-38.54],[178.35,-38],[178.24,-37.83],[177.53,-38.2],[177.13,-38.19],[176.13,-37.8],[175.99,-37.64],[175.84,-37.03],[175.55,-37.01],[175.64,-37.41],[175.25,-37.29],[174.98,-37.08],[174.71,-36.54],[174.79,-36.28],[174.53,-36.05],[174.47,-35.65]]]]},"properties":{"NAME":"Kelteminar","ABBREVN":"Kelteminar","type":"culture","weblnks":null,"SUBJECTO":"Kelteminar","BORDERPRECISION":1,"PARTOF":"Kelteminar"}},
{"type":"Feature","geometry":{"type":"Polygon","coordinates":[[[-14.73,65.85],[-14.76,66.05],[-15.57,66.21],[-15.86,66.42],[-16.39,66.45],[-16.38,66.13],[-16.92,65.98],[-18.68,66.09],[-19.27,65.93],[-20.22,66],[-20.17,65.56],[-21.08,65.21],[-21.49,65.57],[-21.28,65.86],[-21.96,66.27],[-22.81,66.26],[-22.41,65.99],[-23.61,65.98],[-23.27,65.72],[-23.97,65.69],[-23.98,65.42],[-22.91,65.56],[-21.95,65.38],[-21.73,65.16],[-22.41,64.81],[-22.11,64.46],[-21.5,64.36],[-21.8,64.11],[-22.51,63.87],[-21.17,63.88],[-19.99,63.54],[-18.71,63.39],[-17.93,63.53],[-17.97,63.67],[-16.43,63.92],[-16.02,64.13],[-14.96,64.25],[-14.43,64.61],[-13.62,64.99],[-13.65,65.5],[-14.4,65.57],[-14.73,65.85]]]},"properties":{"NAME":null,"ABBREVN":null,"type":null,"weblnks":null,"SUBJECTO":null,"BORDERPRECISION":1,"PARTOF":null}},
{"type":"Feature","geometry":{"type":"Polygon","coordinates":[[[148.27,-41.16],[148.06,-40.92],[147.6,-41.16],[147.29,-41.15],[146.74,-41.29],[146.38,-41.31],[145.89,-41.14],[144.78,-40.84],[144.7,-41.16],[145.05,-41.85],[145.51,-42.32],[145.25,-42.61],[145.97,-43.41],[146.88,-43.63],[147.25,-43.18],[147.83,-42.93],[148.08,-42.11],[148.28,-41.89],[148.27,-41.16]]]},"properties":{"NAME":"Aboriginal Tasmanians","ABBREVN":"From Indus Valley","type":"culture","weblnks":"http://www.nationalgeographic.com.au/australia/four-thousand-years-ago-indians-landed-in-australia.aspx","SUBJECTO":"Aboriginal Tasmanians","BORDERPRECISION":1,"PARTOF":"Aboriginal Tasmanians"}},
{"type":"Feature","geometry":{"type":"MultiPolygon","coordinates":[[[[-28.72,83.43],[-32.51,83.58],[-34.43,83.4],[-36.49,83.51],[-38.59,83.38],[-38.59,82.83],[-40.65,82.98],[-42.48,83.23],[-44.89,83.08],[-43.98,82.44],[-44.3,81.86],[-45.53,81.82],[-49.65,82.48],[-50.89,82.38],[-49.44,81.92],[-50.33,81.73],[-52.86,82.04],[-54.58,82.33],[-58.13,82.01],[-57.07,81.55],[-60.04,81.88],[-61.12,81.8],[-60.89,81.17],[-62.77,81.16],[-64.77,80.95],[-67.29,80.37],[-66.92,80.06],[-64.62,79.95],[-64.89,79.38],[-65.98,79.1],[-68.59,79.03],[-69.27,78.8],[-72.38,78.53],[-72.53,78.17],[-71.05,77.92],[-70.1,77.6],[-67.85,77.59],[-66.8,77.78],[-66.07,77.45],[-66.78,77.26],[-68.54,77.17],[-70.15,77.24],[-71.3,77.09],[-70.5,76.83],[-68.38,76.78],[-67.98,76.68],[-69.04,76.29],[-67.64,76.02],[-66.68,76.31],[-65.47,76.1],[-63.65,76.38],[-61.51,76.26],[-59.87,75.94],[-58.64,75.79],[-58.21,75.3],[-56.94,74.92],[-55.78,73.7],[-54.56,72.87],[-55.34,72.5],[-54.93,72.24],[-55.32,72.11],[-55.63,71.73],[-55.48,71.49],[-54.64,71.35],[-53.97,71.43],[-53.32,71.89],[-52.53,71.7],[-51.64,71.7],[-51.68,71.22],[-50.99,70.61],[-50.82,70.25],[-52.37,70.67],[-54.16,70.81],[-54.37,70.72],[-53.69,70.37],[-52.91,70.29],[-51.91,70.01],[-51.24,70.07],[-50.31,69.87],[-50.77,69.34],[-50.21,68.96],[-50.87,68.94],[-50.95,68.54],[-52.2,68.56],[-52.64,68.44],[-50.31,67.93],[-50.58,67.48],[-52.6,67.76],[-53.48,67.51],[-53.27,66.92],[-52.3,66.91],[-52.45,66.61],[-53.11,66.03],[-53.09,65.87],[-52.54,65.5],[-52.15,65.47],[-51.99,65.01],[-51.96,64.38],[-51.41,64.62],[-50.57,64.77],[-50.02,64.61],[-50.04,64.44],[-50.54,64.18],[-50.99,64.09],[-51.37,63.73],[-51.14,63.51],[-50.62,63.43],[-50.47,63.05],[-49.97,62.99],[-50.11,62.37],[-49.21,62.17],[-48.9,61.94],[-49.14,61.76],[-48.95,61.47],[-48.57,61.25],[-47.7,61.01],[-46.58,60.91],[-45.84,61.13],[-45.47,60.9],[-45.62,60.6],[-45.02,60.47],[-44.46,60.15],[-44.11,60.18],[-43.14,60.08],[-43.15,60.31],[-42.84,60.57],[-42.82,61.03],[-42.36,61.61],[-42.27,62.19],[-42.92,62.46],[-42.41,62.81],[-41.79,62.85],[-41.86,63.4],[-40.54,63.76],[-40.89,64.03],[-41.57,64.26],[-40.79,64.38],[-40.59,64.67],[-41.07,64.88],[-40.99,65.08],[-40.26,65.02],[-39.76,65.24],[-40.21,65.48],[-38.55,65.64],[-37.98,65.96],[-38,66.32],[-37.15,66.32],[-37.42,65.84],[-36.52,65.98],[-36.06,65.93],[-35.72,66.32],[-35.23,66.24],[-34.64,66.37],[-33.74,66.99],[-33.02,67.68],[-32.06,68.02],[-32.28,68.35],[-31.02,68.04],[-30.22,68.1],[-29.83,68.41],[-29.4,68.23],[-28.64,68.39],[-26.46,68.65],[-25.8,68.86],[-24.9,69.39],[-23.82,69.51],[-23.48,69.75],[-23,69.76],[-22.43,70.08],[-23.59,70.08],[-24.73,70.3],[-26.25,70.18],[-27.91,70.28],[-28.38,70.46],[-28.08,70.9],[-27.61,71.07],[-26.33,71.13],[-25.69,71.27],[-25.29,71.57],[-24.39,71.18],[-23.75,70.59],[-23.08,70.47],[-21.47,70.54],[-21.79,71.08],[-22.33,71.36],[-22.82,71.87],[-23.92,72.19],[-25.07,72.63],[-25.78,72.61],[-27.36,72.86],[-27.44,73.29],[-27,73.38],[-25.76,73.35],[-25.01,73.48],[-24.04,73.81],[-23.49,73.51],[-22.27,73.26],[-21.61,73.46],[-20.5,73.45],[-20.35,73.81],[-21.35,74],[-21.98,74],[-22.07,74.31],[-21.66,74.45],[-20.35,74.44],[-19.31,74.29],[-18.98,74.48],[-20.55,74.67],[-20.75,74.82],[-20.51,75.36],[-19.39,75.26],[-19.67,76.13],[-21.63,76.34],[-22.73,76.68],[-19.87,76.96],[-18.27,76.83],[-18.26,77.3],[-19.01,77.24],[-20.1,77.38],[-19.97,77.71],[-21.11,77.8],[-22.01,77.68],[-21.01,78.68],[-19.6,79.12],[-19.8,79.46],[-19.2,79.79],[-20.04,80.24],[-17.53,80.63],[-14.98,80.87],[-15.14,81.09],[-13.2,81.33],[-12.71,81.62],[-14.25,81.84],[-16.47,81.9],[-18.42,81.45],[-19.56,81.55],[-21.18,81.29],[-23.34,80.62],[-24.11,80.77],[-22.17,81.51],[-22.06,81.96],[-24.88,81.6],[-26.39,81.86],[-30.65,81.81],[-32.41,81.65],[-32.6,81.97],[-31.08,82.21],[-28.39,82.31],[-25.46,82.22],[-22.59,82.42],[-22.43,82.74],[-25.32,83],[-26.42,83.34],[-28.72,83.43]]],[[[-21.96,72.39],[-23.13,72.68],[-23.59,72.44],[-22.41,72.12],[-21.96,72.39]]],[[[-51.97,69.66],[-52.08,69.77],[-53.62,70.16],[-54.59,70.24],[-54.69,69.71],[-53.55,69.28],[-51.97,69.66]]]]},"properties":{"NAME":null,"ABBREVN":null,"type":null,"weblnks":null,"SUBJECTO":null,"BORDERPRECISION":1,"PARTOF":null}},
{"type":"Feature","geometry":{"type":"MultiPolygon","coordinates":[[[[120.49,-10.26],[120.46,-9.93],[119.79,-9.46],[119.12,-9.52],[119.18,-9.74],[119.63,-9.77],[119.96,-9.98],[120.16,-10.23],[120.49,-10.26]]],[[[124.12,-10.18],[124.45,-9.99],[124.94,-9.55],[125.4,-9.27],[125.94,-9.13],[126.16,-8.99],[126.48,-8.95],[126.65,-8.78],[127.02,-8.68],[127.04,-8.48],[126,-8.66],[125.29,-8.7],[125.09,-8.77],[124.92,-9.05],[124.62,-9.25],[123.97,-9.53],[123.67,-9.74],[123.51,-10.33],[123.71,-10.35],[124.12,-10.18]]],[[[122.26,-8.75],[121.98,-8.55],[121.58,-8.59],[121.28,-8.72],[121.08,-8.57],[120.57,-8.39],[120.33,-8.4],[119.85,-8.57],[119.9,-8.85],[120.58,-8.79],[121.04,-8.95],[121.39,-8.8],[121.75,-8.89],[122.26,-8.75]]],[[[138.31,-8.43],[138.7,-8.15],[138.89,-7.78],[138.57,-7.52],[138.19,-7.68],[137.94,-7.99],[137.87,-8.37],[138.31,-8.43]]],[[[127.11,-3.66],[127.09,-3.52],[126.73,-3.23],[126.11,-3.3],[126.05,-3.43],[126.38,-3.71],[126.68,-3.83],[127.11,-3.66]]],[[[130.66,-3.4],[130.37,-3.13],[129.74,-2.98],[129.17,-3.14],[128.91,-3],[128.15,-2.97],[128.22,-3.21],[128.53,-3.45],[128.88,-3.21],[128.99,-3.35],[129.53,-3.47],[129.52,-3.3],[129.88,-3.33],[130.1,-3.53],[130.63,-3.8],[130.81,-3.76],[130.66,-3.4]]],[[[124.32,0.39],[124.86,1.05],[125.02,1.54],[124.62,1.26],[124.43,0.96],[124.15,0.8],[123.83,0.74],[122.99,0.77],[122.73,0.67],[122.18,0.87],[121.59,0.86],[121.26,1.1],[120.82,1.14],[120.43,0.64],[120.24,0.79],[120.02,0.64],[119.78,0.21],[119.74,-0.65],[119.51,-0.89],[119.29,-1.4],[119.37,-1.84],[119.24,-1.98],[119.14,-2.46],[118.77,-2.73],[118.92,-3.57],[119.3,-3.43],[119.6,-3.98],[119.6,-4.57],[119.36,-5.28],[119.46,-5.56],[119.77,-5.71],[119.92,-5.56],[120.23,-5.54],[120.13,-5.23],[120.31,-4.8],[120.14,-4.4],[120.28,-3.65],[120.2,-2.96],[120.68,-2.65],[121.08,-2.76],[121.07,-3.2],[120.88,-3.54],[121.62,-4.16],[121.48,-4.66],[121.91,-4.85],[122.1,-4.53],[122.67,-4.39],[122.19,-3.85],[122.14,-3.66],[122.26,-3.21],[121.87,-2.65],[121.26,-2.1],[121.34,-1.77],[121.54,-1.94],[121.8,-1.72],[122.38,-1.49],[122.84,-0.91],[122.16,-1.01],[122,-1.11],[121.46,-0.99],[121.06,-1.55],[120.51,-1.45],[120.41,-1.18],[120.02,-0.9],[119.87,-0.46],[120.12,0.18],[120.38,0.48],[120.55,0.54],[121.08,0.41],[121.7,0.52],[121.8,0.42],[122.37,0.5],[123.07,0.51],[123.23,0.33],[123.65,0.28],[124.32,0.39]]],[[[127.63,0.97],[127.77,1.1],[127.99,1.57],[127.8,1.9],[127.57,1.53],[127.44,1.13],[127.52,0.6],[127.66,0.34],[127.67,-0.23],[127.95,-0.33],[127.86,0.1],[127.9,0.43],[128.27,0.39],[128.19,0.63],[128.29,0.89],[128.63,1.04],[128.55,1.45],[128.18,1.26],[128.04,0.96],[127.8,0.72],[127.63,0.97]]],[[[147.57,-6.75],[147.64,-6.48],[147.38,-6.12],[146.89,-6.03],[146.04,-5.68],[145.75,-5.63],[145.59,-5.42],[145.73,-5],[145.38,-4.67],[144.78,-4.34],[144.54,-4],[144.1,-3.98],[143.45,-3.61],[142.41,-3.31],[142.03,-3.16],[140.87,-2.79],[139.59,-2.38],[137.85,-1.61],[137.7,-1.63],[137.21,-1.91],[137.08,-2.25],[136.32,-2.42],[135.73,-3.25],[135.25,-3.54],[134.95,-3.46],[134.77,-3.3],[134.63,-2.82],[134.46,-3],[134.28,-2.85],[134.08,-2.18],[133.98,-2.01],[134.14,-1.5],[133.91,-1.01],[133.26,-0.86],[132.59,-0.57],[132.25,-0.53],[131.83,-0.83],[131.27,-1.02],[131.18,-1.48],[131.58,-1.48],[131.96,-1.71],[132.04,-2.08],[132.3,-2.27],[132.59,-2.19],[132.69,-2.31],[133.3,-2.2],[133.86,-2.25],[133.78,-2.72],[133.32,-2.74],[133.12,-2.6],[132.56,-3.12],[132.93,-3.55],[132.78,-3.78],[132.9,-4.09],[133.25,-4.07],[133.44,-3.88],[133.67,-3.12],[133.82,-3.29],[133.76,-3.51],[133.92,-3.75],[134.17,-3.78],[134.52,-4.03],[134.77,-4.04],[134.79,-4.25],[135.2,-4.46],[135.93,-4.5],[136.83,-4.93],[137.21,-5.01],[138.04,-5.46],[138.07,-5.73],[138.3,-5.86],[138.4,-6.27],[138.69,-6.73],[139.03,-7.02],[138.69,-7.19],[139.07,-7.54],[139.22,-8.09],[139.34,-8.2],[139.92,-8.11],[140.49,-8.62],[140.84,-9.05],[141.12,-9.23],[142.21,-9.17],[142.64,-9.33],[143.05,-9.09],[143.23,-8.82],[142.75,-8.51],[142.95,-8.34],[143.34,-8.25],[143.62,-7.99],[143.66,-7.67],[144.21,-7.8],[144.6,-7.66],[145.42,-7.94],[145.62,-7.94],[146.09,-8.09],[146.28,-8.44],[146.57,-8.81],[146.63,-9.03],[146.92,-9.11],[147.06,-9.47],[147.3,-9.53],[147.62,-9.99],[147.95,-10.15],[148.16,-10.07],[148.36,-10.19],[149.09,-10.23],[150.08,-10.46],[150.21,-10.7],[150.52,-10.62],[150.42,-10.29],[150.18,-10.16],[149.7,-10.04],[149.83,-9.71],[149.18,-9.55],[149.08,-9.46],[149.2,-9.12],[148.59,-9.16],[148.46,-9.1],[148.13,-8.63],[148.03,-8.25],[147.38,-7.8],[147.15,-7.56],[146.89,-7.12],[146.96,-6.75],[147.57,-6.75]]],[[[152.16,-5.01],[152.27,-4.78],[152.09,-4.36],[151.94,-4.52],[151.59,-4.42],[151.69,-4.86],[151.45,-5.09],[151.16,-5.1],[151,-5.42],[150.72,-5.62],[150.18,-5.71],[149.94,-5.49],[149.65,-5.71],[149.41,-5.74],[148.84,-5.64],[148.76,-5.86],[149.08,-6.14],[149.34,-6.06],[149.63,-6.31],[150.47,-6.28],[150.86,-6.04],[151.07,-6],[151.45,-5.54],[151.84,-5.6],[152.05,-5.49],[151.83,-5.21],[152,-4.97],[152.16,-5.01]]]]},"properties":{"NAME":null,"ABBREVN":null,"type":null,"weblnks":null,"SUBJECTO":null,"BORDERPRECISION":1,"PARTOF":null}},
{"type":"Feature","geometry":{"type":"MultiPolygon","coordinates":[[[[19.93,80.48],[19.81,80.21],[18.33,79.88],[19.22,79.74],[21.41,79.83],[21.65,79.48],[23.93,79.18],[25.34,79.4],[27.18,79.94],[26.36,80.19],[25.35,80.15],[23.91,80.3],[23.5,80.1],[21.87,80.26],[20.85,80.21],[19.93,80.48]]],[[[17.74,79.56],[17.83,79.81],[15.92,79.84],[16.39,79.23],[15.49,79.33],[14.96,79.73],[13.88,79.39],[12.7,79.6],[10.92,79.55],[12.16,79.32],[12.51,78.91],[12.07,78.7],[13.06,78.35],[14.35,78.43],[14.53,78.68],[16.42,78.5],[15.92,78.26],[13.91,78],[14.13,77.77],[16.42,77.9],[16.29,77.62],[14.84,77.54],[14.48,77.37],[15.1,77.12],[16.66,76.73],[17.28,76.94],[17.78,77.49],[18.31,77.53],[19.43,78.59],[20.91,78.81],[18.92,79.16],[18.55,79.56],[17.74,79.56]]]]},"properties":{"NAME":null,"ABBREVN":null,"type":null,"weblnks":null,"SUBJECTO":null,"BORDERPRECISION":1,"PARTOF":null}},
{"type":"Feature","geometry":{"type":"MultiPolygon","coordinates":[[[[-61.08,45.95],[-60.96,46.19],[-60.48,46.53],[-60.43,46.97],[-60.89,46.77],[-61.41,46.05],[-61.08,45.95]]],[[[-61.04,45.7],[-60.51,45.66],[-59.89,45.93],[-60.09,46.24],[-60.6,46.04],[-60.8,45.71],[-61.04,45.7]]],[[[-53.76,48.5],[-54.13,48.84],[-53.51,49.28],[-54.1,49.46],[-54.59,49.48],[-54.77,49.29],[-55.09,49.28],[-55.83,49.52],[-55.99,49.75],[-55.75,49.92],[-56.07,50.1],[-56.49,49.77],[-56.78,49.82],[-56.59,50.14],[-55.57,51.33],[-55.56,51.56],[-56.15,51.47],[-56.7,51.18],[-57.46,50.47],[-57.63,50.14],[-58.12,49.49],[-57.81,49.2],[-58.39,49.04],[-58.67,48.7],[-58.14,48.6],[-58.65,48.38],[-59.31,47.94],[-59.16,47.67],[-58.09,47.76],[-56.8,47.62],[-56.33,47.64],[-56.08,47.87],[-55.74,47.87],[-54.78,47.71],[-55.49,47.13],[-54.58,47.5],[-54.21,47.8],[-53.98,47.76],[-53.88,47.35],[-54.11,47.06],[-53.07,46.73],[-52.73,47.45],[-53.27,47.61],[-53.55,47.53],[-53.84,47.7],[-53.71,47.86],[-53.94,48.23],[-53.41,48.29],[-53.36,48.62],[-53.76,48.5]]]]},"properties":{"NAME":null,"ABBREVN":null,"type":null,"weblnks":null,"SUBJECTO":null,"BORDERPRECISION":1,"PARTOF":null}},
{"type":"Feature","geometry":{"type":"MultiPolygon","coordinates":[[[[-70.45,-54.48],[-70.52,-54.69],[-70.23,-54.86],[-69.65,-54.78],[-69.19,-54.93],[-68.33,-54.85],[-66.82,-54.94],[-66.45,-55.05],[-65.94,-54.9],[-65.35,-54.91],[-65.32,-54.73],[-65.9,-54.71],[-66.42,-54.61],[-66.98,-54.34],[-67.97,-53.61],[-68.13,-53.38],[-68.71,-53.23],[-68.31,-52.94],[-68.7,-52.72],[-69.22,-52.69],[-69.41,-52.57],[-70.28,-53.09],[-70.45,-53.35],[-69.38,-53.33],[-69.42,-53.54],[-70.15,-53.81],[-69.89,-54.14],[-69.01,-54.42],[-70.45,-54.48]]],[[[-73.49,-42.1],[-73.64,-41.97],[-74,-42.02],[-74.17,-42.35],[-74.13,-42.76],[-74.27,-43.32],[-73.71,-43.37],[-73.62,-42.89],[-73.83,-42.56],[-73.46,-42.26],[-73.49,-42.1]]],[[[-72.9,-52.63],[-72.87,-52.28],[-73.56,-52.28],[-73.63,-52.61],[-72.9,-52.63]]]]},"properties":{"NAME":null,"ABBREVN":null,"type":null,"weblnks":null,"SUBJECTO":null,"BORDERPRECISION":1,"PARTOF":null}},
{"type":"Feature","geometry":{"type":"Polygon","coordinates":[[[8.52,3.46],[8.65,3.2],[8.83,3.61],[8.63,3.66],[8.52,3.46]]]},"properties":{"NAME":null,"ABBREVN":null,"type":null,"weblnks":null,"SUBJECTO":null,"BORDERPRECISION":1,"PARTOF":null}},
{"type":"Feature","geometry":{"type":"MultiPolygon","coordinates":[[[[131.59,33.35],[130.97,33.5],[130.86,33.68],[130.44,33.68],[130.18,33.34],[129.59,33.21],[129.64,32.95],[129.86,32.72],[130.03,32.81],[130.14,33.11],[130.42,33.09],[130.59,32.81],[130.57,32.44],[130.29,32.1],[130.18,31.77],[130.33,31.63],[130.23,31.25],[130.41,31.24],[130.65,31.62],[130.9,31.11],[131.32,31.51],[131.41,32.08],[131.56,32.43],[131.83,32.69],[131.41,33.11],[131.59,33.35]]],[[[134.4,33.63],[134.54,34.01],[134.01,34.19],[133.81,34.18],[133.46,33.88],[132.69,33.74],[132.39,33.45],[132.53,33.24],[132.48,32.9],[132.64,32.75],[132.97,32.77],[133.01,32.99],[133.29,33.37],[133.61,33.51],[133.93,33.47],[134.12,33.28],[134.4,33.63]]],[[[137.89,37.02],[137.46,36.85],[137.18,36.64],[136.77,36.88],[136.5,36.46],[135.98,35.97],[136.1,35.76],[135.73,35.45],[135.36,35.32],[135.16,35.65],[134.76,35.53],[133.8,35.43],[133.01,35.25],[132.68,35.38],[131.67,34.5],[131.33,34.29],[130.9,34.25],[131.17,33.93],[132,34.09],[132.36,34.35],[132.55,34.19],[132.82,34.31],[133.94,34.45],[134.25,34.69],[134.65,34.78],[134.97,34.63],[135.33,34.72],[135.44,34.53],[135.11,34.26],[135.07,33.87],[135.4,33.71],[135.46,33.54],[135.85,33.5],[136.29,34.14],[136.67,34.3],[136.52,34.7],[136.67,34.99],[137.33,34.64],[137.98,34.65],[138.17,34.6],[138.56,35.09],[139.03,34.72],[139.16,35.22],[139.54,35.29],[137.89,37.02]]]]},"properties":{"NAME":"Jōmon","ABBREVN":"Jōmon","type":"culture","weblnks":null,"SUBJECTO":"Jōmon","BORDERPRECISION":1,"PARTOF":"Jōmon"}},
{"type":"Feature","geometry":{"type":"Polygon","coordinates":[[[-78.26,-9.74],[-77.76,-10.66],[-77.62,-11.32],[-77.3,-11.51],[-77,-12.18],[-76.8,-12.39],[-76.49,-13.05],[-76.18,-13.46],[-76.24,-14.11],[-75.79,-14.73],[-75.23,-15.22],[-74.33,-15.86],[-73.91,-16.1],[-73.12,-16.46],[-72.22,-15.43],[-72,-14.31],[-72.17,-12.95],[-73.36,-10.93],[-74.62,-9.98],[-76.39,-9.71],[-78.26,-9.74]]]},"properties":{"NAME":"Norte Chico","ABBREVN":"Norte Chico","type":"state society","weblnks":null,"SUBJECTO":"Norte Chico","BORDERPRECISION":1,"PARTOF":"Norte Chico"}},
{"type":"Feature","geometry":{"type":"Polygon","coordinates":[[[13.48,-8.49],[13.43,-8.82],[13.15,-9.06],[13.09,-9.26],[13.22,-9.66],[13.64,-10.3],[13.85,-11.01],[13.81,-11.66],[13.65,-12.2],[13.34,-12.65],[13.05,-12.75],[12.85,-13.16],[12.59,-13.46],[12.35,-14.26],[12.25,-14.95],[12.06,-15.59],[11.78,-15.87],[11.82,-16.67],[11.77,-17.6],[11.85,-18.02],[12.08,-18.49],[12.46,-18.93],[12.93,-19.74],[13.78,-21.39],[14.42,-22.27],[14.58,-22.73],[14.42,-23.05],[14.44,-23.39],[14.67,-24.42],[14.91,-25.02],[14.85,-25.64],[14.93,-25.96],[15.15,-26.33],[15.09,-26.64],[15.4,-27.45],[15.68,-27.91],[16.44,-28.62],[16.82,-29.09],[17.08,-29.79],[17.57,-30.83],[18.18,-31.67],[18.35,-32.3],[18.23,-32.9],[17.95,-32.92],[18.47,-33.82],[18.41,-34.02],[18.76,-34.08],[19,-34.34],[19.3,-34.42],[19.64,-34.77],[20.09,-34.73],[20.55,-34.45],[21.06,-34.36],[21.72,-34.4],[22.15,-34.09],[22.78,-34.01],[23.37,-34.1],[23.65,-33.98],[24.79,-34.19],[25.16,-33.96],[25.57,-34.05],[25.63,-33.85],[25.97,-33.71],[26.45,-33.77],[27.1,-33.53],[27.9,-33.04],[28.93,-32.22],[29.41,-31.7],[29.83,-31.43],[30.39,-30.81],[30.73,-30.34],[31.21,-29.54],[31.77,-28.95],[31.99,-28.88],[32.35,-28.58],[32.35,-28.03],[32.59,-27.89],[32.82,-27.17],[32.9,-26.37],[32.5,-26.07],[32.88,-25.54],[33.71,-25.11],[34.91,-24.7],[35.2,-24.48],[35.49,-24.1],[35.3,-23.83],[35.43,-23.46],[35.53,-22.46],[35.23,-22.2],[34.99,-21.27],[35.11,-20.98],[35.01,-20.8],[34.7,-20.57],[34.73,-19.86],[35.55,-19.3],[35.67,-19.12],[36.12,-18.83],[36.89,-18],[37.23,-17.75],[37.85,-17.39],[38.69,-17.07],[38.88,-17.04],[39.61,-16.6],[40.12,-16.04],[40.13,-15.94],[40.57,-15.48],[40.53,-15.19],[40.76,-14.95],[40.84,-14.58],[40.62,-14.48],[40.53,-13.31],[40.37,-12.99],[40.53,-12.58],[40.39,-11.55],[40.31,-11.34],[40.6,-10.82],[40.39,-10.37],[39.84,-10.01],[39.58,-9.54],[39.31,-8.3],[39.44,-7.92],[32.53,-8.07],[32.48,-8.07],[30.94,-8.11],[31.2,-8.65],[31.02,-8.79],[30.67,-8.5],[30.46,-8.5],[30.57,-8.12],[13.48,-8.49]],[[27.69,-17.07],[27.79,-16.82],[28.04,-16.82],[28.3,-16.57],[28.62,-16.49],[28.99,-16.61],[28.15,-16.84],[27.69,-17.07]],[[29.92,-11.3],[29.59,-11.39],[29.56,-11.16],[29.74,-10.93],[30.02,-11.01],[29.92,-11.3]],[[28.32,-9.36],[28.37,-9.1],[28.87,-8.51],[29.13,-8.66],[29.02,-8.92],[28.7,-9.4],[28.32,-9.36]],[[34.71,-12.36],[34.89,-13.72],[35.1,-13.82],[35.28,-14.37],[34.96,-14.15],[34.73,-14.27],[34.54,-13.98],[34.62,-13.75],[34.32,-13.38],[34.33,-12.94],[34.07,-12.35],[34.06,-12.05],[34.32,-11.65],[34.23,-11.23],[34.19,-10.57],[34.26,-10.45],[33.91,-9.8],[34,-9.5],[34.32,-9.73],[34.52,-10.03],[34.66,-10.71],[34.6,-11.04],[34.94,-11.46],[34.93,-11.87],[34.73,-12.16],[34.71,-12.36]]]},"properties":{"NAME":"Khoiasan","ABBREVN":"Khoiasan","type":null,"weblnks":"https://en.wikipedia.org/wiki/Khoisan","SUBJECTO":"Khoiasan","BORDERPRECISION":1,"PARTOF":"Khoiasan"}},
{"type":"Feature","geometry":{"type":"Polygon","coordinates":[[[41.98,37.68],[42.94,36.49],[43.29,35.67],[45.24,35.47],[45.62,35.16],[45.93,35.34],[46.54,35.85],[46.2,36.39],[45.6,36.67],[44.27,37.85],[43.24,38.29],[42.91,38.3],[42.82,38.42],[42.24,38.45],[41.98,37.68]]]},"properties":{"NAME":"Hurrian Kingdoms","ABBREVN":"Hurrian Kingdoms","type":"kingdoms","weblnks":null,"SUBJECTO":"Hurrian Kingdoms","BORDERPRECISION":1,"PARTOF":"Hurrian Kingdoms"}},
{"type":"Feature","geometry":{"type":"Polygon","coordinates":[[[-78.61,2.12],[-78.58,1.77],[-78.92,1.79],[-79.04,1.65],[-78.81,1.44],[-78.89,1.24],[-79.78,0.86],[-80.07,0.82],[-80.02,0.55],[-80.07,0.06],[-80.43,-0.29],[-80.34,-0.66],[-80.62,-0.93],[-80.91,-1.03],[-80.76,-1.32],[-80.81,-1.66],[-80.73,-1.92],[-80.79,-2.23],[-80.33,-2.71],[-79.84,-2.35],[-79.72,-2.54],[-79.76,-2.79],[-77.17,-1.28],[-77.12,-0.48],[-75.9,0.85],[-78.61,2.12]]]},"properties":{"NAME":"Valdivia","ABBREVN":"Valdivia","type":"complex farming society / chiefdom","weblnks":null,"SUBJECTO":"Valdivia","BORDERPRECISION":1,"PARTOF":"Valdivia"}},
{"type":"Feature","geometry":{"type":"Polygon","coordinates":[[[-6.36,54.01],[-5.9,54.1],[-5.66,54.32],[-5.78,54.74],[-6.12,55.16],[-6.63,55.2],[-7.09,55.04],[-7.86,55.22],[-8.29,55.12],[-8.37,54.83],[-8.19,54.63],[-8.59,54.2],[-9.85,54.32],[-10.02,54.22],[-9.68,53.78],[-10.07,53.59],[-9.3,53.12],[-9.74,52.46],[-9.81,52.24],[-10.18,52.11],[-10.25,51.84],[-9.83,51.78],[-9.65,51.55],[-9.23,51.48],[-8.6,51.61],[-7.58,52.1],[-6.49,52.19],[-6.04,52.9],[-6.36,54.01]]]},"properties":{"NAME":null,"ABBREVN":null,"type":null,"weblnks":null,"SUBJECTO":null,"BORDERPRECISION":1,"PARTOF":null}},
{"type":"Feature","geometry":{"type":"Polygon","coordinates":[[[81.41,6.25],[81.78,6.75],[81.87,7.08],[81.8,7.31],[81.45,7.93],[81.33,8.26],[81.06,8.41],[81.09,8.63],[80.66,9.3],[80.24,9.53],[80.05,9.03],[79.92,8.94],[79.83,8.1],[79.86,7.05],[80.02,6.5],[80.22,6.06],[80.56,5.93],[81.41,6.25]]]},"properties":{"NAME":null,"ABBREVN":null,"type":null,"weblnks":null,"SUBJECTO":null,"BORDERPRECISION":1,"PARTOF":null}},
{"type":"Feature","geometry":{"type":"Polygon","coordinates":[[[110.28,18.67],[110.43,19.23],[110.89,19.71],[110.62,20.02],[110.06,19.94],[109.92,19.8],[109.55,19.91],[109.42,19.66],[109.2,19.68],[108.63,19.24],[108.69,18.5],[109.53,18.23],[109.67,18.41],[110.28,18.67]]]},"properties":{"NAME":null,"ABBREVN":null,"type":null,"weblnks":null,"SUBJECTO":null,"BORDERPRECISION":1,"PARTOF":null}},
{"type":"Feature","geometry":{"type":"Polygon","coordinates":[[[33.9,34.96],[33.78,35.21],[32.93,35.34],[32.9,35.17],[32.53,35.15],[32.28,35.02],[32.4,34.75],[32.71,34.64],[33.48,34.8],[33.54,34.94],[33.9,34.96]]]},"properties":{"NAME":null,"ABBREVN":null,"type":null,"weblnks":null,"SUBJECTO":null,"BORDERPRECISION":1,"PARTOF":null}},
{"type":"Feature","geometry":{"type":"Polygon","coordinates":[[[24.1,35.49],[23.57,35.53],[23.52,35.3],[24.32,35.21],[24.74,35.07],[24.75,34.95],[25.9,35.05],[25.51,35.29],[24.96,35.4],[24.32,35.35],[24.1,35.49]]]},"properties":{"NAME":null,"ABBREVN":null,"type":null,"weblnks":null,"SUBJECTO":null,"BORDERPRECISION":1,"PARTOF":null}},
{"type":"Feature","geometry":{"type":"MultiPolygon","coordinates":[[[[139.54,35.29],[139.78,35.63],[140.05,35.64],[139.84,34.98],[139.91,34.9],[140.34,35.13],[140.39,35.41],[140.63,35.65],[140.55,36.29],[140.98,37.27],[140.87,37.92],[141.06,38.34],[141.5,38.42],[141.64,39],[141.89,39.13],[141.98,39.7],[141.68,40.32],[141.47,40.51],[141.44,41.27],[141.09,41.44],[140.89,41.16],[141.28,41.14],[141.13,40.86],[140.66,40.72],[140.47,40.99],[139.92,40.57],[140.03,40.28],[139.91,39.89],[140.05,39.46],[139.75,38.68],[139.5,38.42],[139.42,38.15],[138.86,37.74],[138.7,37.45],[137.89,37.02],[139.54,35.29]]],[[[144.88,43.97],[144.61,43.84],[144.03,43.95],[143.51,44.16],[142.54,44.84],[141.88,45.44],[141.58,45.18],[141.77,44.83],[141.71,43.91],[141.35,43.74],[141.37,43.25],[141.06,43.1],[140.57,43.32],[140.37,43.19],[140.5,42.9],[139.84,42.56],[139.78,42.25],[140.14,41.98],[139.99,41.53],[140.44,41.53],[140.77,42.01],[140.25,42.23],[140.46,42.57],[140.68,42.58],[141,42.3],[141.45,42.57],[141.92,42.56],[142.49,42.26],[143.12,42.02],[143.65,42.66],[143.99,42.91],[144.36,43],[144.91,42.97],[145.44,43.18],[144.88,43.97]]]]},"properties":{"NAME":"Ainu","ABBREVN":"Ainu","type":"culture","weblnks":null,"SUBJECTO":"Ainu","BORDERPRECISION":1,"PARTOF":"Ainu"}},
{"type":"Feature","geometry":{"type":"Polygon","coordinates":[[[139.84,34.98],[139.83,34.9],[139.91,34.9],[139.84,34.98]]]},"properties":{"NAME":null,"ABBREVN":null,"type":null,"weblnks":null,"SUBJECTO":null,"BORDERPRECISION":1,"PARTOF":null}},
{"type":"Feature","geometry":{"type":"Polygon","coordinates":[[[143.66,49.31],[144.06,49.24],[143.34,50.89],[142.94,51.62],[142.94,51.96],[143.14,52.51],[143.14,52.86],[142.68,53.51],[142.21,53.3],[141.81,53.28],[141.93,53.02],[141.84,52.58],[141.65,52.3],[141.65,51.89],[142.07,51.48],[142.27,51.12],[142.1,50.43],[142.17,50.09],[142.12,49.46],[141.96,48.86],[141.85,48.75],[142.16,48.24],[142.19,47.95],[141.96,47.61],[142.06,47.09],[141.82,46.6],[141.96,46],[142.33,46.56],[142.51,46.7],[142.96,46.59],[143.17,46.71],[142.61,47.46],[142.49,47.9],[142.65,48.66],[142.85,49.13],[143.66,49.31]]]},"properties":{"NAME":null,"ABBREVN":null,"type":null,"weblnks":null,"SUBJECTO":null,"BORDERPRECISION":1,"PARTOF":null}},
{"type":"Feature","geometry":{"type":"Polygon","coordinates":[[[24.77,38],[24.69,37.94],[24.92,37.72],[24.98,37.81],[24.77,38]]]},"properties":{"NAME":null,"ABBREVN":null,"type":null,"weblnks":null,"SUBJECTO":null,"BORDERPRECISION":1,"PARTOF":null}},
{"type":"Feature","geometry":{"type":"Polygon","coordinates":[[[-75.7,19.94],[-75.24,19.93],[-74.72,20.11],[-74.28,20.15],[-74.84,20.62],[-75.78,20.74],[-75.6,21.01],[-76.02,21.08],[-76.21,21.2],[-77.34,21.51],[-77.51,21.76],[-77.76,21.8],[-78.04,22.06],[-78.72,22.28],[-79.33,22.4],[-79.76,22.76],[-80.72,23.02],[-81.36,23.12],[-82.06,23.14],[-83,23.01],[-83.76,22.78],[-84.17,22.58],[-84.39,22.35],[-84.41,21.8],[-84.03,21.96],[-83.85,22.21],[-83.39,22.22],[-82.78,22.7],[-81.79,22.66],[-81.7,22.46],[-81.79,22.21],[-80.56,22.06],[-80.01,21.77],[-79.36,21.61],[-78.76,21.64],[-78.51,21.31],[-78.46,21.01],[-78.16,20.82],[-77.29,20.7],[-77.08,20.47],[-77.66,19.9],[-77.46,19.87],[-76.4,20.02],[-75.7,19.94]]]},"properties":{"NAME":null,"ABBREVN":null,"type":null,"weblnks":null,"SUBJECTO":null,"BORDERPRECISION":1,"PARTOF":null}},
{"type":"Feature","geometry":{"type":"Polygon","coordinates":[[[-70.12,19.62],[-70.74,19.79],[-70.87,19.91],[-71.26,19.82],[-71.55,19.9],[-72.1,19.72],[-72.86,19.93],[-73.42,19.82],[-73.36,19.66],[-72.94,19.6],[-72.68,19.39],[-72.76,19.07],[-72.39,18.73],[-72.74,18.42],[-73.51,18.53],[-73.66,18.5],[-74.18,18.67],[-74.42,18.61],[-74.36,18.38],[-73.86,18.11],[-73.47,18.32],[-72.92,18.23],[-71.98,18.26],[-71.4,17.7],[-71.06,18.35],[-70.62,18.51],[-70.3,18.26],[-69.96,18.5],[-68.99,18.51],[-68.63,18.24],[-68.37,18.58],[-68.66,18.87],[-68.97,19.03],[-69.62,19.09],[-69.99,19.68],[-70.12,19.62]]]},"properties":{"NAME":null,"ABBREVN":null,"type":null,"weblnks":null,"SUBJECTO":null,"BORDERPRECISION":1,"PARTOF":null}},
{"type":"Feature","geometry":{"type":"Polygon","coordinates":[[[-67.18,18.11],[-66.91,17.94],[-66.45,18.05],[-65.97,18.03],[-65.72,18.33],[-65.91,18.45],[-67.14,18.51],[-67.18,18.11]]]},"properties":{"NAME":null,"ABBREVN":null,"type":null,"weblnks":null,"SUBJECTO":null,"BORDERPRECISION":1,"PARTOF":null}},
{"type":"Feature","geometry":{"type":"Polygon","coordinates":[[[-78.02,18.45],[-78.05,18.22],[-77.74,17.93],[-77.29,17.81],[-77.05,17.98],[-76.81,18],[-76.47,17.87],[-76.43,18.12],[-77.16,18.4],[-77.77,18.51],[-78.02,18.45]]]},"properties":{"NAME":null,"ABBREVN":null,"type":null,"weblnks":null,"SUBJECTO":null,"BORDERPRECISION":1,"PARTOF":null}},
{"type":"Feature","geometry":{"type":"Polygon","coordinates":[[[-73.35,68.33],[-72.99,68.21],[-72.35,67.53],[-72.28,67.17],[-72.87,66.89],[-73.04,66.64],[-73.99,66.27],[-74.28,66.06],[-73.42,65.53],[-74.5,65.34],[-76.02,65.26],[-77.27,65.39],[-77.39,65.06],[-77.87,64.99],[-78.11,64.53],[-77.74,64.39],[-76.73,64.26],[-75.86,64.37],[-75.67,64.56],[-74.69,64.4],[-74.26,64.77],[-73.67,64.6],[-73.17,64.61],[-73.15,64.34],[-72.39,63.86],[-71.89,63.81],[-71.26,63.57],[-71.62,63.21],[-71.32,63.06],[-70.08,62.77],[-69.73,62.78],[-69.17,62.43],[-68.01,62.26],[-66.28,61.86],[-66,61.88],[-66.33,62.32],[-67.26,62.86],[-68.48,63.34],[-68.99,63.76],[-67.92,63.74],[-66.5,63.08],[-64.74,62.93],[-65.21,63.64],[-64.79,63.93],[-65.42,64.27],[-65.08,64.42],[-65.67,64.59],[-66.32,64.91],[-66.83,64.96],[-67.33,65.58],[-67.76,65.62],[-67.57,66.18],[-67.75,66.48],[-67.26,66.62],[-66.57,66.46],[-65.72,66.05],[-65.03,65.95],[-65.18,65.66],[-64.89,65.42],[-64.43,65.5],[-64.19,65.2],[-63.38,65.1],[-63.61,65.53],[-62.8,65.71],[-62.09,66.06],[-62.66,66.34],[-61.58,66.42],[-61.31,66.68],[-62.1,67.02],[-62.52,66.85],[-63.24,66.96],[-63.62,67.14],[-64.55,67.12],[-64.6,67.32],[-63.95,67.41],[-64.56,67.82],[-65.1,67.97],[-65.53,67.87],[-66.74,67.93],[-67.04,68.31],[-68.42,68.59],[-68.7,68.76],[-67.98,68.99],[-68.37,69.17],[-66.83,69.17],[-67.26,69.47],[-68.53,69.58],[-68.04,69.77],[-67.15,69.8],[-67.81,70.26],[-68.47,70.05],[-69.46,69.96],[-69.82,70.16],[-68.75,70.39],[-68.47,70.56],[-69.21,70.77],[-70.02,70.61],[-70.58,70.73],[-70.67,71.08],[-72,70.79],[-71.25,71.35],[-72.53,71.63],[-73.28,71.16],[-73.83,71.64],[-74.72,71.46],[-75.14,71.67],[-74.31,71.95],[-74.8,72.1],[-75.27,72.51],[-77.12,72.71],[-78.36,72.58],[-79.13,72.29],[-79.95,72.34],[-80.08,72.14],[-81.03,72.07],[-81.04,72.35],[-80.56,72.86],[-80.55,73.08],[-81.2,73.27],[-81.2,73.49],[-81.75,73.72],[-82.82,73.73],[-84.86,73.35],[-84.56,73.05],[-85.51,72.94],[-85.5,72.61],[-85.17,72.26],[-85.6,72.01],[-84.65,71.67],[-84.49,71.35],[-84.78,71.06],[-85.86,71.12],[-85.29,71.41],[-86.42,72.01],[-86.25,72.43],[-86.78,72.69],[-86.66,73.1],[-85.25,73.78],[-86.72,73.84],[-88.17,73.6],[-89.1,73.2],[-89.82,72.35],[-89.33,72.17],[-89.81,71.98],[-90,71.54],[-87.95,71.35],[-87.31,70.93],[-89.15,70.97],[-89.02,70.68],[-87.95,70.38],[-86.38,70.47],[-85.98,70.11],[-84.87,70.11],[-82.27,69.86],[-81.01,70.18],[-79.21,69.88],[-78.71,70.01],[-79.38,70.59],[-77.67,70.18],[-77.62,69.89],[-76.93,69.81],[-75.55,69.22],[-76,69],[-76.64,69.01],[-76.55,68.73],[-74.83,69.08],[-74.41,68.66],[-73.35,68.33]],[[-70.47,64.62],[-70.92,64.79],[-71.5,64.61],[-71.9,64.73],[-71.57,65.13],[-70.77,65.07],[-70.47,64.62]],[[-71.18,66.08],[-71.13,66.33],[-71.44,66.6],[-71.17,67.03],[-70.46,66.75],[-69.49,66.58],[-69.22,66.41],[-69.59,66.2],[-70.58,66.29],[-71.18,66.08]]]},"properties":{"NAME":null,"ABBREVN":null,"type":null,"weblnks":null,"SUBJECTO":null,"BORDERPRECISION":1,"PARTOF":null}},
{"type":"Feature","geometry":{"type":"Polygon","coordinates":[[[-69.56,82.99],[-72.65,83.1],[-74.17,82.99],[-76.03,83.05],[-77.13,82.86],[-79.23,82.96],[-81.65,82.58],[-79.89,82.04],[-81.39,82.08],[-84.95,82.38],[-86.42,82.11],[-88.63,82.06],[-91.05,81.83],[-90.73,81.48],[-89.49,81.38],[-89.19,81.1],[-86.44,81.39],[-84.75,81.29],[-85.36,80.99],[-84.79,80.78],[-81.88,80.75],[-80.09,81.02],[-78.83,81.02],[-77.64,80.83],[-79.34,80.55],[-81.72,80.39],[-82.26,80.05],[-83.62,80.21],[-86.17,80.28],[-86.32,80.11],[-83.91,79.26],[-81.6,78.75],[-82.33,78.67],[-85.27,78.91],[-86.35,78.81],[-86.83,78.59],[-86.51,78.3],[-84.83,78.17],[-84.87,77.71],[-83.36,77.63],[-83.69,77.31],[-84.65,77.3],[-85.72,77.47],[-86.44,77.82],[-88.05,77.75],[-87.1,77.28],[-89.32,76.9],[-89.42,76.61],[-88.31,76.54],[-85.04,76.41],[-84.56,76.54],[-82.42,76.47],[-81.38,76.65],[-80.81,76.24],[-78.21,76.55],[-77.8,76.73],[-79.71,77.13],[-82.17,77.29],[-81.1,77.58],[-78.86,77.37],[-78.22,77.57],[-78.37,78.03],[-76.3,78.01],[-76.62,78.3],[-75.75,78.36],[-74.91,78.85],[-75.58,79.24],[-77.32,79.27],[-77.24,79.58],[-73.67,79.52],[-74.25,80.04],[-71.45,79.85],[-70.25,80.19],[-70.51,80.55],[-69.5,80.55],[-66.48,81.3],[-67.85,81.75],[-66.37,82.1],[-63.92,82.01],[-61.99,82.31],[-65.05,82.88],[-66.81,82.82],[-69.56,82.99]]]},"properties":{"NAME":null,"ABBREVN":null,"type":null,"weblnks":null,"SUBJECTO":null,"BORDERPRECISION":1,"PARTOF":null}},
{"type":"Feature","geometry":{"type":"Polygon","coordinates":[[[-114.33,72.57],[-114.46,72.99],[-114.19,73.24],[-114.65,73.35],[-117.22,72.86],[-118.4,72.48],[-118.97,71.91],[-118.34,71.82],[-117.31,71.47],[-115.69,71.58],[-115.74,71.3],[-117.34,71.2],[-118.4,71.01],[-117.76,70.72],[-116.3,70.77],[-113.76,70.74],[-111.85,70.42],[-111.73,70.26],[-113,70.24],[-115.15,70.27],[-117.08,70.11],[-117.35,69.9],[-116.56,69.49],[-115.91,69.35],[-113.86,69.23],[-113.54,69.11],[-113.61,68.77],[-113.15,68.6],[-110.45,68.65],[-109.21,68.81],[-108.65,69],[-107.54,69.06],[-106.85,69.45],[-106.38,69.48],[-105.93,69.23],[-104.19,68.9],[-103.18,68.85],[-102.28,68.95],[-101.81,69.14],[-102.2,69.48],[-103.27,69.33],[-103.49,69.68],[-102.32,69.85],[-101.06,69.65],[-101.06,70.03],[-102.7,70.48],[-103.86,70.7],[-104.59,71.05],[-104.47,71.65],[-105.01,72.04],[-105.31,72.64],[-105.61,72.87],[-106.53,73.2],[-107.95,73.35],[-108.27,73.17],[-107.85,72.37],[-107.26,71.9],[-108.24,71.72],[-108.85,72.57],[-109.83,72.95],[-110.35,72.83],[-110.57,72.54],[-111.71,72.4],[-111.64,72.73],[-113.24,72.94],[-113.81,72.64],[-114.33,72.57]]]},"properties":{"NAME":null,"ABBREVN":null,"type":null,"weblnks":null,"SUBJECTO":null,"BORDERPRECISION":1,"PARTOF":null}},
{"type":"Feature","geometry":{"type":"Polygon","coordinates":[[[-178.76,68.57],[-180,68.92],[-180,68.07],[-180,67.96],[-180,67.07],[-180,66.96],[-180,66.07],[-180,65.96],[-180,65.38],[-180,65.31],[-180,65.26],[-179.63,65.74],[-179.76,66.12],[-178.91,66],[-178.57,65.53],[-177.51,65.52],[-176.53,65.61],[-175.93,65.39],[-175.91,65.01],[-175.25,64.78],[-174.76,64.75],[-174.06,64.43],[-173.08,64.38],[-173.25,64.9],[-172.44,65.02],[-172.56,65.51],[-172.18,65.59],[-171.2,65.56],[-170.61,66.04],[-169.83,66.02],[-171.34,66.65],[-171.96,66.96],[-172.82,66.91],[-173.72,67.12],[-174.2,67.1],[-174,66.77],[-174.19,66.29],[-174.64,66.4],[-175.1,66.77],[-175.01,66.96],[-175.51,67.67],[-175.99,67.85],[-178.13,68.37],[-178.76,68.57]]]},"properties":{"NAME":null,"ABBREVN":null,"type":null,"weblnks":null,"SUBJECTO":null,"BORDERPRECISION":1,"PARTOF":null}},
{"type":"Feature","geometry":{"type":"Polygon","coordinates":[[[-91.53,80.97],[-92.12,81.23],[-94.43,80.97],[-94.23,80.56],[-95.58,80.39],[-94.87,80.15],[-96.44,79.94],[-95.04,79.4],[-93.18,79.53],[-91.82,79.44],[-91.5,79.18],[-93.23,79.17],[-94.09,79.02],[-92.48,78.44],[-91.42,78.31],[-90.15,78.33],[-89.94,78.59],[-88.96,78.75],[-87.79,78.73],[-87,79.45],[-87.34,80.07],[-89.04,80.17],[-89.37,80.54],[-90.77,80.57],[-91.53,80.97]]]},"properties":{"NAME":null,"ABBREVN":null,"type":null,"weblnks":null,"SUBJECTO":null,"BORDERPRECISION":1,"PARTOF":null}},
{"type":"Feature","geometry":{"type":"Polygon","coordinates":[[[-119.73,74.04],[-119.65,74.19],[-121.77,74.54],[-124.76,74.34],[-123.83,73.7],[-124.86,73.07],[-125.18,72.43],[-125.73,72.04],[-124.58,71.9],[-124.07,71.73],[-123.37,71.19],[-122.67,71.15],[-121.94,71.5],[-120.84,71.53],[-120.42,71.88],[-120.45,72.3],[-119.77,72.39],[-118.59,72.97],[-115.65,73.63],[-117.34,74.17],[-118.23,74.21],[-119.73,74.04]]]},"properties":{"NAME":null,"ABBREVN":null,"type":null,"weblnks":null,"SUBJECTO":null,"BORDERPRECISION":1,"PARTOF":null}},
{"type":"Feature","geometry":{"type":"Polygon","coordinates":[[[-92.68,76.59],[-93.06,76.37],[-92.22,75.95],[-92.01,75.59],[-92.37,75.42],[-91.87,74.79],[-89.7,74.61],[-88.95,74.93],[-88.39,74.99],[-88.14,74.57],[-85.12,74.62],[-82.94,74.68],[-82.37,74.56],[-80.35,74.62],[-80.5,75.03],[-79.5,75.28],[-79.75,75.47],[-82.28,75.84],[-83.12,75.73],[-83.93,75.81],[-86.62,75.43],[-87.23,75.62],[-88.96,75.43],[-89.59,75.86],[-91.16,75.97],[-90.99,76.18],[-89.9,76.35],[-91.13,76.63],[-92.68,76.59]]]},"properties":{"NAME":null,"ABBREVN":null,"type":null,"weblnks":null,"SUBJECTO":null,"BORDERPRECISION":1,"PARTOF":null}},
{"type":"Feature","geometry":{"type":"Polygon","coordinates":[[[-108.59,76.64],[-109.51,76.71],[-110.36,76.43],[-109.34,76.08],[-108.92,75.52],[-111.22,75.52],[-112.57,76.16],[-114.06,76.22],[-114.37,76.47],[-115.8,76.34],[-116.27,76.19],[-115.58,75.69],[-117,75.65],[-117.01,75.26],[-115.94,75.31],[-115.19,75.15],[-113.52,75.29],[-112.81,75.42],[-111.15,75.35],[-111.54,75.01],[-112.87,74.98],[-114.09,74.67],[-113.11,74.51],[-112.2,74.5],[-110.87,74.72],[-109.07,75.13],[-107.48,75.01],[-105.88,75.18],[-105.5,75.85],[-106.64,76.05],[-107.03,75.77],[-108.4,76.05],[-108.59,76.64]]]},"properties":{"NAME":null,"ABBREVN":null,"type":null,"weblnks":null,"SUBJECTO":null,"BORDERPRECISION":1,"PARTOF":null}},
{"type":"Feature","geometry":{"type":"Polygon","coordinates":[[[-85.07,65.6],[-85.56,65.86],[-86.02,65.11],[-86.24,64.54],[-86.06,64.14],[-87.05,63.75],[-86.31,63.64],[-85.6,63.75],[-85.46,63.21],[-84.65,63.31],[-84.39,63.56],[-83.6,63.83],[-83.43,64.17],[-83.01,64.19],[-82.38,63.91],[-82.2,63.69],[-80.94,63.51],[-80.45,63.73],[-80.95,63.98],[-81.86,64.08],[-81.83,64.41],[-82.11,64.64],[-83.09,64.87],[-83.67,65.16],[-84.23,65.26],[-84.93,65.21],[-85.07,65.6]]]},"properties":{"NAME":null,"ABBREVN":null,"type":null,"weblnks":null,"SUBJECTO":null,"BORDERPRECISION":1,"PARTOF":null}},
{"type":"Feature","geometry":{"type":"Polygon","coordinates":[[[-97.96,73.85],[-98.97,73.73],[-99.48,73.82],[-100.91,73.71],[-99.84,73.19],[-100.45,72.74],[-101.3,72.71],[-101.97,73.07],[-102.67,72.85],[-101.65,72.37],[-100.32,72.14],[-98.94,71.39],[-98.37,71.37],[-96.85,71.88],[-96.66,72.34],[-96.35,72.5],[-97.23,72.93],[-98.31,73.05],[-98.36,73.22],[-97.49,73.46],[-96.98,73.75],[-97.96,73.85]]]},"properties":{"NAME":null,"ABBREVN":null,"type":null,"weblnks":null,"SUBJECTO":null,"BORDERPRECISION":1,"PARTOF":null}},
{"type":"Feature","geometry":{"type":"Polygon","coordinates":[[[-125.93,50.38],[-127.23,50.64],[-128.05,50.87],[-128.34,50.67],[-127.39,50.05],[-126.96,50.06],[-126.52,49.82],[-126.47,49.64],[-126.11,49.53],[-125.46,49.17],[-125,49.17],[-125.1,48.8],[-123.9,48.47],[-123.59,48.63],[-123.95,49.21],[-124.79,49.46],[-125.27,50.05],[-125.66,50.37],[-125.93,50.38]]]},"properties":{"NAME":null,"ABBREVN":null,"type":null,"weblnks":null,"SUBJECTO":null,"BORDERPRECISION":1,"PARTOF":null}},
{"type":"Feature","geometry":{"type":"Polygon","coordinates":[[[-117.97,76.6],[-116.24,76.78],[-116.49,77.55],[-117.28,77.29],[-118.65,77.36],[-120.09,77],[-121.55,76.43],[-120.1,75.98],[-119.39,76.38],[-118.74,76.94],[-117.97,76.6]]]},"properties":{"NAME":null,"ABBREVN":null,"type":null,"weblnks":null,"SUBJECTO":null,"BORDERPRECISION":1,"PARTOF":null}},
{"type":"Feature","geometry":{"type":"Polygon","coordinates":[[[-102.68,78.98],[-103.16,79.29],[-103.98,79.37],[-105.48,79.22],[-104.11,79.06],[-103.32,78.74],[-103.83,78.29],[-101.17,78.27],[-100.47,77.89],[-99.08,77.93],[-99.8,78.31],[-100.1,78.75],[-102.68,78.98]]]},"properties":{"NAME":null,"ABBREVN":null,"type":null,"weblnks":null,"SUBJECTO":null,"BORDERPRECISION":1,"PARTOF":null}},
{"type":"Feature","geometry":{"type":"Polygon","coordinates":[[[-92.11,73.98],[-93.74,74.15],[-95.04,74.03],[-95.61,73.32],[-95.55,72.88],[-95.06,72.28],[-94.11,72.22],[-93.64,72.53],[-94.27,72.85],[-92,72.84],[-91.32,73.26],[-90.45,73.9],[-91.1,74.01],[-92.11,73.98]]]},"properties":{"NAME":null,"ABBREVN":null,"type":null,"weblnks":null,"SUBJECTO":null,"BORDERPRECISION":1,"PARTOF":null}},
{"type":"Feature","geometry":{"type":"Polygon","coordinates":[[[-98.36,76.57],[-100.66,76.57],[-100.11,76.27],[-101.88,76.33],[-101.58,75.91],[-99.82,75.66],[-100.47,75.31],[-99.94,75.08],[-98.16,75.1],[-98.15,75.6],[-97.67,75.86],[-97.82,76.48],[-98.36,76.57]]]},"properties":{"NAME":null,"ABBREVN":null,"type":null,"weblnks":null,"SUBJECTO":null,"BORDERPRECISION":1,"PARTOF":null}},
{"type":"Feature","geometry":{"type":"Polygon","coordinates":[[[-97.1,69.61],[-98.12,69.8],[-98.4,69.3],[-99.37,68.97],[-98.38,68.86],[-97.61,68.64],[-96.21,68.54],[-95.51,68.81],[-96.15,69.1],[-96.2,69.3],[-97.1,69.61]]]},"properties":{"NAME":null,"ABBREVN":null,"type":null,"weblnks":null,"SUBJECTO":null,"BORDERPRECISION":1,"PARTOF":null}},
{"type":"Feature","geometry":{"type":"Polygon","coordinates":[[[-96.01,78.49],[-97.49,78.8],[-98.36,78.77],[-97.69,78.21],[-96.6,78],[-95.23,78.13],[-95.1,78.44],[-96.01,78.49]]]},"properties":{"NAME":null,"ABBREVN":null,"type":null,"weblnks":null,"SUBJECTO":null,"BORDERPRECISION":1,"PARTOF":null}},
{"type":"Feature","geometry":{"type":"Polygon","coordinates":[[[-75.16,67.94],[-75.12,68.11],[-75.86,68.34],[-76.79,68.15],[-77.25,67.65],[-77.06,67.33],[-76.34,67.25],[-75.77,67.3],[-75.15,67.58],[-75.16,67.94]]]},"properties":{"NAME":null,"ABBREVN":null,"type":null,"weblnks":null,"SUBJECTO":null,"BORDERPRECISION":1,"PARTOF":null}},
{"type":"Feature","geometry":{"type":"Polygon","coordinates":[[[-152.86,57.73],[-153.18,57.83],[-153.73,57.43],[-154.19,57.63],[-154.64,57.27],[-154.52,57.12],[-154.01,57.12],[-153.67,56.97],[-152.93,57.52],[-152.86,57.73]]]},"properties":{"NAME":null,"ABBREVN":null,"type":null,"weblnks":null,"SUBJECTO":null,"BORDERPRECISION":1,"PARTOF":null}},
{"type":"Feature","geometry":{"type":"Polygon","coordinates":[[[-170.74,63.63],[-170.5,63.37],[-169.82,63.13],[-169.84,63.45],[-170.48,63.69],[-170.74,63.63]]]},"properties":{"NAME":null,"ABBREVN":null,"type":null,"weblnks":null,"SUBJECTO":null,"BORDERPRECISION":1,"PARTOF":null}},
{"type":"Feature","geometry":{"type":"Polygon","coordinates":[[[-94.26,76.9],[-95.63,77.04],[-96.81,76.92],[-95.94,76.55],[-93.94,76.4],[-93.79,76.74],[-94.26,76.9]]]},"properties":{"NAME":null,"ABBREVN":null,"type":null,"weblnks":null,"SUBJECTO":null,"BORDERPRECISION":1,"PARTOF":null}},
{"type":"Feature","geometry":{"type":"Polygon","coordinates":[[[-133.06,56.05],[-133.26,55.94],[-133.22,55.58],[-132.99,55.35],[-132.17,54.85],[-132.18,55.28],[-132.55,55.45],[-132.63,55.9],[-133.06,56.05]]]},"properties":{"NAME":null,"ABBREVN":null,"type":null,"weblnks":null,"SUBJECTO":null,"BORDERPRECISION":1,"PARTOF":null}},
{"type":"Feature","geometry":{"type":"Polygon","coordinates":[[[-110.9,77.86],[-110.71,78.02],[-113.03,77.9],[-113.02,77.6],[-111.91,77.48],[-110.62,77.54],[-110.9,77.86]]]},"properties":{"NAME":null,"ABBREVN":null,"type":null,"weblnks":null,"SUBJECTO":null,"BORDERPRECISION":1,"PARTOF":null}},
{"type":"Feature","geometry":{"type":"Polygon","coordinates":[[[-160.42,55.63],[-160.68,55.76],[-161.32,55.88],[-161.81,55.78],[-162.59,55.34],[-162.22,55.13],[-161.77,55.34],[-161.62,55.61],[-160.53,55.54],[-160.42,55.63]]]},"properties":{"NAME":null,"ABBREVN":null,"type":null,"weblnks":null,"SUBJECTO":null,"BORDERPRECISION":1,"PARTOF":null}},
{"type":"Feature","geometry":{"type":"Polygon","coordinates":[[[-155.79,19.03],[-155.48,19.24],[-155.14,19.33],[-154.95,19.48],[-155.21,19.9],[-155.87,20.26],[-155.82,19.99],[-156.05,19.74],[-155.79,19.03]]]},"properties":{"NAME":null,"ABBREVN":null,"type":null,"weblnks":null,"SUBJECTO":null,"BORDERPRECISION":1,"PARTOF":null}},
{"type":"Feature","geometry":{"type":"Polygon","coordinates":[[[-163.33,54.7],[-163.46,54.97],[-163.76,55.06],[-164.56,54.83],[-164.95,54.57],[-164.77,54.39],[-164.39,54.44],[-164.07,54.66],[-163.33,54.7]]]},"properties":{"NAME":null,"ABBREVN":null,"type":null,"weblnks":null,"SUBJECTO":null,"BORDERPRECISION":1,"PARTOF":null}},
{"type":"Feature","geometry":{"type":"Polygon","coordinates":[[[-135.49,58.07],[-136,58.2],[-136.42,58.11],[-136.35,57.83],[-135.11,57.67],[-135.49,58.07]]]},"properties":{"NAME":null,"ABBREVN":null,"type":null,"weblnks":null,"SUBJECTO":null,"BORDERPRECISION":1,"PARTOF":null}},
{"type":"Feature","geometry":{"type":"Polygon","coordinates":[[[-132.57,53.98],[-133.05,54.07],[-133.09,53.8],[-132.77,53.46],[-132.09,53.4],[-132,53.79],[-132.17,54.01],[-132.57,53.98]]]},"properties":{"NAME":null,"ABBREVN":null,"type":null,"weblnks":null,"SUBJECTO":null,"BORDERPRECISION":1,"PARTOF":null}},
{"type":"Feature","geometry":{"type":"Polygon","coordinates":[[[-135.03,56.58],[-134.76,56.79],[-135,57.33],[-135.47,57.25],[-135.03,56.58]]]},"properties":{"NAME":null,"ABBREVN":null,"type":null,"weblnks":null,"SUBJECTO":null,"BORDERPRECISION":1,"PARTOF":null}},
{"type":"Feature","geometry":{"type":"Polygon","coordinates":[[[-166.92,53.71],[-166.64,53.57],[-166.38,53.85],[-166.77,54],[-166.92,53.71]]]},"properties":{"NAME":null,"ABBREVN":null,"type":null,"weblnks":null,"SUBJECTO":null,"BORDERPRECISION":1,"PARTOF":null}},
{"type":"Feature","geometry":{"type":"Polygon","coordinates":[[[-156.44,20.61],[-156.12,20.79],[-156.64,21.03],[-156.64,20.83],[-156.44,20.61]]]},"properties":{"NAME":null,"ABBREVN":null,"type":null,"weblnks":null,"SUBJECTO":null,"BORDERPRECISION":1,"PARTOF":null}},
{"type":"Feature","geometry":{"type":"Polygon","coordinates":[[[-158.23,21.47],[-158.11,21.3],[-157.9,21.34],[-158.05,21.46],[-158.23,21.47]]]},"properties":{"NAME":null,"ABBREVN":null,"type":null,"weblnks":null,"SUBJECTO":null,"BORDERPRECISION":1,"PARTOF":null}},
{"type":"Feature","geometry":{"type":"Polygon","coordinates":[[[-168.37,53.25],[-167.89,53.36],[-168.24,53.53],[-168.37,53.25]]]},"properties":{"NAME":null,"ABBREVN":null,"type":null,"weblnks":null,"SUBJECTO":null,"BORDERPRECISION":1,"PARTOF":null}},
{"type":"Feature","geometry":{"type":"Polygon","coordinates":[[[-162.96,54.98],[-162.79,55.15],[-163.08,55.19],[-162.96,54.98]]]},"properties":{"NAME":null,"ABBREVN":null,"type":null,"weblnks":null,"SUBJECTO":null,"BORDERPRECISION":1,"PARTOF":null}},
{"type":"Feature","geometry":{"type":"Polygon","coordinates":[[[-48.62,-0.94],[-48.4,-0.39],[-49.14,-0.2],[-49.36,-0.28],[-50.21,-0.19],[-50.5,-0.26],[-50.62,-0.89],[-50.61,-1.44],[-50.48,-1.68],[-50.22,-1.74],[-49.94,-1.66],[-49.34,-1.64],[-48.89,-1.42],[-48.62,-0.94]]]},"properties":{"NAME":null,"ABBREVN":null,"type":null,"weblnks":null,"SUBJECTO":null,"BORDERPRECISION":1,"PARTOF":null}},
{"type":"Feature","geometry":{"type":"Polygon","coordinates":[[[-61.67,10.08],[-61.21,10.12],[-61.2,10.79],[-61.46,10.56],[-61.45,10.3],[-61.67,10.08]]]},"properties":{"NAME":null,"ABBREVN":null,"type":null,"weblnks":null,"SUBJECTO":null,"BORDERPRECISION":1,"PARTOF":null}},
{"type":"Feature","geometry":{"type":"Polygon","coordinates":[[[74.21,14.75],[74.73,13.68],[75.21,12.1],[75.69,11.44],[75.84,11.03],[76.4,9.82],[76.54,9.12],[76.69,8.75],[77.18,8.21],[77.54,8.07],[78.06,8.39],[78.17,8.86],[78.43,9.11],[78.96,9.27],[78.94,9.59],[79.22,10.19],[79.4,10.32],[79.83,10.36],[79.71,11.44],[79.87,12.03],[80.22,12.83],[80.32,13.33],[80.06,13.59],[80.17,13.89],[80.14,14.49],[74.21,14.75]]]},"properties":{"NAME":"Dravidians","ABBREVN":"Dravidians","type":null,"weblnks":null,"SUBJECTO":"Dravidians","BORDERPRECISION":1,"PARTOF":"Dravidians"}},
{"type":"Feature","geometry":{"type":"MultiPolygon","coordinates":[[[[-15.44,28.13],[-15.82,27.98],[-15.58,27.73],[-15.43,27.8],[-15.44,28.13]]],[[[-13.95,28.74],[-14.31,28.14],[-13.95,28.22],[-13.82,28.62],[-13.95,28.74]]]]},"properties":{"NAME":null,"ABBREVN":null,"type":null,"weblnks":null,"SUBJECTO":null,"BORDERPRECISION":1,"PARTOF":null}},
{"type":"Feature","geometry":{"type":"Polygon","coordinates":[[[30.57,-8.12],[30.29,-7.87],[30.15,-7.3],[29.75,-7],[29.51,-6.72],[29.19,-5.92],[29.37,-5.62],[29.12,-5.12],[29.1,-4.21],[29.14,-3.41],[29.33,-3.39],[29.36,-3.86],[29.65,-4.42],[29.61,-4.91],[29.81,-5.11],[29.76,-5.47],[29.95,-5.86],[29.78,-6],[29.75,-6.29],[29.97,-6.5],[30.14,-6.46],[30.53,-6.92],[30.6,-7.54],[30.94,-8.11],[32.48,-8.07],[31.96,-7.99],[31.82,-7.78],[32.03,-7.63],[32.53,-8.07],[39.44,-7.92],[39.29,-7.88],[39.27,-7.58],[39.54,-7.03],[39.22,-6.78],[38.85,-6.33],[38.78,-6.03],[38.96,-5.56],[39.26,-4.61],[39.41,-4.63],[39.83,-3.81],[39.97,-3.38],[40.12,-3.28],[40.24,-2.66],[40.64,-2.55],[40.9,-2.23],[40.89,-2.02],[41.32,-1.96],[41.77,-1.37],[41.97,-1.02],[42.56,-0.31],[42.81,-0.09],[43.49,0.65],[44.54,1.55],[45,1.86],[45.89,2.35],[46.29,2.71],[-16.87,21.84],[-16.97,21.63],[-16.91,21.15],[-16.35,20.52],[-16.2,20.22],[-16.23,19.8],[-16.47,19.37],[-16.19,19.03],[-16.06,18.67],[-15.98,18.18],[-16.13,17.3],[-16.38,16.72],[-16.45,16.12],[-16.55,15.76],[-16.87,15.24],[-17.13,14.93],[-17.4,14.79],[-17.05,14.59],[-16.47,13.72],[-16.45,13.54],[-16.77,13.36],[-16.73,12.79],[-16.77,12.6],[-16.57,12.31],[-16.28,12.21],[-16.09,11.97],[-15.81,11.84],[-15.43,11.96],[-15.1,11.81],[-15.36,11.52],[-15.34,11.22],[-15.03,11.15],[-15.02,10.92],[-14.59,10.79],[-14.59,10.47],[-14.06,10.08],[-13.68,9.92],[-13.63,9.62],[-13.28,9.27],[-13.14,9.03],[-13.17,8.77],[-12.93,8.63],[-13.01,8.23],[-12.87,7.97],[-12.27,7.63],[-12.26,7.35],[-11.82,7.14],[-11.38,6.84],[-11.23,6.65],[-10.87,6.48],[-9.94,5.86],[-9.25,5.17],[-8.24,4.64],[-7.55,4.35],[-7.43,4.35],[-6.91,4.66],[-5.58,5.13],[-5,5.24],[-3.91,5.32],[-3.14,5.14],[-3.03,5.27],[-2.72,5.04],[-2.26,4.88],[-2.08,4.73],[-1.63,5.01],[-0.72,5.28],[0.31,5.78],[0.92,5.77],[1.14,6.07],[1.56,6.24],[2.88,6.38],[3.32,6.39],[3.4,6.55],[3.95,6.58],[4.07,6.44],[4.53,6.3],[4.89,6],[5.15,5.64],[5.4,5.57],[5.35,5.33],[5.48,4.85],[5.61,4.63],[6.09,4.33],[6.95,4.37],[7.24,4.56],[7.67,4.5],[8.28,4.54],[8.33,4.84],[8.87,4.62],[9.03,4.14],[9.28,4.02],[9.65,4.02],[9.61,3.7],[9.97,3.09],[9.81,2.35],[9.85,1.88],[9.37,1.17],[9.62,1.09],[9.57,0.61],[9.35,0.54],[9.84,0.18],[9.47,0.12],[9.2,-0.63],[8.83,-0.89],[9.11,-1.35],[9.44,-1.61],[9.24,-1.77],[9.57,-2.21],[9.66,-2.42],[10.01,-2.53],[9.94,-2.7],[10.3,-2.98],[10.92,-3.63],[11.01,-3.81],[11.77,-4.54],[12.26,-5.47],[12.2,-5.75],[12.44,-6.02],[12.37,-6.26],[12.8,-6.86],[12.96,-7.45],[13.39,-8.16],[13.48,-8.49],[30.57,-8.12]],[[29.25,-1.74],[29.36,-2.02],[29.15,-2.28],[28.86,-2.37],[28.91,-2.01],[29.07,-1.61],[29.25,-1.74]],[[29.37,-0.64],[29.5,-0.18],[29.64,-0.12],[29.87,-0.3],[29.51,-0.61],[29.37,-0.64]],[[30.49,1.17],[30.48,1.47],[30.87,1.86],[31.38,2.26],[31.4,1.9],[31.27,1.69],[30.97,1.53],[30.59,1.04],[30.49,1.17]],[[-1.15,8.87],[-1.03,8.84],[-0.72,8.4],[-0.13,8.01],[-0.02,7.79],[0.26,7.9],[0.3,7.07],[0.25,6.67],[-0.01,6.38],[-0.32,6.62],[0.12,6.98],[0.18,7.27],[-0.16,7.72],[-0.19,7.96],[-0.53,8.06],[-1.15,8.87]],[[32.76,-2.98],[32.86,-2.76],[32.81,-2.52],[32.36,-2.39],[32.1,-2.39],[31.92,-2.67],[31.68,-2.28],[31.66,-1.93],[31.87,-1.09],[31.72,-0.79],[31.99,-0.32],[31.95,-0.13],[32.21,0.01],[33.14,0.25],[33.27,0.46],[33.58,0.22],[33.97,0.21],[34.03,-0.06],[34.28,-0.35],[34.72,-0.09],[34.81,-0.28],[34.22,-0.44],[34.08,-0.58],[34.16,-0.88],[33.68,-1.64],[33.28,-2.12],[33.81,-2.19],[33.42,-2.53],[33.07,-2.41],[32.89,-2.48],[32.96,-2.85],[32.76,-2.98]],[[36.63,2.42],[36.15,3.04],[35.97,3.37],[35.85,3.78],[35.95,4.55],[36.17,4.63],[36.22,3.47],[36.43,3.01],[36.65,2.86],[36.63,2.42]]]},"properties":{"NAME":"Bantu","ABBREVN":"Bantu","type":null,"weblnks":null,"SUBJECTO":"Bantu","BORDERPRECISION":1,"PARTOF":"Bantu"}},
{"type":"Feature","geometry":{"type":"Polygon","coordinates":[[[-59.53,13.05],[-59.43,13.16],[-59.66,13.29],[-59.64,13.15],[-59.53,13.05]]]},"properties":{"NAME":null,"ABBREVN":null,"type":null,"weblnks":null,"SUBJECTO":null,"BORDERPRECISION":1,"PARTOF":null}},
{"type":"Feature","geometry":{"type":"Polygon","coordinates":[[[-68.2,12.22],[-68.36,12.31],[-68.29,12.1],[-68.2,12.22]]]},"properties":{"NAME":null,"ABBREVN":null,"type":null,"weblnks":null,"SUBJECTO":null,"BORDERPRECISION":1,"PARTOF":null}},
{"type":"Feature","geometry":{"type":"Polygon","coordinates":[[[-61.67,17.08],[-61.79,17.16],[-61.89,17.03],[-61.74,16.99],[-61.67,17.08]]]},"properties":{"NAME":null,"ABBREVN":null,"type":null,"weblnks":null,"SUBJECTO":null,"BORDERPRECISION":1,"PARTOF":null}},
{"type":"Feature","geometry":{"type":"Polygon","coordinates":[[[-68.97,12.2],[-69.08,12.35],[-69.16,12.31],[-69.06,12.19],[-68.83,12.05],[-68.82,12.16],[-68.97,12.2]]]},"properties":{"NAME":null,"ABBREVN":null,"type":null,"weblnks":null,"SUBJECTO":null,"BORDERPRECISION":1,"PARTOF":null}},
{"type":"Feature","geometry":{"type":"Polygon","coordinates":[[[-61.47,15.62],[-61.39,15.35],[-61.26,15.29],[-61.3,15.57],[-61.47,15.62]]]},"properties":{"NAME":null,"ABBREVN":null,"type":null,"weblnks":null,"SUBJECTO":null,"BORDERPRECISION":1,"PARTOF":null}},
{"type":"Feature","geometry":{"type":"Polygon","coordinates":[[[-61.6,12.19],[-61.72,12.17],[-61.79,12.01],[-61.64,12.03],[-61.6,12.19]]]},"properties":{"NAME":null,"ABBREVN":null,"type":null,"weblnks":null,"SUBJECTO":null,"BORDERPRECISION":1,"PARTOF":null}},
{"type":"Feature","geometry":{"type":"Polygon","coordinates":[[[-61.03,14.83],[-61.23,14.81],[-61.03,14.47],[-60.83,14.57],[-61.03,14.83]]]},"properties":{"NAME":null,"ABBREVN":null,"type":null,"weblnks":null,"SUBJECTO":null,"BORDERPRECISION":1,"PARTOF":null}},
{"type":"Feature","geometry":{"type":"Polygon","coordinates":[[[-62.17,16.67],[-62.14,16.69],[-62.18,16.81],[-62.24,16.71],[-62.17,16.67]]]},"properties":{"NAME":null,"ABBREVN":null,"type":null,"weblnks":null,"SUBJECTO":null,"BORDERPRECISION":1,"PARTOF":null}},
{"type":"Feature","geometry":{"type":"Polygon","coordinates":[[[-63.15,18.17],[-62.99,18.23],[-63.06,18.26],[-63.15,18.17]]]},"properties":{"NAME":null,"ABBREVN":null,"type":null,"weblnks":null,"SUBJECTO":null,"BORDERPRECISION":1,"PARTOF":null}},
{"type":"Feature","geometry":{"type":"Polygon","coordinates":[[[-62.54,17.18],[-62.61,17.19],[-62.61,17.1],[-62.54,17.11],[-62.54,17.18]]]},"properties":{"NAME":null,"ABBREVN":null,"type":null,"weblnks":null,"SUBJECTO":null,"BORDERPRECISION":1,"PARTOF":null}},
{"type":"Feature","geometry":{"type":"Polygon","coordinates":[[[-61.04,13.97],[-61.07,13.79],[-60.9,13.78],[-60.88,13.96],[-61.04,13.97]]]},"properties":{"NAME":null,"ABBREVN":null,"type":null,"weblnks":null,"SUBJECTO":null,"BORDERPRECISION":1,"PARTOF":null}},
{"type":"Feature","geometry":{"type":"Polygon","coordinates":[[[-64.64,17.77],[-64.87,17.77],[-64.89,17.69],[-64.67,17.71],[-64.64,17.77]]]},"properties":{"NAME":null,"ABBREVN":null,"type":null,"weblnks":null,"SUBJECTO":null,"BORDERPRECISION":1,"PARTOF":null}},
{"type":"Feature","geometry":{"type":"Polygon","coordinates":[[[-61.2,15.94],[-61.28,16.01],[-61.33,15.93],[-61.23,15.88],[-61.2,15.94]]]},"properties":{"NAME":null,"ABBREVN":null,"type":null,"weblnks":null,"SUBJECTO":null,"BORDERPRECISION":1,"PARTOF":null}},
{"type":"Feature","geometry":{"type":"Polygon","coordinates":[[[-63.01,18.04],[-63.05,18.12],[-63.15,18.07],[-63.01,18.04]]]},"properties":{"NAME":null,"ABBREVN":null,"type":null,"weblnks":null,"SUBJECTO":null,"BORDERPRECISION":1,"PARTOF":null}},
{"type":"Feature","geometry":{"type":"Polygon","coordinates":[[[-61.87,17.69],[-61.86,17.59],[-61.73,17.55],[-61.74,17.65],[-61.87,17.69]]]},"properties":{"NAME":null,"ABBREVN":null,"type":null,"weblnks":null,"SUBJECTO":null,"BORDERPRECISION":1,"PARTOF":null}},
{"type":"Feature","geometry":{"type":"Polygon","coordinates":[[[-61.42,12.51],[-61.49,12.48],[-61.49,12.43],[-61.43,12.45],[-61.42,12.51]]]},"properties":{"NAME":null,"ABBREVN":null,"type":null,"weblnks":null,"SUBJECTO":null,"BORDERPRECISION":1,"PARTOF":null}},
{"type":"Feature","geometry":{"type":"Polygon","coordinates":[[[-62.69,17.28],[-62.73,17.37],[-62.81,17.41],[-62.86,17.37],[-62.78,17.29],[-62.69,17.28]]]},"properties":{"NAME":null,"ABBREVN":null,"type":null,"weblnks":null,"SUBJECTO":null,"BORDERPRECISION":1,"PARTOF":null}},
{"type":"Feature","geometry":{"type":"Polygon","coordinates":[[[-61.28,13.25],[-61.18,13.13],[-61.12,13.25],[-61.21,13.37],[-61.28,13.25]]]},"properties":{"NAME":null,"ABBREVN":null,"type":null,"weblnks":null,"SUBJECTO":null,"BORDERPRECISION":1,"PARTOF":null}},
{"type":"Feature","geometry":{"type":"Polygon","coordinates":[[[-64.79,18.33],[-64.7,18.31],[-64.71,18.37],[-64.79,18.33]]]},"properties":{"NAME":null,"ABBREVN":null,"type":null,"weblnks":null,"SUBJECTO":null,"BORDERPRECISION":1,"PARTOF":null}},
{"type":"Feature","geometry":{"type":"Polygon","coordinates":[[[-64.98,18.35],[-64.88,18.31],[-64.9,18.36],[-64.98,18.35]]]},"properties":{"NAME":null,"ABBREVN":null,"type":null,"weblnks":null,"SUBJECTO":null,"BORDERPRECISION":1,"PARTOF":null}},
{"type":"Feature","geometry":{"type":"Polygon","coordinates":[[[-61.09,16.3],[-61.04,16.31],[-60.99,16.34],[-61.02,16.35],[-61.09,16.3]]]},"properties":{"NAME":null,"ABBREVN":null,"type":null,"weblnks":null,"SUBJECTO":null,"BORDERPRECISION":1,"PARTOF":null}},
{"type":"Feature","geometry":{"type":"Polygon","coordinates":[[[-61.29,16.33],[-61.5,16.35],[-61.79,16.24],[-61.7,15.95],[-61.55,16.05],[-61.58,16.2],[-61.29,16.33]]]},"properties":{"NAME":null,"ABBREVN":null,"type":null,"weblnks":null,"SUBJECTO":null,"BORDERPRECISION":1,"PARTOF":null}},
{"type":"Feature","geometry":{"type":"Polygon","coordinates":[[[-62.84,17.88],[-62.79,17.91],[-62.86,17.93],[-62.84,17.88]]]},"properties":{"NAME":null,"ABBREVN":null,"type":null,"weblnks":null,"SUBJECTO":null,"BORDERPRECISION":1,"PARTOF":null}},
{"type":"Feature","geometry":{"type":"Polygon","coordinates":[[[-62.97,17.46],[-62.94,17.49],[-62.99,17.52],[-63,17.49],[-62.97,17.46]]]},"properties":{"NAME":null,"ABBREVN":null,"type":null,"weblnks":null,"SUBJECTO":null,"BORDERPRECISION":1,"PARTOF":null}},
{"type":"Feature","geometry":{"type":"MultiPolygon","coordinates":[[[[148.22,45.19],[147.89,45.23],[147.11,44.79],[147.29,44.67],[148.22,45.19]]],[[[155.22,50.23],[155.36,50.05],[155.8,50.19],[155.77,50.46],[155.22,50.23]]]]},"properties":{"NAME":null,"ABBREVN":null,"type":null,"weblnks":null,"SUBJECTO":null,"BORDERPRECISION":1,"PARTOF":null}},
{"type":"Feature","geometry":{"type":"Polygon","coordinates":[[[143.15,-12.07],[142.82,-11.92],[142.75,-11.32],[142.64,-11.09],[142.34,-10.92],[142.16,-11.12],[141.95,-11.95],[141.69,-12.38],[141.92,-12.7],[141.6,-13.05],[141.68,-13.29],[141.51,-13.81],[141.67,-14.11],[141.52,-14.5],[141.71,-15.23],[141.41,-15.83],[141.43,-16.06],[141.13,-16.96],[140.8,-17.56],[140.25,-17.8],[139.82,-17.76],[139.25,-17.43],[138.96,-16.99],[138.26,-16.84],[137.76,-16.4],[137.07,-16.03],[136.69,-16.03],[136.09,-15.45],[135.63,-15.17],[135.42,-14.97],[135.41,-14.73],[135.75,-14.27],[135.96,-13.89],[135.83,-13.73],[135.89,-13.34],[136.1,-13.18],[136.47,-13.22],[136.66,-12.62],[136.86,-12.44],[136.43,-12.12],[136.3,-12.51],[136.09,-12.58],[135.94,-12.36],[135.44,-12.18],[135.19,-12.37],[134.94,-12.34],[134.76,-12.06],[134.41,-12.12],[133.56,-11.95],[132.93,-11.53],[132.66,-11.53],[132.63,-11.77],[132.75,-12.17],[132.4,-12.33],[131.54,-12.4],[131.18,-12.24],[130.86,-12.45],[130.84,-12.71],[130.46,-12.76],[130.23,-13.15],[130.27,-13.36],[129.78,-13.8],[129.76,-14.02],[129.43,-14.31],[129.46,-14.5],[129.73,-14.67],[129.84,-14.93],[129.63,-15.28],[129.19,-14.99],[128.46,-14.89],[128.07,-15.38],[127.96,-14.7],[127.53,-14.2],[127.17,-14.06],[126.85,-13.78],[126.55,-14.35],[126.43,-14.15],[126.14,-14.2],[126.04,-14.51],[125.86,-14.69],[125.5,-14.68],[125.16,-14.8],[125.17,-15.12],[125.02,-15.64],[124.69,-15.47],[124.42,-15.66],[124.4,-15.87],[124.59,-16.11],[124.38,-16.28],[124.28,-16.52],[123.71,-16.4],[123.61,-16.67],[123.91,-16.97],[123.83,-17.25],[123.62,-17.21],[123.3,-17.47],[123.02,-16.86],[122.87,-16.66],[122.62,-16.8],[122.15,-17.33],[122.21,-17.9],[122.34,-18.13],[121.78,-18.52],[121.49,-19.12],[121.24,-19.43],[120.71,-19.77],[119.81,-20.12],[119.53,-20.14],[119,-20.03],[118.61,-20.38],[118.19,-20.41],[117.6,-20.76],[116.77,-20.79],[116.42,-20.84],[116.13,-20.98],[115.35,-21.6],[114.55,-22.03],[114.31,-22.56],[114.07,-22.6],[113.9,-22.04],[113.66,-22.6],[113.82,-23.03],[113.67,-23.78],[113.38,-24.25],[113.43,-24.53],[113.61,-24.75],[114.04,-25.64],[114.26,-25.84],[114.19,-26.38],[113.59,-26.69],[114.07,-27.45],[114.16,-28.1],[114.59,-28.64],[114.6,-28.84],[114.83,-29.09],[114.98,-29.49],[114.94,-30.06],[115.05,-30.51],[115.74,-31.87],[115.77,-32.75],[115.71,-33.24],[115.41,-33.77],[114.96,-33.87],[115.02,-34.28],[115.31,-34.3],[115.65,-34.47],[115.97,-34.82],[116.46,-35],[116.87,-35.06],[117.33,-35.02],[117.53,-35.09],[118.08,-34.99],[118.39,-34.85],[118.94,-34.45],[119.21,-34.5],[119.62,-34.1],[120.03,-33.93],[120.41,-33.98],[120.86,-33.86],[121.93,-33.83],[122.27,-33.95],[122.61,-33.89],[123.54,-33.91],[123.99,-33.43],[124.28,-32.99],[124.75,-32.9],[125.52,-32.54],[125.96,-32.27],[126.69,-32.32],[127.33,-32.27],[128,-32.09],[128.95,-31.7],[130.26,-31.58],[130.75,-31.61],[131.12,-31.47],[131.67,-31.67],[132.2,-32.03],[132.59,-31.94],[132.83,-31.98],[133.14,-32.19],[133.59,-32.1],[133.99,-32.49],[134.3,-32.67],[134.19,-32.95],[134.33,-33.2],[134.71,-33.18],[134.84,-33.64],[135.26,-34],[135.43,-34.71],[135.79,-34.86],[135.94,-34.53],[136.58,-33.93],[137.21,-33.67],[137.6,-33.03],[137.9,-32.79],[138.17,-33.19],[137.94,-33.5],[137.86,-33.88],[137.51,-34.46],[137.56,-34.91],[137.68,-35.18],[137.92,-34.43],[138.23,-34.33],[138.57,-34.93],[138.53,-35.66],[138.96,-35.43],[139.36,-35.37],[139.42,-35.96],[139.65,-36.21],[139.86,-36.67],[139.82,-37.25],[140.36,-37.87],[140.67,-38.07],[140.97,-38.06],[141.57,-38.42],[141.72,-38.27],[142.16,-38.4],[142.39,-38.36],[142.81,-38.58],[143.55,-38.86],[144.4,-38.31],[144.53,-38.1],[144.98,-37.89],[145.13,-38.16],[145.44,-38.23],[145.9,-38.86],[146.87,-38.65],[147.54,-38.11],[148.31,-37.82],[149.46,-37.78],[149.95,-37.42],[149.9,-36.92],[150.22,-35.69],[150.54,-35.23],[150.7,-35.13],[150.93,-34.33],[151.27,-33.97],[151.36,-33.52],[151.81,-32.89],[152.46,-32.45],[152.56,-32.03],[152.83,-31.7],[153,-31.06],[152.94,-30.7],[153.2,-29.91],[153.36,-29.16],[153.49,-28.84],[153.4,-28.13],[152.95,-27.34],[153.09,-27.01],[153.07,-26.23],[152.89,-25.61],[152.53,-25.36],[152.32,-24.82],[152.07,-24.74],[151.73,-24.16],[151.2,-23.94],[150.8,-23.6],[150.75,-22.81],[150.61,-22.62],[149.94,-22.32],[150.02,-22.73],[149.56,-22.43],[149.41,-21.92],[149.1,-21.06],[148.71,-20.84],[148.57,-20.65],[148.76,-20.29],[148.66,-20.2],[148.19,-20.17],[147.59,-19.86],[147.41,-19.56],[147.08,-19.51],[146.32,-19.08],[146.11,-18.55],[145.92,-18.26],[146.02,-17.86],[145.99,-17.51],[145.87,-17.19],[145.33,-16.49],[145.35,-16.01],[145.22,-15.66],[145.18,-15.05],[144.53,-14.67],[144.39,-14.37],[144.06,-14.59],[143.74,-14.47],[143.47,-13.67],[143.44,-13.08],[143.29,-12.69],[142.97,-12.53],[143.15,-12.07]],[[136.15,-31.5],[136.31,-31.93],[136.18,-32.25],[135.92,-32.15],[136.05,-31.9],[135.64,-31.59],[135.61,-31.19],[136.08,-31.25],[136.15,-31.5]],[[137.48,-30.38],[137.75,-30.49],[137.93,-30.72],[138.13,-31.26],[137.83,-31.72],[137.63,-30.67],[137.48,-30.38]],[[139.52,-30.93],[139.72,-30.57],[140.04,-30.42],[139.98,-30.85],[139.84,-31.13],[139.52,-30.93]],[[137.28,-29.45],[137.2,-29.25],[137.7,-29.13],[137.66,-29.35],[137.28,-29.45]],[[137.71,-28.54],[137.91,-28.99],[137.02,-29.01],[136.89,-28.83],[136.88,-28.45],[136.97,-28.2],[136.8,-27.97],[137.03,-27.86],[137.7,-28.14],[137.71,-28.54]],[[122.76,-23.26],[122.93,-23.28],[122.93,-23.59],[122.61,-23.47],[122.76,-23.26]],[[129.16,-22.45],[128.82,-22.68],[128.38,-22.6],[128.34,-22.4],[128.79,-22.22],[129,-22.01],[129.16,-22.45]],[[128.89,-16.14],[128.76,-16.78],[128.58,-16.61],[128.64,-16.16],[128.89,-16.14]]]},"properties":{"NAME":"Aboriginal tribes","ABBREVN":"From Indus Valley","type":"culture","weblnks":"http://www.nationalgeographic.com.au/australia/four-thousand-years-ago-indians-landed-in-australia.aspx","SUBJECTO":"Aboriginal tribes","BORDERPRECISION":1,"PARTOF":"Aboriginal tribes"}},
{"type":"Feature","geometry":{"type":"MultiPolygon","coordinates":[[[[-73.12,-16.46],[-72.79,-16.63],[-72.5,-16.69],[-72.15,-16.96],[-71.61,-17.22],[-71.4,-17.4],[-71.3,-17.71],[-70.58,-18.08],[-70.31,-18.43],[-70.21,-19.07],[-70.11,-21.14],[-70.05,-21.43],[-70.23,-22.43],[-70.29,-22.99],[-70.57,-23.17],[-70.36,-23.66],[-70.46,-23.93],[-70.5,-24.83],[-70.4,-25.25],[-70.68,-25.77],[-70.64,-26.3],[-70.93,-27.73],[-71.14,-27.99],[-71.16,-28.35],[-71.43,-29.1],[-71.23,-29.52],[-71.33,-30.1],[-71.68,-30.6],[-71.66,-31.19],[-71.51,-31.78],[-71.53,-32.09],[-71.41,-32.38],[-71.42,-32.75],[-71.74,-33.16],[-71.62,-33.71],[-71.96,-34.25],[-72.21,-35.09],[-72.63,-35.65],[-73.14,-37.16],[-73.64,-37.55],[-73.44,-37.9],[-73.44,-38.63],[-73.23,-39.24],[-73.19,-39.57],[-73.74,-40.22],[-73.75,-40.52],[-73.91,-40.84],[-73.85,-41.15],[-73.59,-41.7],[-73.18,-41.76],[-73.05,-41.52],[-72.59,-41.62],[-72.73,-41.91],[-72.46,-41.98],[-72.44,-42.3],[-72.69,-42.38],[-72.72,-42.8],[-72.53,-43.06],[-73,-43.33],[-72.97,-43.71],[-73.06,-44.19],[-72.58,-44.44],[-72.68,-44.75],[-73.31,-45.09],[-73.05,-45.38],[-73.47,-45.67],[-73.57,-46.27],[-73.98,-46.34],[-74.19,-45.84],[-74.56,-45.87],[-74.86,-46.23],[-75.44,-46.52],[-75.02,-46.57],[-74.82,-46.82],[-74.34,-46.77],[-73.93,-47.04],[-74.09,-47.3],[-74.33,-47.29],[-74.55,-47.68],[-73.76,-47.77],[-73.38,-47.96],[-73.44,-48.18],[-74.21,-48.01],[-74.15,-48.5],[-74.31,-48.75],[-74.11,-49.24],[-73.9,-49.43],[-74.24,-49.63],[-73.9,-50.02],[-74.19,-50.17],[-74.07,-50.47],[-73.53,-50.43],[-73.89,-50.91],[-74.25,-50.99],[-73.64,-51.36],[-73.88,-51.56],[-73.57,-51.78],[-72.65,-52.05],[-72.45,-52.25],[-72.53,-52.57],[-72.13,-52.51],[-71.63,-52.68],[-72.78,-52.9],[-72.76,-53.12],[-72.05,-53.07],[-71.35,-52.79],[-71.16,-53.03],[-71.87,-53.7],[-71.36,-53.86],[-71.05,-53.82],[-70.81,-52.73],[-69.82,-52.5],[-69.44,-52.25],[-68.52,-52.25],[-69.08,-51.5],[-69.17,-51.15],[-69.07,-50.52],[-68.81,-50.3],[-68.06,-50.07],[-67.79,-49.9],[-67.59,-49.05],[-67.26,-48.74],[-66.02,-48.1],[-65.75,-47.53],[-65.78,-47.23],[-66.81,-47],[-67.34,-46.63],[-67.62,-46.17],[-67.54,-45.93],[-66.99,-45.28],[-66.18,-44.96],[-65.66,-44.94],[-65.64,-44.63],[-65.28,-44.27],[-65.34,-43.72],[-65.05,-43.33],[-64.77,-43.15],[-65.02,-42.88],[-64.96,-42.67],[-64.4,-42.52],[-64,-42.85],[-63.6,-42.69],[-63.73,-42.11],[-64.29,-42.47],[-64.64,-42.44],[-64.99,-42.19],[-64.99,-41.78],[-65.18,-41],[-64.98,-40.72],[-63.96,-41.06],[-63.81,-41.16],[-63.02,-41.14],[-62.31,-40.85],[-62.29,-40.67],[-62.49,-40.31],[-62.08,-39.55],[-62.35,-39.33],[-62.34,-38.79],[-62.03,-38.94],[-61.55,-39.01],[-60.82,-38.97],[-59.04,-38.69],[-58.3,-38.49],[-57.6,-38.15],[-57.48,-37.83],[-57.08,-37.45],[-56.7,-36.94],[-56.8,-36.54],[-57.29,-36.27],[-57.42,-36],[-57.23,-35.44],[-57.48,-35.21],[-58.11,-34.96],[-58.52,-34.59],[-58.38,-34.18],[-58.08,-34.19],[-57.84,-34.49],[-57.1,-34.47],[-56.32,-34.91],[-55.69,-34.77],[-54.95,-34.95],[-54.13,-34.62],[-53.78,-34.35],[-53.42,-33.77],[-52.83,-33.33],[-52.59,-33.05],[-52.25,-32.28],[-52.12,-31.7],[-51.92,-31.31],[-51.66,-31.23],[-51.27,-30.47],[-51.02,-30.34],[-50.54,-30.31],[-50.37,-30.55],[-49.94,-29.63],[-49.63,-29.22],[-49.21,-28.83],[-48.9,-28.64],[-48.73,-28.37],[-48.59,-27.81],[-48.64,-27.65],[-48.61,-27.11],[-48.67,-26.56],[-48.78,-26.39],[-48.58,-26.15],[-48.54,-25.79],[-48.6,-25.43],[-48.13,-25.29],[-47.83,-24.9],[-47.21,-24.56],[-46.84,-24.22],[-45.95,-23.77],[-45.45,-23.84],[-45.41,-23.63],[-44.66,-23.26],[-44.68,-23.06],[-44.32,-22.92],[-43.85,-22.9],[-43.29,-23.01],[-42.03,-22.92],[-41.99,-22.58],[-41.58,-22.24],[-40.99,-22.02],[-41.05,-21.66],[-40.96,-21.24],[-40.76,-20.86],[-40.48,-20.65],[-39.99,-19.73],[-39.8,-19.63],[-39.7,-19.37],[-39.8,-18.75],[-39.67,-18.23],[-39.45,-17.95],[-39.16,-17.73],[-39.21,-17.15],[-38.95,-16],[-39.13,-14.32],[-39.07,-13.72],[-38.83,-12.98],[-38.8,-12.63],[-38.24,-12.86],[-37.64,-11.95],[-37.41,-11.47],[-37.36,-11.13],[-37.19,-10.84],[-36.77,-10.68],[-35.93,-9.92],[-35.37,-9.25],[-35.11,-8.66],[-34.89,-7.61],[-34.92,-7.17],[-35.04,-6.65],[-35.46,-5.27],[-35.66,-5.18],[-36.64,-5.12],[-37.18,-4.95],[-37.73,-4.53],[-38.79,-3.6],[-39.39,-3.19],[-39.77,-2.99],[-40.23,-2.85],[-41.1,-2.97],[-41.61,-2.94],[-42.32,-2.82],[-43.07,-2.45],[-43.33,-2.43],[-44.22,-2.78],[-44.59,-3.15],[-44.69,-2.99],[-44.66,-2.57],[-44.46,-2.27],[-44.8,-1.74],[-45.08,-1.6],[-45.37,-1.76],[-45.63,-1.37],[-46.48,-1.04],[-46.93,-0.93],[-47.24,-0.68],[-47.47,-0.77],[-47.93,-0.77],[-48.17,-0.99],[-48.41,-1.5],[-49.22,-2.11],[-49.29,-1.79],[-49.62,-1.92],[-50.4,-1.96],[-50.64,-1.88],[-50.98,-1.11],[-51.57,-1.45],[-52.23,-1.65],[-52.24,-1.35],[-51.96,-1.31],[-51.77,-0.86],[-51.53,-0.43],[-50.93,0.15],[-50.79,0.17],[-50.12,1.05],[-49.9,1.2],[-49.97,1.73],[-50.45,1.83],[-50.68,2.16],[-51.02,3.11],[-51.21,4.07],[-51.45,4.32],[-51.71,4.23],[-52.1,4.69],[-52.67,5.18],[-53.03,5.43],[-53.74,5.65],[-54.29,5.88],[-54.78,5.98],[-55.77,5.97],[-55.91,5.78],[-56.57,5.95],[-57.14,5.96],[-57.36,6.29],[-58.01,6.79],[-58.37,6.83],[-58.62,6.49],[-58.56,7.31],[-58.62,7.5],[-58.89,7.81],[-59.78,8.4],[-60.21,8.56],[-60.98,8.57],[-61.33,8.43],[-61.6,8.55],[-61.19,8.87],[-61.12,9.17],[-60.8,9.38],[-61,9.52],[-61.96,9.91],[-62.32,9.77],[-62.47,10.09],[-62.66,10.26],[-63.01,10.39],[-62.91,10.55],[-62.34,10.54],[-62.21,10.7],[-62.7,10.75],[-63.17,10.72],[-63.54,10.63],[-63.84,10.65],[-63.82,10.44],[-64.2,10.45],[-64.83,10.08],[-65.08,10.06],[-65.93,10.29],[-66.29,10.65],[-67,10.61],[-67.87,10.46],[-68.17,10.5],[-68.37,11.01],[-68.75,11.4],[-69.31,11.52],[-69.63,11.47],[-69.93,12.16],[-70.19,12.11],[-70.2,11.75],[-69.79,11.69],[-69.8,11.43],[-70.03,11.44],[-70.5,11.25],[-70.91,11.18],[-71.41,10.98],[-71.53,10.73],[-71.09,9.92],[-71.04,9.39],[-71.25,9.15],[-71.49,9.05],[-71.76,9.12],[-71.82,9.44],[-72.13,9.81],[-71.9,10.44],[-71.69,10.77],[-71.95,11.4],[-71.92,11.7],[-71.3,11.89],[-71.12,12.02],[-71.21,12.27],[-71.63,12.43],[-72.38,11.81],[-72.75,11.7],[-73.37,11.27],[-73.79,11.27],[-74.04,11.36],[-74.4,10.74],[-74.77,11.06],[-75.03,10.96],[-75.41,10.66],[-75.65,9.77],[-75.63,9.45],[-76,9.38],[-76.26,9],[-76.85,8.5],[-76.7,8.11],[-76.92,7.93],[-77.22,8.45],[-77.49,8.66],[-77.8,9.05],[-78.03,9.23],[-78.55,9.43],[-79.01,9.42],[-79.53,9.62],[-80.09,9.22],[-80.41,9.13],[-80.83,8.88],[-81.15,8.79],[-81.5,8.79],[-81.72,9.02],[-82.11,8.94],[-82.25,9.01],[-82.36,9.41],[-82.77,9.66],[-83.1,10],[-83.75,10.88],[-83.91,11.25],[-83.88,12.12],[-83.69,12.96],[-83.66,13.71],[-83.42,14.07],[-83.31,14.71],[-83.51,15.2],[-83.92,15.24],[-84.23,15.5],[-84.17,15.75],[-84.59,15.77],[-84.8,15.93],[-85.63,15.87],[-85.99,15.9],[-86.96,15.76],[-87.52,15.8],[-87.86,15.88],[-88.13,15.68],[-88.49,15.84],[-88.59,15.71],[-88.94,15.9],[-88.74,16.27],[-88.44,16.44],[-88.24,17.01],[-88.33,17.16],[-88.3,17.64],[-88.11,18.19],[-88.32,18.49],[-88.31,18.74],[-88.14,18.89],[-87.88,18.38],[-87.65,19.51],[-87.86,19.58],[-87.66,19.88],[-87.65,20.19],[-86.94,20.98],[-86.92,21.3],[-87.25,21.44],[-88.16,21.57],[-88.58,21.54],[-88.72,21.44],[-89.86,21.25],[-90.35,21.01],[-90.46,20.72],[-90.5,20.09],[-90.64,19.81],[-90.73,19.37],[-90.91,19.18],[-91.43,18.86],[-91.19,18.64],[-91.5,18.44],[-92.11,18.52],[-92.41,18.68],[-92.92,18.45],[-93.43,18.44],[-93.79,18.26],[-94.46,18.15],[-94.86,18.53],[-95.21,18.71],[-95.81,18.75],[-96.01,18.93],[-96.58,19.92],[-96.8,20.15],[-97.5,21.19],[-97.88,22.33],[-97.81,23.38],[-97.82,24.21],[-97.69,24.95],[-97.68,25.35],[-97.42,25.44],[-97.26,25.81],[-97.45,26.22],[-97.64,26.85],[-97.63,27.23],[-97.28,27.66],[-97.57,27.91],[-96.87,28.15],[-96.58,28.43],[-96.77,28.62],[-96.44,28.76],[-96.15,28.64],[-95.6,28.8],[-94.9,29.31],[-95.01,29.76],[-94.75,29.79],[-94.67,29.55],[-94.43,29.54],[-94.14,29.69],[-93.3,29.79],[-92.69,29.6],[-92.24,29.55],[-92.23,29.8],[-91.9,29.84],[-91.63,29.74],[-91.12,29.26],[-90.78,29.11],[-90.3,29.37],[-90.18,29.57],[-89.77,29.41],[-89.4,29.1],[-89.26,29.34],[-89.56,29.43],[-89.75,29.63],[-89.6,29.88],[-90.43,30.16],[-90.16,30.39],[-89.7,30.19],[-89.23,30.41],[-88.4,30.39],[-88.14,30.33],[-87.93,30.51],[-87.69,30.26],[-87.16,30.52],[-86.59,30.42],[-86.44,30.5],[-86.09,30.3],[-85.44,30.05],[-85.3,29.69],[-84.76,29.8],[-84.32,30.09],[-83.89,30.05],[-83.08,29.23],[-82.8,29.15],[-82.63,28.88],[-82.66,28.44],[-82.84,27.84],[-82.29,26.83],[-82.02,26.96],[-82.06,26.54],[-81.88,26.44],[-81.74,25.96],[-81.34,25.8],[-81,25.21],[-80.68,25.16],[-80.43,25.24],[-80.21,25.73],[-80.05,26.55],[-80.08,26.92],[-80.76,28.43],[-80.64,28.61],[-80.97,29.15],[-81.41,30.07],[-81.53,30.85],[-81.18,31.64],[-80.59,32.49],[-80.23,32.53],[-79.87,32.71],[-79.35,33.11],[-79.2,33.46],[-78.6,33.87],[-77.99,33.93],[-77.68,34.37],[-77.3,34.67],[-76.75,34.91],[-76.52,35.31],[-76.14,35.38],[-75.88,35.69],[-75.85,35.97],[-76.17,36],[-75.95,36.33],[-75.98,36.91],[-76.52,36.92],[-76.26,37.37],[-76.52,37.62],[-76.24,37.9],[-76.59,38.13],[-76.54,38.73],[-76.41,39.07],[-76.48,39.29],[-76.11,39.48],[-75.98,39.39],[-76.16,38.95],[-76.01,38.67],[-76.28,38.56],[-76.04,38.29],[-75.85,38.43],[-75.64,38],[-75.9,37.63],[-75.65,37.55],[-75.43,37.99],[-75.04,38.5],[-75.39,39.08],[-74.94,39.25],[-74.86,38.99],[-74.17,39.74],[-73.96,40.4],[-74.29,40.63],[-73.74,40.98],[-72.85,41.29],[-71.45,41.42],[-71.4,41.81],[-70.97,41.56],[-70.64,41.59],[-70.54,41.82],[-70.71,42.21],[-71.02,42.43],[-70.74,42.65],[-70.87,42.87],[-70.22,43.8],[-69.75,43.96],[-69.25,43.99],[-68.99,44.44],[-68.56,44.32],[-68.13,44.57],[-67.91,44.48],[-67.17,44.71],[-66.98,44.85],[-67.16,45.17],[-66.5,45.19],[-65.76,45.29],[-64.87,45.66],[-64.59,45.84],[-64.26,45.84],[-64.7,45.45],[-63.74,45.45],[-63.81,45.3],[-64.39,45.15],[-64.86,45.14],[-65.65,44.77],[-66.01,44.45],[-66.19,44.14],[-65.71,43.56],[-64.87,43.86],[-64.71,44.13],[-64.36,44.33],[-64.31,44.62],[-63.56,44.51],[-63.11,44.83],[-62.94,44.74],[-62.01,45.07],[-61.63,45.14],[-61.3,45.53],[-61.88,45.69],[-62.46,45.61],[-62.66,45.75],[-63.19,45.73],[-63.66,45.82],[-64.24,46.23],[-64.5,46.24],[-64.81,47.04],[-65.39,47.13],[-64.98,47.33],[-64.7,47.75],[-65.03,47.84],[-65.63,47.62],[-65.82,47.9],[-66.26,48],[-65.85,48.21],[-65.21,48.12],[-64.87,48.32],[-64.4,48.46],[-64.2,48.66],[-64.32,48.95],[-64.95,49.21],[-66.03,49.17],[-66.97,48.95],[-68.34,48.55],[-69.42,48],[-70.04,47.39],[-70.49,47.03],[-70.97,46.86],[-70.6,47.43],[-69.51,48.46],[-68.8,48.98],[-68.31,49.23],[-67.32,49.43],[-67.16,49.79],[-66.85,50.09],[-66.37,50.31],[-65.58,50.36],[-64.33,50.3],[-63.21,50.35],[-61.64,50.28],[-60.14,50.41],[-59.72,50.51],[-59.13,50.84],[-58.52,51.38],[-56.96,51.49],[-55.82,52.02],[-55.68,52.2],[-56.11,52.61],[-55.77,53.16],[-55.88,53.35],[-56.65,53.66],[-57.13,53.48],[-57.13,53.85],[-57.56,54.13],[-58.1,54.07],[-58.64,53.87],[-59.18,53.52],[-60.06,53.33],[-60.08,53.76],[-59.4,53.87],[-58.47,54.26],[-57.52,54.47],[-57.43,54.58],[-58.9,54.84],[-59.61,55.14],[-60.57,55.07],[-60.36,55.51],[-60.48,55.66],[-61.46,56.16],[-61.95,56.3],[-62.33,56.77],[-61.68,56.8],[-61.48,57.1],[-61.85,57.17],[-62.31,57.49],[-61.9,57.62],[-62.11,57.86],[-62.54,57.97],[-62.89,58.66],[-63.43,59.12],[-63.73,59.5],[-64.06,59.63],[-64.49,60.06],[-64.99,59.82],[-65.53,59.72],[-65.26,59.35],[-65.73,59.04],[-65.86,58.8],[-66.47,58.81],[-66.82,58.39],[-68.02,58.19],[-68.09,58.48],[-68.57,58.78],[-69.21,58.75],[-69.73,58.56],[-69.84,58.96],[-69.48,58.97],[-69.34,59.21],[-69.75,59.51],[-69.54,59.67],[-69.72,60.68],[-70.08,60.89],[-71.39,61.14],[-71.86,61.37],[-71.72,61.55],[-73.39,62.35],[-73.66,62.39],[-74.71,62.18],[-75.76,62.23],[-77.36,62.52],[-77.87,62.29],[-77.99,61.86],[-77.46,61.47],[-77.91,60.83],[-77.39,60.69],[-77.51,60.41],[-77.21,59.75],[-77.66,59.57],[-78.04,58.99],[-78.43,58.76],[-78.04,58.4],[-77.15,58.02],[-76.66,57.52],[-76.44,56.81],[-76.65,56.07],[-77.23,55.59],[-78.59,54.92],[-79.55,54.69],[-79.4,54.28],[-78.93,54.08],[-79.03,53.74],[-78.84,53.28],[-78.72,52.69],[-78.51,52.46],[-78.55,52.01],[-78.8,51.77],[-78.7,51.57],[-79.53,51.42],[-79.72,51.1],[-80.36,51.3],[-80.83,51.87],[-81.39,52.13],[-81.75,52.17],[-81.73,52.55],[-82.34,52.98],[-82.21,53.34],[-82.19,53.95],[-82.43,54.21],[-82.24,54.88],[-82.38,55.06],[-83.58,55.22],[-84.47,55.17],[-85.16,55.33],[-85.89,55.61],[-87.47,55.91],[-87.91,56.33],[-88.77,56.74],[-89.73,56.93],[-90.44,57.14],[-91.34,57.16],[-92.18,56.97],[-92.51,57.02],[-92.45,57.44],[-92.72,57.8],[-93.13,58.6],[-93.36,58.7],[-94.41,58.71],[-94.79,59.09],[-94.82,59.95],[-94.35,60.86],[-93.86,61.39],[-93.86,61.55],[-93.37,61.7],[-93.36,61.89],[-92.76,62.22],[-92.73,62.44],[-92.15,62.6],[-92.29,62.92],[-91.42,62.85],[-90.64,63.09],[-90.77,63.3],[-91.64,63.51],[-92.38,63.59],[-93.36,63.97],[-91.59,63.79],[-90.84,63.61],[-90.15,63.63],[-89.98,64.16],[-89.08,63.96],[-88.28,64.11],[-87.57,64.57],[-87.16,65.06],[-88.17,65.13],[-89.15,65.4],[-89.69,65.67],[-90.78,65.91],[-89.78,65.98],[-88.64,65.71],[-87.79,65.35],[-87.25,65.43],[-86.06,66.07],[-86.64,66.32],[-86.74,66.57],[-85.39,66.61],[-85.12,66.33],[-84.06,66.28],[-83.87,66.38],[-84.4,66.71],[-84.23,66.93],[-83.48,66.5],[-82.72,66.56],[-81.5,67.07],[-81.29,67.5],[-82.1,67.91],[-82.69,68.7],[-81.89,68.58],[-81.37,68.72],[-81.48,69.19],[-82.27,69.3],[-82.76,69.55],[-84.31,69.83],[-85.38,69.7],[-85.42,69.29],[-84.56,68.99],[-84.62,68.75],[-85.51,68.68],[-85.78,68.04],[-86.4,67.67],[-86.53,67.35],[-87.41,67.22],[-88.14,67.66],[-88.48,67.99],[-88.37,68.31],[-87.86,68.28],[-87.95,68.73],[-89.14,69.23],[-89.44,69.05],[-89.74,68.53],[-90.47,68.53],[-90.43,68.82],[-91.03,69.22],[-90.6,69.41],[-91.44,69.65],[-92.12,69.55],[-92.66,69.76],[-92.39,70.15],[-91.66,70.28],[-92.98,70.83],[-92.99,71.24],[-93.84,71.76],[-95.25,71.87],[-95.96,71.35],[-96.4,71.2],[-96.61,70.81],[-95.97,70.56],[-96.47,70.3],[-96.09,69.93],[-95.31,69.74],[-94.42,69.69],[-94.04,69.55],[-92.99,69.51],[-92.96,69.08],[-93.67,68.97],[-93.41,68.54],[-94,68.46],[-94.64,68.07],[-95.32,68.06],[-95.5,67.72],[-95.22,66.97],[-95.9,66.95],[-95.69,67.17],[-96.25,67.25],[-96.21,68.07],[-97.57,68.37],[-98.21,68.3],[-97.16,67.97],[-97.14,67.67],[-97.5,67.59],[-98.36,67.81],[-100.8,67.8],[-101.52,67.68],[-102.76,67.8],[-103.56,68.06],[-104.51,68.04],[-105.64,68.35],[-106.21,68.11],[-107.66,67.96],[-107.59,67.34],[-107.13,66.96],[-107.56,66.83],[-108.49,67.07],[-108.1,67.32],[-108.74,67.58],[-109.73,67.72],[-110.52,67.92],[-111.66,67.73],[-113.05,67.67],[-114.3,67.72],[-115.56,67.9],[-115.4,68.22],[-114.11,68.35],[-114.39,68.61],[-115.29,68.89],[-116.52,68.86],[-117.87,68.99],[-120.23,69.39],[-121.86,69.8],[-123.11,69.78],[-123.47,69.38],[-124.22,69.35],[-124.6,69.46],[-124.53,69.78],[-125.39,69.66],[-125.43,69.31],[-126.11,69.47],[-126.8,69.79],[-127.29,70.33],[-128.31,69.99],[-128.93,69.68],[-129.94,69.64],[-130.9,69.3],[-131.67,69.28],[-132.79,68.71],[-133.72,68.92],[-133.41,69.14],[-132.57,69.29],[-132.3,69.49],[-130.21,69.92],[-130.89,70.1],[-132.42,69.64],[-132.86,69.66],[-133.22,69.4],[-134.14,69.26],[-134.34,69.11],[-134.62,68.99],[-134.26,68.73],[-134.67,68.96],[-134.59,69.1],[-134.38,69.12],[-134.21,69.28],[-133.82,69.46],[-135.14,69.48],[-135.79,69.32],[-135.94,69.12],[-135.46,68.94],[-135.2,68.93],[-134.96,68.89],[-134.83,68.98],[-134.5,68.75],[-134.71,68.89],[-134.98,68.88],[-135.24,68.93],[-135.61,68.89],[-135.61,68.7],[-136.2,68.88],[-136.68,68.87],[-137.73,69.02],[-139.9,69.57],[-141.36,69.64],[-142.64,70.02],[-143.28,70.12],[-144.71,69.97],[-145.8,70.15],[-147.69,70.21],[-149.17,70.49],[-151.36,70.42],[-152.52,70.54],[-152.65,70.82],[-153.17,70.93],[-154.63,70.83],[-156.14,70.94],[-156.1,71.24],[-156.65,71.35],[-157.98,70.84],[-159.52,70.83],[-160.55,70.45],[-161.34,70.25],[-161.94,70.31],[-162.95,69.78],[-163.16,69.35],[-164.24,68.94],[-166.24,68.86],[-166.23,68.57],[-166.58,68.33],[-164.51,67.8],[-163.83,67.45],[-163.74,67.22],[-161.94,67.09],[-161.8,66.75],[-160.5,66.62],[-159.95,66.44],[-160.58,66.32],[-161.26,66.4],[-161.84,66],[-163.34,66.09],[-163.95,66.2],[-163.78,66.54],[-164.39,66.59],[-165.23,66.44],[-167.94,65.66],[-166.14,65.35],[-166.51,65.16],[-166.35,64.64],[-165.17,64.55],[-164.6,64.62],[-162.8,64.47],[-162.14,64.79],[-161.29,64.96],[-160.78,64.72],[-161.32,64.42],[-160.95,64.2],[-160.82,63.72],[-161.15,63.51],[-162.39,63.43],[-163.06,63.06],[-163.33,63.03],[-164.26,63.25],[-164.88,62.82],[-164.79,62.66],[-165.73,62.07],[-165.63,61.85],[-166.06,61.78],[-165.86,61.32],[-165.42,61.26],[-164.54,60.95],[-163.67,60.99],[-163.45,60.68],[-163.77,60.58],[-164.84,60.82],[-165.05,60.42],[-164.65,60.24],[-164.08,59.83],[-163.54,59.84],[-162.37,60.18],[-161.71,59.5],[-162.03,59.23],[-161.65,58.68],[-160.26,58.98],[-159.6,58.9],[-159.11,58.49],[-158.97,58.77],[-158.54,58.99],[-158.29,58.73],[-157.99,58.72],[-156.98,58.91],[-157.24,58.49],[-157.55,58.27],[-157.68,57.56],[-158.45,57.21],[-158.66,57.04],[-158.62,56.75],[-159.13,56.77],[-159.82,56.55],[-160.42,56.21],[-160.57,56],[-160.17,55.81],[-159.08,55.99],[-158.53,56.45],[-157.75,56.77],[-156.99,56.91],[-156.5,57.1],[-156.68,57.4],[-156.16,57.63],[-156.16,57.8],[-156.83,57.93],[-156.64,58.09],[-155.98,57.91],[-155.6,57.9],[-154.65,58.08],[-154.21,58.43],[-153.68,58.64],[-153.45,58.88],[-154.12,59.04],[-154.28,59.25],[-153.71,59.64],[-152.9,59.9],[-152.93,60.24],[-152.56,60.38],[-151.74,60.9],[-151.23,61.04],[-150.78,61.29],[-150.31,61.31],[-149.39,60.96],[-150.44,60.91],[-151.16,60.66],[-151.42,60.22],[-151.78,59.94],[-151.43,59.66],[-151.77,59.36],[-151.33,59.24],[-150.5,59.62],[-150.02,59.71],[-149.31,60.03],[-148.45,59.95],[-148.34,60.41],[-148.84,60.55],[-148.47,60.87],[-148.49,61.06],[-147.94,61.21],[-147.27,60.94],[-147.09,61.01],[-145.86,60.62],[-145.47,60.39],[-144.89,60.42],[-144.64,60.21],[-144.01,60.05],[-142.72,60.11],[-141.96,60.04],[-141.38,60.14],[-140.9,59.79],[-140.13,59.77],[-139.4,60],[-139.22,59.83],[-139.73,59.53],[-139.16,59.3],[-138.45,59.16],[-137.58,58.6],[-137.09,58.45],[-136.36,58.52],[-136.39,58.84],[-136.15,58.9],[-135.74,58.47],[-135.28,58.44],[-135.51,58.97],[-135.14,59.17],[-134.83,58.56],[-134.12,58.24],[-133.47,57.84],[-133.6,57.64],[-133.4,57.22],[-132.92,57.04],[-131.92,56.24],[-131.94,55.97],[-131.19,56.03],[-130.7,55.47],[-130.77,55.07],[-130.55,54.91],[-130.2,55.08],[-129.86,54.97],[-130.3,54.55],[-130,53.94],[-129.43,53.52],[-128.93,53.77],[-128.89,53.42],[-128.43,52.94],[-128.08,52.94],[-128.06,52.52],[-127.24,52.25],[-127.89,51.8],[-127.46,51.77],[-127.67,51.25],[-127.25,50.97],[-126.43,51.09],[-126.09,50.71],[-125.41,50.55],[-124.94,50.6],[-124.7,50],[-124.47,49.81],[-123.89,49.93],[-123.7,49.53],[-123.27,49.61],[-123.21,49.27],[-122.5,48.74],[-122.29,47.96],[-122.42,47.67],[-122.32,47.37],[-122.71,47.12],[-123.18,47.49],[-122.84,47.79],[-122.83,48.02],[-123.25,48.13],[-124.04,48.19],[-124.7,48.36],[-124.66,48.02],[-124.36,47.66],[-124.3,47.37],[-123.97,46.93],[-124.08,46.76],[-123.9,46.44],[-123.94,45.16],[-124.04,44.73],[-124.12,43.73],[-124.52,42.83],[-124.33,42.11],[-124.04,41.45],[-124.14,40.81],[-124.38,40.45],[-124.33,40.3],[-123.87,39.87],[-123.74,39.56],[-123.72,38.96],[-123.1,38.46],[-122.94,38.1],[-122.14,37.66],[-122.5,37.59],[-122.38,37.2],[-121.93,37.01],[-121.76,36.81],[-121.95,36.58],[-121.86,36.3],[-120.6,35.09],[-120.63,34.6],[-120.48,34.51],[-119.61,34.48],[-119.24,34.2],[-118.87,34.07],[-118.6,34.1],[-118.39,33.83],[-118.01,33.73],[-117.5,33.34],[-117.32,33.11],[-117.12,32.46],[-116.87,32.09],[-116.61,31.88],[-116.68,31.56],[-116.32,31.17],[-115.85,30.37],[-115.61,29.7],[-115.19,29.43],[-114.94,29.37],[-114.06,28.53],[-114.1,28.05],[-114.25,27.84],[-114.94,27.74],[-114.52,27.42],[-114.48,27.24],[-113.85,26.98],[-113.59,26.77],[-113.22,26.75],[-112.7,26.35],[-112.41,26.29],[-112.19,25.96],[-112.07,25.61],[-112.16,25],[-111.76,24.56],[-111.46,24.33],[-111.04,24.11],[-110.63,23.73],[-110.32,23.57],[-110,22.89],[-109.86,22.89],[-109.52,23.19],[-109.49,23.57],[-109.82,23.69],[-110.2,24.32],[-110.32,24.13],[-110.66,24.22],[-110.77,24.38],[-110.8,24.88],[-111.3,25.78],[-111.46,26.46],[-111.62,26.75],[-111.91,26.66],[-112.34,27.53],[-112.72,27.71],[-112.87,28.34],[-113.32,28.56],[-113.59,29.1],[-114.1,29.64],[-114.39,29.76],[-114.68,30.14],[-114.73,30.84],[-114.99,31.17],[-114.85,31.78],[-114.59,31.76],[-114.2,31.52],[-113.95,31.69],[-113.75,31.61],[-113.61,31.35],[-113.09,31.23],[-113.09,30.77],[-112.65,29.92],[-112.03,29.06],[-111.69,28.5],[-111.46,28.37],[-111.06,28],[-110.51,27.87],[-110.58,27.49],[-110.35,27.21],[-109.97,27.11],[-109.72,26.68],[-109.52,26.76],[-109.19,26.44],[-109.16,26.25],[-109.34,25.96],[-109.14,25.58],[-108.91,25.69],[-108.68,25.38],[-108.01,25.03],[-107.92,24.64],[-107.4,24.3],[-106.89,23.84],[-106.8,23.65],[-105.82,22.67],[-105.51,22.16],[-105.63,21.95],[-105.19,21.44],[-105.22,21.11],[-105.44,20.84],[-105.25,20.57],[-105.67,20.37],[-105.17,19.66],[-104.95,19.44],[-104.2,19.06],[-103.73,18.67],[-103.49,18.35],[-102.67,18.1],[-102.09,18.06],[-101.79,17.88],[-101.49,17.58],[-100.41,17.06],[-99.88,16.87],[-98.86,16.6],[-97.88,16.05],[-97.29,15.96],[-96.75,15.78],[-96.33,15.75],[-95.99,15.87],[-94.92,16.41],[-94.73,16.3],[-93.93,16.09],[-93.79,15.92],[-93.19,15.48],[-92.47,14.79],[-91.52,14.06],[-91.24,13.95],[-90.62,13.95],[-89.96,13.67],[-89.09,13.39],[-88.46,13.23],[-87.95,13.17],[-87.75,13.47],[-87.53,13.35],[-87.34,13.09],[-87.67,12.91],[-87.26,12.62],[-86.43,11.77],[-85.93,11.3],[-85.62,10.83],[-85.62,10.65],[-85.82,10.36],[-85.78,10.14],[-85.57,9.92],[-85.31,9.83],[-85.11,9.62],[-84.9,9.81],[-85.24,10.12],[-85.26,10.31],[-84.63,9.87],[-84.49,9.54],[-84.18,9.49],[-83.61,9.15],[-83.55,8.83],[-83.09,8.65],[-83.09,8.39],[-82.87,8.16],[-82.72,8.32],[-82.29,8.31],[-82.22,8.22],[-81.66,8.16],[-81.56,7.82],[-81.2,7.64],[-81.01,7.78],[-80.81,7.27],[-80.41,7.3],[-80.06,7.64],[-80.48,8.08],[-80.47,8.21],[-79.78,8.61],[-79.72,8.88],[-79.32,9.04],[-79.07,9.03],[-78.51,8.69],[-78.38,8.39],[-78,8.34],[-78.32,8.06],[-77.94,7.26],[-77.32,6.54],[-77.48,6.16],[-77.18,5.79],[-77.4,5.45],[-77.27,4.74],[-77.38,4.33],[-77.14,3.87],[-77.14,3.67],[-77.4,3.31],[-77.76,2.64],[-77.99,2.47],[-78.46,2.47],[-78.61,2.12],[-75.9,0.85],[-77.12,-0.48],[-77.17,-1.28],[-79.76,-2.79],[-79.95,-3.2],[-80.14,-3.41],[-80.58,-3.66],[-81.29,-4.32],[-81.34,-4.71],[-81.12,-4.95],[-81.19,-5.13],[-80.82,-5.72],[-80.89,-5.9],[-81.17,-6.09],[-80.67,-6.32],[-80.12,-6.64],[-79.72,-7.12],[-79.59,-7.47],[-79.21,-8.01],[-79,-8.21],[-78.77,-8.59],[-78.73,-8.83],[-78.26,-9.74],[-76.39,-9.71],[-74.62,-9.98],[-73.36,-10.93],[-72.17,-12.95],[-72,-14.31],[-72.22,-15.43],[-73.12,-16.46]],[[-52.77,-32.88],[-53.3,-32.76],[-52.96,-32.47],[-52.59,-32.5],[-52.77,-32.88]],[[-62.23,-30.78],[-62.73,-30.92],[-62.93,-30.65],[-62.64,-30.52],[-62.29,-30.59],[-62.23,-30.78]],[[-54.61,-24.88],[-54.4,-24.69],[-54.32,-25.08],[-54.58,-25.11],[-54.61,-24.88]],[[-69.19,-15.68],[-69.04,-15.8],[-68.83,-16.19],[-69.04,-16.28],[-69.48,-16.18],[-69.45,-16.03],[-69.81,-15.83],[-70.01,-15.83],[-69.94,-15.4],[-69.69,-15.26],[-69.19,-15.68]],[[-41.98,-9.57],[-41.26,-9.59],[-41.46,-9.79],[-42.07,-9.89],[-42.34,-10.1],[-42.48,-10.47],[-42.73,-10.84],[-42.76,-11.14],[-42.93,-11.24],[-43.09,-10.94],[-42.61,-10.48],[-42.2,-9.61],[-41.98,-9.57]],[[-49.67,-4.44],[-49.87,-4.32],[-49.63,-3.85],[-49.43,-4.49],[-49.3,-4.68],[-49.53,-4.85],[-49.67,-4.44]],[[-54.94,4.9],[-54.98,4.61],[-55.28,4.7],[-55.13,5],[-54.94,4.9]],[[-82.46,42.34],[-83.08,42.28],[-82.94,42.01],[-82.46,42.06],[-81.89,42.27],[-81.49,42.59],[-81.25,42.65],[-80.47,42.57],[-80.22,42.77],[-79.75,42.86],[-79.06,42.86],[-79.21,42.56],[-80.33,42.04],[-81.01,41.85],[-81.81,41.49],[-82.57,41.4],[-83.46,41.74],[-83.18,42.04],[-83.1,42.29],[-82.93,42.38],[-82.79,42.66],[-82.45,42.5],[-82.46,42.34]],[[-85.01,11.06],[-85.52,11.22],[-85.72,11.35],[-85.9,11.7],[-85.8,12.11],[-85.26,11.78],[-84.92,11.41],[-84.77,11.12],[-85.01,11.06]],[[-80.86,26.72],[-81.07,26.92],[-80.87,27.15],[-80.63,26.89],[-80.86,26.72]],[[-112.75,41.06],[-112.96,41.38],[-112.74,41.54],[-112.3,41.28],[-111.96,40.94],[-112.37,40.7],[-112.75,41.06]],[[-81.01,44.91],[-81.71,44.13],[-81.71,43.47],[-81.78,43.33],[-82.23,43.04],[-82.46,43.08],[-82.66,43.84],[-82.92,44.06],[-83.28,43.96],[-83.47,43.73],[-83.92,43.7],[-83.88,43.96],[-83.62,44.06],[-83.33,44.41],[-83.32,45.11],[-83.64,45.39],[-84.77,45.79],[-85.1,45.55],[-85.03,45.37],[-86,44.92],[-86.21,44.7],[-86.3,44.33],[-86.49,44.01],[-86.51,43.68],[-86.22,42.9],[-86.37,42.25],[-86.69,41.85],[-87.38,41.63],[-87.56,41.77],[-87.8,42.21],[-87.79,42.81],[-87.88,43.35],[-87.72,43.91],[-87.52,44.23],[-87.35,44.8],[-87.83,44.94],[-87.08,45.73],[-86.72,45.87],[-85.91,45.95],[-85.48,46.11],[-84.8,45.87],[-84.52,45.99],[-83.98,45.96],[-84.33,46.49],[-84.53,46.44],[-85.03,46.51],[-85.1,46.75],[-85.99,46.67],[-86.73,46.44],[-87.36,46.52],[-87.65,46.81],[-88.02,46.91],[-88.41,46.81],[-88.63,47.17],[-89.31,46.88],[-89.7,46.82],[-90.47,46.58],[-91.05,46.9],[-91.84,46.7],[-92.06,46.82],[-90.96,47.52],[-90.6,47.69],[-89.87,47.89],[-89.34,48.15],[-89.2,48.45],[-88.77,48.58],[-88.5,48.83],[-88.09,49],[-87.2,48.78],[-86.46,48.76],[-86.08,48.18],[-85.61,47.94],[-84.96,47.96],[-84.93,47.54],[-84.59,47.32],[-84.76,47.05],[-84.39,46.84],[-84.43,46.52],[-84.17,46.56],[-84.09,46.36],[-83.03,46.18],[-82.35,46.19],[-81.54,46.09],[-81.1,45.94],[-80.81,45.95],[-79.83,44.94],[-80.09,44.77],[-80.08,44.49],[-80.91,44.74],[-81.01,44.91]],[[-94.97,49.58],[-94.35,49.72],[-94.3,49.51],[-94.75,49.41],[-94.26,49.11],[-94.71,48.86],[-95,48.96],[-94.97,49.58]],[[-99.17,51.78],[-98.86,51.71],[-98.57,51.24],[-98.76,50.99],[-98.24,50.72],[-97.97,50.47],[-98.15,50.24],[-98.55,50.29],[-98.61,50.57],[-98.94,51.01],[-98.83,51.07],[-99.16,51.54],[-99.17,51.78]],[[-108.57,56.7],[-108.13,56.43],[-108.12,56.06],[-108.66,55.57],[-108.76,55.9],[-108.47,55.94],[-108.27,56.24],[-108.69,56.49],[-108.57,56.7]],[[-107.06,57.39],[-106.32,57.71],[-106.1,57.46],[-106.54,57.33],[-107.06,57.39]],[[-108.8,59.5],[-108.22,59.47],[-107.84,59.22],[-109.89,59.01],[-110.28,58.86],[-110.41,58.63],[-111.1,58.62],[-110.61,59.04],[-109.55,59.57],[-108.8,59.5]],[[-88.29,50.15],[-88.03,49.96],[-88.18,49.47],[-88.87,49.52],[-88.89,50.06],[-88.64,50.28],[-88.29,50.15]],[[-99.75,51.75],[-100.05,51.76],[-100.16,52.12],[-99.99,52.57],[-100.06,52.76],[-100.82,53.09],[-100.51,53.17],[-99.68,52.9],[-99.68,52.47],[-99.84,52.24],[-99.75,51.75]],[[-98.77,52.96],[-99.24,53.21],[-98.93,53.87],[-97.94,53.89],[-97.83,53.64],[-97.35,53.03],[-96.84,51.87],[-96.29,51.25],[-96.68,50.4],[-96.93,50.46],[-96.93,51.08],[-96.73,51.37],[-97.36,52.04],[-98.19,52.28],[-98.81,52.72],[-98.77,52.96]],[[-100.35,53.71],[-99.89,53.25],[-99.44,53.34],[-99.33,53.16],[-99.97,53.1],[-100.84,53.43],[-100.35,53.71]],[[-105.21,55.25],[-104.62,55.31],[-104.82,54.99],[-105.24,54.96],[-105.21,55.25]],[[-101.96,57.52],[-102.09,57.37],[-101.96,57.02],[-102.47,56.61],[-102.89,56.47],[-103.15,56.62],[-102.57,56.83],[-102.89,57.45],[-102.21,57.93],[-101.54,57.82],[-101.96,57.52]],[[-103.68,58.08],[-103.61,58.41],[-102.95,58.53],[-102.8,58.41],[-103.56,57.87],[-103.68,58.08]],[[-154.11,59.72],[-154.61,59.45],[-155.74,59.33],[-155.85,59.54],[-154.33,59.79],[-154.11,59.72]],[[-115.87,62.63],[-115.29,62.61],[-114.71,62.38],[-114.23,62.39],[-113.57,62.02],[-112.3,62.13],[-111.78,62.37],[-111.39,62.72],[-110.52,62.94],[-109.94,62.81],[-111.59,62.13],[-111.62,61.95],[-112.21,61.62],[-112.97,61.39],[-113.36,61.44],[-113.63,61.11],[-114.73,60.91],[-115.47,60.84],[-116.06,60.87],[-116.53,61.03],[-115.75,61.51],[-115.56,61.74],[-114.64,61.87],[-115.31,62.25],[-115.27,62.47],[-115.87,62.63]],[[-118.31,63.29],[-118.1,63.57],[-117.32,63.21],[-117.74,63.11],[-118.31,63.29]],[[-122.41,66.6],[-119.88,67.03],[-119.1,66.91],[-120.08,66.65],[-120.45,66.4],[-118.76,66.33],[-118,66.6],[-117.68,66.25],[-118.57,65.64],[-118.94,65.78],[-119.62,65.78],[-119.99,65.59],[-119.54,65.41],[-120.55,65.29],[-120.66,65.61],[-121.55,65.36],[-121.62,65.09],[-122.04,64.96],[-123.45,65.12],[-122.85,65.28],[-122.89,65.49],[-122.16,65.82],[-121.28,66.09],[-122.11,66.23],[-123.02,66.26],[-123.4,66.14],[-124.5,66.15],[-125.06,66.25],[-123.09,66.47],[-122.41,66.6]],[[-100.77,63.32],[-101.11,63.17],[-100.88,62.96],[-101.29,62.67],[-102.03,62.92],[-102.16,63.16],[-101.58,63.4],[-100.71,63.55],[-100.77,63.32]],[[-94.46,64.14],[-95.78,64.06],[-96.2,64.32],[-95.25,64.27],[-94.46,64.14]],[[-77.43,44.14],[-76.28,44.14],[-76.05,44.01],[-76.17,43.63],[-76.94,43.24],[-77.58,43.22],[-77.85,43.35],[-78.5,43.36],[-79.19,43.21],[-79.79,43.3],[-79.57,43.58],[-79.06,43.84],[-77.58,44.04],[-77.43,44.14]],[[-74.81,48.76],[-74.41,48.59],[-74.64,48.41],[-75.08,48.34],[-75.39,48.48],[-74.81,48.76]],[[-73.91,50.9],[-73.07,51.39],[-72.85,51.3],[-73.63,50.82],[-73.91,50.9]],[[-68.98,51.63],[-68.32,51.64],[-68.2,51.31],[-68.74,50.92],[-69.18,51.32],[-68.98,51.63]],[[-64.42,54.74],[-64.32,54.52],[-63.53,53.93],[-63.83,53.86],[-64.56,54.12],[-64.75,53.93],[-65.26,53.8],[-66.11,54.35],[-66.61,54.49],[-66.43,54.81],[-65.94,54.27],[-65.4,54.01],[-64.82,54.08],[-64.42,54.33],[-64.42,54.74]],[[-76.15,54.14],[-76.7,53.7],[-75.93,53.77],[-75.29,53.9],[-75.24,53.62],[-75.72,53.5],[-76.36,53.63],[-77.19,53.49],[-77.69,53.68],[-76.77,53.91],[-76.37,54.19],[-76.15,54.14]]],[[[-72.05,41.02],[-72.44,40.92],[-72.75,40.96],[-73.59,40.92],[-73.56,40.65],[-72.54,40.83],[-72.05,41.02]]],[[[-68.49,51.59],[-68.84,51.6],[-69.1,51.41],[-68.68,51.16],[-68.4,51.28],[-68.49,51.59]]],[[[-112.07,61.97],[-112.75,61.76],[-112.33,61.65],[-112.07,61.97]]]]},"properties":{"NAME":null,"ABBREVN":null,"type":null,"weblnks":null,"SUBJECTO":null,"BORDERPRECISION":1,"PARTOF":null}},
{"type":"Feature","geometry":{"type":"Polygon","coordinates":[[[-4.15,53.23],[-4.28,53.4],[-4.57,53.27],[-4.35,53.12],[-4.15,53.23]]]},"properties":{"NAME":null,"ABBREVN":null,"type":null,"weblnks":null,"SUBJECTO":null,"BORDERPRECISION":1,"PARTOF":null}},
{"type":"Feature","geometry":{"type":"Polygon","coordinates":[[[-5.1,55.44],[-5.15,55.67],[-5.4,55.6],[-5.1,55.44]]]},"properties":{"NAME":null,"ABBREVN":null,"type":null,"weblnks":null,"SUBJECTO":null,"BORDERPRECISION":1,"PARTOF":null}},
{"type":"Feature","geometry":{"type":"Polygon","coordinates":[[[-6.12,55.88],[-6.33,55.59],[-6.02,55.68],[-6.12,55.88]]]},"properties":{"NAME":null,"ABBREVN":null,"type":null,"weblnks":null,"SUBJECTO":null,"BORDERPRECISION":1,"PARTOF":null}},
{"type":"Feature","geometry":{"type":"Polygon","coordinates":[[[-5.95,55.83],[-5.75,56.06],[-5.97,56.02],[-6.08,55.91],[-5.95,55.83]]]},"properties":{"NAME":null,"ABBREVN":null,"type":null,"weblnks":null,"SUBJECTO":null,"BORDERPRECISION":1,"PARTOF":null}},
{"type":"Feature","geometry":{"type":"Polygon","coordinates":[[[-7.47,56.94],[-7.38,56.98],[-7.45,57.06],[-7.55,56.97],[-7.47,56.94]]]},"properties":{"NAME":null,"ABBREVN":null,"type":null,"weblnks":null,"SUBJECTO":null,"BORDERPRECISION":1,"PARTOF":null}},
{"type":"Feature","geometry":{"type":"Polygon","coordinates":[[[-7.22,57.34],[-7.42,57.38],[-7.38,57.11],[-7.23,57.09],[-7.22,57.34]]]},"properties":{"NAME":null,"ABBREVN":null,"type":null,"weblnks":null,"SUBJECTO":null,"BORDERPRECISION":1,"PARTOF":null}},
{"type":"Feature","geometry":{"type":"Polygon","coordinates":[[[-7.27,57.4],[-7.2,57.46],[-7.35,57.49],[-7.39,57.42],[-7.27,57.4]]]},"properties":{"NAME":null,"ABBREVN":null,"type":null,"weblnks":null,"SUBJECTO":null,"BORDERPRECISION":1,"PARTOF":null}},
{"type":"Feature","geometry":{"type":"Polygon","coordinates":[[[-7.19,57.69],[-7.48,57.56],[-7.15,57.51],[-7.19,57.69]]]},"properties":{"NAME":null,"ABBREVN":null,"type":null,"weblnks":null,"SUBJECTO":null,"BORDERPRECISION":1,"PARTOF":null}},
{"type":"Feature","geometry":{"type":"Polygon","coordinates":[[[-7.01,57.88],[-6.99,57.92],[-7.07,57.9],[-7.01,57.88]]]},"properties":{"NAME":null,"ABBREVN":null,"type":null,"weblnks":null,"SUBJECTO":null,"BORDERPRECISION":1,"PARTOF":null}},
{"type":"Feature","geometry":{"type":"Polygon","coordinates":[[[-6.2,58.36],[-7.03,58.24],[-6.96,57.73],[-6.47,57.94],[-6.2,58.36]]]},"properties":{"NAME":null,"ABBREVN":null,"type":null,"weblnks":null,"SUBJECTO":null,"BORDERPRECISION":1,"PARTOF":null}},
{"type":"Feature","geometry":{"type":"Polygon","coordinates":[[[-2.92,58.73],[-2.88,58.82],[-3.04,58.82],[-2.92,58.73]]]},"properties":{"NAME":null,"ABBREVN":null,"type":null,"weblnks":null,"SUBJECTO":null,"BORDERPRECISION":1,"PARTOF":null}},
{"type":"Feature","geometry":{"type":"Polygon","coordinates":[[[-3.23,58.78],[-3.14,58.8],[-3.34,58.93],[-3.43,58.87],[-3.23,58.78]]]},"properties":{"NAME":null,"ABBREVN":null,"type":null,"weblnks":null,"SUBJECTO":null,"BORDERPRECISION":1,"PARTOF":null}},
{"type":"Feature","geometry":{"type":"Polygon","coordinates":[[[-2.79,58.95],[-3.08,59.12],[-3.19,58.91],[-2.79,58.95]]]},"properties":{"NAME":null,"ABBREVN":null,"type":null,"weblnks":null,"SUBJECTO":null,"BORDERPRECISION":1,"PARTOF":null}},
{"type":"Feature","geometry":{"type":"Polygon","coordinates":[[[-2.68,59.2],[-2.62,59.24],[-2.5,59.24],[-2.41,59.31],[-2.59,59.29],[-2.68,59.2]]]},"properties":{"NAME":null,"ABBREVN":null,"type":null,"weblnks":null,"SUBJECTO":null,"BORDERPRECISION":1,"PARTOF":null}},
{"type":"Feature","geometry":{"type":"Polygon","coordinates":[[[-2.89,59.3],[-3.05,59.33],[-3,59.26],[-2.97,59.29],[-2.89,59.3]]]},"properties":{"NAME":null,"ABBREVN":null,"type":null,"weblnks":null,"SUBJECTO":null,"BORDERPRECISION":1,"PARTOF":null}},
{"type":"Feature","geometry":{"type":"Polygon","coordinates":[[[-1.3,60.49],[-1.32,60.36],[-1.65,60.23],[-1.13,60.15],[-1.04,60.45],[-1.3,60.49]]]},"properties":{"NAME":null,"ABBREVN":null,"type":null,"weblnks":null,"SUBJECTO":null,"BORDERPRECISION":1,"PARTOF":null}},
{"type":"Feature","geometry":{"type":"Polygon","coordinates":[[[-1.03,60.5],[-0.99,60.72],[-1.18,60.64],[-1.03,60.5]]]},"properties":{"NAME":null,"ABBREVN":null,"type":null,"weblnks":null,"SUBJECTO":null,"BORDERPRECISION":1,"PARTOF":null}},
{"type":"Feature","geometry":{"type":"Polygon","coordinates":[[[-0.82,60.69],[-0.77,60.83],[-0.94,60.79],[-0.97,60.69],[-0.82,60.69]]]},"properties":{"NAME":null,"ABBREVN":null,"type":null,"weblnks":null,"SUBJECTO":null,"BORDERPRECISION":1,"PARTOF":null}},
{"type":"Feature","geometry":{"type":"Polygon","coordinates":[[[-6.71,61.94],[-6.72,62.03],[-7.19,62.31],[-7.23,62.17],[-6.71,61.94]]]},"properties":{"NAME":null,"ABBREVN":null,"type":null,"weblnks":null,"SUBJECTO":null,"BORDERPRECISION":1,"PARTOF":null}},
{"type":"Feature","geometry":{"type":"Polygon","coordinates":[[[-4.78,54.06],[-4.39,54.19],[-4.53,54.37],[-4.78,54.06]]]},"properties":{"NAME":null,"ABBREVN":null,"type":null,"weblnks":null,"SUBJECTO":null,"BORDERPRECISION":1,"PARTOF":null}},
{"type":"Feature","geometry":{"type":"Polygon","coordinates":[[[59.09,38.46],[58.42,37.76],[58.84,36.78],[60.39,36.34],[62.1,37.02],[62.58,38.28],[61.74,38.69],[60.84,38.49],[59.09,38.46]]]},"properties":{"NAME":"Namazga","ABBREVN":"Namazga","type":null,"weblnks":null,"SUBJECTO":"Namazga","BORDERPRECISION":1,"PARTOF":"Namazga"}},
{"type":"Feature","geometry":{"type":"Polygon","coordinates":[[[-2.93,53.3],[-3.96,53.21],[-4.13,52.91],[-4.06,52.49],[-4.29,52.2],[-5.14,51.86],[-5,51.7],[-4.44,51.74],[-3.5,51.46],[-2.65,51.56],[-3.07,51.18],[-3.82,51.23],[-4.21,51.19],[-4.78,50.59],[-5.43,50.19],[-5.28,50.06],[-4.76,50.31],[-4.24,50.39],[-3.72,50.22],[-3.52,50.62],[-2.91,50.73],[-2.09,50.7],[-0.93,50.84],[-0.25,50.83],[0.22,50.74],[1.34,51.12],[1.36,51.35],[0.91,51.34],[0.76,51.69],[1.53,52.05],[1.69,52.33],[1.38,52.81],[0.74,52.9],[0.33,52.71],[0.01,52.79],[0.27,53.13],[0.08,53.39],[-0.32,53.58],[-0.3,54.03],[-0.87,54.55],[-1.39,54.68],[-1.72,55.45],[-2.25,55.81],[-2.74,55.96],[-3.16,55.85],[-3.71,55.88],[-2.98,56.19],[-2.16,57.01],[-1.94,57.4],[-2.15,57.57],[-3.8,57.54],[-4.26,57.66],[-4,57.95],[-3.21,58.3],[-3.17,58.52],[-4.51,58.4],[-5.11,58.39],[-4.91,58.17],[-5.32,58.07],[-5.06,57.75],[-5.57,57.78],[-5.76,57.62],[-5.46,57.39],[-5.63,57],[-5.95,56.65],[-5.3,56.43],[-5.63,55.94],[-5.57,55.75],[-4.71,56.13],[-4.62,55.91],[-4.9,55.77],[-4.64,55.43],[-5.07,54.95],[-3.91,54.79],[-3.36,54.97],[-3.15,54.84],[-3.55,54.44],[-3.26,54.14],[-2.83,54.08],[-3.06,53.51],[-2.93,53.3]]]},"properties":{"NAME":null,"ABBREVN":null,"type":null,"weblnks":null,"SUBJECTO":null,"BORDERPRECISION":1,"PARTOF":null}},
{"type":"Feature","geometry":{"type":"Polygon","coordinates":[[[59.09,38.46],[60.84,38.49],[61.74,38.69],[62.74,38.92],[63.84,40.29],[64.75,42.28],[65.03,44.18],[64.2,46.08],[61.08,48.7],[56.69,50.34],[53.72,49.66],[52.7,48.28],[52.58,46.98],[53.13,46.88],[53.28,46.68],[53.15,45.96],[52.83,45.64],[53.1,45.3],[52.56,45.4],[51.48,45.33],[51.1,44.88],[51.49,44.63],[51.15,44.48],[50.87,44.63],[50.33,44.56],[50.38,44.3],[50.96,44.2],[51.17,43.72],[51.46,43.39],[52.03,42.87],[52.76,42.76],[52.67,42.28],[52.52,42.07],[52.56,41.76],[52.82,41.7],[53.09,42.07],[53.67,42.14],[53.99,42.11],[54.17,41.48],[54.75,41.14],[54.82,40.88],[53.75,40.62],[53.65,40.78],[53.11,40.77],[52.83,40.47],[52.95,39.98],[53.69,39.98],[53.52,39.78],[53.58,39.32],[54.07,38.9],[53.94,38.39],[55.27,38.36],[59.09,38.46]],[[57.43,41.58],[57.05,41.77],[57.18,42.19],[57.55,42.26],[57.82,41.7],[57.43,41.58]],[[58.63,45.6],[58.72,45.85],[59.26,46],[59.26,45.73],[59.62,45.79],[59.86,46.07],[60.65,46.07],[60.55,46.32],[60.17,46.39],[60.36,46.64],[61.26,46.45],[61.22,46.27],[60.78,46.1],[60.42,45.85],[59.94,45.92],[59.74,45.66],[60.04,45.52],[60.08,45.31],[60.03,44.41],[59.81,44.18],[59.2,44.75],[59.45,45.16],[59.38,45.57],[59.16,45.79],[58.72,45.43],[58.65,45.02],[58.77,44.76],[58.47,44.46],[58.25,44.48],[58.23,44.85],[58.63,45.6]]]},"properties":{"NAME":"Kelteminar culture","ABBREVN":"Kelteminar","type":"culture","weblnks":null,"SUBJECTO":" Kelteminar culture","BORDERPRECISION":1,"PARTOF":" Kelteminar culture"}},
{"type":"Feature","geometry":{"type":"Polygon","coordinates":[[[32.86,22.98],[32.92,23.03],[32.99,23.08],[33.28,24.12],[32.91,25.11],[32.79,26.17],[31.78,26.93],[30.98,26.86],[31.03,26.08],[31.8,25.76],[32,23.83],[31.47,23.17],[31.44,22.19],[31.54,22.2],[31.97,22.23],[32.86,22.98]]]},"properties":{"NAME":"Naquada I","ABBREVN":"Naquada I","type":null,"weblnks":null,"SUBJECTO":"Naquada I","BORDERPRECISION":1,"PARTOF":"Naquada I"}},
{"type":"Feature","geometry":{"type":"Polygon","coordinates":[[[47.49,30.66],[47.47,30.81],[47.02,31.63],[45.3,32.6],[44.64,33.15],[45.14,34.54],[44.43,33.39],[43.42,33.71],[41.71,34.44],[41.74,33.82],[43.95,32.94],[44.05,32.06],[44.9,31.51],[45.92,30.21],[47.61,30.58],[47.49,30.66]]]},"properties":{"NAME":"Ubaid","ABBREVN":"Ubaid","type":null,"weblnks":null,"SUBJECTO":"Ubaid","BORDERPRECISION":1,"PARTOF":"Ubaid"}},
{"type":"Feature","geometry":{"type":"Polygon","coordinates":[[[35.98,34.63],[35.65,34.24],[35.07,32.85],[34.67,31.88],[35.15,31.49],[35.72,31.93],[36.19,32.8],[37.08,33.21],[36.61,34.32],[36.34,34.46],[35.98,34.63]]]},"properties":{"NAME":"Ghassul","ABBREVN":"Ghassul","type":null,"weblnks":null,"SUBJECTO":"Ghassul","BORDERPRECISION":1,"PARTOF":"Ghassul"}},
{"type":"Feature","geometry":{"type":"Polygon","coordinates":[[[36.34,34.46],[36.52,34.93],[37.48,35.22],[39,35.88],[38.6,36.75],[37.05,37.69],[35.4,37.26],[35.37,36.56],[35.64,36.62],[36.06,36.91],[36.21,36.77],[36.1,36.48],[35.79,36.28],[35.98,36],[35.73,35.58],[35.92,35.42],[35.88,34.9],[35.98,34.63],[36.34,34.46]]]},"properties":{"NAME":"Amuq D","ABBREVN":"Amuq D","type":null,"weblnks":null,"SUBJECTO":"Amuq D","BORDERPRECISION":1,"PARTOF":"Amuq D"}},
{"type":"Feature","geometry":{"type":"Polygon","coordinates":[[[-6.89,37.16],[-6.36,36.86],[-6.44,36.72],[-6.05,36.19],[-5.64,36.02],[-5.22,36.41],[-4.76,36.49],[-4.45,36.72],[-2.93,36.75],[-1.94,36.95],[-1.82,37.29],[-1.63,37.44],[-2.31,37.81],[-3.84,38.2],[-6.26,37.95],[-6.89,37.16]]]},"properties":{"NAME":"La Almagra culture","ABBREVN":"La Almagra culture","type":"La Almagra","weblnks":null,"SUBJECTO":"La Almagra culture","BORDERPRECISION":1,"PARTOF":"La Almagra culture"}},
{"type":"Feature","geometry":{"type":"MultiPolygon","coordinates":[[[[21.12,39.04],[20.99,38.67],[21.17,38.35],[21.83,38.46],[22.46,38.43],[22.93,38.19],[22.75,37.95],[21.91,38.27],[21.44,38.18],[21.22,37.83],[21.7,37.33],[21.58,37.06],[21.78,36.82],[22.03,37.02],[22.52,36.72],[22.79,36.8],[22.89,37.05],[22.64,37.49],[23.05,37.64],[22.98,37.96],[23.42,38.07],[23.99,37.76],[23.84,38.32],[23.56,38.35],[22.91,38.76],[22.87,39.04],[21.69,39.13],[21.12,39.04]]],[[[24.57,38.15],[24.25,38.23],[24.13,38.65],[23.6,38.57],[23.64,38.42],[24.05,38.37],[24.33,38.04],[24.57,38.15]]]]},"properties":{"NAME":"Dimini","ABBREVN":"Dimini","type":null,"weblnks":null,"SUBJECTO":"Dimini","BORDERPRECISION":1,"PARTOF":"Dimini"}},
{"type":"Feature","geometry":{"type":"MultiPolygon","coordinates":[[[[49.88,-12.94],[49.54,-12.7],[49.18,-12.27],[48.96,-12.46],[48.99,-12.74],[48.86,-13.25],[48.44,-13.65],[48.11,-13.6],[47.92,-13.74],[48.05,-14.16],[47.74,-14.31],[47.88,-14.72],[47.63,-14.98],[47.21,-15.01],[46.92,-15.36],[46.14,-15.83],[45.73,-15.89],[45.43,-16.09],[45.2,-16.04],[44.92,-16.2],[44.45,-16.24],[44.45,-16.73],[44.38,-16.92],[43.97,-17.55],[44.16,-18.4],[44.39,-18.79],[44.25,-19.1],[44.59,-19.53],[44.47,-20.17],[43.82,-21.32],[43.5,-21.49],[43.32,-22.11],[43.38,-22.63],[43.83,-23.41],[43.67,-23.9],[43.67,-24.23],[43.93,-24.52],[44.04,-24.99],[44.4,-25.19],[44.96,-25.39],[45.21,-25.59],[45.65,-25.51],[46.34,-25.17],[46.73,-25.17],[47.09,-24.97],[47.52,-23.97],[47.84,-22.87],[47.91,-22.46],[48.11,-21.99],[48.49,-20.84],[49.02,-19.18],[49.34,-18.23],[49.42,-17.8],[49.42,-17.2],[49.85,-16.57],[49.85,-16.26],[49.7,-16.11],[49.6,-15.65],[49.75,-15.4],[50.09,-15.9],[50.42,-15.6],[50.5,-15.31],[50.34,-15],[50.15,-14.42],[49.99,-13.36],[49.88,-12.94]]],[[[14.23,42.46],[13.99,42.71],[13.6,43.53],[12.7,43.93],[12.37,44.25],[12.25,44.72],[12.51,44.9],[12.18,45.21],[12.28,45.47],[12.64,45.5],[13.22,45.78],[13.63,45.77],[13.53,45.45],[13.84,44.88],[14.17,44.99],[14.33,45.35],[14.84,45.11],[14.91,44.72],[15.28,44.36],[15.15,44.24],[15.45,43.93],[15.94,43.68],[16.02,43.49],[16.43,43.55],[16.88,43.4],[17.6,42.89],[18.5,42.41],[18.89,42.27],[19.15,41.95],[19.59,41.81],[19.62,41.56],[19.44,41.4],[19.53,40.87],[19.78,42.09],[19.07,44.86],[17.18,45.31],[14.51,46.31],[13.37,47.47],[6.6,46.31],[6.03,48.64],[4.64,48.19],[2.68,48.14],[2.04,47.26],[2.72,45.41],[2.36,44.23],[0.33,43.82],[0.01,42.73],[-1.49,42.38],[-1.38,41.48],[0.23,40.24],[0.88,41.02],[1.31,41.16],[2.08,41.3],[2.2,41.45],[3.13,41.86],[3.09,42.37],[2.96,42.84],[3.26,43.23],[4.05,43.56],[4.65,43.36],[5.36,43.34],[5.36,43.22],[5.96,43.12],[6.58,43.19],[7.16,43.66],[7.55,43.87],[7.98,43.96],[8.67,44.42],[8.9,44.44],[9.69,44.22],[10.24,43.87],[10.54,43.15],[10.77,42.83],[11.19,42.51],[11.5,42.38],[12.64,41.53],[12.98,41.37],[13.7,41.25],[13.76,41.85],[14.23,42.46]]],[[[9.73,40.37],[9.79,40.55],[9.59,40.9],[9.31,41.18],[8.77,40.86],[8.24,40.86],[8.2,40.66],[8.43,40.46],[8.51,39.95],[8.39,39.35],[8.7,39],[9.02,39.27],[9.48,39.14],[9.63,39.42],[9.68,39.82],[9.62,40.26],[9.73,40.37]]],[[[9.27,41.52],[9.45,42.05],[9.49,42.41],[9.15,42.71],[8.67,42.52],[8.57,42.22],[8.8,41.9],[8.79,41.56],[9.27,41.52]]]]},"properties":{"NAME":"      ","ABBREVN":"Cardial Ware culture","type":"culture","weblnks":null,"SUBJECTO":"Cardial Ware culture","BORDERPRECISION":1,"PARTOF":"Cardial Ware culture"}},
{"type":"Feature","geometry":{"type":"Polygon","coordinates":[[[64.04,25.41],[64.02,25.4],[64.06,25.4],[64.04,25.41]]]},"properties":{"NAME":null,"ABBREVN":null,"type":null,"weblnks":null,"SUBJECTO":null,"BORDERPRECISION":1,"PARTOF":null}},
{"type":"Feature","geometry":{"type":"Polygon","coordinates":[[[67.48,24.05],[67.38,24.05],[67.42,24],[67.48,24.05]]]},"properties":{"NAME":null,"ABBREVN":null,"type":null,"weblnks":null,"SUBJECTO":null,"BORDERPRECISION":1,"PARTOF":null}},
{"type":"Feature","geometry":{"type":"Polygon","coordinates":[[[100.3,5.45],[100.32,5.34],[100.32,5.38],[100.32,5.43],[100.3,5.45]]]},"properties":{"NAME":null,"ABBREVN":null,"type":null,"weblnks":null,"SUBJECTO":null,"BORDERPRECISION":1,"PARTOF":null}},
{"type":"Feature","geometry":{"type":"Polygon","coordinates":[[[99.12,7.67],[99.11,7.67],[99.12,7.64],[99.13,7.64],[99.12,7.67]]]},"properties":{"NAME":null,"ABBREVN":null,"type":null,"weblnks":null,"SUBJECTO":null,"BORDERPRECISION":1,"PARTOF":null}},
{"type":"Feature","geometry":{"type":"Polygon","coordinates":[[[98.3,8.19],[98.28,8.18],[98.29,8.16],[98.32,8.17],[98.3,8.19]]]},"properties":{"NAME":null,"ABBREVN":null,"type":null,"weblnks":null,"SUBJECTO":null,"BORDERPRECISION":1,"PARTOF":null}},
{"type":"Feature","geometry":{"type":"Polygon","coordinates":[[[98.31,9.12],[98.28,9.04],[98.32,9.08],[98.31,9.12]]]},"properties":{"NAME":null,"ABBREVN":null,"type":null,"weblnks":null,"SUBJECTO":null,"BORDERPRECISION":1,"PARTOF":null}},
{"type":"Feature","geometry":{"type":"Polygon","coordinates":[[[106.51,10.29],[106.54,10.28],[106.68,10.25],[106.73,10.22],[106.72,10.27],[106.64,10.27],[106.51,10.29]]]},"properties":{"NAME":null,"ABBREVN":null,"type":null,"weblnks":null,"SUBJECTO":null,"BORDERPRECISION":1,"PARTOF":null}},
{"type":"Feature","geometry":{"type":"Polygon","coordinates":[[[107.16,10.46],[107.17,10.39],[107.21,10.42],[107.16,10.46]]]},"properties":{"NAME":null,"ABBREVN":null,"type":null,"weblnks":null,"SUBJECTO":null,"BORDERPRECISION":1,"PARTOF":null}},
{"type":"Feature","geometry":{"type":"MultiPolygon","coordinates":[]},"properties":{"NAME":null,"ABBREVN":null,"type":null,"weblnks":null,"SUBJECTO":null,"BORDERPRECISION":1,"PARTOF":null}},
{"type":"Feature","geometry":{"type":"Polygon","coordinates":[[[106.83,10.62],[106.78,10.66],[106.75,10.66],[106.85,10.58],[106.86,10.6],[106.83,10.62]]]},"properties":{"NAME":null,"ABBREVN":null,"type":null,"weblnks":null,"SUBJECTO":null,"BORDERPRECISION":1,"PARTOF":null}},
{"type":"Feature","geometry":{"type":"Polygon","coordinates":[[[103.76,10.51],[103.75,10.49],[103.8,10.48],[103.78,10.51],[103.76,10.51]]]},"properties":{"NAME":null,"ABBREVN":null,"type":null,"weblnks":null,"SUBJECTO":null,"BORDERPRECISION":1,"PARTOF":null}},
{"type":"Feature","geometry":{"type":"Polygon","coordinates":[[[103.03,11.25],[103.04,11.38],[102.98,11.39],[102.99,11.27],[103.03,11.25]]]},"properties":{"NAME":null,"ABBREVN":null,"type":null,"weblnks":null,"SUBJECTO":null,"BORDERPRECISION":1,"PARTOF":null}},
{"type":"Feature","geometry":{"type":"Polygon","coordinates":[[[103.01,11.53],[103,11.51],[103.02,11.42],[103.04,11.45],[103.04,11.51],[103.01,11.53]]]},"properties":{"NAME":null,"ABBREVN":null,"type":null,"weblnks":null,"SUBJECTO":null,"BORDERPRECISION":1,"PARTOF":null}},
{"type":"Feature","geometry":{"type":"Polygon","coordinates":[[[98.63,11.92],[98.66,11.93],[98.64,11.96],[98.63,11.92]]]},"properties":{"NAME":null,"ABBREVN":null,"type":null,"weblnks":null,"SUBJECTO":null,"BORDERPRECISION":1,"PARTOF":null}},
{"type":"Feature","geometry":{"type":"Polygon","coordinates":[[[98.64,12.35],[98.65,12.32],[98.68,12.34],[98.64,12.35]]]},"properties":{"NAME":null,"ABBREVN":null,"type":null,"weblnks":null,"SUBJECTO":null,"BORDERPRECISION":1,"PARTOF":null}},
{"type":"Feature","geometry":{"type":"Polygon","coordinates":[[[97.52,16.51],[97.57,16.45],[97.6,16.48],[97.52,16.51]]]},"properties":{"NAME":null,"ABBREVN":null,"type":null,"weblnks":null,"SUBJECTO":null,"BORDERPRECISION":1,"PARTOF":null}},
{"type":"Feature","geometry":{"type":"Polygon","coordinates":[[[106.92,10.54],[106.93,10.59],[106.88,10.64],[106.86,10.57],[106.92,10.54]]]},"properties":{"NAME":null,"ABBREVN":null,"type":null,"weblnks":null,"SUBJECTO":null,"BORDERPRECISION":1,"PARTOF":null}},
{"type":"Feature","geometry":{"type":"Polygon","coordinates":[[[80.93,15.74],[80.96,15.79],[80.89,15.85],[80.87,15.8],[80.93,15.74]]]},"properties":{"NAME":null,"ABBREVN":null,"type":null,"weblnks":null,"SUBJECTO":null,"BORDERPRECISION":1,"PARTOF":null}},
{"type":"Feature","geometry":{"type":"Polygon","coordinates":[[[94.84,15.87],[94.81,15.95],[94.78,15.9],[94.84,15.87]]]},"properties":{"NAME":null,"ABBREVN":null,"type":null,"weblnks":null,"SUBJECTO":null,"BORDERPRECISION":1,"PARTOF":null}},
{"type":"Feature","geometry":{"type":"Polygon","coordinates":[[[94.54,16.13],[94.67,16.17],[94.6,16.21],[94.54,16.13]]]},"properties":{"NAME":null,"ABBREVN":null,"type":null,"weblnks":null,"SUBJECTO":null,"BORDERPRECISION":1,"PARTOF":null}},
{"type":"Feature","geometry":{"type":"Polygon","coordinates":[[[93.9,19.2],[93.57,19.21],[93.73,19],[93.9,19.2]]]},"properties":{"NAME":null,"ABBREVN":null,"type":null,"weblnks":null,"SUBJECTO":null,"BORDERPRECISION":1,"PARTOF":null}},
{"type":"Feature","geometry":{"type":"Polygon","coordinates":[[[93.97,19.37],[93.74,19.55],[93.81,19.27],[93.97,19.37]]]},"properties":{"NAME":null,"ABBREVN":null,"type":null,"weblnks":null,"SUBJECTO":null,"BORDERPRECISION":1,"PARTOF":null}},
{"type":"Feature","geometry":{"type":"Polygon","coordinates":[[[93.5,19.87],[93.49,19.9],[93.43,19.94],[93.42,19.94],[93.51,19.84],[93.5,19.87]]]},"properties":{"NAME":null,"ABBREVN":null,"type":null,"weblnks":null,"SUBJECTO":null,"BORDERPRECISION":1,"PARTOF":null}},
{"type":"Feature","geometry":{"type":"Polygon","coordinates":[[[32,69.86],[32.08,69.82],[32.07,69.88],[32,69.86]]]},"properties":{"NAME":null,"ABBREVN":null,"type":null,"weblnks":null,"SUBJECTO":null,"BORDERPRECISION":1,"PARTOF":null}},
{"type":"Feature","geometry":{"type":"Polygon","coordinates":[[[66.77,71.02],[66.76,71.01],[66.77,71.01],[66.77,71.02]]]},"properties":{"NAME":null,"ABBREVN":null,"type":null,"weblnks":null,"SUBJECTO":null,"BORDERPRECISION":1,"PARTOF":null}},
{"type":"Feature","geometry":{"type":"Polygon","coordinates":[[[86.87,74.39],[86.9,74.37],[86.89,74.38],[86.88,74.39],[86.87,74.39]]]},"properties":{"NAME":null,"ABBREVN":null,"type":null,"weblnks":null,"SUBJECTO":null,"BORDERPRECISION":1,"PARTOF":null}},
{"type":"Feature","geometry":{"type":"Polygon","coordinates":[[[176.21,64.87],[176.15,64.89],[176.03,64.9],[176,64.9],[176.18,64.87],[176.21,64.87]]]},"properties":{"NAME":null,"ABBREVN":null,"type":null,"weblnks":null,"SUBJECTO":null,"BORDERPRECISION":1,"PARTOF":null}},
{"type":"Feature","geometry":{"type":"Polygon","coordinates":[[[177.35,64.78],[177.45,64.65],[177.49,64.76],[177.35,64.78]]]},"properties":{"NAME":null,"ABBREVN":null,"type":null,"weblnks":null,"SUBJECTO":null,"BORDERPRECISION":1,"PARTOF":null}},
{"type":"Feature","geometry":{"type":"Polygon","coordinates":[[[177.25,62.57],[177.15,62.59],[177.14,62.56],[177.25,62.57]]]},"properties":{"NAME":null,"ABBREVN":null,"type":null,"weblnks":null,"SUBJECTO":null,"BORDERPRECISION":1,"PARTOF":null}},
{"type":"Feature","geometry":{"type":"Polygon","coordinates":[[[114.6,22.54],[114.55,22.57],[114.56,22.48],[114.61,22.5],[114.6,22.54]]]},"properties":{"NAME":null,"ABBREVN":null,"type":null,"weblnks":null,"SUBJECTO":null,"BORDERPRECISION":1,"PARTOF":null}},
{"type":"Feature","geometry":{"type":"Polygon","coordinates":[[[108.38,21.59],[108.4,21.55],[108.43,21.64],[108.38,21.59]]]},"properties":{"NAME":null,"ABBREVN":null,"type":null,"weblnks":null,"SUBJECTO":null,"BORDERPRECISION":1,"PARTOF":null}},
{"type":"Feature","geometry":{"type":"Polygon","coordinates":[[[100.14,8.52],[100.13,8.52],[100.13,8.51],[100.14,8.51],[100.14,8.52]]]},"properties":{"NAME":null,"ABBREVN":null,"type":null,"weblnks":null,"SUBJECTO":null,"BORDERPRECISION":1,"PARTOF":null}},
{"type":"Feature","geometry":{"type":"Polygon","coordinates":[[[95.23,15.8],[95.23,15.81],[95.22,15.84],[95.22,15.8],[95.23,15.8]]]},"properties":{"NAME":null,"ABBREVN":null,"type":null,"weblnks":null,"SUBJECTO":null,"BORDERPRECISION":1,"PARTOF":null}},
{"type":"Feature","geometry":{"type":"Polygon","coordinates":[[[48.92,30.38],[48.94,30.37],[48.95,30.39],[48.94,30.4],[48.92,30.38]]]},"properties":{"NAME":null,"ABBREVN":null,"type":null,"weblnks":null,"SUBJECTO":null,"BORDERPRECISION":1,"PARTOF":null}},
{"type":"Feature","geometry":{"type":"Polygon","coordinates":[[[24.27,40.17],[24.3,40.18],[24.19,40.26],[24.27,40.17]]]},"properties":{"NAME":null,"ABBREVN":null,"type":null,"weblnks":null,"SUBJECTO":null,"BORDERPRECISION":1,"PARTOF":null}},
{"type":"Feature","geometry":{"type":"Polygon","coordinates":[[[23.79,40.09],[23.83,40.03],[23.92,40.06],[23.87,40.16],[23.79,40.09]]]},"properties":{"NAME":null,"ABBREVN":null,"type":null,"weblnks":null,"SUBJECTO":null,"BORDERPRECISION":1,"PARTOF":null}},
{"type":"Feature","geometry":{"type":"Polygon","coordinates":[[[23.32,40.15],[23.38,39.99],[23.54,39.94],[23.59,40],[23.44,40.04],[23.32,40.15]]]},"properties":{"NAME":null,"ABBREVN":null,"type":null,"weblnks":null,"SUBJECTO":null,"BORDERPRECISION":1,"PARTOF":null}},
{"type":"Feature","geometry":{"type":"Polygon","coordinates":[[[23.11,39.12],[23.08,39.15],[23.05,39.1],[23.11,39.12]]]},"properties":{"NAME":null,"ABBREVN":null,"type":null,"weblnks":null,"SUBJECTO":null,"BORDERPRECISION":1,"PARTOF":null}},
{"type":"Feature","geometry":{"type":"Polygon","coordinates":[[[88.86,21.6],[88.83,21.56],[88.86,21.52],[88.9,21.58],[88.86,21.6]]]},"properties":{"NAME":null,"ABBREVN":null,"type":null,"weblnks":null,"SUBJECTO":null,"BORDERPRECISION":1,"PARTOF":null}},
{"type":"Feature","geometry":{"type":"Polygon","coordinates":[[[91.95,21.68],[91.87,21.75],[91.92,21.49],[91.98,21.61],[91.95,21.68]]]},"properties":{"NAME":null,"ABBREVN":null,"type":null,"weblnks":null,"SUBJECTO":null,"BORDERPRECISION":1,"PARTOF":null}},
{"type":"Feature","geometry":{"type":"Polygon","coordinates":[[[91.89,21.84],[91.88,21.9],[91.85,21.91],[91.87,21.79],[91.89,21.84]]]},"properties":{"NAME":null,"ABBREVN":null,"type":null,"weblnks":null,"SUBJECTO":null,"BORDERPRECISION":1,"PARTOF":null}},
{"type":"Feature","geometry":{"type":"Polygon","coordinates":[[[88.67,21.89],[88.63,21.92],[88.6,21.88],[88.65,21.86],[88.67,21.89]]]},"properties":{"NAME":null,"ABBREVN":null,"type":null,"weblnks":null,"SUBJECTO":null,"BORDERPRECISION":1,"PARTOF":null}},
{"type":"Feature","geometry":{"type":"Polygon","coordinates":[[[90.32,21.91],[90.31,21.86],[90.35,21.98],[90.32,21.92],[90.32,21.91]]]},"properties":{"NAME":null,"ABBREVN":null,"type":null,"weblnks":null,"SUBJECTO":null,"BORDERPRECISION":1,"PARTOF":null}},
{"type":"Feature","geometry":{"type":"Polygon","coordinates":[[[-1.21,45.81],[-1.19,45.83],[-1.17,45.89],[-1.22,45.82],[-1.21,45.81]]]},"properties":{"NAME":null,"ABBREVN":null,"type":null,"weblnks":null,"SUBJECTO":null,"BORDERPRECISION":1,"PARTOF":null}},
{"type":"Feature","geometry":{"type":"Polygon","coordinates":[[[107.47,21.27],[107.42,21.19],[107.51,21.24],[107.47,21.27]]]},"properties":{"NAME":null,"ABBREVN":null,"type":null,"weblnks":null,"SUBJECTO":null,"BORDERPRECISION":1,"PARTOF":null}},
{"type":"Feature","geometry":{"type":"Polygon","coordinates":[[[107.44,21.08],[107.42,21.18],[107.38,21.08],[107.44,21.08]]]},"properties":{"NAME":null,"ABBREVN":null,"type":null,"weblnks":null,"SUBJECTO":null,"BORDERPRECISION":1,"PARTOF":null}},
{"type":"Feature","geometry":{"type":"Polygon","coordinates":[[[119.33,25.57],[119.31,25.56],[119.28,25.51],[119.33,25.53],[119.33,25.57]]]},"properties":{"NAME":null,"ABBREVN":null,"type":null,"weblnks":null,"SUBJECTO":null,"BORDERPRECISION":1,"PARTOF":null}},
{"type":"Feature","geometry":{"type":"Polygon","coordinates":[[[121.23,28.2],[121.19,28.2],[121.14,28.15],[121.17,28.12],[121.23,28.2]]]},"properties":{"NAME":null,"ABBREVN":null,"type":null,"weblnks":null,"SUBJECTO":null,"BORDERPRECISION":1,"PARTOF":null}},
{"type":"Feature","geometry":{"type":"Polygon","coordinates":[[[131.78,43.05],[131.84,43.06],[131.83,43.06],[131.78,43.05]]]},"properties":{"NAME":null,"ABBREVN":null,"type":null,"weblnks":null,"SUBJECTO":null,"BORDERPRECISION":1,"PARTOF":null}},
{"type":"Feature","geometry":{"type":"Polygon","coordinates":[[[5.8,52.56],[5.66,52.59],[5.61,52.53],[5.82,52.52],[5.8,52.56]]]},"properties":{"NAME":null,"ABBREVN":null,"type":null,"weblnks":null,"SUBJECTO":null,"BORDERPRECISION":1,"PARTOF":null}},
{"type":"Feature","geometry":{"type":"Polygon","coordinates":[[[11.72,57.99],[11.74,58.02],[11.72,58.04],[11.68,57.97],[11.72,57.99]]]},"properties":{"NAME":null,"ABBREVN":null,"type":null,"weblnks":null,"SUBJECTO":null,"BORDERPRECISION":1,"PARTOF":null}},
{"type":"Feature","geometry":{"type":"Polygon","coordinates":[[[11.81,58.15],[11.74,58.28],[11.61,58.25],[11.81,58.15]]]},"properties":{"NAME":null,"ABBREVN":null,"type":null,"weblnks":null,"SUBJECTO":null,"BORDERPRECISION":1,"PARTOF":null}},
{"type":"Feature","geometry":{"type":"Polygon","coordinates":[[[6.03,59.29],[5.95,59.29],[6.02,59.25],[6.03,59.29]]]},"properties":{"NAME":null,"ABBREVN":null,"type":null,"weblnks":null,"SUBJECTO":null,"BORDERPRECISION":1,"PARTOF":null}},
{"type":"Feature","geometry":{"type":"Polygon","coordinates":[[[5.18,59.41],[5.18,59.31],[5.29,59.32],[5.18,59.41]]]},"properties":{"NAME":null,"ABBREVN":null,"type":null,"weblnks":null,"SUBJECTO":null,"BORDERPRECISION":1,"PARTOF":null}},
{"type":"Feature","geometry":{"type":"Polygon","coordinates":[[[5.1,60.27],[5.1,60.26],[5.11,60.26],[5.1,60.27]]]},"properties":{"NAME":null,"ABBREVN":null,"type":null,"weblnks":null,"SUBJECTO":null,"BORDERPRECISION":1,"PARTOF":null}},
{"type":"Feature","geometry":{"type":"Polygon","coordinates":[[[90.41,22.02],[90.44,22.03],[90.43,22.04],[90.42,22.04],[90.41,22.02]]]},"properties":{"NAME":null,"ABBREVN":null,"type":null,"weblnks":null,"SUBJECTO":null,"BORDERPRECISION":1,"PARTOF":null}},
{"type":"Feature","geometry":{"type":"Polygon","coordinates":[[[90.61,22.16],[90.49,22.09],[90.57,22.06],[90.61,22.16]]]},"properties":{"NAME":null,"ABBREVN":null,"type":null,"weblnks":null,"SUBJECTO":null,"BORDERPRECISION":1,"PARTOF":null}},
{"type":"Feature","geometry":{"type":"Polygon","coordinates":[[[72.75,21.66],[72.69,21.66],[72.69,21.6],[72.73,21.61],[72.75,21.66]]]},"properties":{"NAME":null,"ABBREVN":null,"type":null,"weblnks":null,"SUBJECTO":null,"BORDERPRECISION":1,"PARTOF":null}},
{"type":"Feature","geometry":null,"properties":{"NAME":null,"ABBREVN":null,"type":null,"weblnks":null,"SUBJECTO":null,"BORDERPRECISION":1,"PARTOF":null}},
{"type":"Feature","geometry":{"type":"Polygon","coordinates":[[[90.64,22.35],[90.64,22.31],[90.65,22.33],[90.64,22.35]]]},"properties":{"NAME":null,"ABBREVN":null,"type":null,"weblnks":null,"SUBJECTO":null,"BORDERPRECISION":1,"PARTOF":null}},
{"type":"Feature","geometry":{"type":"Polygon","coordinates":[[[90.62,22.16],[90.65,22.13],[90.65,22.22],[90.62,22.16]]]},"properties":{"NAME":null,"ABBREVN":null,"type":null,"weblnks":null,"SUBJECTO":null,"BORDERPRECISION":1,"PARTOF":null}},
{"type":"Feature","geometry":{"type":"Polygon","coordinates":[[[90.46,22.76],[90.49,22.75],[90.49,22.87],[90.47,22.86],[90.46,22.76]]]},"properties":{"NAME":null,"ABBREVN":null,"type":null,"weblnks":null,"SUBJECTO":null,"BORDERPRECISION":1,"PARTOF":null}},
{"type":"Feature","geometry":{"type":"Polygon","coordinates":[[[90.69,22.84],[90.69,22.85],[90.68,22.85],[90.69,22.84]]]},"properties":{"NAME":null,"ABBREVN":null,"type":null,"weblnks":null,"SUBJECTO":null,"BORDERPRECISION":1,"PARTOF":null}},
{"type":"Feature","geometry":{"type":"Polygon","coordinates":[[[90.66,22.95],[90.59,23.03],[90.56,22.98],[90.66,22.95]]]},"properties":{"NAME":null,"ABBREVN":null,"type":null,"weblnks":null,"SUBJECTO":null,"BORDERPRECISION":1,"PARTOF":null}},
{"type":"Feature","geometry":{"type":"Polygon","coordinates":[[[48.12,29.96],[48.21,29.95],[48.19,29.98],[48.15,29.99],[48.12,29.96]]]},"properties":{"NAME":null,"ABBREVN":null,"type":null,"weblnks":null,"SUBJECTO":null,"BORDERPRECISION":1,"PARTOF":null}},
{"type":"Feature","geometry":{"type":"Polygon","coordinates":[[[48.01,29.97],[48.04,29.97],[48.11,30.01],[48.06,30.02],[48.01,29.99],[48.01,29.97]]]},"properties":{"NAME":null,"ABBREVN":null,"type":null,"weblnks":null,"SUBJECTO":null,"BORDERPRECISION":1,"PARTOF":null}},
{"type":"Feature","geometry":{"type":"Polygon","coordinates":[[[48.36,45.8],[48.34,45.8],[48.34,45.79],[48.36,45.8]]]},"properties":{"NAME":null,"ABBREVN":null,"type":null,"weblnks":null,"SUBJECTO":null,"BORDERPRECISION":1,"PARTOF":null}},
{"type":"Feature","geometry":{"type":"Polygon","coordinates":[[[56.46,27.11],[56.46,27.1],[56.5,27.09],[56.47,27.11],[56.46,27.11]]]},"properties":{"NAME":null,"ABBREVN":null,"type":null,"weblnks":null,"SUBJECTO":null,"BORDERPRECISION":1,"PARTOF":null}},
{"type":"Feature","geometry":{"type":"Polygon","coordinates":[[[69.54,66.75],[69.7,66.76],[69.58,66.77],[69.54,66.75]]]},"properties":{"NAME":null,"ABBREVN":null,"type":null,"weblnks":null,"SUBJECTO":null,"BORDERPRECISION":1,"PARTOF":null}},
{"type":"Feature","geometry":{"type":"Polygon","coordinates":[[[69.14,66.8],[69.17,66.77],[69.29,66.76],[69.49,66.78],[69.41,66.81],[69.28,66.79],[69.14,66.8]]]},"properties":{"NAME":null,"ABBREVN":null,"type":null,"weblnks":null,"SUBJECTO":null,"BORDERPRECISION":1,"PARTOF":null}},
{"type":"Feature","geometry":{"type":"Polygon","coordinates":[[[69.79,66.78],[69.85,66.75],[70.04,66.73],[69.95,66.76],[69.79,66.78]]]},"properties":{"NAME":null,"ABBREVN":null,"type":null,"weblnks":null,"SUBJECTO":null,"BORDERPRECISION":1,"PARTOF":null}},
{"type":"Feature","geometry":{"type":"Polygon","coordinates":[[[23.54,59.96],[23.4,59.9],[23.72,59.93],[23.54,59.96]]]},"properties":{"NAME":null,"ABBREVN":null,"type":null,"weblnks":null,"SUBJECTO":null,"BORDERPRECISION":1,"PARTOF":null}},
{"type":"Feature","geometry":{"type":"Polygon","coordinates":[[[23.05,59.96],[22.96,59.96],[23.05,59.9],[23.05,59.96]]]},"properties":{"NAME":null,"ABBREVN":null,"type":null,"weblnks":null,"SUBJECTO":null,"BORDERPRECISION":1,"PARTOF":null}},
{"type":"Feature","geometry":{"type":"Polygon","coordinates":[[[22.44,60.21],[22.42,60.13],[22.62,60.2],[22.44,60.21]]]},"properties":{"NAME":null,"ABBREVN":null,"type":null,"weblnks":null,"SUBJECTO":null,"BORDERPRECISION":1,"PARTOF":null}},
{"type":"Feature","geometry":{"type":"Polygon","coordinates":[[[25.57,60.25],[25.66,60.22],[25.68,60.24],[25.6,60.29],[25.57,60.25]]]},"properties":{"NAME":null,"ABBREVN":null,"type":null,"weblnks":null,"SUBJECTO":null,"BORDERPRECISION":1,"PARTOF":null}},
{"type":"Feature","geometry":{"type":"Polygon","coordinates":[[[22.34,60.29],[22.24,60.31],[22.1,60.31],[22.22,60.26],[22.34,60.29]]]},"properties":{"NAME":null,"ABBREVN":null,"type":null,"weblnks":null,"SUBJECTO":null,"BORDERPRECISION":1,"PARTOF":null}},
{"type":"Feature","geometry":{"type":"Polygon","coordinates":[[[22.4,60.35],[22.32,60.32],[22.37,60.29],[22.46,60.31],[22.4,60.35]]]},"properties":{"NAME":null,"ABBREVN":null,"type":null,"weblnks":null,"SUBJECTO":null,"BORDERPRECISION":1,"PARTOF":null}},
{"type":"Feature","geometry":{"type":"Polygon","coordinates":[[[21.81,60.47],[21.79,60.4],[21.93,60.38],[21.9,60.44],[21.81,60.47]]]},"properties":{"NAME":null,"ABBREVN":null,"type":null,"weblnks":null,"SUBJECTO":null,"BORDERPRECISION":1,"PARTOF":null}},
{"type":"Feature","geometry":{"type":"Polygon","coordinates":[[[21.74,60.52],[21.7,60.49],[21.69,60.45],[21.76,60.5],[21.74,60.52]]]},"properties":{"NAME":null,"ABBREVN":null,"type":null,"weblnks":null,"SUBJECTO":null,"BORDERPRECISION":1,"PARTOF":null}},
{"type":"Feature","geometry":{"type":"Polygon","coordinates":[[[28.69,60.27],[28.72,60.3],[28.61,60.35],[28.57,60.31],[28.69,60.27]]]},"properties":{"NAME":null,"ABBREVN":null,"type":null,"weblnks":null,"SUBJECTO":null,"BORDERPRECISION":1,"PARTOF":null}},
{"type":"Feature","geometry":{"type":"Polygon","coordinates":[[[27.63,61.38],[27.37,61.37],[27.59,61.27],[27.63,61.38]]]},"properties":{"NAME":null,"ABBREVN":null,"type":null,"weblnks":null,"SUBJECTO":null,"BORDERPRECISION":1,"PARTOF":null}},
{"type":"Feature","geometry":{"type":"Polygon","coordinates":[[[27.75,61.4],[27.97,61.5],[27.73,61.55],[27.75,61.4]]]},"properties":{"NAME":null,"ABBREVN":null,"type":null,"weblnks":null,"SUBJECTO":null,"BORDERPRECISION":1,"PARTOF":null}},
{"type":"Feature","geometry":{"type":"Polygon","coordinates":[[[28.29,61.62],[28.24,61.39],[28.49,61.44],[28.54,61.62],[28.29,61.62]]]},"properties":{"NAME":null,"ABBREVN":null,"type":null,"weblnks":null,"SUBJECTO":null,"BORDERPRECISION":1,"PARTOF":null}},
{"type":"Feature","geometry":{"type":"Polygon","coordinates":[[[29.4,61.97],[29.32,62.13],[28.7,62.08],[28.99,61.8],[29.4,61.97]]]},"properties":{"NAME":null,"ABBREVN":null,"type":null,"weblnks":null,"SUBJECTO":null,"BORDERPRECISION":1,"PARTOF":null}},
{"type":"Feature","geometry":{"type":"Polygon","coordinates":[[[35.2,61.84],[35.35,62],[35.2,61.99],[35.2,61.84]]]},"properties":{"NAME":null,"ABBREVN":null,"type":null,"weblnks":null,"SUBJECTO":null,"BORDERPRECISION":1,"PARTOF":null}},
{"type":"Feature","geometry":{"type":"Polygon","coordinates":[[[28.11,62.79],[28.06,62.98],[27.9,62.97],[27.89,62.83],[28.11,62.79]]]},"properties":{"NAME":null,"ABBREVN":null,"type":null,"weblnks":null,"SUBJECTO":null,"BORDERPRECISION":1,"PARTOF":null}},
{"type":"Feature","geometry":{"type":"Polygon","coordinates":[[[40.29,64.92],[40.27,64.95],[40.23,64.97],[40.2,64.98],[40.29,64.92]]]},"properties":{"NAME":null,"ABBREVN":null,"type":null,"weblnks":null,"SUBJECTO":null,"BORDERPRECISION":1,"PARTOF":null}},
{"type":"Feature","geometry":{"type":"Polygon","coordinates":[[[67.34,69.59],[67.32,69.59],[67.3,69.6],[67.29,69.59],[67.34,69.59]]]},"properties":{"NAME":null,"ABBREVN":null,"type":null,"weblnks":null,"SUBJECTO":null,"BORDERPRECISION":1,"PARTOF":null}},
{"type":"Feature","geometry":{"type":"Polygon","coordinates":[[[95,76.17],[95.1,76.15],[95.19,76.15],[95.19,76.17],[95,76.17]]]},"properties":{"NAME":null,"ABBREVN":null,"type":null,"weblnks":null,"SUBJECTO":null,"BORDERPRECISION":1,"PARTOF":null}},
{"type":"Feature","geometry":{"type":"Polygon","coordinates":[[[95.98,76.15],[95.97,76.17],[95.84,76.15],[95.98,76.15]]]},"properties":{"NAME":null,"ABBREVN":null,"type":null,"weblnks":null,"SUBJECTO":null,"BORDERPRECISION":1,"PARTOF":null}},
{"type":"Feature","geometry":null,"properties":{"NAME":null,"ABBREVN":null,"type":null,"weblnks":null,"SUBJECTO":null,"BORDERPRECISION":1,"PARTOF":null}},
{"type":"Feature","geometry":{"type":"Polygon","coordinates":[[[127.87,34.92],[127.92,34.88],[127.94,34.9],[127.9,34.93],[127.87,34.92]]]},"properties":{"NAME":null,"ABBREVN":null,"type":null,"weblnks":null,"SUBJECTO":null,"BORDERPRECISION":1,"PARTOF":null}},
{"type":"Feature","geometry":{"type":"Polygon","coordinates":[[[128.09,34.83],[128.03,34.91],[127.99,34.84],[128.09,34.83]]]},"properties":{"NAME":null,"ABBREVN":null,"type":null,"weblnks":null,"SUBJECTO":null,"BORDERPRECISION":1,"PARTOF":null}},
{"type":"Feature","geometry":{"type":"Polygon","coordinates":[[[121.49,31.67],[121.33,31.82],[121.3,31.67],[121.49,31.67]]]},"properties":{"NAME":null,"ABBREVN":null,"type":null,"weblnks":null,"SUBJECTO":null,"BORDERPRECISION":1,"PARTOF":null}},
{"type":"Feature","geometry":{"type":"Polygon","coordinates":[[[121.38,39.37],[121.45,39.44],[121.34,39.48],[121.26,39.4],[121.38,39.37]]]},"properties":{"NAME":null,"ABBREVN":null,"type":null,"weblnks":null,"SUBJECTO":null,"BORDERPRECISION":1,"PARTOF":null}},
{"type":"Feature","geometry":{"type":"Polygon","coordinates":[[[126.42,36.4],[126.43,36.41],[126.4,36.47],[126.4,36.4],[126.42,36.4]]]},"properties":{"NAME":null,"ABBREVN":null,"type":null,"weblnks":null,"SUBJECTO":null,"BORDERPRECISION":1,"PARTOF":null}},
{"type":"Feature","geometry":{"type":"Polygon","coordinates":[[[126.5,37.78],[126.37,37.79],[126.37,37.63],[126.54,37.63],[126.5,37.78]]]},"properties":{"NAME":null,"ABBREVN":null,"type":null,"weblnks":null,"SUBJECTO":null,"BORDERPRECISION":1,"PARTOF":null}},
{"type":"Feature","geometry":{"type":"Polygon","coordinates":[[[113.35,22.13],[113.31,22.14],[113.27,22.11],[113.31,22.07],[113.35,22.13]]]},"properties":{"NAME":null,"ABBREVN":null,"type":null,"weblnks":null,"SUBJECTO":null,"BORDERPRECISION":1,"PARTOF":null}},
{"type":"Feature","geometry":{"type":"Polygon","coordinates":[[[113.59,22.68],[113.55,22.73],[113.54,22.7],[113.59,22.68]]]},"properties":{"NAME":null,"ABBREVN":null,"type":null,"weblnks":null,"SUBJECTO":null,"BORDERPRECISION":1,"PARTOF":null}},
{"type":"Feature","geometry":{"type":"Polygon","coordinates":[[[113.6,22.77],[113.49,22.89],[113.39,22.89],[113.55,22.76],[113.6,22.77]]]},"properties":{"NAME":null,"ABBREVN":null,"type":null,"weblnks":null,"SUBJECTO":null,"BORDERPRECISION":1,"PARTOF":null}},
{"type":"Feature","geometry":{"type":"Polygon","coordinates":[[[117.33,23.66],[117.41,23.69],[117.47,23.76],[117.37,23.76],[117.33,23.66]]]},"properties":{"NAME":null,"ABBREVN":null,"type":null,"weblnks":null,"SUBJECTO":null,"BORDERPRECISION":1,"PARTOF":null}},
{"type":"Feature","geometry":{"type":"Polygon","coordinates":[[[118.34,24.47],[118.35,24.47],[118.37,24.5],[118.34,24.47]]]},"properties":{"NAME":null,"ABBREVN":null,"type":null,"weblnks":null,"SUBJECTO":null,"BORDERPRECISION":1,"PARTOF":null}},
{"type":"Feature","geometry":{"type":"Polygon","coordinates":[[[118.1,24.55],[118.12,24.53],[118.18,24.51],[118.18,24.53],[118.1,24.55]]]},"properties":{"NAME":null,"ABBREVN":null,"type":null,"weblnks":null,"SUBJECTO":null,"BORDERPRECISION":1,"PARTOF":null}},
{"type":"Feature","geometry":{"type":"Polygon","coordinates":[[[106.96,53.08],[107.44,53.1],[107.58,53.28],[106.96,53.08]]]},"properties":{"NAME":null,"ABBREVN":null,"type":null,"weblnks":null,"SUBJECTO":null,"BORDERPRECISION":1,"PARTOF":null}},
{"type":"Feature","geometry":{"type":"Polygon","coordinates":[[[123.6,72.77],[123.19,72.87],[123.17,72.8],[123.37,72.76],[123.6,72.77]]]},"properties":{"NAME":null,"ABBREVN":null,"type":null,"weblnks":null,"SUBJECTO":null,"BORDERPRECISION":1,"PARTOF":null}},
{"type":"Feature","geometry":{"type":"Polygon","coordinates":[[[126.3,72.5],[128.52,72.95],[128.5,73.13],[127.72,73.4],[126.64,73.39],[126.77,73.17],[126.67,73],[126.36,72.92],[126.45,72.79],[126.3,72.5]]]},"properties":{"NAME":null,"ABBREVN":null,"type":null,"weblnks":null,"SUBJECTO":null,"BORDERPRECISION":1,"PARTOF":null}},
{"type":"Feature","geometry":{"type":"Polygon","coordinates":[[[125.57,73.4],[124.82,73.66],[124.22,73.7],[123.41,73.48],[123.51,73.17],[123.19,72.89],[124.12,72.76],[124.9,72.6],[125.72,72.37],[126.13,72.3],[126.33,72.93],[126.71,73.09],[126.47,73.38],[125.57,73.4]]]},"properties":{"NAME":null,"ABBREVN":null,"type":null,"weblnks":null,"SUBJECTO":null,"BORDERPRECISION":1,"PARTOF":null}},
{"type":"Feature","geometry":{"type":"Polygon","coordinates":[[[161.52,68.99],[161.39,69.1],[161.32,69.23],[161.13,69.09],[161.52,68.99]]]},"properties":{"NAME":null,"ABBREVN":null,"type":null,"weblnks":null,"SUBJECTO":null,"BORDERPRECISION":1,"PARTOF":null}},
{"type":"Feature","geometry":{"type":"Polygon","coordinates":[[[5.13,60.62],[4.98,60.69],[5.07,60.6],[5.13,60.62]]]},"properties":{"NAME":null,"ABBREVN":null,"type":null,"weblnks":null,"SUBJECTO":null,"BORDERPRECISION":1,"PARTOF":null}},
{"type":"Feature","geometry":{"type":"Polygon","coordinates":[[[8.44,63.16],[8.58,63.19],[8.52,63.23],[8.44,63.16]]]},"properties":{"NAME":null,"ABBREVN":null,"type":null,"weblnks":null,"SUBJECTO":null,"BORDERPRECISION":1,"PARTOF":null}},
{"type":"Feature","geometry":{"type":"Polygon","coordinates":[[[8.67,63.34],[8.61,63.33],[8.65,63.33],[8.67,63.33],[8.67,63.34]]]},"properties":{"NAME":null,"ABBREVN":null,"type":null,"weblnks":null,"SUBJECTO":null,"BORDERPRECISION":1,"PARTOF":null}},
{"type":"Feature","geometry":{"type":"Polygon","coordinates":[[[12.3,65.09],[12.11,65.13],[12.13,65.05],[12.3,65.09]]]},"properties":{"NAME":null,"ABBREVN":null,"type":null,"weblnks":null,"SUBJECTO":null,"BORDERPRECISION":1,"PARTOF":null}},
{"type":"Feature","geometry":{"type":"Polygon","coordinates":[[[12.5,65.38],[12.44,65.47],[12.37,65.52],[12.28,65.43],[12.5,65.38]]]},"properties":{"NAME":null,"ABBREVN":null,"type":null,"weblnks":null,"SUBJECTO":null,"BORDERPRECISION":1,"PARTOF":null}},
{"type":"Feature","geometry":{"type":"Polygon","coordinates":[[[14.22,67.04],[14.16,67.01],[14.21,67.01],[14.22,67.04]]]},"properties":{"NAME":null,"ABBREVN":null,"type":null,"weblnks":null,"SUBJECTO":null,"BORDERPRECISION":1,"PARTOF":null}},
{"type":"Feature","geometry":{"type":"Polygon","coordinates":[[[15.92,67.99],[15.9,68],[15.88,67.98],[15.92,67.99]]]},"properties":{"NAME":null,"ABBREVN":null,"type":null,"weblnks":null,"SUBJECTO":null,"BORDERPRECISION":1,"PARTOF":null}},
{"type":"Feature","geometry":{"type":"Polygon","coordinates":[[[48.91,54.55],[50.09,54.62],[54.15,55.17],[56.43,56.41],[57.12,58.19],[56.62,59.63],[55.48,59.5],[54.27,58.16],[50.28,57.18],[47.67,55.95],[47.54,54.84],[48.44,54.61],[48.75,54.68],[48.86,55.01],[49.45,55.4],[49.89,55.29],[49.4,55.02],[49.01,54.97],[48.91,54.55]]]},"properties":{"NAME":"Volga-Kamm","ABBREVN":"Volga-Kamm","type":null,"weblnks":null,"SUBJECTO":"Volga-Kamm","BORDERPRECISION":1,"PARTOF":"Volga-Kamm"}},
{"type":"Feature","geometry":{"type":"Polygon","coordinates":[[[56.42,73.11],[55.81,73.31],[53.5,73.14],[52.61,72.74],[53.09,72.47],[52.35,72.04],[51.48,71.84],[51.81,71.48],[52.51,71.59],[53.22,71.52],[54.35,71.2],[53.74,70.93],[54.68,70.76],[55.14,70.56],[56.06,70.73],[57.24,70.69],[56.23,71.19],[55.51,71.89],[55.62,72.65],[56.22,72.83],[56.42,73.11]]]},"properties":{"NAME":null,"ABBREVN":null,"type":null,"weblnks":null,"SUBJECTO":null,"BORDERPRECISION":1,"PARTOF":null}},
{"type":"Feature","geometry":{"type":"Polygon","coordinates":[[[68.09,76.27],[68.76,76.5],[68.46,76.93],[66.44,76.83],[65.93,76.51],[62.59,76.16],[61.3,76.24],[60.95,75.96],[59.02,75.8],[57.73,75.29],[56.99,75.27],[56.3,74.87],[56.65,74.69],[55.66,74.45],[55.89,74.1],[54.89,74.06],[54.02,73.73],[54.66,73.47],[55.76,73.58],[56.96,73.36],[57.82,73.78],[57.4,74.05],[58.73,74.29],[58.66,74.61],[59.77,74.66],[60.62,74.94],[60.46,75.16],[67.03,76.08],[68.09,76.27]]]},"properties":{"NAME":null,"ABBREVN":null,"type":null,"weblnks":null,"SUBJECTO":null,"BORDERPRECISION":1,"PARTOF":null}},
{"type":"Feature","geometry":{"type":"MultiPolygon","coordinates":[[[[13.7,41.25],[14.07,40.82],[14.37,40.85],[14.95,40.55],[14.94,40.23],[15.42,39.99],[15.67,40.09],[15.82,39.66],[16.03,39.34],[16.15,38.7],[15.94,38.7],[15.64,38],[16.05,37.93],[16.33,38.32],[16.57,38.46],[16.52,38.73],[16.8,38.93],[17.09,38.92],[17.14,39.4],[16.71,39.62],[16.5,39.82],[16.6,40.09],[16.95,40.48],[17.51,40.3],[17.91,40.25],[18.04,39.93],[18.39,39.81],[18.51,40.11],[18.03,40.6],[16.95,41.09],[15.99,41.41],[15.9,41.61],[16.01,41.9],[15.45,41.86],[14.92,41.97],[14.23,42.46],[13.76,41.85],[13.7,41.25]]],[[[15.09,37.35],[15.22,37.76],[15.47,38.11],[15.39,38.21],[14.77,38.06],[14.13,37.97],[13.71,37.98],[13.38,38.11],[12.66,38.07],[12.45,37.77],[12.64,37.58],[12.92,37.57],[13.87,37.16],[14.25,37.06],[14.62,36.78],[15.03,36.75],[15.3,37.06],[15.09,37.35]]]]},"properties":{"NAME":"Stentinello culture","ABBREVN":"Stentinello culture","type":"culture","weblnks":null,"SUBJECTO":"Stentinello culture","BORDERPRECISION":1,"PARTOF":"Stentinello culture"}},
{"type":"Feature","geometry":{"type":"Polygon","coordinates":[[[38.89,61.24],[38.65,61.32],[37.34,61.75],[36.38,61.23],[35.76,60.89],[35.37,60.68],[34.41,60.94],[32.83,60.73],[32.61,60.25],[32.36,60.15],[31.7,60.24],[31.51,59.92],[31.1,59.93],[30.51,59.7],[30.08,57.95],[32.28,56.98],[34.41,56.04],[37.34,56.79],[38.56,57.76],[39.04,57.92],[40.04,57.38],[43.49,57.27],[42.18,59.35],[39.74,60.96],[38.89,61.24]],[[31.3,58.48],[31.64,58.39],[31.39,58.14],[30.88,58.21],[31.3,58.48]],[[37.77,58.62],[38.12,58.95],[39.01,58.36],[38.38,58.12],[37.9,58.29],[37.77,58.62]]]},"properties":{"NAME":"Early combware","ABBREVN":"Early combware","type":"culture","weblnks":null,"SUBJECTO":"Early combware","BORDERPRECISION":1,"PARTOF":"Early combware"}},
{"type":"Feature","geometry":{"type":"Polygon","coordinates":[[[80.14,14.49],[80.05,15.07],[80.28,15.7],[80.55,15.88],[81,15.84],[81.15,15.97],[81.33,16.37],[81.71,16.32],[82.08,16.46],[82.23,16.65],[82.3,17.03],[82.61,17.29],[83.27,17.63],[83.57,18.01],[84.03,18.25],[84.35,18.57],[84.74,19.07],[85.11,19.44],[85.63,19.73],[86.23,19.9],[86.46,20.07],[86.93,20.69],[86.8,21.14],[87.12,21.51],[87.67,21.64],[87.96,21.83],[88.38,21.59],[88.62,21.97],[88.69,21.93],[88.72,21.56],[88.86,21.63],[88.99,21.63],[89.1,21.82],[89.23,21.66],[89.38,21.9],[89.58,21.7],[89.8,21.83],[90.11,21.82],[90.6,22.27],[90.42,22.77],[90.48,22.96],[90.62,23.06],[90.94,22.58],[91.11,22.58],[91.46,22.79],[91.66,22.55],[91.86,22.1],[91.98,21.65],[92.05,21.16],[92.3,20.76],[92.66,20.4],[93,20.29],[93.01,20.04],[93.37,20.04],[93.91,19.48],[93.99,19.45],[93.98,19.35],[93.87,19.26],[94.24,18.74],[94.26,18.54],[94.49,18.07],[94.61,17.55],[94.35,16.57],[94.23,16.35],[94.33,15.99],[94.56,16.27],[94.82,16.16],[94.75,15.94],[94.84,15.96],[94.85,15.84],[94.97,15.84],[95.22,16],[95.29,15.73],[95.55,15.88],[95.71,16.16],[96.47,16.51],[96.73,16.89],[96.77,17.33],[96.92,17.36],[97.15,17.12],[97.36,16.52],[97.58,16.53],[97.63,16.49],[97.64,15.95],[97.73,15.84],[97.81,15.16],[97.8,14.88],[98.09,14.18],[98.1,13.9],[98.43,13.47],[98.58,13.17],[98.68,12.69],[98.62,12.55],[98.64,12.39],[98.7,12.34],[98.65,12.31],[98.67,12.14],[98.72,12.01],[98.6,11.8],[98.87,11.65],[98.74,11.44],[98.72,10.95],[98.46,10.65],[98.63,10.1],[98.56,9.73],[98.33,9.19],[98.34,9.01],[98.26,8.85],[98.2,8.53],[98.34,8.18],[98.62,8.38],[98.75,8.09],[98.96,7.98],[99.26,7.66],[99.37,7.33],[99.69,7.11],[99.68,6.88],[100.03,6.54],[100.34,6.03],[100.35,5.57],[100.45,4.91],[100.61,4.8],[100.58,4.29],[100.71,3.89],[101.03,3.63],[101.3,3.25],[101.31,2.94],[101.52,2.67],[101.79,2.57],[102.2,2.21],[102.55,2.05],[103.37,1.54],[103.44,1.38],[103.81,1.48],[104.15,1.45],[103.83,2.17],[103.44,2.63],[103.31,3.03],[103.31,3.8],[103.37,4.18],[103.34,4.81],[102.8,5.56],[102.33,6.1],[102.09,6.14],[101.68,6.46],[101.56,6.74],[100.61,6.98],[100.18,7.51],[100.15,7.73],[100.3,7.89],[100.21,8.33],[99.87,8.71],[99.9,9.07],[99.72,9.26],[99.3,9.16],[99.12,9.37],[99.07,9.9],[99.19,10.49],[99.5,11.25],[99.9,12.08],[99.83,12.52],[100.02,12.99],[99.93,13.26],[100.24,13.49],[100.98,13.46],[100.87,12.68],[101.39,12.61],[101.75,12.71],[102.34,12.2],[102.64,12.17],[102.76,12.03],[102.92,11.64],[103.03,11.54],[103.1,11.35],[103.12,10.9],[103.5,11.16],[103.72,10.83],[103.55,10.58],[104.25,10.57],[104.59,10.23],[104.99,10.1],[104.83,9.51],[104.8,8.8],[105.13,8.63],[105.53,9.13],[106.12,9.35],[106.21,9.51],[106.39,9.53],[106.58,9.66],[106.74,10.05],[106.73,10.19],[106.49,10.27],[106.5,10.3],[106.72,10.28],[106.7,10.45],[106.76,10.61],[106.74,10.65],[106.76,10.68],[106.88,10.65],[107.05,10.5],[107.33,10.45],[107.76,10.64],[108.16,10.97],[108.45,11.06],[108.9,11.34],[109.07,11.64],[109.07,12.49],[109.31,12.91],[109.07,14.17],[108.92,14.79],[108.79,15.09],[108.5,15.36],[108.24,16.03],[108.08,16.25],[107.81,16.28],[107.11,16.95],[106.62,17.33],[106.43,17.55],[106.36,18.01],[105.53,18.84],[105.95,19.91],[106.21,20.02],[106.59,20.4],[106.84,20.9],[107.34,21],[107.37,21.27],[107.6,21.3],[107.85,21.52],[108.07,21.49],[108.6,21.91],[108.74,21.61],[109.03,21.62],[109.33,21.45],[109.52,21.6],[109.82,21.46],[109.66,20.92],[109.91,20.27],[110.27,20.32],[110.43,20.44],[110.08,20.87],[110.24,21.28],[110.57,21.23],[110.71,21.36],[111.38,21.53],[111.56,21.52],[111.96,21.84],[112.24,21.71],[112.63,21.79],[112.87,22.06],[113.22,22.04],[113.3,22.18],[113.38,22.2],[113.46,22.77],[113.36,22.88],[113.5,23],[113.75,22.76],[113.86,22.47],[114.3,22.65],[115.24,22.83],[115.56,22.69],[115.86,22.84],[116.4,22.98],[116.4,23.2],[117.11,23.6],[117.3,23.76],[117.62,23.87],[117.85,24.05],[117.79,24.46],[118.16,24.69],[118.47,24.62],[118.83,24.88],[119.1,25.44],[119.26,25.5],[119.31,25.61],[119.38,25.59],[119.43,26],[119.55,26.27],[119.43,26.59],[119.58,26.79],[119.97,26.8],[120.35,27.18],[120.51,27.59],[121.01,28.28],[121.36,28.39],[121.35,28.54],[121.54,29.11],[121.45,29.51],[121.77,29.83],[121.39,29.92],[121.16,30.19],[120.97,30.2],[120.44,30],[119.94,30.12],[120.47,30.39],[120.68,30.39],[121.33,30.7],[121.64,30.93],[121.5,31.28],[121.27,31.45],[121.28,31.87],[121.05,32.33],[120.66,32.54],[120.64,33.04],[120.34,33.34],[120.15,33.89],[119.97,34.14],[119.3,34.59],[119.02,34.69],[119.06,35.04],[119.91,35.77],[119.91,36.14],[120.16,36.21],[120.51,36.08],[120.54,36.39],[120.94,36.61],[121.77,36.85],[121.96,37],[122.28,36.98],[122.39,37.3],[121.89,37.38],[121.43,37.34],[120.79,37.7],[120.42,37.68],[119.87,37.31],[119.77,37.15],[119.28,37.05],[118.95,37.08],[118.81,37.45],[118.88,37.95],[118.74,38.06],[118.2,38.04],[117.59,38.28],[117.44,38.6],[117.75,39.2],[118.07,39.25],[118.35,39.04],[118.6,39.19],[118.98,39.22],[119.39,39.84],[119.82,40.04],[120.27,40.15],[121.01,40.85],[121.36,40.93],[122.05,40.74],[122.3,40.52],[121.78,39.92],[121.46,39.74],[121.43,39.51],[121.68,39.09],[123.04,39.67],[123.93,39.81],[124.29,39.93],[125.29,39.52],[125.42,39.31],[125.14,38.79],[125.27,38.57],[124.96,38.47],[124.87,38.1],[125.16,37.86],[125.64,37.81],[126.38,37.89],[126.53,37.76],[126.66,37.55],[126.8,36.94],[126.48,36.92],[126.54,36.14],[126.75,35.78],[126.38,35.31],[126.36,35.07],[126.49,34.75],[126.38,34.55],[126.48,34.35],[126.83,34.44],[127.36,34.8],[127.77,34.96],[128.2,34.89],[128.57,35.17],[128.98,35.09],[129.29,35.51],[129.47,35.93],[129.18,35.96],[129.24,36.25],[129.25,37.01],[129.13,37.31],[128.45,38.26],[127.28,39.22],[127.44,39.62],[128,40.04],[128.55,40.15],[129.23,40.69],[129.5,40.8],[129.63,41.28],[129.64,41.66],[130.21,42.17],[130.5,42.32],[131.58,43.21],[132.37,43.21],[132.41,42.92],[133,42.82],[133.02,42.69],[134.05,42.97],[134.59,43.23],[134.96,43.52],[135.41,44.04],[136.1,44.46],[136.49,44.97],[137.72,46],[137.98,46.27],[138.35,46.87],[138.95,47.34],[139.21,47.81],[140.08,48.5],[140.33,49.36],[140.46,50.1],[140.32,50.52],[140.4,50.83],[140.73,51.44],[141.26,52.1],[140.94,52.26],[141.09,52.59],[140.99,52.92],[140.7,53.28],[140.1,53.8],[139.38,54.08],[138.77,54.09],[138.67,53.75],[138.42,53.5],[137.24,53.46],[137.01,53.85],[136.77,53.7],[136.35,53.7],[136.49,54.46],[135.73,54.41],[135.09,54.43],[134.9,54.56],[134.99,54.85],[135.27,55.03],[136.55,55.61],[137.23,55.98],[138.35,56.8],[138.87,57.12],[139.89,57.59],[140.59,58.24],[141.39,58.54],[142.31,59.14],[143.21,59.38],[144.46,59.38],[145.67,59.42],[145.8,59.26],[146.74,59.37],[147.7,59.26],[147.88,59.39],[148.69,59.45],[149.37,59.76],[150.42,59.62],[150.73,59.5],[151.39,59.57],[151.75,59.3],[152.29,59.23],[152.36,59.02],[152.78,58.92],[153.33,59.22],[153.8,59.17],[154.18,59.3],[153.94,59.57],[154.32,59.98],[154.97,60.37],[155.7,60.66],[155.67,60.78],[156.35,61.16],[156.42,61.4],[157.49,61.8],[157.9,61.79],[159.36,61.89],[159.49,61.69],[160.37,61.77],[159.88,61.32],[159.95,61.14],[160.83,60.81],[162.71,61.76],[163.28,62.55],[164.34,62.71],[165.03,62.51],[165.29,62.29],[164.07,62.15],[164.07,61.79],[163.75,61.46],[164.02,61.36],[163.33,60.69],[161.92,60.31],[161.54,59.94],[160.84,59.55],[159.73,58.99],[159.7,58.85],[159.1,58.42],[158.33,58.03],[157.51,57.75],[156.95,57.62],[156.96,57.4],[156.56,56.95],[155.9,56.51],[155.68,56.03],[155.54,55.3],[155.7,54.51],[155.93,53.84],[156.1,52.86],[156.49,51.93],[156.55,51.27],[156.82,51],[157.9,51.67],[158.39,52.23],[158.46,52.83],[159.01,53.08],[159.91,53.34],[159.68,53.58],[159.7,53.86],[160.1,54.2],[160.72,54.53],[161.16,54.59],[161.77,54.53],[162.01,54.74],[161.65,54.99],[161.5,55.29],[161.61,55.56],[162.09,56.11],[162.63,56.22],[163.17,56.11],[163.1,56.56],[162.74,56.6],[162.51,57.03],[162.74,57.36],[163.12,57.56],[162.83,57.7],[162.2,57.68],[161.8,57.86],[161.8,58.1],[162.4,58.67],[162.76,58.83],[162.88,59.13],[163.16,59.3],[163.11,59.58],[163.62,60.03],[164.93,59.96],[166.22,60.48],[166.28,59.84],[167.05,60.32],[168.07,60.56],[169.33,60.53],[169.71,60.4],[169.93,60.07],[170.34,60.28],[171.87,60.83],[172.49,61.26],[172.9,61.28],[174.07,61.84],[175.16,62.01],[176.28,62.31],[176.97,62.86],[177.34,62.58],[178.03,62.54],[178.94,62.36],[179.24,62.53],[179.29,62.82],[178.34,63.46],[178.4,63.66],[178.15,64.16],[177.53,64.09],[177.08,64.3],[176.47,64.41],[175.98,64.89],[176.06,64.95],[176.41,64.85],[177.25,64.86],[177.61,64.72],[178.86,64.68],[179.5,64.83],[180,65.07],[180,65.31],[180,65.38],[180,65.4],[180,65.96],[180,65.98],[180,66.96],[180,66.98],[180,67.96],[180,67.98],[180,68.92],[178.96,69.23],[177.7,69.49],[177.08,69.53],[175.61,69.78],[173.64,69.76],[172.36,69.91],[170.53,70.02],[170.59,69.59],[171.02,69.02],[170.09,68.78],[169.39,68.72],[168.99,68.96],[168.1,69.23],[167.37,69.64],[166.31,69.38],[164.64,69.41],[164.05,69.66],[163.04,69.55],[161.94,69.52],[161.43,69.36],[161.57,69.02],[161.58,68.91],[161.22,69.05],[160.86,69.08],[160.68,69.58],[159.44,69.76],[159.63,70.22],[159.23,70.55],[158.41,70.81],[156.04,70.99],[155.05,70.94],[153.4,70.73],[152.13,70.66],[151.12,71.25],[149.72,71.44],[148.71,71.63],[149.15,71.77],[148.95,72.12],[146.92,72.2],[146.33,71.89],[145.1,71.58],[144.89,71.78],[145.68,71.93],[145.66,72.16],[144.82,72.14],[144.93,72.43],[142.2,72.68],[141.41,72.79],[141,72.57],[139.31,72.38],[139.83,72.15],[139.93,71.48],[138.12,71.47],[138.07,71.14],[137.63,71.08],[136.77,71.41],[135.51,71.51],[134.24,71.26],[132.28,71.66],[131.54,70.88],[131.05,70.69],[130.17,70.82],[129.36,71.18],[128.43,71.75],[127.42,72.14],[125.65,72.34],[124.71,72.63],[123.79,72.76],[122.88,72.75],[121.7,72.9],[120.58,72.84],[118.5,73.04],[118.46,73.52],[116.67,73.62],[114.19,73.55],[111.76,73.66],[110.45,74],[110.18,73.8],[110.85,73.67],[109.99,73.44],[107.8,73.14],[106.5,73.06],[105.99,73.14],[107.15,73.53],[108.19,73.67],[110.03,74.37],[112.77,74.96],[113.6,75.28],[113.11,75.49],[113.72,75.87],[112.84,76.06],[112.06,76.45],[109.66,76.69],[108.24,76.65],[107.67,76.44],[106.4,76.43],[107.05,76.76],[106.24,76.91],[104.49,77],[105.47,77.33],[105.06,77.57],[103.39,77.56],[101.24,77.03],[101.39,76.62],[99.98,76.44],[99.77,76.02],[98.29,76.06],[97.12,75.87],[95.77,75.93],[95.38,76.16],[94.41,76.1],[93.35,75.83],[91.65,75.65],[89.28,75.47],[87.04,74.81],[86.98,74.3],[87.69,73.9],[87.14,73.6],[86.49,73.87],[85,73.58],[84.62,73.74],[83.02,73.61],[80.84,73.55],[80.46,73.31],[80.83,73.01],[80.98,72.45],[82.2,72.28],[82.44,72.05],[83.36,71.83],[83.62,71.63],[83.18,71.2],[83.75,70.46],[82.5,70.71],[82.22,71.2],[82.88,71.49],[81.67,71.57],[80.83,71.77],[80.34,72.01],[79.22,72.27],[78.09,72.18],[78.23,71.97],[77.79,71.78],[77.07,71.89],[76.33,71.72],[76.87,71.45],[78.14,71.37],[78.61,70.85],[77.74,71.03],[75.67,71.2],[75.23,71.39],[75.22,71.84],[73.59,71.71],[73.22,71.46],[74.33,70.53],[73.65,69.76],[73.91,69.15],[74.86,69.09],[75.48,69.25],[76.04,69.24],[77.69,68.87],[77.81,68.51],[78.17,68.28],[77.51,67.97],[77.48,67.8],[78.72,67.65],[78.48,67.48],[77.5,67.43],[76.95,67.65],[77.11,68.11],[77.04,68.46],[76.33,68.78],[75.54,68.77],[74.5,68.59],[74.4,68.35],[74.73,68.14],[74.74,67.69],[73.98,67.26],[73.69,66.87],[72.56,66.5],[72.21,66.17],[70.47,66.24],[69.77,66.33],[69.17,66.55],[69.04,66.82],[69.97,66.81],[70.84,66.55],[71.54,66.71],[71.4,66.95],[72.44,67.41],[72.99,67.79],[73.31,68.52],[72.85,68.64],[72.48,69.13],[72.55,69.67],[72.43,70.29],[72.77,70.46],[72.68,70.82],[71.8,71.43],[72.5,71.96],[72.8,72.4],[72.77,72.72],[71.66,72.83],[70.21,72.73],[69.34,72.83],[69.06,72.64],[68.81,72.1],[68.32,71.63],[66.98,71.21],[66.67,70.87],[67.23,70.83],[67.42,70.22],[66.8,69.74],[68.1,69.54],[68.1,69.24],[68.45,68.98],[69.13,68.92],[68.49,68.22],[68.22,68.2],[66.58,68.89],[63.92,69.46],[62.28,69.71],[61.03,69.74],[60.37,69.47],[60.99,69],[60.51,68.59],[60.08,68.62],[59.76,68.3],[59.07,68.43],[59.2,68.77],[58.77,68.86],[57.02,68.45],[56.2,68.57],[55.34,68.48],[54.75,68.05],[54.38,68.16],[53.63,68.05],[53.73,68.66],[53.01,68.68],[52.72,68.35],[51.83,68.41],[50.5,68.15],[48.08,67.56],[47.57,66.82],[46.4,66.72],[45.72,66.85],[44.96,67.23],[44.95,67.48],[45.38,67.74],[46.41,67.83],[45.86,68.38],[45.58,68.44],[44.22,68.29],[44.22,67.72],[43.75,67.31],[44.48,66.95],[44.48,66.67],[43.88,66.01],[43.24,66.25],[42.21,66.41],[41.35,65.96],[39.95,65.58],[39.94,65.23],[40.37,64.93],[40.46,64.75],[40,64.54],[39.19,64.51],[37.6,64.85],[36.88,65.07],[36.57,64.76],[37.14,64.41],[37.98,64.32],[37.94,63.85],[37.41,63.75],[36.24,63.92],[36.02,64.19],[35.08,64.29],[34.29,65.4],[34.6,65.48],[34.73,65.8],[34.54,66],[33.47,66.31],[32.22,66.99],[32.8,67.02],[33.36,66.76],[34.85,66.6],[35.4,66.41],[37.02,66.27],[37.67,66.12],[38.61,66.05],[39.28,66.12],[40.44,66.4],[41.16,66.79],[40.83,67.66],[39.92,67.94],[38.67,68.15],[37.25,68.79],[35.44,69.15],[33.63,69.21],[32.1,69.59],[30.36,69.77],[29.73,69.7],[29.08,69.96],[29.03,70.13],[30.25,70.13],[30.8,70.31],[28.98,70.86],[27.88,70.43],[28.21,71.02],[27.52,70.97],[27.13,70.58],[26.26,70.79],[25.26,70.1],[24.95,70.08],[25.39,70.9],[23.83,70.48],[23.17,69.96],[22.35,70.21],[21.97,69.88],[21.41,70.02],[21.04,69.79],[20.16,69.75],[19.58,69.18],[18.9,69.3],[17.57,68.97],[17.41,68.77],[16.52,68.34],[16.65,68.05],[16.07,68.04],[15.57,67.82],[15.75,67.6],[14.98,67.52],[14.77,67.21],[14.23,66.98],[13.99,66.69],[13.35,66.66],[13.17,66.46],[13.51,66.25],[12.71,65.91],[12.4,65.54],[12.48,65.44],[12.54,65.38],[12.5,65.36],[12.52,65.15],[12.42,65.08],[12.01,65.03],[11.43,64.64],[10.52,64.43],[9.86,63.89],[9.54,63.76],[9.92,63.51],[10.74,63.62],[10.86,63.44],[10.04,63.39],[9.72,63.63],[8.67,63.41],[8.7,63.35],[8.65,63.31],[8.48,63.29],[8.63,63.2],[8.53,63.14],[8.3,63.15],[8.06,63.11],[7.73,62.92],[7.26,63.01],[6.95,62.73],[6.25,62.57],[6.28,62.37],[5.93,62.2],[5.42,62.18],[5.42,61.91],[4.98,61.74],[5.34,61.59],[4.95,61.41],[4.98,60.95],[5.36,60.56],[5.22,60.21],[5.95,59.95],[5.18,59.51],[5.38,59.29],[5.54,59.28],[5.57,59.32],[5.69,59.31],[5.81,59.34],[5.85,59.34],[5.85,59.39],[5.81,59.47],[5.99,59.45],[5.9,59.45],[5.88,59.4],[6.12,59.26],[5.87,59.06],[5.94,59.01],[6.02,58.91],[6.04,58.91],[6.1,58.96],[6.1,58.97],[6.15,58.99],[6.38,59.03],[6.4,59.02],[6.22,58.99],[6.12,58.96],[6.06,58.9],[6.06,58.86],[5.94,58.93],[5.83,58.96],[5.71,58.98],[5.46,58.74],[5.62,58.56],[6.35,58.27],[6.75,58.25],[7,57.99],[8.22,58.12],[8.35,58.24],[8.6,59.21],[10.38,60.39],[11.52,59.87],[12.7,59.02],[13.24,58.93],[13.1,59.27],[13.92,59.33],[15.95,60.49],[16.83,61.73],[17.34,61.82],[17.54,62.45],[17.94,62.55],[19.27,63.44],[20.42,63.7],[21.39,64.38],[20.92,64.71],[21.47,65.01],[21.28,65.21],[21.96,65.45],[22.38,65.86],[24.12,65.8],[25.35,65.48],[25.45,64.96],[24.93,64.82],[23.61,64.1],[22.83,63.58],[22.5,63.62],[22.29,63.2],[21.67,63.19],[21.48,62.89],[21.07,62.62],[21.39,62.2],[21.55,61.31],[21.43,61.02],[21.52,60.57],[21.8,60.56],[22.28,60.39],[23.06,60.35],[22.93,60.12],[23.8,59.96],[26.15,60.39],[28.09,60.53],[28.66,60.73],[28.79,60.34],[29.05,60.18],[29.98,60.46],[30.57,59.99],[30.51,59.7],[31.1,59.93],[31.11,60.15],[30.41,60.93],[29.86,61.19],[30.85,61.78],[31.36,61.63],[31.9,61.32],[32.53,61.12],[32.83,60.73],[34.41,60.94],[35.37,60.68],[35.76,60.89],[35.46,61.36],[34.77,61.6],[34.54,62],[35.55,62.24],[36.25,61.49],[36.38,61.23],[37.34,61.75],[38.65,61.32],[38.89,61.24],[39.74,60.96],[42.18,59.35],[43.49,57.27],[40.04,57.38],[39.04,57.92],[38.56,57.76],[37.34,56.79],[34.41,56.04],[32.28,56.98],[30.08,57.95],[29.62,56.47],[29.51,55.67],[29.88,54.52],[28.4,52.41],[26.99,51.88],[28.38,51.24],[27.41,50.41],[23.19,50.12],[21.51,49.56],[21.26,48.89],[19.37,48.93],[18.51,48.15],[15.92,48.22],[13.78,48.52],[12.66,47.74],[7.11,47.61],[7.98,50.02],[6.81,50.57],[4.93,49.85],[3.25,50.34],[3.45,50.92],[3.82,51.34],[3.13,51.32],[2.44,51.05],[2.03,51.01],[1.61,50.83],[1.55,50.23],[1.07,49.93],[0.19,49.68],[0.03,49.33],[-0.23,49.28],[-1.03,49.4],[-1.29,49.69],[-1.84,49.6],[-1.62,49.22],[-1.46,48.64],[-2.2,48.6],[-2.69,48.5],[-3.12,48.86],[-3.99,48.72],[-4.76,48.53],[-4.35,48.39],[-4.52,48.02],[-4.34,47.85],[-3.95,47.9],[-3.02,47.58],[-2.7,47.64],[-2.47,47.49],[-2.54,47.3],[-1.98,47.03],[-2.13,46.85],[-1.73,46.47],[-1.4,46.4],[-1.05,46.03],[-1.24,45.71],[-1.12,45.43],[-1.23,44.58],[-1.44,43.64],[-1.59,43.44],[-1.91,43.31],[-2.3,43.3],[-2.74,43.43],[-3.02,43.36],[-4.03,43.45],[-4.32,43.39],[-5.68,43.54],[-6.81,43.52],[-7.24,43.56],[-7.94,43.74],[-8.23,43.58],[-8.31,43.35],[-9.2,43.16],[-9.27,43.02],[-8.94,42.82],[-8.64,42.42],[-8.88,41.81],[-8.65,41],[-9.09,39.61],[-9.36,39.36],[-9.48,38.71],[-9.19,38.43],[-8.77,38.52],[-8.8,37.44],[-8.67,37.12],[-7.84,37.03],[-7.49,37.21],[-6.89,37.16],[-6.26,37.95],[-3.84,38.2],[-2.31,37.81],[-1.63,37.44],[-1.24,37.58],[-0.92,37.57],[-0.66,38.18],[-0.44,38.43],[0.17,38.74],[-0.17,38.95],[-0.39,39.43],[-0.16,39.89],[0.23,40.24],[-1.38,41.48],[-1.49,42.38],[0.01,42.73],[0.33,43.82],[2.36,44.23],[2.72,45.41],[2.04,47.26],[2.68,48.14],[4.64,48.19],[6.03,48.64],[6.6,46.31],[13.37,47.47],[14.51,46.31],[17.18,45.31],[19.07,44.86],[19.78,42.09],[19.53,40.87],[19.35,40.61],[19.44,40.23],[19.87,40.04],[20.19,39.62],[20.26,39.37],[20.68,39.08],[21.12,39.04],[21.69,39.13],[22.87,39.04],[22.72,39.29],[23.07,39.41],[22.81,39.6],[22.47,40.12],[22.77,40.67],[22.9,40.4],[23.18,40.27],[23.63,40.35],[23.96,40.74],[24.35,40.97],[24.7,40.88],[25.02,41.02],[25.51,40.88],[25.99,40.85],[26.06,40.64],[26.73,40.48],[27.19,40.64],[27.51,40.98],[27.95,40.97],[28.15,41.08],[28.83,40.96],[29.08,41.2],[28.37,41.43],[28.07,41.62],[27.91,42.08],[27.61,42.42],[27.84,42.74],[28.03,43.39],[28.45,43.48],[28.57,44.2],[28.8,44.72],[29.09,44.88],[29.46,44.92],[29.71,45.26],[29.5,45.52],[29.6,45.7],[30.07,45.86],[30.83,46.58],[31.78,46.7],[32.19,46.59],[31.98,46.35],[32.52,46.13],[33.33,46.17],[33.62,46.12],[33.77,45.92],[32.94,45.66],[32.54,45.46],[33.4,45.25],[33.62,44.92],[33.66,44.52],[34.01,44.49],[34.37,44.76],[35.07,44.86],[35.39,45.08],[35.87,45.03],[36.26,45.1],[36.52,45.39],[36.1,45.44],[35.4,45.26],[35.06,45.34],[35.01,45.61],[34.22,46.01],[34.06,46.26],[34.91,46.27],[35.21,46.64],[35.42,46.49],[36.35,46.78],[36.86,46.81],[37.42,47.08],[38.94,47.24],[39.3,47.08],[38.44,46.74],[37.77,46.6],[38.57,46.1],[37.99,46.01],[37.71,45.58],[37.74,45.3],[37.23,45.31],[36.96,45.23],[37.47,44.69],[37.88,44.72],[38.11,44.49],[38.92,44.21],[40.26,43.26],[41.12,43.02],[41.49,42.66],[41.77,41.81],[41.29,41.29],[40.61,41.03],[40.1,40.92],[39.37,41.06],[38.36,40.91],[37.82,41.01],[37.25,41.03],[36.82,41.29],[36.38,41.24],[36.16,41.35],[35.96,41.69],[35.41,41.63],[35.1,41.81],[35,42.04],[34.66,41.88],[33.56,41.98],[33.16,41.95],[32.42,41.75],[31.42,41.28],[31.22,41.05],[30.74,41.04],[29.16,41.22],[29.03,41.01],[29.41,40.77],[28.96,40.63],[29.05,40.33],[28.48,40.4],[27.76,40.29],[26.77,40.38],[26.15,39.93],[26.13,39.45],[26.92,39.58],[26.66,39.3],[27.04,38.93],[26.73,38.65],[26.96,38.38],[26.61,38.1],[27.24,37.98],[27.19,37.35],[27.6,37.23],[27.51,36.99],[28.07,36.93],[28.38,36.78],[29.05,36.62],[29.22,36.31],[29.68,36.12],[30.26,36.3],[30.49,36.3],[30.57,36.78],[30.97,36.86],[31.3,36.81],[32.06,36.52],[32.37,36.17],[32.67,36.04],[33.71,36.18],[34.57,36.78],[34.83,36.8],[35.37,36.56],[35.4,37.26],[37.05,37.69],[38.6,36.75],[39,35.88],[37.48,35.22],[36.52,34.93],[36.34,34.46],[36.61,34.32],[37.08,33.21],[36.19,32.8],[35.72,31.93],[35.15,31.49],[34.67,31.88],[34.2,31.24],[33.56,30.97],[33.02,31.13],[32.77,30.95],[32.31,31.08],[32.08,31.01],[31.81,31.18],[31.72,31.39],[31,31.47],[30.1,31.23],[29.68,31.05],[29.25,30.75],[28.97,30.78],[28.52,30.96],[27.92,31],[27.76,31.18],[26.14,31.49],[25.26,31.44],[24.98,31.65],[24.82,31.91],[24.03,31.94],[23.71,32.08],[23.15,32.14],[23.01,32.48],[22.54,32.72],[21.67,32.82],[21.05,32.63],[20.37,32.3],[20.07,32.04],[19.94,31.62],[20.14,31.21],[19.98,30.72],[19.66,30.44],[19.32,30.26],[18.92,30.2],[17.96,30.77],[17.42,31],[16.78,31.13],[16.32,31.17],[15.84,31.29],[15.36,31.81],[15.24,32.17],[15.01,32.36],[14.43,32.46],[14.16,32.68],[13.19,32.79],[12.56,32.74],[11.38,33.18],[11.17,33.21],[11.1,33.54],[10.78,33.47],[10.17,33.83],[10.01,34.17],[10.82,34.79],[11.12,35.25],[10.99,35.62],[10.61,35.86],[10.46,36.12],[10.53,36.37],[10.88,36.62],[11.04,36.91],[10.87,37],[10.58,36.79],[10.27,36.75],[10.13,37.1],[9.73,37.28],[9.15,37.17],[8.64,36.89],[7.91,36.78],[7.72,36.95],[7.31,37.06],[6.92,36.82],[6.35,37.07],[6.05,36.84],[5.24,36.65],[4.39,36.84],[3.74,36.84],[3.32,36.65],[2.82,36.71],[2.29,36.54],[1.06,36.46],[0.66,36.32],[0.2,36.03],[-0.09,35.74],[-0.43,35.86],[-1.08,35.64],[-1.26,35.41],[-1.74,35.12],[-2.36,35.05],[-2.87,35.14],[-3.08,35.28],[-3.44,35.17],[-4.59,35.15],[-5.17,35.42],[-5.54,35.85],[-5.93,35.73],[-6.51,34.45],[-6.8,34.06],[-7.33,33.7],[-8.31,33.34],[-8.61,33.14],[-9.22,32.58],[-9.32,31.96],[-9.8,31.3],[-9.82,30.76],[-9.61,30.41],[-9.66,29.95],[-9.87,29.64],[-10.34,29.15],[-11.58,28.23],[-12.09,28.02],[-12.87,27.86],[-13.06,27.67],[-13.47,26.81],[-13.63,26.59],[-14.37,26.12],[-14.66,25.64],[-14.8,25.15],[-14.82,24.73],[-14.98,24.51],[-15.71,23.87],[-16.35,22.49],[-16.87,21.84],[46.29,2.71],[46.76,3.16],[47.44,3.87],[48.08,4.67],[48.32,5.07],[48.67,5.53],[48.95,5.99],[49.05,6.42],[49.38,7.04],[49.8,7.71],[49.83,7.99],[50.14,8.28],[50.42,8.86],[50.74,9.29],[50.87,9.88],[50.89,10.28],[51.13,10.71],[51.06,11.24],[51.18,11.78],[50.7,11.95],[50.43,11.68],[50.08,11.48],[49.3,11.25],[48.97,11.23],[48.62,11.33],[48.13,11.14],[47.81,11.1],[47.39,11.16],[46.68,10.7],[46.43,10.67],[45.9,10.83],[45.65,10.76],[44.98,10.43],[44.28,10.4],[43.81,10.81],[43.23,11.5],[42.67,11.51],[42.81,11.78],[43.4,12.04],[43.33,12.44],[42.64,13.09],[42.37,13.22],[42.29,13.55],[41.95,13.86],[41.76,13.89],[40.98,14.69],[40.63,14.93],[40.29,14.91],[40.02,15.24],[39.82,15.08],[39.46,15.53],[39.31,15.9],[39.01,17.06],[38.82,17.61],[38.55,18.11],[38.18,18.24],[38,18.5],[37.4,18.92],[37.18,20.02],[37.13,21.23],[36.66,22.17],[36.29,22.57],[35.84,22.77],[35.67,22.97],[35.47,23.72],[35.66,23.99],[35.19,24.4],[34.51,25.57],[34.1,26.35],[33.93,26.56],[33.35,27.91],[32.65,28.77],[32.32,29.54],[32.57,30.01],[32.94,29.21],[33.18,29],[33.33,28.55],[33.98,27.89],[34.34,27.88],[34.41,28.31],[34.76,29.33],[35.1,29.34],[34.89,28.36],[35.32,27.88],[35.91,27],[36.71,25.96],[37.26,25.13],[37.22,24.74],[37.56,24.27],[37.68,24.3],[38.14,24.04],[38.45,23.78],[38.55,23.53],[39.06,22.58],[39.17,21.22],[39.76,20.41],[40.69,19.87],[41.03,19.28],[41.34,18.57],[41.63,18.05],[42.31,17.45],[42.76,16.65],[42.88,15.98],[42.76,15.67],[42.8,15.47],[43.21,14.08],[43.38,13.57],[43.3,13.24],[43.48,12.93],[43.8,12.69],[44.3,12.64],[44.53,12.79],[45.08,12.88],[45.83,13.41],[46.69,13.43],[47.37,13.67],[47.93,14.02],[48.76,14.1],[49.09,14.51],[49.71,14.77],[50.54,15.04],[51.31,15.25],[51.95,15.54],[52.14,15.69],[52.16,15.99],[52.3,16.27],[52.89,16.61],[54.08,17.02],[54.41,17.05],[54.91,16.97],[55.15,17.12],[55.23,17.54],[55.56,17.94],[56.26,17.98],[56.55,18.22],[56.64,18.57],[56.9,18.82],[57.19,18.94],[57.84,19.03],[57.69,19.71],[57.81,20.17],[58.08,20.56],[58.2,20.42],[58.51,20.42],[58.86,21.11],[59.54,21.81],[59.83,22.37],[59.46,22.54],[59.25,22.73],[58.63,23.46],[58.08,23.5],[57.3,23.9],[56.91,24.14],[56.41,24.82],[56.36,25.45],[56.16,25.47],[56.4,25.89],[56.3,26.16],[56.02,25.77],[55.53,25.37],[55.44,25.4],[54.77,24.73],[54.59,24.38],[54.28,24.11],[53.69,23.99],[53.08,24.09],[52.67,24.07],[51.95,23.95],[51.59,24],[51.29,24.41],[51.6,24.99],[51.47,25.52],[51.57,25.66],[51.35,26.03],[51.07,25.95],[50.85,25.27],[50.96,24.71],[50.78,24.47],[50.43,25.18],[50.38,25.46],[50.15,25.54],[49.94,25.96],[50.08,26.31],[49.93,26.48],[50,26.75],[49.32,27.16],[49.13,27.54],[48.86,27.52],[48.3,28.81],[48.07,29.27],[47.61,29.27],[47.97,29.63],[47.96,30.03],[48.17,30.04],[48.32,29.96],[48.8,30.08],[48.94,30.49],[49.26,30.44],[49.24,30.22],[49.59,30.01],[50.01,30.22],[50.36,29.74],[50.7,29.4],[50.7,29.13],[50.93,29.06],[50.9,28.82],[51.35,28.04],[51.58,27.85],[52.04,27.82],[52.5,27.61],[52.6,27.35],[53.4,27],[53.66,26.74],[54.21,26.7],[54.79,26.49],[55.42,26.96],[56.32,27.2],[56.81,27.12],[57,26.88],[57.07,26.45],[57.31,25.79],[58.06,25.57],[58.4,25.6],[58.92,25.51],[59.12,25.39],[59.48,25.48],[59.63,25.39],[60.29,25.36],[61.73,25.05],[62.48,25.25],[63.43,25.21],[63.57,25.36],[63.83,25.37],[64.01,25.39],[64.05,25.44],[64.08,25.41],[64.39,25.27],[65.24,25.38],[65.67,25.34],[66.11,25.43],[66.23,25.59],[66.54,25.51],[66.86,24.85],[67.15,24.66],[67.34,24.09],[67.49,24.05],[67.52,23.91],[67.69,23.81],[67.95,23.81],[68.32,23.58],[68.65,23.16],[69.11,22.9],[69.66,22.79],[70.23,22.96],[70.41,22.75],[69.97,22.35],[69.49,22.25],[69.01,22.3],[69.23,21.95],[69.79,21.47],[70.33,20.93],[70.83,20.69],[71.47,20.88],[72,21.13],[72.25,21.48],[72.13,21.75],[72.3,22.23],[72.58,22.29],[72.7,22.13],[72.67,21.85],[72.69,21.69],[72.79,21.67],[72.94,21.68],[73.12,21.76],[73.11,21.73],[72.9,21.64],[72.81,21.63],[72.7,21.55],[72.77,21.15],[73.11,20.83],[73.11,20.69],[72.76,20.06],[72.85,19.24],[73.06,18.03],[73.41,16.56],[73.57,16.04],[73.84,15.41],[74.21,14.75],[80.14,14.49]],[[41.98,37.68],[42.24,38.45],[42.82,38.42],[42.91,38.3],[43.24,38.29],[44.27,37.85],[45.6,36.67],[46.2,36.39],[46.54,35.85],[45.93,35.34],[45.62,35.16],[45.24,35.47],[43.29,35.67],[42.94,36.49],[41.98,37.68]],[[53.94,38.39],[53.88,38.03],[54.07,36.94],[53.8,36.68],[53.14,36.64],[51.8,36.43],[51.42,36.46],[50.56,36.69],[50.25,36.89],[50.04,37.22],[49.48,37.29],[48.84,37.51],[48.74,37.73],[48.88,38.45],[48.96,39.18],[49.18,39.14],[49.57,40.21],[49.85,40.32],[49.97,40.59],[49.58,40.62],[49.25,40.99],[49.14,41.28],[48.68,41.78],[48.41,41.91],[48.12,42.33],[47.46,43.02],[47.49,43.82],[47.05,44.34],[46.7,44.44],[46.76,44.68],[47.1,44.82],[47.67,45.75],[48.24,45.76],[48.45,45.93],[49.05,46.2],[49.28,46.44],[49.83,46.56],[50.3,46.8],[51.19,47.11],[51.79,47.01],[52.14,46.84],[52.58,46.98],[52.7,48.28],[53.72,49.66],[56.69,50.34],[61.08,48.7],[64.2,46.08],[65.03,44.18],[64.75,42.28],[63.84,40.29],[62.74,38.92],[61.74,38.69],[62.58,38.28],[62.1,37.02],[60.39,36.34],[58.84,36.78],[58.42,37.76],[59.09,38.46],[55.27,38.36],[53.94,38.39]],[[32.86,22.98],[31.97,22.23],[31.54,22.2],[31.44,22.19],[31.47,23.17],[32,23.83],[31.8,25.76],[31.03,26.08],[30.98,26.86],[31.78,26.93],[32.79,26.17],[32.91,25.11],[33.28,24.12],[32.99,23.08],[32.92,23.03],[32.86,22.98]],[[47.49,30.66],[47.61,30.58],[45.92,30.21],[44.9,31.51],[44.05,32.06],[43.95,32.94],[41.74,33.82],[41.71,34.44],[43.42,33.71],[44.43,33.39],[45.14,34.54],[44.64,33.15],[45.3,32.6],[47.02,31.63],[47.47,30.81],[47.49,30.66]],[[48.91,54.55],[48.44,54.61],[47.54,54.84],[47.67,55.95],[50.28,57.18],[54.27,58.16],[55.48,59.5],[56.62,59.63],[57.12,58.19],[56.43,56.41],[54.15,55.17],[50.09,54.62],[48.91,54.55]],[[37.19,12.23],[37.46,12.3],[37.59,12.12],[37.39,11.63],[37.25,11.82],[37,11.91],[37.03,12.16],[37.19,12.23]],[[14.26,13],[14.5,13.24],[14.74,13.08],[14.35,12.88],[14.26,13]],[[33.53,38.52],[33.16,38.77],[33.29,38.97],[33.67,38.71],[33.53,38.52]],[[116,29.39],[116.52,29.14],[116.41,28.91],[116.1,29.11],[116,29.39]],[[43.67,32.55],[43.44,32.71],[43.47,33.01],[43.88,32.69],[43.67,32.55]],[[88.95,31.7],[88.97,31.92],[89.32,31.82],[89.14,31.6],[88.95,31.7]],[[120.39,31.1],[120.1,30.97],[119.99,31.39],[120.22,31.53],[120.39,31.1]],[[90.29,30.85],[90.71,30.89],[90.71,30.64],[90.35,30.52],[90.29,30.85]],[[45.66,37.29],[45.36,37.23],[45.23,37.76],[45.09,37.89],[45.17,38.14],[45.49,38.07],[45.44,37.81],[45.75,37.7],[45.86,37.43],[45.66,37.29]],[[100.63,36.56],[99.96,36.68],[99.65,36.91],[99.96,37.22],[100.27,37.15],[100.75,36.81],[100.63,36.56]],[[42.92,38.39],[42.88,38.48],[42.68,38.46],[42.35,38.5],[42.53,38.75],[43.08,38.81],[43.19,38.6],[42.92,38.39]],[[44.97,40.54],[45.37,40.48],[45.65,40.19],[45.31,40.15],[44.97,40.54]],[[76.23,42.39],[76.45,42.49],[77.34,42.67],[78.25,42.73],[78.16,42.55],[77.51,42.18],[76.92,42.19],[76.23,42.39]],[[74.08,45.35],[73.84,45.26],[73.44,45.66],[73.74,46.01],[73.65,46.15],[74.28,46.47],[74.63,46.75],[74.94,46.82],[75.43,46.74],[75.83,46.82],[77.27,46.61],[77.69,46.66],[78.14,46.59],[79.08,46.81],[79.22,46.72],[78.89,46.37],[78.16,46.32],[77.43,46.5],[77.1,46.45],[76.24,46.55],[75.45,46.5],[74.89,46.38],[74.77,46.11],[74.28,46],[74.29,45.65],[74.08,45.35]],[[92.72,50.01],[92.38,50.14],[92.24,50.41],[92.89,50.66],[93.36,50.28],[92.72,50.01]],[[82.04,46.08],[82.13,45.76],[81.43,46.06],[81.53,46.45],[81.91,46.35],[82.04,46.08]],[[69.26,50.31],[68.94,50.18],[68.69,50.27],[68.78,50.51],[69.26,50.31]],[[77.74,54.66],[76.73,54.72],[76.87,54.88],[77.57,55.05],[77.74,54.66]],[[118.25,33.22],[118.66,33.46],[118.86,33.36],[118.47,33.13],[118.25,33.22]],[[132.02,45.13],[132.07,45.29],[132.58,45.3],[132.81,45.05],[132.61,44.71],[132.37,44.53],[132.07,44.74],[132.02,45.13]],[[116.99,48.84],[117.53,49.27],[117.77,49.06],[117.23,48.59],[116.99,48.84]],[[100.38,51.47],[100.79,51.4],[100.69,50.98],[100.25,50.74],[100.38,51.47]],[[105.8,51.7],[104.83,51.49],[104.39,51.5],[103.79,51.73],[104.54,51.78],[105.17,51.91],[105.57,52.11],[106.06,52.51],[106.45,52.66],[106.88,52.97],[107.07,53.24],[107.53,53.44],[108.06,53.85],[108.47,54.28],[109.17,55.19],[109.19,55.54],[109.58,55.77],[109.96,55.67],[109.76,55.04],[109.49,54.38],[109.5,54.06],[109.24,53.87],[108.84,53.81],[108.93,53.34],[108.3,53.11],[108.23,52.95],[107.76,52.71],[106.94,52.47],[106.75,52.32],[106.31,52.32],[106.19,51.96],[105.8,51.7]],[[111.59,63.08],[112.44,63.07],[112.37,62.84],[111.49,62.87],[111.59,63.08]],[[32.17,49.4],[32.75,49.48],[33.19,49.12],[32.77,49.12],[32.17,49.4]],[[29.35,62.19],[29.26,62.39],[29.93,62.43],[29.47,62.08],[29.78,61.89],[29.12,61.6],[28.73,61.67],[28.79,61.2],[27.99,61.08],[27.27,61.32],[27.82,61.73],[28.26,61.74],[28.58,61.99],[27.9,62.16],[27.44,63.02],[28.11,63.01],[28.14,62.83],[28.26,62.66],[27.98,62.73],[27.77,62.68],[27.96,62.3],[28.83,62.13],[29.35,62.19]],[[27.73,64.4],[27.65,64.22],[26.94,64.24],[26.87,64.53],[27.73,64.4]],[[101.99,74.41],[101.16,74.25],[100.22,74.35],[100.49,74.58],[101.81,74.64],[101.99,74.41]],[[27.24,68.95],[28.34,69.32],[28.57,69.22],[27.99,68.79],[27.24,68.95]],[[48.78,31.95],[48.05,31.9],[47.64,32.56],[47.01,32.78],[46.37,33.5],[46.74,33.77],[47.52,33.5],[48.72,32.69],[49.25,32.1],[48.78,31.95]]]},"properties":{"NAME":null,"ABBREVN":null,"type":null,"weblnks":null,"SUBJECTO":null,"BORDERPRECISION":1,"PARTOF":null}},
{"type":"Feature","geometry":{"type":"Polygon","coordinates":[[[30.51,59.7],[30.57,59.99],[29.98,60.46],[29.05,60.18],[29.88,60.15],[30.21,59.89],[29.96,59.74],[29.08,59.91],[28.8,59.67],[28.44,59.73],[27.7,59.3],[26.34,59.45],[25.72,59.46],[24.71,59.35],[23.48,59.13],[23.51,58.58],[24.11,58.23],[24.49,58.26],[24.29,57.79],[24.41,57.27],[24.27,57.03],[23.77,56.87],[23.22,56.98],[23.07,57.26],[22.56,57.62],[21.68,57.46],[21.41,57.22],[21.32,56.85],[21.06,56.7],[20.97,56.36],[21.22,55.19],[25.5,55.55],[26.74,53.8],[28.16,53.82],[29.39,54.87],[29.51,55.67],[29.62,56.47],[30.08,57.95],[30.51,59.7]],[[27.88,57.92],[27.62,58.01],[26.97,58.81],[27.11,58.95],[27.75,58.91],[27.82,58.48],[27.58,58.31],[28.1,58.04],[27.88,57.92]]]},"properties":{"NAME":"Narva","ABBREVN":"Narva","type":null,"weblnks":null,"SUBJECTO":"Narva","BORDERPRECISION":1,"PARTOF":"Narva"}},
{"type":"Feature","geometry":{"type":"Polygon","coordinates":[[[29.51,55.67],[29.39,54.87],[28.16,53.82],[26.74,53.8],[25.5,55.55],[21.22,55.19],[20.99,54.81],[19.94,54.85],[20.19,54.52],[19.73,54.31],[19.99,53.99],[22.68,52.72],[26.45,52.13],[26.99,51.88],[28.4,52.41],[29.88,54.52],[29.51,55.67]]]},"properties":{"NAME":"Nemay","ABBREVN":"Nemay","type":null,"weblnks":null,"SUBJECTO":"Nemay","BORDERPRECISION":1,"PARTOF":"Nemay"}},
{"type":"Feature","geometry":{"type":"MultiPolygon","coordinates":[[[[13.92,59.33],[13.98,58.87],[13.8,58.72],[13.04,58.6],[12.62,58.38],[12.7,59.02],[11.52,59.87],[10.38,60.39],[8.6,59.21],[8.35,58.24],[9.69,58.98],[10.23,59.04],[10.36,59.26],[11.19,59.07],[11.2,58.4],[11.54,58.23],[11.72,58.33],[11.89,58.21],[11.7,57.72],[12.09,57.43],[12.35,56.91],[12.94,56.52],[12.45,56.29],[13.06,55.69],[12.98,55.4],[14.19,55.39],[14.37,55.54],[14.22,55.83],[14.72,56.16],[15.38,56.14],[16.01,56.22],[16.37,56.72],[16.55,57.38],[16.78,57.92],[16.77,58.37],[17.16,58.73],[18.31,59.13],[18.28,59.31],[17.27,59.3],[17.85,59.53],[18.31,59.39],[18.73,59.63],[18.93,59.92],[18.42,60.19],[17.95,60.6],[17.28,60.68],[17.15,60.95],[17.34,61.82],[16.83,61.73],[15.95,60.49],[13.92,59.33]],[[14.97,58.85],[14.95,58.51],[14.5,58.09],[14.21,58.15],[14.63,58.68],[14.97,58.85]]],[[[26.99,51.88],[26.45,52.13],[22.68,52.72],[19.99,53.99],[19.73,54.31],[19.33,54.16],[18.51,54.32],[18.28,54.72],[17.66,54.69],[16.47,54.42],[15.9,54.13],[14.47,53.91],[14.43,53.59],[13.78,53.78],[13.43,54.03],[12.65,54.32],[12.04,54.1],[11.58,54.04],[11.41,53.86],[10.75,54.05],[11.05,54.17],[10.14,54.34],[9.76,54.79],[9.42,54.98],[9.59,55.42],[10.17,55.83],[10.18,56.08],[10.74,56.16],[10.83,56.44],[10.23,56.47],[10.22,56.85],[9.37,56.88],[9.31,56.48],[8.87,56.62],[8.67,56.36],[8.18,56.43],[8.15,56.11],[8.39,55.89],[8.09,55.55],[8.6,55.44],[8.61,54.84],[9.02,54.5],[8.83,54.29],[9,54.03],[8.85,53.75],[8.17,53.32],[7.97,53.64],[7.17,53.59],[6.75,53.39],[5.97,53.34],[5.41,53.15],[5.42,52.87],[5.86,52.61],[5.76,52.33],[5.47,52.18],[4.95,52.28],[4.58,52.46],[4.26,52.07],[3.52,51.58],[3.82,51.34],[3.45,50.92],[3.25,50.34],[4.93,49.85],[6.81,50.57],[7.98,50.02],[7.11,47.61],[12.66,47.74],[13.78,48.52],[15.92,48.22],[18.51,48.15],[19.37,48.93],[21.26,48.89],[21.51,49.56],[23.19,50.12],[27.41,50.41],[28.38,51.24],[26.99,51.88]]],[[[18.17,57.14],[18.71,57.24],[18.81,57.7],[18.47,57.81],[18.11,57.52],[18.17,57.14]]],[[[12.5,55.6],[12.62,56.04],[12.28,56.13],[11.09,55.66],[11.24,55.2],[12.04,55.17],[12.5,55.6]]],[[[11.64,54.66],[11.28,54.95],[11.03,54.76],[11.64,54.66]]],[[[10.14,55.12],[10.73,55.06],[10.83,55.29],[10.31,55.62],[9.92,55.51],[10.14,55.12]]]]},"properties":{"NAME":"Funnel-Beaker","ABBREVN":"Funnel-Beaker","type":null,"weblnks":null,"SUBJECTO":"Funnel-Beaker","BORDERPRECISION":1,"PARTOF":"Funnel-Beaker"}},
{"type":"Feature","geometry":{"type":"Polygon","coordinates":[[[48.78,31.95],[49.25,32.1],[48.72,32.69],[47.52,33.5],[46.74,33.77],[46.37,33.5],[47.01,32.78],[47.64,32.56],[48.05,31.9],[48.78,31.95]]]},"properties":{"NAME":"Elam","ABBREVN":"Elam","type":null,"weblnks":null,"SUBJECTO":"Elam","BORDERPRECISION":1,"PARTOF":"Elam"}}
]}