{"type":"FeatureCollection", "features": [
{"type":"Feature","geometry":{"type":"Polygon","coordinates":[[[33.78,35.21],[32.82,35.28],[32.6,34.61],[33.92,34.95],[33.78,35.21]]]},"properties":{"NAME":"Cyprus","ABBREVN":"Cyprus","SUBJECTO":"Cyprus","BORDERPRECISION":1,"PARTOF":"Cyprus"}},
{"type":"Feature","geometry":{"type":"MultiPolygon","coordinates":[[[[136.81,37.31],[134.43,34.63],[135.76,33.34],[136.73,34.87],[138.15,34.53],[140.32,35.03],[140.87,37.92],[142,39.67],[141.15,40.87],[139.2,37.92],[136.81,37.31]]],[[[130.58,30.91],[131.32,31.51],[131.67,33.31],[129.34,33.15],[130.58,30.91]]],[[[140.01,41.38],[141.16,41.75],[140.25,42.23],[145.45,43.17],[145.36,43.33],[145.15,43.6],[145.06,43.79],[145.14,44.18],[143.51,44.16],[143.02,44.46],[142.54,44.84],[142.13,45.21],[141.9,45.4],[141.57,44.97],[141.75,44.63],[141.74,44.25],[141.71,43.91],[141.3,43.19],[140.9,43.13],[140.6,43.33],[140.5,43.32],[140.52,43.06],[140.5,42.9],[139.71,42.48],[139.78,42.11],[140.1,41.95],[140.12,41.79],[140.01,41.38]]]]},"properties":{"NAME":"Japan","ABBREVN":"Japan","SUBJECTO":"Japan","BORDERPRECISION":1,"PARTOF":"Japan"}},
{"type":"Feature","geometry":{"type":"Polygon","coordinates":[[[120.62,21.93],[120.7,21.97],[120.69,22.05],[120.69,22.1],[120.67,22.18],[120.57,22.37],[120.33,22.52],[120.12,23.63],[120.43,24.15],[120.56,24.39],[120.64,24.48],[120.67,24.53],[120.67,24.55],[120.27,23.98],[120.02,23.62],[120.11,22.64],[120.62,21.93]]]},"properties":{"NAME":"Taiwan","ABBREVN":"Taiwan","SUBJECTO":"Taiwan","BORDERPRECISION":1,"PARTOF":"Taiwan"}},
{"type":"Feature","geometry":{"type":"Polygon","coordinates":[[[-82.18,22.37],[-77.29,20.7],[-77.34,21.51],[-79.76,22.76],[-81.43,23.14],[-82.18,22.37]]]},"properties":{"NAME":null,"ABBREVN":null,"SUBJECTO":null,"BORDERPRECISION":1,"PARTOF":null}},
{"type":"Feature","geometry":{"type":"Polygon","coordinates":[[[-61.69,17.02],[-61.79,17.16],[-61.89,17.03],[-61.69,17.02]]]},"properties":{"NAME":null,"ABBREVN":null,"SUBJECTO":null,"BORDERPRECISION":1,"PARTOF":null}},
{"type":"Feature","geometry":{"type":"Polygon","coordinates":[[[-71.55,19.9],[-72.75,18.51],[-71.4,17.7],[-70.62,18.51],[-71.55,19.9]]]},"properties":{"NAME":null,"ABBREVN":"","SUBJECTO":null,"BORDERPRECISION":1,"PARTOF":null}},
{"type":"Feature","geometry":{"type":"MultiPolygon","coordinates":[[[[120.36,14.53],[122.4,17.11],[122.03,18.01],[120.39,18.04],[119.77,15.47],[120.36,14.53]]],[[[126.05,6.61],[125.93,9.17],[123.46,7.79],[124.22,6.09],[126.05,6.61]]]]},"properties":{"NAME":"Philippines","ABBREVN":"Philippines","SUBJECTO":"Philippines","BORDERPRECISION":1,"PARTOF":"Philippines"}},
{"type":"Feature","geometry":{"type":"Polygon","coordinates":[[[-67.15,17.99],[-65.78,18.4],[-67.21,18.44],[-67.16,18.33],[-67.15,17.99]]]},"properties":{"NAME":null,"ABBREVN":null,"SUBJECTO":null,"BORDERPRECISION":1,"PARTOF":null}},
{"type":"Feature","geometry":{"type":"Polygon","coordinates":[[[-77.29,17.81],[-76.43,18.12],[-77.77,18.51],[-77.29,17.81]]]},"properties":{"NAME":null,"ABBREVN":null,"SUBJECTO":null,"BORDERPRECISION":1,"PARTOF":null}},
{"type":"Feature","geometry":{"type":"Polygon","coordinates":[[[44.67,-16.24],[43.97,-17.55],[44.47,-20.17],[43.5,-21.49],[43.67,-24.23],[45.58,-25.62],[47.26,-24.77],[49.34,-18.23],[49.42,-17.2],[50.5,-15.31],[49.82,-12.83],[48.75,-13.42],[46.92,-15.36],[44.67,-16.24]],[[48.01,-17.02],[48.49,-20.04],[47.19,-23.12],[45.53,-23.59],[45.29,-22.65],[46.65,-17.73],[48.01,-17.02]]]},"properties":{"NAME":"Madagascar","ABBREVN":"Madagascar","SUBJECTO":"Madagascar","BORDERPRECISION":1,"PARTOF":"Madagascar"}},
{"type":"Feature","geometry":{"type":"MultiPolygon","coordinates":[[[[175.31,-37.32],[174.65,-38.98],[176.01,-41.26],[178.41,-38.77],[175.31,-37.32]]],[[[172.06,-43.92],[174.23,-42.01],[171.46,-41.99],[171.02,-42.89],[168.42,-44.22],[166.52,-46.23],[169.4,-46.71],[170.61,-45.95],[172.06,-43.92]]]]},"properties":{"NAME":"Maori","ABBREVN":"Maori","SUBJECTO":"Maori","BORDERPRECISION":1,"PARTOF":"Maori"}},
{"type":"Feature","geometry":{"type":"MultiPolygon","coordinates":[[[[19.82,69.37],[18.96,68.29],[18.53,66.43],[19.82,69.37]]],[[[13.28,79.49],[11.76,78.88],[15.1,77.12],[19.12,78.45],[13.28,79.49]]],[[[16.06,56.4],[16.03,56.35],[14.65,56.12],[14.13,55.67],[14.65,56.12],[15.77,56.03],[16.03,56.35],[16.06,56.4]]],[[[-22.37,63.77],[-18.64,63.32],[-14.82,64.2],[-13.53,65.18],[-14.82,64.2],[-18.64,63.32],[-22.37,63.77]]]]},"properties":{"NAME":"Denmark-Norway","ABBREVN":"DenmarkNorwa","SUBJECTO":"Denmark-Norway","BORDERPRECISION":1,"PARTOF":"Denmark-Norway"}},
{"type":"Feature","geometry":{"type":"MultiPolygon","coordinates":[[[[-6.34,53.94],[-8.35,55.1],[-9.89,52.19],[-6.41,52.21],[-6.34,53.94]]],[[[-1.98,55.59],[-3.32,54.89],[-2.91,53.27],[-4.32,53.09],[-3.52,50.62],[0.19,50.73],[1.69,52.31],[-0.32,53.58],[-1.98,55.59]]]]},"properties":{"NAME":"England","ABBREVN":"England","SUBJECTO":"England","BORDERPRECISION":1,"PARTOF":"England"}},
{"type":"Feature","geometry":{"type":"Polygon","coordinates":[[[-1.98,55.59],[-2.15,57.57],[-5.76,57.62],[-5.63,55.94],[-3.32,54.89],[-1.98,55.59]]]},"properties":{"NAME":"Scottland","ABBREVN":"Scottland","SUBJECTO":"Scottland","BORDERPRECISION":1,"PARTOF":"Scottland"}},
{"type":"Feature","geometry":{"type":"Polygon","coordinates":[[[-7.49,37.21],[-6.93,38.96],[-6.71,41.96],[-8.81,41.89],[-9.55,38.77],[-8.67,37.12],[-7.49,37.21]]]},"properties":{"NAME":"Portugal","ABBREVN":"Portugal","SUBJECTO":"Portugal","BORDERPRECISION":1,"PARTOF":"Portugal"}},
{"type":"Feature","geometry":{"type":"MultiPolygon","coordinates":[[[[149.55,-6.41],[152.06,-5.5],[151.59,-4.9],[149.55,-6.41]]],[[[140.95,-9.27],[142.61,-9.38],[144.38,-7.76],[145.82,-8.1],[147.87,-10.18],[148.59,-9.16],[146.91,-6.89],[147.38,-6.12],[143.45,-3.61],[140.87,-2.79],[140.95,-9.27]]]]},"properties":{"NAME":"Papua New Guinea","ABBREVN":"Papua N Guin","SUBJECTO":"Papua New Guinea","BORDERPRECISION":1,"PARTOF":"Papua New Guinea"}},
{"type":"Feature","geometry":{"type":"Polygon","coordinates":[[[-61.11,10.82],[-61.81,10.72],[-61.21,10.12],[-61.11,10.82]]]},"properties":{"NAME":null,"ABBREVN":null,"SUBJECTO":null,"BORDERPRECISION":1,"PARTOF":null}},
{"type":"Feature","geometry":{"type":"MultiPolygon","coordinates":[[[[-73.11,-72.75],[-70.02,-72.67],[-68.4,-71.13],[-75.28,-71.67],[-73.11,-72.75]]],[[[-55.18,-80.94],[-44.83,-80.32],[-44.21,-78.39],[-48.85,-78.08],[-55.18,-80.94]]],[[[169.77,-83.42],[159.32,-80.03],[163.64,-78.66],[162.35,-75.11],[168.97,-73.24],[170.73,-71.9],[167.63,-70.87],[160.6,-70.22],[157.31,-69.16],[151.09,-68.89],[145.59,-67.22],[141.16,-66.72],[134.21,-66.18],[130.27,-66.25],[129.01,-67.03],[122.46,-66.65],[118.29,-67.07],[113.01,-65.76],[109.4,-66.71],[102.63,-65.93],[99.65,-66.55],[90,-66.61],[81.81,-67.3],[76.87,-69.31],[72.54,-70.24],[70.3,-72.02],[67.36,-71.71],[69.37,-67.84],[56.63,-66.94],[55.14,-65.96],[52.45,-65.99],[47.31,-67.77],[44.8,-67.75],[39.65,-68.93],[38.33,-70.03],[32.75,-69.35],[23.71,-70.59],[17.6,-70.08],[8.49,-70.08],[0.68,-71.32],[-7.2,-70.89],[-11.14,-71.59],[-16.4,-73.44],[-14.45,-74.06],[-18.4,-75.69],[-23.58,-75.92],[-33.16,-77.39],[-36.41,-79.16],[-29.57,-79.22],[-28.91,-80.48],[-38.03,-80.94],[-43.83,-81.79],[-60.21,-82.33],[-74.89,-80.71],[-76.59,-79.39],[-74.5,-78.08],[-78.6,-76.61],[-70.56,-76.69],[-64.46,-75.69],[-60.83,-72.75],[-61.68,-70.82],[-65.38,-67.34],[-61.13,-64.87],[-62.91,-64.71],[-66.85,-66.8],[-67.08,-68.65],[-68.78,-69.81],[-67.08,-71.82],[-67.63,-72.75],[-81.77,-74.02],[-88.57,-73.25],[-99.79,-73],[-105.64,-75.07],[-110.56,-75.3],[-113.24,-74.32],[-128.98,-74.91],[-134.77,-74.64],[-146.67,-76.11],[-146.15,-77.46],[-154.17,-77.12],[-158.19,-77.81],[-145.67,-80.52],[-152.08,-82.6],[-148.76,-85.07],[-180,-84.32],[-180,-85.32],[-180,-86.32],[-180,-87.32],[-180,-88.32],[-180,-89.32],[-180,-90],[-179.2,-90],[-178.2,-90],[-177.2,-90],[-176.2,-90],[-175.2,-90],[-174.2,-90],[-173.2,-90],[-172.2,-90],[-171.2,-90],[-170.2,-90],[-169.2,-90],[-168.2,-90],[-167.2,-90],[-166.2,-90],[-165.2,-90],[-164.2,-90],[-163.2,-90],[-162.2,-90],[-161.2,-90],[-160.2,-90],[-159.2,-90],[-158.2,-90],[-157.2,-90],[-156.2,-90],[-155.2,-90],[-154.2,-90],[-153.2,-90],[-152.2,-90],[-151.2,-90],[-150.2,-90],[-149.2,-90],[-148.2,-90],[-147.2,-90],[-146.2,-90],[-145.2,-90],[-144.2,-90],[-143.2,-90],[-142.2,-90],[-141.2,-90],[-140.2,-90],[-139.2,-90],[-138.2,-90],[-137.2,-90],[-136.2,-90],[-135.2,-90],[-134.2,-90],[-133.2,-90],[-132.2,-90],[-131.2,-90],[-130.2,-90],[-129.2,-90],[-128.2,-90],[-127.2,-90],[-126.2,-90],[-125.2,-90],[-124.2,-90],[-123.2,-90],[-122.2,-90],[-121.2,-90],[-120.2,-90],[-119.2,-90],[-118.2,-90],[-117.2,-90],[-116.2,-90],[-115.2,-90],[-114.2,-90],[-113.2,-90],[-112.2,-90],[-111.2,-90],[-110.2,-90],[-109.2,-90],[-108.2,-90],[-107.2,-90],[-106.2,-90],[-105.2,-90],[-104.2,-90],[-103.2,-90],[-102.2,-90],[-101.2,-90],[-100.2,-90],[-99.2,-90],[-98.2,-90],[-97.2,-90],[-96.2,-90],[-95.2,-90],[-94.2,-90],[-93.2,-90],[-92.2,-90],[-91.2,-90],[-90,-90],[-89.2,-90],[-88.2,-90],[-87.2,-90],[-86.2,-90],[-85.2,-90],[-84.2,-90],[-83.2,-90],[-82.2,-90],[-81.2,-90],[-80.2,-90],[-79.2,-90],[-78.2,-90],[-77.2,-90],[-76.2,-90],[-75.2,-90],[-74.2,-90],[-73.2,-90],[-72.2,-90],[-71.2,-90],[-70.2,-90],[-69.2,-90],[-68.2,-90],[-67.2,-90],[-66.2,-90],[-65.2,-90],[-64.2,-90],[-63.2,-90],[-62.2,-90],[-61.2,-90],[-60.2,-90],[-59.2,-90],[-58.2,-90],[-57.2,-90],[-56.2,-90],[-55.2,-90],[-54.2,-90],[-53.2,-90],[-52.2,-90],[-51.2,-90],[-50.2,-90],[-49.2,-90],[-48.2,-90],[-47.2,-90],[-46.2,-90],[-45.2,-90],[-44.2,-90],[-43.2,-90],[-42.2,-90],[-41.2,-90],[-40.2,-90],[-39.2,-90],[-38.2,-90],[-37.2,-90],[-36.2,-90],[-35.2,-90],[-34.2,-90],[-33.2,-90],[-32.2,-90],[-31.2,-90],[-30.2,-90],[-29.2,-90],[-28.2,-90],[-27.2,-90],[-26.2,-90],[-25.2,-90],[-24.2,-90],[-23.2,-90],[-22.2,-90],[-21.2,-90],[-20.2,-90],[-19.2,-90],[-18.2,-90],[-17.2,-90],[-16.2,-90],[-15.2,-90],[-14.2,-90],[-13.2,-90],[-12.2,-90],[-11.2,-90],[-10.2,-90],[-9.2,-90],[-8.2,-90],[-7.2,-90],[-6.2,-90],[-5.2,-90],[-4.2,-90],[-3.2,-90],[-2.2,-90],[-1.2,-90],[-0.2,-90],[0.78,-90],[1.78,-90],[2.78,-90],[3.78,-90],[4.78,-90],[5.78,-90],[6.78,-90],[7.78,-90],[8.78,-90],[9.78,-90],[10.78,-90],[11.78,-90],[12.78,-90],[13.78,-90],[14.78,-90],[15.78,-90],[16.78,-90],[17.78,-90],[18.78,-90],[19.78,-90],[20.78,-90],[21.78,-90],[22.78,-90],[23.78,-90],[24.78,-90],[25.78,-90],[26.78,-90],[27.78,-90],[28.78,-90],[29.78,-90],[30.78,-90],[31.78,-90],[32.78,-90],[33.78,-90],[34.78,-90],[35.78,-90],[36.78,-90],[37.78,-90],[38.78,-90],[39.78,-90],[40.78,-90],[41.78,-90],[42.78,-90],[43.78,-90],[44.78,-90],[45.78,-90],[46.78,-90],[47.78,-90],[48.78,-90],[49.78,-90],[50.78,-90],[51.78,-90],[52.78,-90],[53.78,-90],[54.78,-90],[55.78,-90],[56.78,-90],[57.78,-90],[58.78,-90],[59.78,-90],[60.78,-90],[61.78,-90],[62.78,-90],[63.78,-90],[64.78,-90],[65.78,-90],[66.78,-90],[67.78,-90],[68.78,-90],[69.78,-90],[70.78,-90],[71.78,-90],[72.78,-90],[73.78,-90],[74.78,-90],[75.78,-90],[76.78,-90],[77.78,-90],[78.78,-90],[79.78,-90],[80.78,-90],[81.78,-90],[82.78,-90],[83.78,-90],[84.78,-90],[85.78,-90],[86.78,-90],[87.78,-90],[88.78,-90],[89.78,-90],[89.8,-90],[90,-90],[91.78,-90],[92.78,-90],[93.78,-90],[94.78,-90],[95.78,-90],[96.78,-90],[97.78,-90],[98.78,-90],[99.78,-90],[100.78,-90],[101.78,-90],[102.78,-90],[103.78,-90],[104.78,-90],[105.78,-90],[106.78,-90],[107.78,-90],[108.78,-90],[109.78,-90],[110.78,-90],[111.78,-90],[112.78,-90],[113.78,-90],[114.78,-90],[115.78,-90],[116.78,-90],[117.78,-90],[118.78,-90],[119.78,-90],[120.78,-90],[121.78,-90],[122.78,-90],[123.78,-90],[124.78,-90],[125.78,-90],[126.78,-90],[127.78,-90],[128.78,-90],[129.78,-90],[130.78,-90],[131.78,-90],[132.78,-90],[133.78,-90],[134.78,-90],[135.78,-90],[136.78,-90],[137.78,-90],[138.78,-90],[139.78,-90],[140.78,-90],[141.78,-90],[142.78,-90],[143.78,-90],[144.78,-90],[145.78,-90],[146.78,-90],[147.78,-90],[148.78,-90],[149.78,-90],[150.78,-90],[151.78,-90],[152.78,-90],[153.78,-90],[154.78,-90],[155.78,-90],[156.78,-90],[157.78,-90],[158.78,-90],[159.78,-90],[160.78,-90],[161.78,-90],[162.78,-90],[163.78,-90],[164.78,-90],[165.78,-90],[166.78,-90],[167.78,-90],[168.78,-90],[169.78,-90],[170.78,-90],[171.78,-90],[172.78,-90],[173.78,-90],[174.78,-90],[175.78,-90],[176.78,-90],[177.78,-90],[178.78,-90],[180,-90],[180,-89.32],[180,-88.32],[180,-87.32],[180,-86.32],[180,-85.32],[180,-84.34],[169.77,-83.42]]]]},"properties":{"NAME":null,"ABBREVN":null,"SUBJECTO":null,"BORDERPRECISION":1,"PARTOF":null}},
{"type":"Feature","geometry":{"type":"Polygon","coordinates":[[[12.38,44.73],[11.17,45.07],[12.3,43.28],[11.96,42.01],[13.76,41.21],[14.08,42.63],[12.38,44.73]]]},"properties":{"NAME":"Papal States","ABBREVN":"Papal States","SUBJECTO":"Papal States","BORDERPRECISION":1,"PARTOF":"Papal States"}},
{"type":"Feature","geometry":{"type":"Polygon","coordinates":[[[48.01,-17.02],[46.65,-17.73],[45.29,-22.65],[45.53,-23.59],[47.19,-23.12],[48.49,-20.04],[48.01,-17.02]]]},"properties":{"NAME":"Expansionist Kingdom of Merina","ABBREVN":"Merina","SUBJECTO":"Expansionist Kingdom of Merina","BORDERPRECISION":1,"PARTOF":"Expansionist Kingdom of Merina"}},
{"type":"Feature","geometry":{"type":"Polygon","coordinates":[[[142.61,47.46],[143.97,49.06],[142.85,49.13],[142.61,47.46]]]},"properties":{"NAME":null,"ABBREVN":null,"SUBJECTO":null,"BORDERPRECISION":1,"PARTOF":null}},
{"type":"Feature","geometry":{"type":"Polygon","coordinates":[[[-1.17,10.85],[0.08,11.73],[-0.06,13.29],[-1.69,13.8],[-3.02,13.66],[-3.83,12.7],[-3.17,10.92],[-1.17,10.85]]]},"properties":{"NAME":"Mossi States","ABBREVN":"Mossi States","SUBJECTO":"Mossi States","BORDERPRECISION":1,"PARTOF":"Mossi States"}},
{"type":"Feature","geometry":{"type":"Polygon","coordinates":[[[12.37,-6.26],[13.39,-8.16],[13.08,-9.29],[14.33,-9.37],[14.4,-7.2],[15.05,-6.01],[14.58,-4.77],[12.37,-6.26]]]},"properties":{"NAME":"Congo","ABBREVN":"Congo","SUBJECTO":"Congo","BORDERPRECISION":1,"PARTOF":"Congo"}},
{"type":"Feature","geometry":{"type":"Polygon","coordinates":[[[102.67,12.04],[103.04,10.9],[106.48,9.55],[106.85,10.58],[107.38,12.35],[107.48,13.26],[105.02,13.41],[102.67,12.04]]]},"properties":{"NAME":"Cambodia","ABBREVN":"Cambodia","SUBJECTO":"Cambodia","BORDERPRECISION":1,"PARTOF":"Cambodia"}},
{"type":"Feature","geometry":{"type":"Polygon","coordinates":[[[7.4,43.76],[5.53,46.1],[6.02,48.65],[5.36,49.7],[1.83,50.24],[1.8,50.92],[1.27,50],[-1.56,49.04],[-1.75,48.18],[-2.58,47.32],[-1.08,46.01],[-1.91,43.31],[-0.91,42.88],[1.73,42.5],[3,42.77],[4.08,43.49],[5.83,43.02],[7.4,43.76]]]},"properties":{"NAME":"France","ABBREVN":"France","SUBJECTO":"France","BORDERPRECISION":1,"PARTOF":"France"}},
{"type":"Feature","geometry":{"type":"MultiPolygon","coordinates":[[[[12.38,44.73],[13.37,45.69],[12.07,46.93],[9.54,46.31],[11.17,45.07],[12.38,44.73]]],[[[16.64,43.39],[16.7,43.85],[15.49,43.89],[16.64,43.39]]]]},"properties":{"NAME":"Venice","ABBREVN":"Venice","SUBJECTO":"Venice","BORDERPRECISION":1,"PARTOF":"Venice"}},
{"type":"Feature","geometry":{"type":"Polygon","coordinates":[[[40.4,-11.23],[40.62,-10.77],[39.66,-9.8],[38.92,-6.34],[39.27,-4.78],[40.23,-3.19],[42.44,-0.51],[44.3,1.29],[42.79,1.32],[39.42,-1.38],[37.73,-4.58],[38.24,-9.29],[39.25,-11.14],[40.4,-11.23]]]},"properties":{"NAME":"Islamic city-states","ABBREVN":"Islamic city-states","SUBJECTO":"Islamic city-states","BORDERPRECISION":1,"PARTOF":"Islamic city-states"}},
{"type":"Feature","geometry":{"type":"Polygon","coordinates":[[[109.43,18.1],[110.26,18.63],[110.62,20.02],[108.58,19.19],[109.43,18.1]]]},"properties":{"NAME":null,"ABBREVN":null,"SUBJECTO":null,"BORDERPRECISION":1,"PARTOF":null}},
{"type":"Feature","geometry":{"type":"Polygon","coordinates":[[[52.61,72.74],[51.48,71.84],[54.31,71.21],[55.52,72.48],[52.61,72.74]]]},"properties":{"NAME":null,"ABBREVN":null,"SUBJECTO":null,"BORDERPRECISION":1,"PARTOF":null}},
{"type":"Feature","geometry":{"type":"Polygon","coordinates":[[[80.56,5.93],[81.87,7.08],[80.66,9.3],[79.67,8.8],[79.85,7.06],[80.56,5.93]]]},"properties":{"NAME":"Sinhalese kingdoms","ABBREVN":"Ceylon","SUBJECTO":"Sinhalese kingdoms","BORDERPRECISION":1,"PARTOF":"Sinhalese kingdoms"}},
{"type":"Feature","geometry":{"type":"Polygon","coordinates":[[[96.12,3.95],[96.6,5.08],[95.46,5.57],[95.56,4.53],[96.12,3.95]]]},"properties":{"NAME":"Aceh","ABBREVN":"Aceh","SUBJECTO":"Aceh","BORDERPRECISION":1,"PARTOF":"Aceh"}},
{"type":"Feature","geometry":{"type":"MultiPolygon","coordinates":[[[[103.31,-0.82],[101.06,2.08],[98.63,3.66],[98.65,2.76],[100.2,0.89],[101.14,-1.37],[103.31,-0.82]]],[[[103.33,3.39],[101.26,3.23],[103.43,1.38],[103.33,3.39]]],[[[109,0.2],[109.93,0.19],[110.82,1.24],[109.28,1.88],[109,0.2]]]]},"properties":{"NAME":"Malacca","ABBREVN":"Malacca","SUBJECTO":"Malacca","BORDERPRECISION":1,"PARTOF":"Malacca"}},
{"type":"Feature","geometry":{"type":"MultiPolygon","coordinates":[[[[140.87,-2.79],[137.85,-1.61],[136.27,-2.42],[135.25,-3.54],[134.28,-2.85],[133.91,-1.01],[132.25,-0.53],[131.21,-1.02],[132.72,-2.93],[134.04,-3.95],[137.82,-5.43],[139.16,-7.73],[140.95,-9.27],[140.87,-2.79]]],[[[96.12,3.95],[97.6,2.25],[98.6,1.71],[100.81,-2.34],[104.57,-6.07],[105.73,-5.83],[105.94,-3.21],[103.31,-0.82],[101.14,-1.37],[100.2,0.89],[98.65,2.76],[98.63,3.66],[97.38,5.18],[96.6,5.08],[96.12,3.95]]],[[[109,0.2],[109.94,-1.64],[110.1,-3.08],[112.8,-2.97],[114.71,-4.21],[115.57,-3.8],[117.05,-0.93],[117.53,0.61],[118.52,1.17],[117.07,3.51],[119.04,5.17],[116.6,6.9],[114.88,4.86],[112.76,3.01],[111.37,2.6],[110.82,1.24],[109.93,0.19],[109,0.2]]],[[[119.69,-0.02],[118.68,-2.9],[120.14,-3.08],[121.87,-4.96],[122.26,-3.21],[120.51,-1.45],[119.69,-0.02]]],[[[105.18,-6.87],[106.48,-7.5],[109.04,-7.72],[110.78,-8.32],[113.07,-8.35],[112.27,-7.03],[108.56,-6.92],[106.95,-6.03],[105.18,-6.87]]]]},"properties":{"NAME":"Malaysian Islamic states","ABBREVN":"Malaysian Islamic states","SUBJECTO":"Malaysian Islamic states","BORDERPRECISION":1,"PARTOF":"Malaysian Islamic states"}},
{"type":"Feature","geometry":{"type":"Polygon","coordinates":[[[41.48,41.44],[42.88,41.55],[43.96,42.59],[45.38,42.62],[43.62,43.77],[41.31,43.56],[41.12,43.02],[41.48,41.44]]]},"properties":{"NAME":"Georgia","ABBREVN":"Georgia","SUBJECTO":"Georgia","BORDERPRECISION":1,"PARTOF":"Georgia"}},
{"type":"Feature","geometry":{"type":"Polygon","coordinates":[[[27.82,56.73],[27.58,58.23],[27.65,58.84],[27.66,58.94],[27.7,59.3],[23.42,59.12],[24.35,57.16],[21.68,57.46],[21.14,54.85],[18.68,54.25],[19.21,53.25],[22.23,54.13],[21.9,56.35],[24.71,56.34],[27.37,55.72],[27.82,56.73]]]},"properties":{"NAME":"Teutonic Knights","ABBREVN":"TeutonicLand","SUBJECTO":"Teutonic Knights","BORDERPRECISION":1,"PARTOF":"Teutonic Knights"}},
{"type":"Feature","geometry":{"type":"Polygon","coordinates":[[[18.68,54.25],[17.66,54.69],[16.2,53.71],[15.76,52.27],[18.65,50.64],[18.93,49.62],[23.89,49.26],[25.67,48.69],[26.54,45.25],[28.37,45.33],[30.89,47.45],[32.01,46.91],[32.09,46.93],[36.07,47.9],[38.14,49.05],[38.29,51.21],[36.86,52.09],[33.69,51.34],[30.85,51.54],[32.56,53.32],[32.21,54.86],[30.78,56.07],[27.82,56.73],[27.37,55.72],[24.71,56.34],[21.9,56.35],[22.23,54.13],[19.21,53.25],[18.68,54.25]]]},"properties":{"NAME":"Poland-Lithuania","ABBREVN":"Pol.-Lith.","SUBJECTO":"Poland-Lithuania","BORDERPRECISION":1,"PARTOF":"Poland-Lithuania"}},
{"type":"Feature","geometry":{"type":"Polygon","coordinates":[[[16.7,43.85],[18.94,44.39],[23.54,45.86],[26.54,45.25],[25.67,48.69],[23.89,49.26],[18.93,49.62],[16.56,47.5],[16.54,46.36],[14.35,45.32],[15.49,43.89],[16.7,43.85]]]},"properties":{"NAME":"Imperial Hungary","ABBREVN":"Hungary","SUBJECTO":"Imperial Hungary","BORDERPRECISION":1,"PARTOF":"Imperial Hungary"}},
{"type":"Feature","geometry":{"type":"Polygon","coordinates":[[[-1.91,43.31],[-2.14,43.33],[-2.13,41.82],[-0.91,42.88],[-1.91,43.31]]]},"properties":{"NAME":"Navarre","ABBREVN":"Navarre","SUBJECTO":"Navarre","BORDERPRECISION":1,"PARTOF":"Navarre"}},
{"type":"Feature","geometry":{"type":"Polygon","coordinates":[[[-7.49,37.21],[-5.66,36.01],[-4.45,36.72],[-1.94,36.95],[-1.81,39.86],[-2.13,41.82],[-2.14,43.33],[-7.64,43.72],[-9.27,43.05],[-8.81,41.89],[-6.71,41.96],[-6.93,38.96],[-7.49,37.21]]]},"properties":{"NAME":"Castille","ABBREVN":"Castille","SUBJECTO":"Castille","BORDERPRECISION":1,"PARTOF":"Castille"}},
{"type":"Feature","geometry":{"type":"Polygon","coordinates":[[[-2.19,35.05],[-4.59,35.15],[-5.93,35.73],[-7,33.87],[-8.31,33.34],[-4.89,32.4],[-1.8,32.43],[-2.19,35.05]]]},"properties":{"NAME":"Wattasid Caliphate","ABBREVN":"Wattasid C.","SUBJECTO":"Wattasid Caliphate","BORDERPRECISION":1,"PARTOF":"Wattasid Caliphate"}},
{"type":"Feature","geometry":{"type":"Polygon","coordinates":[[[-1.8,32.43],[6.5,32.73],[6.92,36.82],[1.06,36.46],[-2.19,35.05],[-1.8,32.43]]]},"properties":{"NAME":"Zayyanid Caliphate","ABBREVN":"Zayyanid C.","SUBJECTO":"Zayyanid Caliphate","BORDERPRECISION":1,"PARTOF":"Zayyanid Caliphate"}},
{"type":"Feature","geometry":{"type":"Polygon","coordinates":[[[6.5,32.73],[7.89,32.59],[12.53,30.8],[12.12,32.88],[10.02,34.08],[11.13,35.24],[10.13,37.1],[6.92,36.82],[6.5,32.73]]]},"properties":{"NAME":"Hafsid Caliphate","ABBREVN":"Hafsid Cal.","SUBJECTO":"Hafsid Caliphate","BORDERPRECISION":1,"PARTOF":"Hafsid Caliphate"}},
{"type":"Feature","geometry":{"type":"MultiPolygon","coordinates":[[[[12.53,30.8],[17,28.75],[21.68,28.08],[25.44,28.01],[27.43,27.2],[29.34,24.03],[32.51,23.73],[35.19,24.4],[33.93,26.56],[34.89,28.36],[39.1,22.4],[39.17,21.22],[40.82,19.68],[41.92,20.77],[41.81,21.71],[37.42,27.83],[36.59,29.79],[36.52,31.16],[37.21,33.57],[38.04,34.6],[38.91,36.01],[37.95,37.32],[38.61,38.37],[35.89,36.77],[35.87,34.42],[34.5,31.62],[33.56,30.97],[31,31.47],[29.25,30.75],[23.15,32.14],[21.67,32.82],[20.37,32.3],[20.12,30.96],[18.92,30.2],[15.84,31.29],[15.01,32.36],[12.12,32.88],[12.53,30.8]]],[[[38.53,18.16],[37.4,18.92],[37.17,20.76],[35.96,19.42],[36.45,18.07],[38.53,18.16]]]]},"properties":{"NAME":"Mamluke Sultanate","ABBREVN":"Mamluke Sul.","SUBJECTO":"Mamluke Sultanate","BORDERPRECISION":1,"PARTOF":"Mamluke Sultanate"}},
{"type":"Feature","geometry":{"type":"Polygon","coordinates":[[[24.72,35.03],[24.39,35.37],[23.53,35.57],[23.57,35.25],[24.72,35.03]]]},"properties":{"NAME":null,"ABBREVN":null,"SUBJECTO":null,"BORDERPRECISION":1,"PARTOF":null}},
{"type":"Feature","geometry":{"type":"Polygon","coordinates":[[[43.5,9.73],[44.28,10.4],[42.81,11.78],[41.51,10.76],[42.46,9.51],[43.5,9.73]]]},"properties":{"NAME":"Adal","ABBREVN":"Adal","SUBJECTO":"Adal","BORDERPRECISION":1,"PARTOF":"Adal"}},
{"type":"Feature","geometry":{"type":"Polygon","coordinates":[[[41.51,10.76],[40.7,11.28],[41.43,12.75],[41.14,13.86],[38.85,15.63],[36.42,14.89],[35.61,12.23],[35.46,9.58],[35.98,7.44],[38.32,6.5],[42.17,7.15],[42.46,9.51],[41.51,10.76]]]},"properties":{"NAME":"Ethiopia","ABBREVN":"Ethiopia","SUBJECTO":"Ethiopia","BORDERPRECISION":1,"PARTOF":"Ethiopia"}},
{"type":"Feature","geometry":{"type":"Polygon","coordinates":[[[33.69,16.44],[34.21,17.25],[33.03,18.28],[31.63,17.39],[32.15,16.29],[33.69,16.44]]]},"properties":{"NAME":"Alwa","ABBREVN":"Alwa","SUBJECTO":"Alwa","BORDERPRECISION":1,"PARTOF":"Alwa"}},
{"type":"Feature","geometry":{"type":"Polygon","coordinates":[[[32.15,16.29],[31.78,12.38],[32.37,10.98],[33.62,10.98],[34.58,12.75],[34.21,15.7],[33.69,16.44],[32.15,16.29]]]},"properties":{"NAME":"Funj","ABBREVN":"Funj","SUBJECTO":"Funj","BORDERPRECISION":1,"PARTOF":"Funj"}},
{"type":"Feature","geometry":{"type":"Polygon","coordinates":[[[28.02,-21.23],[28.64,-24.91],[29.38,-25.87],[31.37,-25.28],[33.06,-23.08],[33.36,-20.84],[33.4,-20.58],[33.4,-20.54],[33.47,-20.02],[33.66,-18.65],[32.96,-16.07],[30.08,-16.36],[28.17,-19.68],[28.14,-19.94],[28.02,-21.23]]]},"properties":{"NAME":"Mwenemutapa","ABBREVN":"Mwenemutapa","SUBJECTO":"Mwenemutapa","BORDERPRECISION":1,"PARTOF":"Mwenemutapa"}},
{"type":"Feature","geometry":{"type":"Polygon","coordinates":[[[16.2,-9.12],[15.24,-9.88],[16.2,-10.19],[16.2,-9.12]]]},"properties":{"NAME":"Ndongo","ABBREVN":"Ndongo","SUBJECTO":"Ndongo","BORDERPRECISION":1,"PARTOF":"Ndongo"}},
{"type":"Feature","geometry":{"type":"Polygon","coordinates":[[[3.95,6.58],[5.45,5.48],[5.33,5.25],[5.42,4.96],[6.09,4.33],[6.76,5.83],[7.37,7.91],[6.88,8.64],[5.34,8.72],[4.82,7.93],[3.95,6.58]]]},"properties":{"NAME":"Benin","ABBREVN":"Benin","SUBJECTO":"Benin","BORDERPRECISION":1,"PARTOF":"Benin"}},
{"type":"Feature","geometry":{"type":"Polygon","coordinates":[[[5.34,8.72],[4.32,9.8],[2.33,9.58],[2.63,7.81],[4.82,7.93],[5.34,8.72]]]},"properties":{"NAME":"Oyo","ABBREVN":"Oyo","SUBJECTO":"Oyo","BORDERPRECISION":1,"PARTOF":"Oyo"}},
{"type":"Feature","geometry":{"type":"Polygon","coordinates":[[[-3.94,5.27],[-2.03,4.7],[0.54,5.72],[-0.4,6.12],[-3.49,5.9],[-3.94,5.27]]]},"properties":{"NAME":"Akan","ABBREVN":"Akan","SUBJECTO":"Akan","BORDERPRECISION":1,"PARTOF":"Akan"}},
{"type":"Feature","geometry":{"type":"Polygon","coordinates":[[[-9.39,12.23],[-8.73,11.64],[-5.09,12.85],[-2.53,15.04],[-0.84,15.18],[1.13,12.71],[1.93,12.33],[3.39,13.12],[3.41,14.1],[-0.4,18.94],[-1.58,19.38],[-3.64,19.02],[-5.9,17.79],[-8.21,15.18],[-9.39,12.23]]]},"properties":{"NAME":"Songhai","ABBREVN":"Songhai","SUBJECTO":"Songhai","BORDERPRECISION":1,"PARTOF":"Songhai"}},
{"type":"Feature","geometry":{"type":"Polygon","coordinates":[[[-5.9,17.79],[-7.1,18.43],[-9.09,18.65],[-12.04,18.43],[-16.06,18.67],[-16.45,16.12],[-17.43,14.81],[-16.7,14.08],[-16.64,13.84],[-16.47,13.72],[-14.25,13.49],[-12.71,12.01],[-10.95,11.43],[-9.39,12.23],[-8.21,15.18],[-5.9,17.79]]]},"properties":{"NAME":"Mali","ABBREVN":"Mali","SUBJECTO":"Mali","BORDERPRECISION":1,"PARTOF":"Mali"}},
{"type":"Feature","geometry":{"type":"Polygon","coordinates":[[[-1.17,10.85],[1.93,12.33],[1.13,12.71],[-0.84,15.18],[-2.53,15.04],[-5.09,12.85],[-8.73,11.64],[-9.39,12.23],[-10.95,11.43],[-12.71,12.01],[-14.25,13.49],[-16.47,13.72],[-16.57,12.31],[-16.28,12.21],[-16.09,11.97],[-15.1,11.81],[-6.83,10.11],[-3.48,10.29],[-1.17,10.85]],[[-1.17,10.85],[-3.17,10.92],[-3.83,12.7],[-3.02,13.66],[-1.69,13.8],[-0.06,13.29],[0.08,11.73],[-1.17,10.85]]]},"properties":{"NAME":null,"ABBREVN":null,"SUBJECTO":null,"BORDERPRECISION":1,"PARTOF":null}},
{"type":"Feature","geometry":{"type":"Polygon","coordinates":[[[3.56,12.18],[4.67,11.51],[7.18,11.05],[9.85,10.91],[10.73,11.29],[10.07,14.22],[8.3,14.52],[3.78,13.66],[3.56,12.18]]]},"properties":{"NAME":"Hausa States","ABBREVN":"Hausa States","SUBJECTO":"Hausa States","BORDERPRECISION":1,"PARTOF":"Hausa States"}},
{"type":"Feature","geometry":{"type":"Polygon","coordinates":[[[10.73,11.29],[12.35,11.2],[14.71,12.51],[15.82,13.12],[15.01,15.04],[13.31,20.97],[11.99,20.34],[11.77,16.21],[10.07,14.22],[10.73,11.29]]]},"properties":{"NAME":"Bornu-Kanem","ABBREVN":"Bornu","SUBJECTO":"Bornu-Kanem","BORDERPRECISION":1,"PARTOF":"Bornu-Kanem"}},
{"type":"Feature","geometry":{"type":"Polygon","coordinates":[[[46.88,13.47],[46.66,15.42],[46.28,17.12],[45.24,17.69],[42.76,16.65],[42.8,15.47],[43.84,12.66],[46.88,13.47]]]},"properties":{"NAME":"Yemen","ABBREVN":"Yemen","SUBJECTO":"Yemen","BORDERPRECISION":1,"PARTOF":"Yemen"}},
{"type":"Feature","geometry":{"type":"Polygon","coordinates":[[[46.88,13.47],[52.14,15.69],[52.89,16.61],[55.19,17.15],[55.56,17.94],[57.84,19.03],[59.84,22.28],[58.18,21.85],[56.95,20.64],[53.96,19.73],[50.51,17.15],[47.84,16.42],[46.66,15.42],[46.88,13.47]]]},"properties":{"NAME":"Hadramaut","ABBREVN":"Hadramaut","SUBJECTO":"Hadramaut","BORDERPRECISION":1,"PARTOF":"Hadramaut"}},
{"type":"Feature","geometry":{"type":"Polygon","coordinates":[[[59.84,22.28],[58.63,23.46],[57.15,23.98],[56.02,25.77],[54.35,24.15],[51.59,24],[50.97,24.44],[50.57,23.85],[53.99,23.11],[56.41,23.45],[58.18,21.85],[59.84,22.28]]]},"properties":{"NAME":"Muscat","ABBREVN":"Muscat","SUBJECTO":"Muscat","BORDERPRECISION":1,"PARTOF":"Muscat"}},
{"type":"Feature","geometry":{"type":"Polygon","coordinates":[[[40.82,19.68],[42.76,16.65],[45.24,17.69],[46.28,17.12],[46.66,15.42],[47.84,16.42],[50.51,17.15],[53.96,19.73],[56.95,20.64],[58.18,21.85],[56.41,23.45],[53.99,23.11],[50.57,23.85],[50.97,24.44],[48.86,27.52],[47.84,29.5],[46.91,29.44],[44.08,30.34],[40.03,34.39],[38.04,34.6],[37.21,33.57],[36.52,31.16],[36.59,29.79],[37.42,27.83],[41.81,21.71],[41.92,20.77],[40.82,19.68]]]},"properties":{"NAME":"Arabs","ABBREVN":"Arabs","SUBJECTO":"Arabs","BORDERPRECISION":1,"PARTOF":"Arabs"}},
{"type":"Feature","geometry":{"type":"Polygon","coordinates":[[[41.48,41.44],[41.21,40.24],[38.61,38.37],[37.95,37.32],[38.91,36.01],[38.04,34.6],[40.03,34.39],[44.08,30.34],[46.91,29.44],[47.84,29.5],[50.13,30.07],[51.35,28.04],[54.65,26.39],[56.79,26.97],[57.25,25.79],[60.48,25.3],[59.98,26.51],[59.18,28.48],[57.19,30.76],[53.98,36.78],[51.8,36.43],[48.84,37.51],[49.81,40.58],[47.49,43.58],[47.35,41.44],[45.38,42.62],[43.96,42.59],[42.88,41.55],[41.48,41.44]]]},"properties":{"NAME":"Emirate of the White Sheep Turks","ABBREVN":"Turks","SUBJECTO":"Emirate of the White Sheep Turks","BORDERPRECISION":1,"PARTOF":"Emirate of the White Sheep Turks"}},
{"type":"Feature","geometry":{"type":"Polygon","coordinates":[[[60.48,25.3],[61.34,25.03],[66.62,25.32],[67.32,24.09],[69.11,22.9],[69.01,24.63],[70.13,28.1],[72.82,31.06],[70.34,31.38],[69.57,29.96],[66.99,27.74],[65.52,26.93],[59.98,26.51],[60.48,25.3]]]},"properties":{"NAME":"Islamic states","ABBREVN":"Islamic states","SUBJECTO":"Islamic states","BORDERPRECISION":1,"PARTOF":"Islamic states"}},
{"type":"Feature","geometry":{"type":"Polygon","coordinates":[[[72.82,31.06],[74.59,30.69],[74.88,27.96],[76.43,27.52],[78.28,24.3],[82.55,23.24],[83.14,24.79],[85.27,24.2],[86.23,27],[80.05,29.98],[77.53,32.09],[77.31,34.01],[77.98,34.87],[74.66,34.96],[72.03,35.61],[70.34,31.38],[72.82,31.06]]]},"properties":{"NAME":"Sultanate of Delhi","ABBREVN":"Delhi","SUBJECTO":"Sultanate of Delhi","BORDERPRECISION":1,"PARTOF":"Sultanate of Delhi"}},
{"type":"Feature","geometry":{"type":"Polygon","coordinates":[[[82.55,23.24],[84.3,20.75],[85.38,19.61],[86.12,19.81],[87.64,21.56],[90,21.93],[91.41,22.72],[91.72,24.09],[91.55,26.29],[88.66,26.41],[86.23,27],[85.27,24.2],[83.14,24.79],[82.55,23.24]]]},"properties":{"NAME":"Bengal","ABBREVN":"Bengal","SUBJECTO":"Bengal","BORDERPRECISION":1,"PARTOF":"Bengal"}},
{"type":"Feature","geometry":{"type":"Polygon","coordinates":[[[86.23,27],[88.66,26.41],[91.55,26.29],[94.32,26.88],[95.48,27.91],[97.34,28.18],[98.64,27.48],[100.68,28.69],[102.41,33.72],[101.69,36.31],[95.52,37.1],[91.69,36.36],[90,36.51],[89.92,35.19],[82.69,34.74],[77.98,34.87],[77.31,34.01],[77.53,32.09],[80.05,29.98],[86.23,27]]]},"properties":{"NAME":"Tibet","ABBREVN":"Tibet","SUBJECTO":"Tibet","BORDERPRECISION":1,"PARTOF":"Tibet"}},
{"type":"Feature","geometry":{"type":"Polygon","coordinates":[[[125.3,39.36],[124.74,38.28],[126.21,37.75],[126.39,37.61],[126.44,37.47],[126.66,37.22],[126.73,37.14],[126.77,37.1],[126.79,37.07],[126.79,37.01],[126.8,36.95],[126.8,36.94],[126.69,36.84],[126.39,36.96],[126.36,36.95],[126.31,36.93],[126.25,36.91],[126.19,36.86],[125.96,36.72],[126.36,36.63],[126.44,36.13],[126.63,35.93],[126.23,35.16],[126.41,34.27],[126.5,34.33],[126.62,34.41],[126.67,34.41],[126.82,34.43],[126.83,34.44],[126.99,34.55],[127.23,34.71],[127.36,34.8],[128.16,34.8],[129.06,35.17],[129.25,37.01],[128.45,38.26],[128.27,38.42],[128.14,38.53],[127.96,38.69],[127.4,39.08],[127.28,39.22],[129.48,40.68],[129.64,41.66],[125.3,39.36]]]},"properties":{"NAME":"Korea","ABBREVN":"Korea","SUBJECTO":"Korea","BORDERPRECISION":1,"PARTOF":"Korea"}},
{"type":"Feature","geometry":{"type":"Polygon","coordinates":[[[69.11,22.9],[70.38,22.86],[73.04,24.2],[73.71,22.95],[76.93,23.9],[78.28,24.3],[76.43,27.52],[74.88,27.96],[74.59,30.69],[72.82,31.06],[70.13,28.1],[69.01,24.63],[69.11,22.9]]]},"properties":{"NAME":"Rajastan","ABBREVN":"Rajastan","SUBJECTO":"Rajastan","BORDERPRECISION":1,"PARTOF":"Rajastan"}},
{"type":"Feature","geometry":{"type":"Polygon","coordinates":[[[84.3,20.75],[81.86,18.73],[79.96,17.6],[82.32,17],[85.38,19.61],[84.3,20.75]]]},"properties":{"NAME":"Orissa","ABBREVN":"Orissa","SUBJECTO":"Orissa","BORDERPRECISION":1,"PARTOF":"Orissa"}},
{"type":"Feature","geometry":{"type":"Polygon","coordinates":[[[70.38,22.86],[69.13,21.97],[71.02,20.66],[73.11,20.69],[72.85,19.24],[74.27,21.91],[73.71,22.95],[73.04,24.2],[70.38,22.86]]]},"properties":{"NAME":"Islamic states","ABBREVN":"Islamic states","SUBJECTO":"Islamic states","BORDERPRECISION":1,"PARTOF":"Islamic states"}},
{"type":"Feature","geometry":{"type":"Polygon","coordinates":[[[77.92,16.25],[77.49,16.31],[76.1,15.97],[73.49,16.29],[75.21,12.1],[76.7,8.71],[77.9,8.26],[79.83,10.36],[80.22,12.83],[80.09,15.18],[80.46,15.77],[79.43,16.02],[77.92,16.25]]]},"properties":{"NAME":"Vijayanagara","ABBREVN":"Vijayanagara","SUBJECTO":"Vijayanagara","BORDERPRECISION":1,"PARTOF":"Vijayanagara"}},
{"type":"Feature","geometry":{"type":"Polygon","coordinates":[[[91.41,22.72],[92.83,20.42],[92.88,21.9],[91.72,24.09],[91.41,22.72]]]},"properties":{"NAME":"Arakan","ABBREVN":"Arakan","SUBJECTO":"Arakan","BORDERPRECISION":1,"PARTOF":"Arakan"}},
{"type":"Feature","geometry":{"type":"Polygon","coordinates":[[[106.85,10.58],[108.7,11.15],[109.05,11.93],[107.38,12.35],[106.85,10.58]]]},"properties":{"NAME":"Champa","ABBREVN":"Champa","SUBJECTO":"Champa","BORDERPRECISION":1,"PARTOF":"Champa"}},
{"type":"Feature","geometry":{"type":"Polygon","coordinates":[[[105.57,17.88],[103.9,19.31],[102.98,20.97],[101.66,19.66],[101.65,18],[105.57,17.88]]]},"properties":{"NAME":"Laos","ABBREVN":"Laos","SUBJECTO":"Laos","BORDERPRECISION":1,"PARTOF":"Laos"}},
{"type":"Feature","geometry":{"type":"Polygon","coordinates":[[[107.38,12.35],[109.05,11.93],[109.31,12.91],[108.24,16.08],[106.43,17.55],[105.53,18.84],[106.81,20.91],[107.47,20.98],[105.41,21.9],[102.98,20.97],[103.9,19.31],[105.57,17.88],[107.11,16.17],[107.48,13.26],[107.38,12.35]]]},"properties":{"NAME":"Đại Việt","ABBREVN":"Đại Việt","SUBJECTO":"Đại Việt","BORDERPRECISION":1,"PARTOF":"Đại Việt"}},
{"type":"Feature","geometry":{"type":"Polygon","coordinates":[[[98.64,27.48],[98.56,24.71],[99.59,23],[99.84,20.48],[101.66,19.66],[102.98,20.97],[105.41,21.9],[107.47,20.98],[109.12,21.4],[110.08,20.87],[112.75,21.76],[113.72,22.48],[116.34,22.91],[118.81,24.85],[119.43,26.59],[121.36,28.39],[121.77,29.83],[121.61,31.83],[120.66,32.54],[119.97,34.14],[119.02,34.69],[120.14,36.19],[119.6,37.12],[117.59,38.28],[121.01,40.85],[125.3,39.36],[129.64,41.66],[131.87,43.29],[119.6,42.03],[102.93,39.02],[95.59,38.94],[95.52,37.1],[101.69,36.31],[102.41,33.72],[100.68,28.69],[98.64,27.48]]]},"properties":{"NAME":"Ming Chinese Empire","ABBREVN":"Ming Empire","SUBJECTO":"Ming Chinese Empire","BORDERPRECISION":1,"PARTOF":"Ming Chinese Empire"}},
{"type":"Feature","geometry":{"type":"Polygon","coordinates":[[[91.72,24.09],[92.88,21.9],[92.83,20.42],[94.05,19.06],[94.46,17.26],[98.67,18.4],[99.84,20.48],[99.59,23],[98.56,24.71],[98.64,27.48],[97.34,28.18],[95.48,27.91],[94.32,26.88],[91.55,26.29],[91.72,24.09]]]},"properties":{"NAME":"Burmese kingdoms","ABBREVN":"Burmese kingdoms","SUBJECTO":"Burmese kingdoms","BORDERPRECISION":1,"PARTOF":"Burmese kingdoms"}},
{"type":"Feature","geometry":{"type":"Polygon","coordinates":[[[94.46,17.26],[94.14,16.22],[95.33,15.68],[96.47,16.51],[97.57,16.45],[98.67,18.4],[94.46,17.26]]]},"properties":{"NAME":"Pegu","ABBREVN":"Pegu","SUBJECTO":"Pegu","BORDERPRECISION":1,"PARTOF":"Pegu"}},
{"type":"Feature","geometry":{"type":"Polygon","coordinates":[[[-98.15,16.17],[-97.08,17.64],[-95.17,16.97],[-93.74,17.17],[-93.78,18.35],[-96.01,18.93],[-97.88,22.33],[-99.95,22.9],[-99.95,19.84],[-100.9,18.79],[-103.1,19.84],[-105.51,20.1],[-103.49,18.35],[-98.15,16.17]]]},"properties":{"NAME":"Aztec Empire","ABBREVN":"Aztec","SUBJECTO":"Aztec Empire","BORDERPRECISION":1,"PARTOF":"Aztec Empire"}},
{"type":"Feature","geometry":{"type":"Polygon","coordinates":[[[-98.15,16.17],[-96.33,15.75],[-95.13,16.3],[-95.17,16.97],[-97.08,17.64],[-98.15,16.17]]]},"properties":{"NAME":"Mixtec Empire","ABBREVN":"Mixtec","SUBJECTO":"Mixtec Empire","BORDERPRECISION":1,"PARTOF":"Mixtec Empire"}},
{"type":"Feature","geometry":{"type":"Polygon","coordinates":[[[-90,19.38],[-88.87,18.69],[-89.92,16.97],[-88.74,16.27],[-88.24,17.01],[-87.2,21.53],[-90,21.16],[-90,19.38]]]},"properties":{"NAME":"Maya city-states","ABBREVN":"Maya","SUBJECTO":"Maya city-states","BORDERPRECISION":1,"PARTOF":"Maya city-states"}},
{"type":"Feature","geometry":{"type":"Polygon","coordinates":[[[-71.52,-32.18],[-71.62,-33.71],[-73.14,-37.16],[-71.03,-37.21],[-69.37,-34.44],[-69.37,-32.6],[-68.44,-30.94],[-68.41,-30.48],[-68.26,-28.54],[-67.15,-25.22],[-65.49,-19.14],[-65.72,-18.08],[-66.05,-16.55],[-67.15,-14.71],[-68.63,-13.05],[-74.35,-12.13],[-77.89,-6.98],[-77.92,-4.19],[-78.77,-3.64],[-78.41,-0.32],[-79.78,0.86],[-80.97,-1.03],[-80.14,-3.41],[-81.42,-4.68],[-80.61,-6.37],[-79.06,-8.22],[-76.24,-13.5],[-76.24,-14.11],[-74.05,-16.04],[-71.61,-17.22],[-70.21,-19.07],[-70.11,-21.75],[-70.57,-23.17],[-70.4,-25.25],[-71.68,-30.6],[-71.52,-32.18]]]},"properties":{"NAME":"Inca Empire","ABBREVN":"Incas","SUBJECTO":"Inca Empire","BORDERPRECISION":1,"PARTOF":"Inca Empire"}},
{"type":"Feature","geometry":{"type":"MultiPolygon","coordinates":[[[[-95.17,16.97],[-95.13,16.3],[-94.08,16.11],[-91.52,14.06],[-87.95,13.17],[-86.01,11.37],[-85.78,10.14],[-83.61,9.15],[-82.96,8.26],[-81.66,8.16],[-80.81,7.27],[-79.07,9.03],[-77.4,6.67],[-77.11,3.79],[-77.8,2.58],[-79.78,0.86],[-78.41,-0.32],[-78.77,-3.64],[-77.92,-4.19],[-77.89,-6.98],[-74.35,-12.13],[-68.63,-13.05],[-67.15,-14.71],[-66.05,-16.55],[-65.72,-18.08],[-64.66,-16.8],[-64.19,-14.69],[-69.05,-8.24],[-70.16,-5.74],[-66.41,3.04],[-62.66,4.15],[-58.56,3.98],[-55.86,1.7],[-55.8,0.88],[-57.97,-0.59],[-58.44,-2.29],[-56.33,-4.33],[-54.16,-4.63],[-49.07,-4.74],[-46.28,-3.55],[-53.12,-14.28],[-48.47,-23.75],[-49.49,-24.55],[-49.84,-26.8],[-48.8,-28.48],[-49.94,-29.63],[-51.12,-31.47],[-49.94,-29.63],[-48.94,-28.7],[-48.73,-28.37],[-48.56,-27.68],[-48.72,-25.43],[-44.56,-22.99],[-41.96,-22.92],[-39.69,-19.41],[-38.95,-16],[-39.13,-14.32],[-37.19,-10.84],[-35.6,-9.63],[-34.89,-7.61],[-35.46,-5.27],[-37.18,-4.95],[-40.23,-2.85],[-44.22,-2.78],[-44.8,-1.74],[-47.24,-0.68],[-49.22,-2.11],[-50.64,-1.88],[-51.53,-0.43],[-49.88,1.21],[-50.69,2.22],[-51.21,4.07],[-53.03,5.43],[-54.29,5.88],[-56.75,6],[-61.12,9.17],[-63.07,8.33],[-65.97,8.18],[-70.68,8.56],[-72.11,9.9],[-72.38,11.81],[-75.45,10.63],[-75.7,9.43],[-76.76,8.69],[-79.5,9.64],[-80.96,8.86],[-82.23,9.05],[-83.91,11.25],[-83.31,14.77],[-84.65,15.93],[-88.66,15.73],[-88.74,16.27],[-89.92,16.97],[-88.87,18.69],[-90,19.38],[-93.78,18.35],[-93.74,17.17],[-95.17,16.97]],[[-77.25,-2.1],[-77.25,-2.76],[-78.39,-2.91],[-78.56,-2.13],[-77.25,-2.1]]],[[[-58.52,-34.59],[-56.34,-35],[-54.07,-34.65],[-52.35,-32.68],[-52.04,-31.56],[-51.45,-31.02],[-51.23,-30.27],[-50.61,-30.3],[-51.23,-30.27],[-51.45,-31.02],[-52.04,-31.56],[-52.14,-31.74],[-52.35,-32.68],[-54.07,-34.65],[-56.34,-35],[-58.52,-34.59]]],[[[-72.59,-41.62],[-72.73,-41.55],[-73.46,-41.79],[-72.59,-41.62]]],[[[-65.78,-47.71],[-67.58,-49.06],[-67.83,-49.97],[-69.04,-50.56],[-69.11,-51.35],[-69.08,-51.5],[-69.04,-50.56],[-67.83,-49.97],[-67.58,-49.06],[-65.78,-47.71]]]]},"properties":{"NAME":null,"ABBREVN":null,"SUBJECTO":null,"BORDERPRECISION":1,"PARTOF":null}},
{"type":"Feature","geometry":{"type":"Polygon","coordinates":[[[9.45,54.19],[9.44,54.25],[8.88,54.23],[4.64,52.76],[1.8,50.92],[1.83,50.24],[5.36,49.7],[6.02,48.65],[5.53,46.1],[7.4,43.76],[9.91,44.11],[11.96,42.01],[12.3,43.28],[11.17,45.07],[9.54,46.31],[12.07,46.93],[13.37,45.69],[13.67,45.71],[14.35,45.32],[16.54,46.36],[16.56,47.5],[18.93,49.62],[18.65,50.64],[15.76,52.27],[16.2,53.71],[17.66,54.69],[14.47,53.88],[10.14,54.34],[9.88,54.25],[9.74,54.28],[9.67,54.19],[9.45,54.19]]]},"properties":{"NAME":"Holy Roman Empire","ABBREVN":"Holy Roman E","SUBJECTO":"Holy Roman Empire","BORDERPRECISION":1,"PARTOF":"Holy Roman Empire"}},
{"type":"Feature","geometry":{"type":"Polygon","coordinates":[[[-14.51,28.05],[-13.88,28.2],[-14.15,28.39],[-14.51,28.05]]]},"properties":{"NAME":"Guanches","ABBREVN":"Guanches","SUBJECTO":"Guanches","BORDERPRECISION":1,"PARTOF":"Guanches"}},
{"type":"Feature","geometry":{"type":"Polygon","coordinates":[[[-168.51,53.43],[-168.37,53.24],[-167.87,53.32],[-168.22,53.59],[-168.51,53.43]]]},"properties":{"NAME":null,"ABBREVN":null,"SUBJECTO":null,"BORDERPRECISION":1,"PARTOF":null}},
{"type":"Feature","geometry":{"type":"Polygon","coordinates":[[[-128.34,50.67],[-127.39,50.05],[-126.52,49.82],[-128.34,50.67]]]},"properties":{"NAME":null,"ABBREVN":null,"SUBJECTO":null,"BORDERPRECISION":1,"PARTOF":null}},
{"type":"Feature","geometry":{"type":"Polygon","coordinates":[[[-133.1,54.02],[-132.57,53.28],[-131.89,53.89],[-133.1,54.02]]]},"properties":{"NAME":"Bella","ABBREVN":"Bella","SUBJECTO":"Bella","BORDERPRECISION":1,"PARTOF":"Bella"}},
{"type":"Feature","geometry":null,"properties":{"NAME":null,"ABBREVN":null,"SUBJECTO":null,"BORDERPRECISION":1,"PARTOF":null}},
{"type":"Feature","geometry":{"type":"Polygon","coordinates":[[[-166.61,53.71],[-166.77,54],[-167.15,53.94],[-166.93,53.46],[-166.61,53.71]]]},"properties":{"NAME":null,"ABBREVN":null,"SUBJECTO":null,"BORDERPRECISION":1,"PARTOF":null}},
{"type":"Feature","geometry":{"type":"Polygon","coordinates":[[[-164.56,54.83],[-165.01,54.53],[-164.56,54.33],[-164.07,54.66],[-164.56,54.83]]]},"properties":{"NAME":null,"ABBREVN":null,"SUBJECTO":null,"BORDERPRECISION":1,"PARTOF":null}},
{"type":"Feature","geometry":{"type":"Polygon","coordinates":[[[-162.79,55.15],[-163.09,55.27],[-163.26,55.17],[-162.97,54.95],[-162.79,55.15]]]},"properties":{"NAME":null,"ABBREVN":null,"SUBJECTO":null,"BORDERPRECISION":1,"PARTOF":null}},
{"type":"Feature","geometry":{"type":"Polygon","coordinates":[[[-162.22,55.13],[-161.58,55.48],[-161.81,55.78],[-162.58,55.39],[-162.22,55.13]]]},"properties":{"NAME":null,"ABBREVN":null,"SUBJECTO":null,"BORDERPRECISION":1,"PARTOF":null}},
{"type":"Feature","geometry":{"type":"Polygon","coordinates":[[[-135,57.33],[-135.47,57.23],[-134.95,56.45],[-134.76,56.79],[-135,57.33]]]},"properties":{"NAME":null,"ABBREVN":null,"SUBJECTO":null,"BORDERPRECISION":1,"PARTOF":null}},
{"type":"Feature","geometry":{"type":"Polygon","coordinates":[[[-153.67,56.97],[-152.68,57.76],[-154.19,57.63],[-153.67,56.97]]]},"properties":{"NAME":null,"ABBREVN":null,"SUBJECTO":null,"BORDERPRECISION":1,"PARTOF":null}},
{"type":"Feature","geometry":{"type":"Polygon","coordinates":[[[-136.6,57.9],[-135.11,57.67],[-135.32,58.09],[-136.3,58.18],[-136.6,57.9]]]},"properties":{"NAME":null,"ABBREVN":null,"SUBJECTO":null,"BORDERPRECISION":1,"PARTOF":null}},
{"type":"Feature","geometry":{"type":"Polygon","coordinates":[[[-117.28,73.31],[-121.24,74.58],[-124.06,73.87],[-125.62,71.99],[-123.47,71.2],[-117.28,73.31]]]},"properties":{"NAME":null,"ABBREVN":null,"SUBJECTO":null,"BORDERPRECISION":1,"PARTOF":null}},
{"type":"Feature","geometry":{"type":"Polygon","coordinates":[[[-66.4,45.11],[-65.71,43.56],[-61.03,45.38],[-64.53,46.27],[-65.21,48.12],[-66.97,48.95],[-66.4,45.11]]]},"properties":{"NAME":"Mi'kma'ki","ABBREVN":"Mi'kma'ki","SUBJECTO":"Mi'kma'ki","BORDERPRECISION":1,"PARTOF":"Mi'kma'ki"}},
{"type":"Feature","geometry":{"type":"Polygon","coordinates":[[[-78.7,83],[-90,82.02],[-85.81,78.91],[-87.27,76.5],[-78.21,76.55],[-78.37,78.03],[-71.45,79.85],[-62.43,82.63],[-78.7,83]]]},"properties":{"NAME":null,"ABBREVN":null,"SUBJECTO":null,"BORDERPRECISION":1,"PARTOF":null}},
{"type":"Feature","geometry":{"type":"Polygon","coordinates":[[[-111.99,77.98],[-113.02,77.6],[-110.62,77.54],[-109.66,77.95],[-111.99,77.98]]]},"properties":{"NAME":null,"ABBREVN":null,"SUBJECTO":null,"BORDERPRECISION":1,"PARTOF":null}},
{"type":"Feature","geometry":{"type":"Polygon","coordinates":[[[-97.31,78.82],[-97.46,78.1],[-95.1,78.44],[-97.31,78.82]]]},"properties":{"NAME":null,"ABBREVN":null,"SUBJECTO":null,"BORDERPRECISION":1,"PARTOF":null}},
{"type":"Feature","geometry":{"type":"Polygon","coordinates":[[[-169.38,63.25],[-170.48,63.69],[-170.97,63.46],[-169.9,63.08],[-169.38,63.25]]]},"properties":{"NAME":null,"ABBREVN":null,"SUBJECTO":null,"BORDERPRECISION":1,"PARTOF":null}},
{"type":"Feature","geometry":{"type":"Polygon","coordinates":[[[-174.64,66.4],[-175.51,67.67],[-180,68.92],[-180,67.96],[-180,66.96],[-180,65.96],[-180,65.38],[-180,65.31],[-180,65.26],[-178.12,65.48],[-173.08,64.38],[-171.96,66.96],[-174.64,66.4]]]},"properties":{"NAME":null,"ABBREVN":null,"SUBJECTO":null,"BORDERPRECISION":1,"PARTOF":null}},
{"type":"Feature","geometry":{"type":"Polygon","coordinates":[[[-121.14,76.88],[-122.66,76.54],[-120.1,75.98],[-118.74,76.94],[-121.14,76.88]]]},"properties":{"NAME":null,"ABBREVN":null,"SUBJECTO":null,"BORDERPRECISION":1,"PARTOF":null}},
{"type":"Feature","geometry":{"type":"Polygon","coordinates":[[[-104.97,78.53],[-101.17,78.27],[-99.89,78.66],[-102.57,79.02],[-104.97,78.53]]]},"properties":{"NAME":null,"ABBREVN":null,"SUBJECTO":null,"BORDERPRECISION":1,"PARTOF":null}},
{"type":"Feature","geometry":{"type":"Polygon","coordinates":[[[-88.35,80.41],[-96.43,79.93],[-92.7,78.43],[-87,79.45],[-88.35,80.41]]]},"properties":{"NAME":null,"ABBREVN":null,"SUBJECTO":null,"BORDERPRECISION":1,"PARTOF":null}},
{"type":"Feature","geometry":{"type":"Polygon","coordinates":[[[-103,33.15],[-108.93,32.24],[-108.69,31],[-112.72,30.07],[-111.69,28.5],[-110.6,27.86],[-109.26,26.09],[-101.23,28.3],[-101.08,31.33],[-101.07,31.58],[-102.33,32.33],[-102.96,32.7],[-102.98,32.92],[-103,33.15]]]},"properties":{"NAME":"Apache","ABBREVN":"Apache","SUBJECTO":"Apache","BORDERPRECISION":1,"PARTOF":"Apache"}},
{"type":"Feature","geometry":{"type":"Polygon","coordinates":[[[-83.41,29.59],[-82.84,27.84],[-81.1,25.13],[-80.05,26.55],[-81.46,30.43],[-82.52,29.98],[-83.41,29.59]]]},"properties":{"NAME":"Calusa","ABBREVN":"Calusa","SUBJECTO":"Calusa","BORDERPRECISION":1,"PARTOF":"Calusa"}},
{"type":"Feature","geometry":{"type":"Polygon","coordinates":[[[-108.93,32.24],[-109.73,36.41],[-115.77,35.52],[-116.63,35.4],[-114.34,31.59],[-113.05,31.14],[-112.72,30.07],[-108.69,31],[-108.93,32.24]]]},"properties":{"NAME":"Hopi","ABBREVN":"Hopi","SUBJECTO":"Hopi","BORDERPRECISION":1,"PARTOF":"Hopi"}},
{"type":"Feature","geometry":{"type":"Polygon","coordinates":[[[-103,33.15],[-103.38,37.34],[-109.73,36.41],[-108.93,32.24],[-103,33.15]]]},"properties":{"NAME":"Navajo","ABBREVN":"Navajo","SUBJECTO":"Navajo","BORDERPRECISION":1,"PARTOF":"Navajo"}},
{"type":"Feature","geometry":{"type":"Polygon","coordinates":[[[-81.46,30.43],[-80.58,32.5],[-77.46,34.5],[-79.23,39.36],[-80.26,38.77],[-86,35.23],[-82.52,29.98],[-81.46,30.43]]]},"properties":{"NAME":"Cherookee","ABBREVN":"Cherookee","SUBJECTO":"Cherookee","BORDERPRECISION":1,"PARTOF":"Cherookee"}},
{"type":"Feature","geometry":{"type":"Polygon","coordinates":[[[-120.18,41.01],[-120.46,43.57],[-120.46,43.62],[-121,48.53],[-123.18,47.49],[-122.83,48.02],[-124.73,48.33],[-124.31,47.46],[-123.91,47.04],[-124.13,46.67],[-123.79,46.3],[-124.07,46.02],[-124.03,45.94],[-123.99,45.76],[-124.33,44.07],[-124.14,43.67],[-124.63,43.01],[-124.25,41.93],[-124.36,40.33],[-124.33,40.3],[-120.71,40.92],[-120.18,41.01]]]},"properties":{"NAME":"Coqs","ABBREVN":"Coqs","SUBJECTO":"Coqs","BORDERPRECISION":1,"PARTOF":"Coqs"}},
{"type":"Feature","geometry":{"type":"Polygon","coordinates":[[[-104.55,45.07],[-104.54,47.13],[-106.28,47.92],[-110.16,46.79],[-111.55,45.51],[-110.28,44.75],[-105.98,43.31],[-104.55,45.07]]]},"properties":{"NAME":"Crow","ABBREVN":"Crow","SUBJECTO":"Crow","BORDERPRECISION":1,"PARTOF":"Crow"}},
{"type":"Feature","geometry":{"type":"Polygon","coordinates":[[[-105.98,43.31],[-104.16,41.97],[-102.23,44.17],[-104.55,45.07],[-105.98,43.31]]]},"properties":{"NAME":"Cheyenne","ABBREVN":"Cheyenne","SUBJECTO":"Cheyenne","BORDERPRECISION":1,"PARTOF":"Cheyenne"}},
{"type":"Feature","geometry":{"type":"Polygon","coordinates":[[[-117.85,46.35],[-117.39,44.79],[-114.21,45.53],[-114.47,46.37],[-116.63,46.87],[-117.85,46.35]]]},"properties":{"NAME":"Nez Perce","ABBREVN":"Nez Perce","SUBJECTO":"Nez Perce","BORDERPRECISION":1,"PARTOF":"Nez Perce"}},
{"type":"Feature","geometry":{"type":"Polygon","coordinates":[[[-82.52,29.98],[-86,35.23],[-95.41,35.3],[-95.25,33.73],[-94.86,29.78],[-90,29.11],[-89.23,30.41],[-86.39,30.47],[-85.3,29.66],[-83.41,29.59],[-82.52,29.98]]]},"properties":{"NAME":"Natchez","ABBREVN":"Natchez","SUBJECTO":"Natchez","BORDERPRECISION":1,"PARTOF":"Natchez"}},
{"type":"Feature","geometry":{"type":"Polygon","coordinates":[[[-77.46,34.5],[-75.73,35.88],[-75.67,37.9],[-73.25,41.18],[-76.94,43.24],[-76.46,44.25],[-76.91,44.05],[-77.28,43.89],[-78.55,43.35],[-79.84,42.83],[-80.36,42.62],[-80.47,42.57],[-82.52,41.94],[-82.47,41.41],[-80.26,38.77],[-79.23,39.36],[-77.46,34.5]]]},"properties":{"NAME":"Delaware","ABBREVN":"Delaware","SUBJECTO":"Delaware","BORDERPRECISION":1,"PARTOF":"Delaware"}},
{"type":"Feature","geometry":{"type":"Polygon","coordinates":[[[-101.23,28.3],[-97.75,28.69],[-95.38,28.96],[-95.06,29.68],[-94.86,29.78],[-95.25,33.73],[-96.51,33.63],[-99.44,33.41],[-102.57,33.18],[-103,33.15],[-102.98,32.92],[-102.96,32.7],[-102.33,32.33],[-101.07,31.58],[-101.08,31.33],[-101.23,28.3]]]},"properties":{"NAME":"Comanche","ABBREVN":"Comanche","SUBJECTO":"Comanche","BORDERPRECISION":1,"PARTOF":"Comanche"}},
{"type":"Feature","geometry":{"type":"Polygon","coordinates":[[[-97.88,22.33],[-97.82,24.21],[-97.26,25.81],[-97.63,27.23],[-97.27,27.67],[-97.57,27.91],[-96.83,28.16],[-96.68,28.25],[-96.58,28.43],[-96.6,28.38],[-97.75,28.69],[-101.23,28.3],[-109.26,26.09],[-105.54,22.28],[-105.51,20.1],[-103.1,19.84],[-100.9,18.79],[-99.95,19.84],[-99.95,22.9],[-97.88,22.33]]]},"properties":{"NAME":null,"ABBREVN":null,"SUBJECTO":null,"BORDERPRECISION":1,"PARTOF":null}},
{"type":"Feature","geometry":{"type":"Polygon","coordinates":[[[-73.25,41.18],[-70.3,41.76],[-70.22,43.8],[-66.83,45.2],[-67.88,46.2],[-70.71,45.7],[-71.74,45.01],[-75.05,44.87],[-76.46,44.25],[-76.94,43.24],[-73.25,41.18]]]},"properties":{"NAME":"Iroquois","ABBREVN":"Iroquois","SUBJECTO":"Iroquois","BORDERPRECISION":1,"PARTOF":"Iroquois"}},
{"type":"Feature","geometry":{"type":"Polygon","coordinates":[[[-115.77,35.52],[-118.84,38.88],[-120.71,40.92],[-124.33,40.3],[-123.82,39.61],[-123.74,39.08],[-121.93,37.01],[-120.53,34.51],[-117.5,33.33],[-115.6,29.69],[-114.07,28.42],[-114.48,27.24],[-112.41,26.19],[-112.17,25.01],[-110.8,24.88],[-112.87,28.33],[-114.68,30.14],[-114.34,31.59],[-116.63,35.4],[-115.77,35.52]]]},"properties":{"NAME":"Pomo","ABBREVN":"Pomo","SUBJECTO":"Pomo","BORDERPRECISION":1,"PARTOF":"Pomo"}},
{"type":"Feature","geometry":{"type":"Polygon","coordinates":[[[-144.17,63.33],[-150.14,61.24],[-144.41,60.09],[-139.31,59.71],[-139.79,59.52],[-136.94,58.94],[-135.33,58.58],[-135.51,58.97],[-135.14,59.17],[-135.05,58.91],[-133.47,57.84],[-133.34,57.38],[-133.4,57.22],[-132.1,56.35],[-132.28,56.13],[-132.26,55.94],[-132.26,55.85],[-130.87,55.73],[-128.7,60.74],[-138.75,62.42],[-144.17,63.33]]]},"properties":{"NAME":"Tlinoit","ABBREVN":"Tlinoit","SUBJECTO":"Tlinoit","BORDERPRECISION":1,"PARTOF":"Tlinoit"}},
{"type":"Feature","geometry":{"type":"Polygon","coordinates":[[[-66.97,48.95],[-69.22,48.68],[-81.17,50.03],[-81.27,49.74],[-81.92,47.77],[-70.71,45.7],[-67.88,46.2],[-66.83,45.2],[-66.4,45.11],[-66.97,48.95]]]},"properties":{"NAME":"Algonquin","ABBREVN":"Algonquin","SUBJECTO":"Algonquin","BORDERPRECISION":1,"PARTOF":"Algonquin"}},
{"type":"Feature","geometry":{"type":"Polygon","coordinates":[[[-76.46,44.25],[-75.05,44.87],[-71.74,45.01],[-70.71,45.7],[-81.92,47.77],[-81.27,49.74],[-83.27,50.23],[-83.76,49.02],[-84.61,46.9],[-84.79,46.47],[-84.98,45.98],[-85.25,45.31],[-85.5,44.68],[-82.52,41.94],[-80.47,42.57],[-80.36,42.62],[-79.84,42.83],[-78.55,43.35],[-77.28,43.89],[-76.91,44.05],[-76.46,44.25]],[[-84.13,45.95],[-80.81,45.95],[-81.81,43.32],[-83.39,44.31],[-84.13,45.95]]]},"properties":{"NAME":"Huron","ABBREVN":"Huron","SUBJECTO":"Huron","BORDERPRECISION":1,"PARTOF":"Huron"}},
{"type":"Feature","geometry":{"type":"Polygon","coordinates":[[[-143.61,68.65],[-159.86,70.54],[-166.84,68.41],[-163.74,67.22],[-168.18,65.69],[-166.59,64.73],[-163.03,64.44],[-161.13,63.56],[-165.43,62.43],[-165.9,61.27],[-162,58.83],[-158.29,58.73],[-156.68,57.4],[-154.65,58.08],[-154.28,59.25],[-150.42,61.31],[-143.61,68.65]]]},"properties":{"NAME":null,"ABBREVN":null,"SUBJECTO":null,"BORDERPRECISION":1,"PARTOF":null}},
{"type":"Feature","geometry":null,"properties":{"NAME":null,"ABBREVN":null,"SUBJECTO":null,"BORDERPRECISION":1,"PARTOF":null}},
{"type":"Feature","geometry":{"type":"Polygon","coordinates":[[[-96.81,76.92],[-95.87,76.51],[-93.94,76.4],[-94.2,76.9],[-96.81,76.92]]]},"properties":{"NAME":null,"ABBREVN":null,"SUBJECTO":null,"BORDERPRECISION":1,"PARTOF":null}},
{"type":"Feature","geometry":{"type":"Polygon","coordinates":[[[-61.36,15.2],[-61.26,15.29],[-61.3,15.57],[-61.47,15.49],[-61.36,15.2]]]},"properties":{"NAME":null,"ABBREVN":null,"SUBJECTO":null,"BORDERPRECISION":1,"PARTOF":null}},
{"type":"Feature","geometry":{"type":"Polygon","coordinates":[[[-61.75,12],[-61.6,12.13],[-61.72,12.17],[-61.75,12]]]},"properties":{"NAME":null,"ABBREVN":null,"SUBJECTO":null,"BORDERPRECISION":1,"PARTOF":null}},
{"type":"Feature","geometry":{"type":"Polygon","coordinates":[[[-60.86,14.4],[-60.83,14.57],[-61.03,14.83],[-61.23,14.81],[-61.03,14.47],[-60.86,14.4]]]},"properties":{"NAME":null,"ABBREVN":null,"SUBJECTO":null,"BORDERPRECISION":1,"PARTOF":null}},
{"type":"Feature","geometry":{"type":"Polygon","coordinates":[[[-62.17,16.67],[-62.14,16.69],[-62.18,16.81],[-62.24,16.71],[-62.17,16.67]]]},"properties":{"NAME":null,"ABBREVN":null,"SUBJECTO":null,"BORDERPRECISION":1,"PARTOF":null}},
{"type":"Feature","geometry":{"type":"Polygon","coordinates":[[[-63.17,18.16],[-62.99,18.23],[-63.06,18.26],[-63.17,18.16]]]},"properties":{"NAME":null,"ABBREVN":null,"SUBJECTO":null,"BORDERPRECISION":1,"PARTOF":null}},
{"type":"Feature","geometry":{"type":"Polygon","coordinates":[[[-62.7,17.34],[-62.81,17.41],[-62.86,17.37],[-62.78,17.29],[-62.7,17.34]]]},"properties":{"NAME":null,"ABBREVN":null,"SUBJECTO":null,"BORDERPRECISION":1,"PARTOF":null}},
{"type":"Feature","geometry":{"type":"Polygon","coordinates":[[[-60.95,13.71],[-60.88,13.96],[-61.08,13.9],[-60.95,13.71]]]},"properties":{"NAME":null,"ABBREVN":null,"SUBJECTO":null,"BORDERPRECISION":1,"PARTOF":null}},
{"type":"Feature","geometry":{"type":"Polygon","coordinates":[[[-61.17,13.13],[-61.12,13.25],[-61.21,13.37],[-61.28,13.25],[-61.17,13.13]]]},"properties":{"NAME":null,"ABBREVN":null,"SUBJECTO":null,"BORDERPRECISION":1,"PARTOF":null}},
{"type":"Feature","geometry":{"type":"Polygon","coordinates":[[[-64.76,17.77],[-64.87,17.77],[-64.89,17.69],[-64.74,17.71],[-64.76,17.77]]]},"properties":{"NAME":null,"ABBREVN":null,"SUBJECTO":null,"BORDERPRECISION":1,"PARTOF":null}},
{"type":"Feature","geometry":{"type":"Polygon","coordinates":[[[-61.35,16.33],[-61.5,16.35],[-61.79,16.24],[-61.7,15.95],[-61.55,16.05],[-61.58,16.2],[-61.35,16.33]]]},"properties":{"NAME":null,"ABBREVN":null,"SUBJECTO":null,"BORDERPRECISION":1,"PARTOF":null}},
{"type":"Feature","geometry":{"type":"Polygon","coordinates":[[[-68.97,12.2],[-69.08,12.35],[-69.16,12.31],[-69.06,12.19],[-68.83,12.05],[-68.82,12.16],[-68.97,12.2]]]},"properties":{"NAME":null,"ABBREVN":null,"SUBJECTO":null,"BORDERPRECISION":1,"PARTOF":null}},
{"type":"Feature","geometry":{"type":"Polygon","coordinates":[[[-63.01,18.07],[-63.05,18.12],[-63.14,18.06],[-63.01,18.07]]]},"properties":{"NAME":null,"ABBREVN":null,"SUBJECTO":null,"BORDERPRECISION":1,"PARTOF":null}},
{"type":"Feature","geometry":{"type":"Polygon","coordinates":[[[-63.14,18.06],[-63.03,18.02],[-63.01,18.07],[-63.14,18.06]]]},"properties":{"NAME":null,"ABBREVN":null,"SUBJECTO":null,"BORDERPRECISION":1,"PARTOF":null}},
{"type":"Feature","geometry":{"type":"Polygon","coordinates":[[[-155.93,20.28],[-156.03,19.11],[-154.95,19.48],[-155.93,20.28]]]},"properties":{"NAME":"Polynesians","ABBREVN":"Polynesians","SUBJECTO":"Polynesians","BORDERPRECISION":1,"PARTOF":"Polynesians"}},
{"type":"Feature","geometry":{"type":"Polygon","coordinates":[[[-53.11,48.52],[-57.36,50.6],[-59.16,47.67],[-56.08,47.87],[-52.73,47.45],[-53.11,48.52]]]},"properties":{"NAME":"Beothuk","ABBREVN":"Beothuk","SUBJECTO":"Beothuk","BORDERPRECISION":1,"PARTOF":"Beothuk"}},
{"type":"Feature","geometry":{"type":"Polygon","coordinates":[[[-64.88,50.33],[-60.14,50.41],[-55.66,52.19],[-55.88,53.35],[-57.52,54.47],[-61.93,56.28],[-62.28,55.59],[-62.74,54.65],[-63.2,53.73],[-64.88,50.33]]]},"properties":{"NAME":"Innu","ABBREVN":"Innu","SUBJECTO":"Innu","BORDERPRECISION":1,"PARTOF":"Innu"}},
{"type":"Feature","geometry":{"type":"Polygon","coordinates":[[[-77.25,-2.1],[-78.56,-2.13],[-78.39,-2.91],[-77.25,-2.76],[-77.25,-2.1]]]},"properties":{"NAME":"Shuar","ABBREVN":"Shuar","SUBJECTO":"Shuar","BORDERPRECISION":1,"PARTOF":"Shuar"}},
{"type":"Feature","geometry":{"type":"Polygon","coordinates":[[[19.33,57.96],[19.1,57.98],[19.14,57.91],[19.33,57.96]]]},"properties":{"NAME":null,"ABBREVN":null,"SUBJECTO":null,"BORDERPRECISION":1,"PARTOF":null}},
{"type":"Feature","geometry":{"type":"Polygon","coordinates":[[[142.34,-10.92],[141.68,-12.47],[141.71,-15.23],[140.8,-17.56],[139.25,-17.43],[135.39,-14.9],[136.66,-12.62],[133.56,-11.95],[130.46,-12.76],[129.2,-14.99],[126.85,-13.78],[124.42,-15.66],[124.28,-16.52],[122.74,-16.58],[122.2,-18.24],[120.87,-19.68],[117.6,-20.76],[116.42,-20.84],[113.63,-22.57],[113.43,-26.57],[114.63,-28.9],[115.75,-32.21],[115.05,-34.42],[116.56,-35.19],[118.21,-35.09],[119.77,-34.12],[123.62,-33.92],[126.06,-32.43],[129.19,-31.8],[131.28,-31.63],[133.84,-32.34],[135.53,-35.05],[137.46,-33.31],[139.37,-35.61],[140.01,-37.64],[143.36,-38.97],[144.97,-38.07],[145.93,-38.88],[149.5,-37.93],[150.22,-35.69],[151.36,-33.52],[152.97,-31.42],[153.49,-28.84],[153.07,-26.23],[150.75,-22.81],[149.56,-22.43],[149.1,-21.06],[146.32,-19.08],[145.18,-15.05],[143.74,-14.47],[143.17,-12.12],[142.34,-10.92]]]},"properties":{"NAME":"Australian aboriginal hunter-gatherers","ABBREVN":"Australian aboriginal hunter-gatherers","SUBJECTO":"Australian aboriginal hunter-gatherers","BORDERPRECISION":1,"PARTOF":"Australian aboriginal hunter-gatherers"}},
{"type":"Feature","geometry":{"type":"Polygon","coordinates":[[[146.71,-43.72],[147.82,-42.97],[148.27,-41.09],[146.38,-41.31],[144.78,-40.84],[145.72,-43.24],[146.71,-43.72]]]},"properties":{"NAME":"Tasmanian hunter-gatherers","ABBREVN":"Tasmanian hunter-gatherers","SUBJECTO":"Tasmanian hunter-gatherers","BORDERPRECISION":1,"PARTOF":"Tasmanian hunter-gatherers"}},
{"type":"Feature","geometry":{"type":"Polygon","coordinates":[[[-69.22,48.68],[-66.37,50.31],[-64.88,50.33],[-63.2,53.73],[-62.74,54.65],[-65.64,55.26],[-71.03,55.2],[-74.2,52.93],[-78.57,52.49],[-78.49,52.26],[-78.55,52.01],[-78.7,51.57],[-78.75,51.32],[-78.82,51.16],[-79.11,51.52],[-79.53,51.42],[-79.5,51.14],[-79.34,50.84],[-81.75,52.17],[-81.71,52.33],[-82.34,52.98],[-82.16,53.8],[-82.4,54.27],[-82.34,54.65],[-87.47,55.91],[-90.2,57.07],[-90.44,57.14],[-92.71,56.83],[-102.14,57.21],[-111.28,58.55],[-122.49,54.24],[-114.47,52],[-105.19,51.45],[-98.92,50.23],[-95.57,50],[-87.79,49.93],[-83.76,49.02],[-83.27,50.23],[-81.27,49.74],[-81.17,50.03],[-69.22,48.68]]]},"properties":{"NAME":"Subarctic forest hunter-gatherers","ABBREVN":"Subarctic forest hunter-gatherers","SUBJECTO":"Subarctic forest hunter-gatherers","BORDERPRECISION":1,"PARTOF":"Subarctic forest hunter-gatherers"}},
{"type":"Feature","geometry":{"type":"Polygon","coordinates":[[[-130.87,55.73],[-130.7,55.47],[-130.69,54.97],[-130.07,55.1],[-129.84,54.98],[-130.18,54.17],[-128.81,53.76],[-128.43,52.94],[-128.08,52.94],[-127.87,52.41],[-125.76,53.13],[-122.49,54.24],[-111.28,58.55],[-118.2,62.71],[-124.94,64.83],[-132.43,62.5],[-138.75,62.42],[-128.7,60.74],[-130.87,55.73]]]},"properties":{"NAME":"Athabaskan","ABBREVN":"Athabaskan","SUBJECTO":"Athabaskan","BORDERPRECISION":1,"PARTOF":"Athabaskan"}},
{"type":"Feature","geometry":{"type":"Polygon","coordinates":[[[-68.41,-30.48],[-67.48,-31.66],[-63.56,-30.04],[-57.35,-29.68],[-54.36,-30.59],[-52.14,-31.74],[-52.04,-31.56],[-51.45,-31.02],[-51.23,-30.27],[-50.61,-30.3],[-51.12,-31.47],[-49.94,-29.63],[-48.8,-28.48],[-49.84,-26.8],[-49.49,-24.55],[-48.47,-23.75],[-53.12,-14.28],[-60.27,-13.81],[-64.19,-14.69],[-64.66,-16.8],[-65.72,-18.08],[-65.49,-19.14],[-67.15,-25.22],[-68.26,-28.54],[-68.41,-30.48]]]},"properties":{"NAME":"Savanna hunter-gatherers","ABBREVN":"Savanna hunter-gatherers","SUBJECTO":"Savanna hunter-gatherers","BORDERPRECISION":1,"PARTOF":"Savanna hunter-gatherers"}},
{"type":"Feature","geometry":{"type":"MultiPolygon","coordinates":[[[[-65.26,-54.82],[-68.71,-53.23],[-68.31,-52.94],[-70.33,-53.47],[-69.44,-53.41],[-70.04,-53.99],[-69.06,-54.6],[-70.5,-54.92],[-65.26,-54.82]]],[[[-72.84,-52.65],[-73.24,-52.57],[-73.08,-53.03],[-72.84,-52.65]]],[[[-73.46,-42.26],[-74.17,-42.35],[-74.24,-43.37],[-73.7,-43.39],[-73.83,-42.56],[-73.46,-42.26]]],[[[-72.59,-41.62],[-72.61,-42],[-72.47,-42.03],[-72.53,-43.06],[-72.76,-44.37],[-72.58,-44.44],[-73.14,-45.34],[-73.05,-45.38],[-73.97,-46.71],[-74,-46.49],[-74.43,-46.53],[-74.04,-46.09],[-75.44,-46.63],[-75.02,-46.55],[-74.86,-46.82],[-73.98,-47.03],[-74.38,-47.42],[-74.3,-47.76],[-73.36,-47.97],[-73.96,-49.24],[-73.93,-49.99],[-73.93,-50.51],[-73.53,-50.43],[-74.21,-51.02],[-73.68,-51.23],[-73.78,-51.61],[-73.26,-51.71],[-73.11,-52.1],[-72.45,-52.16],[-72.21,-52.57],[-71.68,-52.64],[-72.75,-53.14],[-71.15,-52.96],[-71.44,-53.88],[-70.73,-52.8],[-68.46,-52.42],[-69.08,-51.5],[-69.11,-51.35],[-71.17,-51.56],[-72.04,-48.77],[-72.19,-45.99],[-71.63,-43.2],[-70.58,-40.58],[-72.07,-40.55],[-72.73,-41.55],[-72.59,-41.62]]]]},"properties":{"NAME":"Patagonian shellfish and marine mammal hunters","ABBREVN":"Patagonian shellfish and marine mammal hunters","SUBJECTO":"Patagonian shellfish and marine mammal hunters","BORDERPRECISION":1,"PARTOF":"Patagonian shellfish and marine mammal hunters"}},
{"type":"Feature","geometry":{"type":"Polygon","coordinates":[[[-71.52,-32.18],[-71.62,-33.71],[-72.63,-35.65],[-73.44,-37.9],[-73.19,-39.57],[-73.67,-41.48],[-73.46,-41.79],[-72.73,-41.55],[-72.07,-40.55],[-69.44,-37.16],[-67.65,-33.58],[-67.48,-31.66],[-68.41,-30.48],[-68.44,-30.94],[-69.37,-32.6],[-69.37,-34.44],[-71.03,-37.21],[-73.14,-37.16],[-71.62,-33.71],[-71.52,-32.18]]]},"properties":{"NAME":"Andean hunter-gatherers","ABBREVN":"Andean hunter-gatherers","SUBJECTO":"Andean hunter-gatherers","BORDERPRECISION":1,"PARTOF":"Andean hunter-gatherers"}},
{"type":"Feature","geometry":{"type":"Polygon","coordinates":[[[-64.19,-14.69],[-60.27,-13.81],[-53.12,-14.28],[-46.28,-3.55],[-49.07,-4.74],[-54.16,-4.63],[-56.33,-4.33],[-58.44,-2.29],[-57.97,-0.59],[-55.8,0.88],[-55.86,1.7],[-58.56,3.98],[-62.66,4.15],[-66.41,3.04],[-70.16,-5.74],[-69.05,-8.24],[-64.19,-14.69]]]},"properties":{"NAME":"Amazon hunter-gatherers","ABBREVN":"Amazon hunter-gatherers","SUBJECTO":"Amazon hunter-gatherers","BORDERPRECISION":1,"PARTOF":"Amazon hunter-gatherers"}},
{"type":"Feature","geometry":{"type":"MultiPolygon","coordinates":[[[[-61.12,9.17],[-62.3,9.72],[-62.93,10.37],[-62.2,10.62],[-64.07,10.63],[-64.88,10.14],[-66.48,10.68],[-68.3,10.73],[-69.74,11.66],[-69.78,11.79],[-69.79,11.87],[-69.87,12.01],[-70.2,11.75],[-69.87,11.76],[-69.79,11.69],[-71.46,10.88],[-71.5,10.65],[-71.38,10.41],[-71.09,9.92],[-70.68,8.56],[-65.97,8.18],[-63.07,8.33],[-61.12,9.17]]],[[[-48.55,-0.63],[-50.5,-0.26],[-50.48,-1.68],[-48.89,-1.42],[-48.55,-0.63]]]]},"properties":{"NAME":"Caribbean hunter-gatherers","ABBREVN":"Caribbean hunter-gatherers","SUBJECTO":"Caribbean hunter-gatherers","BORDERPRECISION":1,"PARTOF":"Caribbean hunter-gatherers"}},
{"type":"Feature","geometry":{"type":"Polygon","coordinates":[[[-52.14,-31.74],[-54.36,-30.59],[-57.35,-29.68],[-63.56,-30.04],[-67.48,-31.66],[-67.65,-33.58],[-69.44,-37.16],[-72.07,-40.55],[-70.58,-40.58],[-71.63,-43.2],[-72.19,-45.99],[-72.04,-48.77],[-71.17,-51.56],[-69.11,-51.35],[-69.04,-50.56],[-67.83,-49.97],[-67.58,-49.06],[-65.78,-47.71],[-67.47,-46.27],[-65.66,-44.94],[-65.63,-44.72],[-64.7,-43.2],[-65.09,-42.78],[-64.17,-42.65],[-64,-42.85],[-63.62,-42.57],[-64.12,-42.38],[-64.99,-42.19],[-64.92,-41.73],[-65.13,-41.24],[-62.26,-40.8],[-62.47,-40.37],[-62.11,-39.69],[-62.35,-39.33],[-57.81,-38.39],[-56.7,-36.94],[-57.37,-36.15],[-57.24,-35.58],[-58.52,-34.59],[-56.34,-35],[-54.07,-34.65],[-52.35,-32.68],[-52.14,-31.74]]]},"properties":{"NAME":"Pampas cultures","ABBREVN":"Pampas cultures","SUBJECTO":"Pampas cultures","BORDERPRECISION":1,"PARTOF":"Pampas cultures"}},
{"type":"Feature","geometry":{"type":"Polygon","coordinates":[[[-120.71,40.92],[-118.84,38.88],[-109.05,38.88],[-111.67,41.94],[-119.02,43.11],[-120.46,43.57],[-120.18,41.01],[-120.71,40.92]]]},"properties":{"NAME":"Desert hunter-gatherers","ABBREVN":"Desert hunter-gatherers","SUBJECTO":"Desert hunter-gatherers","BORDERPRECISION":1,"PARTOF":"Desert hunter-gatherers"}},
{"type":"Feature","geometry":{"type":"MultiPolygon","coordinates":[[[[-126.52,49.82],[-126.56,49.57],[-125.89,49.38],[-125.78,49.09],[-125,49.17],[-125.1,48.8],[-123.59,48.63],[-125.72,50.41],[-128.34,50.67],[-126.52,49.82]]],[[[-132.17,54.85],[-132.69,55.65],[-132.62,55.75],[-133.27,55.83],[-133.02,55.37],[-132.17,54.85]]],[[[-120.46,43.62],[-120.48,48.96],[-125.76,53.13],[-127.87,52.41],[-127.43,52.46],[-127.04,52.46],[-127.46,51.77],[-127.35,51.64],[-127.46,51.02],[-126.69,50.99],[-126.43,51.09],[-126.23,50.93],[-126.09,50.71],[-124.94,50.6],[-124.47,49.81],[-124.15,49.93],[-123.92,49.89],[-123.7,49.53],[-123.21,49.62],[-122.98,49.14],[-122.61,48.83],[-122.53,48.7],[-122.35,48.08],[-123.18,47.49],[-121,48.53],[-120.46,43.62]]]]},"properties":{"NAME":"North American Pacifi foraging, hunting and fishing peoples","ABBREVN":"North American Pacifi foraging, hunting and fishing peoples","SUBJECTO":"North American Pacifi foraging, hunting and fishing peoples","BORDERPRECISION":1,"PARTOF":"North American Pacifi foraging, hunting and fishing peoples"}},
{"type":"Feature","geometry":{"type":"Polygon","coordinates":[[[-120.46,43.57],[-119.02,43.11],[-111.67,41.94],[-114.13,47.95],[-114.47,52],[-122.49,54.24],[-125.76,53.13],[-120.48,48.96],[-120.46,43.62],[-120.46,43.57]],[[-117.85,46.35],[-116.63,46.87],[-114.47,46.37],[-114.21,45.53],[-117.39,44.79],[-117.85,46.35]]]},"properties":{"NAME":"Plateau fichers and hunter gatherers","ABBREVN":"Plateau fichers and hunter gatherers","SUBJECTO":"Plateau fichers and hunter gatherers","BORDERPRECISION":1,"PARTOF":"Plateau fichers and hunter gatherers"}},
{"type":"Feature","geometry":{"type":"MultiPolygon","coordinates":[[[[-97.75,28.69],[-96.6,28.38],[-96.58,28.43],[-96.77,28.62],[-95.38,28.96],[-97.75,28.69]]],[[[-96.51,33.63],[-97.14,34.47],[-96.41,35.65],[-94.12,35.88],[-94.12,39.73],[-94.23,46.72],[-95.57,50],[-98.92,50.23],[-105.19,51.45],[-114.47,52],[-114.13,47.95],[-111.67,41.94],[-109.05,38.88],[-102.57,38.88],[-102.57,33.18],[-99.44,33.41],[-96.51,33.63]],[[-104.55,45.07],[-102.23,44.17],[-104.16,41.97],[-105.98,43.31],[-110.28,44.75],[-111.55,45.51],[-110.16,46.79],[-106.28,47.92],[-104.54,47.13],[-104.55,45.07]]]]},"properties":{"NAME":"Plain bison hunters","ABBREVN":"Plain bison hunters","SUBJECTO":"Plain bison hunters","BORDERPRECISION":1,"PARTOF":"Plain bison hunters"}},
{"type":"Feature","geometry":{"type":"Polygon","coordinates":[[[-80.26,38.77],[-82.47,41.41],[-82.52,41.94],[-85.5,44.68],[-85.25,45.31],[-84.98,45.98],[-84.79,46.47],[-87.76,46.86],[-90.28,46.62],[-91.15,47.37],[-88.09,49],[-85.03,47.94],[-84.61,46.9],[-83.76,49.02],[-87.79,49.93],[-95.57,50],[-94.23,46.72],[-94.12,39.73],[-94.12,35.88],[-96.41,35.65],[-97.14,34.47],[-96.51,33.63],[-95.25,33.73],[-95.41,35.3],[-86,35.23],[-80.26,38.77]]]},"properties":{"NAME":null,"ABBREVN":null,"SUBJECTO":null,"BORDERPRECISION":1,"PARTOF":null}},
{"type":"Feature","geometry":{"type":"Polygon","coordinates":[[[-109.73,36.41],[-103.38,37.34],[-103,33.15],[-102.57,33.18],[-102.57,38.88],[-109.05,38.88],[-118.84,38.88],[-115.77,35.52],[-109.73,36.41]]]},"properties":{"NAME":null,"ABBREVN":null,"SUBJECTO":null,"BORDERPRECISION":1,"PARTOF":null}},
{"type":"Feature","geometry":{"type":"Polygon","coordinates":[[[-122.98,49.14],[-122.53,48.7],[-122.61,48.83],[-122.98,49.14]]]},"properties":{"NAME":null,"ABBREVN":null,"SUBJECTO":null,"BORDERPRECISION":1,"PARTOF":null}},
{"type":"Feature","geometry":{"type":"Polygon","coordinates":[[[-123.7,49.53],[-123.53,49.51],[-123.21,49.62],[-123.7,49.53]]]},"properties":{"NAME":null,"ABBREVN":null,"SUBJECTO":null,"BORDERPRECISION":1,"PARTOF":null}},
{"type":"Feature","geometry":{"type":"Polygon","coordinates":[[[-124.47,49.81],[-123.92,49.89],[-124.15,49.93],[-124.47,49.81]]]},"properties":{"NAME":null,"ABBREVN":null,"SUBJECTO":null,"BORDERPRECISION":1,"PARTOF":null}},
{"type":"Feature","geometry":{"type":"Polygon","coordinates":[[[-126.09,50.71],[-125.41,50.55],[-124.94,50.6],[-126.09,50.71]]]},"properties":{"NAME":null,"ABBREVN":null,"SUBJECTO":null,"BORDERPRECISION":1,"PARTOF":null}},
{"type":"Feature","geometry":{"type":"Polygon","coordinates":[[[-127.46,51.02],[-126.23,50.93],[-126.43,51.09],[-126.69,50.99],[-127.46,51.02]]]},"properties":{"NAME":null,"ABBREVN":null,"SUBJECTO":null,"BORDERPRECISION":1,"PARTOF":null}},
{"type":"Feature","geometry":null,"properties":{"NAME":null,"ABBREVN":null,"SUBJECTO":null,"BORDERPRECISION":1,"PARTOF":null}},
{"type":"Feature","geometry":{"type":"Polygon","coordinates":[[[-127.87,52.41],[-127.71,52.39],[-127.43,52.46],[-127.04,52.46],[-127.43,52.46],[-127.87,52.41]]]},"properties":{"NAME":null,"ABBREVN":null,"SUBJECTO":null,"BORDERPRECISION":1,"PARTOF":null}},
{"type":"Feature","geometry":{"type":"Polygon","coordinates":[[[-138.75,62.42],[-132.43,62.5],[-124.94,64.83],[-118.2,62.71],[-111.28,58.55],[-102.14,57.21],[-92.71,56.83],[-93.07,58.55],[-94.68,58.88],[-94.38,60.8],[-92.89,62.13],[-98.73,65.63],[-128.37,66.88],[-143.61,68.65],[-150.42,61.31],[-150.14,61.24],[-144.17,63.33],[-138.75,62.42]]]},"properties":{"NAME":null,"ABBREVN":null,"SUBJECTO":null,"BORDERPRECISION":1,"PARTOF":null}},
{"type":"Feature","geometry":{"type":"Polygon","coordinates":[[[-90.2,57.07],[-90,57.07],[-90,57.18],[-90.44,57.14],[-90.2,57.07]]]},"properties":{"NAME":null,"ABBREVN":null,"SUBJECTO":null,"BORDERPRECISION":1,"PARTOF":null}},
{"type":"Feature","geometry":null,"properties":{"NAME":null,"ABBREVN":null,"SUBJECTO":null,"BORDERPRECISION":1,"PARTOF":null}},
{"type":"Feature","geometry":{"type":"Polygon","coordinates":[[[-82.34,52.98],[-82.21,53.34],[-82.16,53.8],[-82.34,52.98]]]},"properties":{"NAME":null,"ABBREVN":null,"SUBJECTO":null,"BORDERPRECISION":1,"PARTOF":null}},
{"type":"Feature","geometry":null,"properties":{"NAME":null,"ABBREVN":null,"SUBJECTO":null,"BORDERPRECISION":1,"PARTOF":null}},
{"type":"Feature","geometry":null,"properties":{"NAME":null,"ABBREVN":null,"SUBJECTO":null,"BORDERPRECISION":1,"PARTOF":null}},
{"type":"Feature","geometry":null,"properties":{"NAME":null,"ABBREVN":null,"SUBJECTO":null,"BORDERPRECISION":1,"PARTOF":null}},
{"type":"Feature","geometry":null,"properties":{"NAME":null,"ABBREVN":null,"SUBJECTO":null,"BORDERPRECISION":1,"PARTOF":null}},
{"type":"Feature","geometry":{"type":"Polygon","coordinates":[[[-62.28,55.59],[-62.37,55.59],[-64.6,58.15],[-68.21,57.04],[-74.52,60.12],[-75.37,54.66],[-79.55,54.69],[-78.74,52.74],[-74.2,52.93],[-71.03,55.2],[-65.64,55.26],[-62.74,54.65],[-62.28,55.59]]]},"properties":{"NAME":null,"ABBREVN":null,"SUBJECTO":null,"BORDERPRECISION":1,"PARTOF":null}},
{"type":"Feature","geometry":null,"properties":{"NAME":null,"ABBREVN":null,"SUBJECTO":null,"BORDERPRECISION":1,"PARTOF":null}},
{"type":"Feature","geometry":{"type":"Polygon","coordinates":[[[-130.18,54.17],[-129.43,53.52],[-128.81,53.76],[-130.18,54.17]]]},"properties":{"NAME":null,"ABBREVN":null,"SUBJECTO":null,"BORDERPRECISION":1,"PARTOF":null}},
{"type":"Feature","geometry":{"type":"Polygon","coordinates":[[[-130.69,54.97],[-129.84,54.98],[-130.07,55.1],[-130.69,54.97]]]},"properties":{"NAME":null,"ABBREVN":null,"SUBJECTO":null,"BORDERPRECISION":1,"PARTOF":null}},
{"type":"Feature","geometry":null,"properties":{"NAME":null,"ABBREVN":null,"SUBJECTO":null,"BORDERPRECISION":1,"PARTOF":null}},
{"type":"Feature","geometry":{"type":"Polygon","coordinates":[[[28.14,-19.94],[12.91,-19.7],[12.52,-19.06],[14.53,-22.5],[15.15,-26.33],[15.29,-27.15],[15.66,-27.89],[16.79,-29.14],[18.18,-31.81],[17.93,-33.1],[18.07,-33.22],[18.46,-33.83],[18.35,-34.35],[18.72,-34.22],[18.84,-34.44],[19.28,-34.5],[19.88,-34.99],[22.68,-34.1],[24.43,-34.33],[26.66,-33.85],[28.92,-32.3],[32.23,-28.74],[32.92,-26.52],[32.5,-26.07],[33.35,-25.3],[35.5,-24.09],[35.3,-23.83],[35.53,-22.46],[35.26,-22.27],[34.99,-21.27],[35.03,-21.19],[34.67,-20.52],[34.72,-20.04],[33.47,-20.02],[33.4,-20.54],[33.4,-20.58],[33.4,-20.76],[33.36,-20.84],[33.06,-23.08],[31.37,-25.28],[29.38,-25.87],[28.64,-24.91],[28.02,-21.23],[28.14,-19.94]]]},"properties":{"NAME":"Khoiasan","ABBREVN":"Khoiasan","SUBJECTO":"Khoiasan","BORDERPRECISION":1,"PARTOF":"Khoiasan"}},
{"type":"Feature","geometry":{"type":"Polygon","coordinates":[[[42.46,9.51],[42.17,7.15],[38.32,6.5],[35.58,5.53],[33.02,6.86],[32.35,9.53],[30.6,11.12],[24.07,11.18],[23.2,11.78],[20.67,11.96],[18.63,10.17],[15.66,11.31],[14.71,12.51],[12.35,11.2],[10.73,11.29],[9.85,10.91],[7.18,11.05],[4.67,11.51],[3.56,12.18],[3.39,13.12],[1.93,12.33],[-1.17,10.85],[-3.48,10.29],[-6.83,10.11],[-15.1,11.81],[-15.34,11.22],[-15.03,11.16],[-14.97,10.85],[-14.57,10.78],[-14.47,10.33],[-13.68,9.92],[-13.28,9.27],[-13.14,9.03],[-13.14,8.72],[-12.93,8.63],[-12.91,8.56],[-12.99,8.46],[-13.21,8.35],[-13.04,8.14],[-12.27,7.63],[-12.05,7.26],[-9.25,5.17],[-7.53,4.34],[-5,5.24],[-3.94,5.27],[-3.49,5.9],[-0.4,6.12],[3.95,6.58],[4.82,7.93],[2.63,7.81],[2.33,9.58],[4.32,9.8],[5.34,8.72],[6.88,8.64],[7.37,7.91],[6.76,5.83],[12.6,7.73],[22.22,6.2],[33.93,2.84],[34.41,2.49],[43.41,2.51],[44.28,3.36],[47.64,4.1],[50.78,9.37],[51.18,11.78],[49.3,11.25],[47.39,11.16],[44.28,10.4],[43.5,9.73],[42.46,9.51]]]},"properties":{"NAME":"West African cereal farmers","ABBREVN":"West African cereal farmers","SUBJECTO":"West African cereal farmers","BORDERPRECISION":1,"PARTOF":"West African cereal farmers"}},
{"type":"Feature","geometry":{"type":"Polygon","coordinates":[[[143.14,52.86],[141.84,52.96],[142.02,51.43],[142.11,51.22],[141.89,48.45],[141.98,48.28],[141.91,47.07],[141.9,45.91],[143.3,46.01],[142.61,47.46],[142.85,49.13],[143.97,49.06],[143.07,51.27],[143.14,52.86]]]},"properties":{"NAME":"Ainus","ABBREVN":"Ainus","SUBJECTO":"Ainus","BORDERPRECISION":1,"PARTOF":"Ainus"}},
{"type":"Feature","geometry":{"type":"Polygon","coordinates":[[[41.31,43.56],[42.52,47.05],[44.36,49.43],[42.59,50.91],[40.03,49.08],[38.14,49.05],[36.07,47.9],[32.09,46.93],[35.39,45.08],[35.34,46.34],[37.97,46.44],[37.47,44.69],[41.12,43.02],[41.31,43.56]]]},"properties":{"NAME":"Crimean Khanate","ABBREVN":"Crimean Khanate","SUBJECTO":"Ottoman Empire","BORDERPRECISION":1,"PARTOF":"Ottoman Empire","wikipedia":"https://en.wikipedia.org/wiki/Crimean_Khanate"}},
{"type":"Feature","geometry":{"type":"Polygon","coordinates":[[[-1.75,48.18],[-3.09,48.87],[-4.35,48.39],[-2.58,47.32],[-1.75,48.18]]]},"properties":{"NAME":"Britany","ABBREVN":"Britany","SUBJECTO":"Britany","BORDERPRECISION":1,"PARTOF":"Britany"}},
{"type":"Feature","geometry":{"type":"Polygon","coordinates":[[[-8.31,33.34],[-9.81,31.29],[-9.66,29.95],[-11.58,28.23],[-12.87,27.86],[-14.37,26.12],[-17.05,21],[-16.35,20.52],[-16.06,18.67],[-12.04,18.43],[-9.09,18.65],[-7.1,18.43],[-5.9,17.79],[-3.64,19.02],[-1.58,19.38],[-0.4,18.94],[3.41,14.1],[3.39,13.12],[3.56,12.18],[3.78,13.66],[8.3,14.52],[10.07,14.22],[11.77,16.21],[11.99,20.34],[13.31,20.97],[15.01,15.04],[15.82,13.12],[14.71,12.51],[15.66,11.31],[18.63,10.17],[20.67,11.96],[23.2,11.78],[24.07,11.18],[30.6,11.12],[32.35,9.53],[33.02,6.86],[35.58,5.53],[38.32,6.5],[35.98,7.44],[35.46,9.58],[35.61,12.23],[36.42,14.89],[38.85,15.63],[41.14,13.86],[41.43,12.75],[40.7,11.28],[41.51,10.76],[42.81,11.78],[42.35,13.27],[40.74,14.92],[39.52,15.46],[38.53,18.16],[36.45,18.07],[35.96,19.42],[37.17,20.76],[35.75,22.91],[35.19,24.4],[32.51,23.73],[29.34,24.03],[27.43,27.2],[25.44,28.01],[21.68,28.08],[17,28.75],[12.53,30.8],[7.89,32.59],[6.5,32.73],[-1.8,32.43],[-4.89,32.4],[-8.31,33.34]],[[33.69,16.44],[34.21,15.7],[34.58,12.75],[33.62,10.98],[32.37,10.98],[31.78,12.38],[32.15,16.29],[31.63,17.39],[33.03,18.28],[34.21,17.25],[33.69,16.44]]]},"properties":{"NAME":null,"ABBREVN":null,"SUBJECTO":null,"BORDERPRECISION":1,"PARTOF":null}},
{"type":"Feature","geometry":{"type":"Polygon","coordinates":[[[44.3,1.29],[45.54,1.97],[47.64,4.1],[44.28,3.36],[43.41,2.51],[39.42,-1.38],[42.79,1.32],[44.3,1.29]]]},"properties":{"NAME":null,"ABBREVN":null,"SUBJECTO":null,"BORDERPRECISION":1,"PARTOF":null}},
{"type":"Feature","geometry":{"type":"Polygon","coordinates":[[[40.4,-11.23],[40.31,-11.34],[40.37,-12.99],[40.4,-11.23]]]},"properties":{"NAME":null,"ABBREVN":null,"SUBJECTO":null,"BORDERPRECISION":1,"PARTOF":null}},
{"type":"Feature","geometry":{"type":"Polygon","coordinates":[[[40.62,-14.48],[40.6,-13.53],[40.6,-14.4],[40.62,-14.48]]]},"properties":{"NAME":null,"ABBREVN":null,"SUBJECTO":null,"BORDERPRECISION":1,"PARTOF":null}},
{"type":"Feature","geometry":{"type":"Polygon","coordinates":[[[40.53,-15.18],[40.78,-14.92],[40.86,-14.7],[40.53,-15.18]]]},"properties":{"NAME":null,"ABBREVN":null,"SUBJECTO":null,"BORDERPRECISION":1,"PARTOF":null}},
{"type":"Feature","geometry":{"type":"Polygon","coordinates":[[[34.67,-20.52],[34.71,-20.29],[34.73,-19.86],[34.85,-19.8],[35.91,-19.03],[37.28,-17.71],[39.8,-16.42],[40.57,-15.48],[39.8,-16.42],[37.28,-17.71],[35.91,-19.03],[34.85,-19.8],[34.73,-19.86],[34.72,-20.04],[34.67,-20.52]]]},"properties":{"NAME":null,"ABBREVN":null,"SUBJECTO":null,"BORDERPRECISION":1,"PARTOF":null}},
{"type":"Feature","geometry":{"type":"Polygon","coordinates":[[[12.52,-19.06],[12.08,-18.49],[14.53,-22.5],[12.52,-19.06]]]},"properties":{"NAME":null,"ABBREVN":null,"SUBJECTO":null,"BORDERPRECISION":1,"PARTOF":null}},
{"type":"Feature","geometry":null,"properties":{"NAME":null,"ABBREVN":null,"SUBJECTO":null,"BORDERPRECISION":1,"PARTOF":null}},
{"type":"Feature","geometry":null,"properties":{"NAME":null,"ABBREVN":null,"SUBJECTO":null,"BORDERPRECISION":1,"PARTOF":null}},
{"type":"Feature","geometry":{"type":"Polygon","coordinates":[[[10.52,-3.24],[12.23,-5.36],[11.77,-4.54],[10.52,-3.24]]]},"properties":{"NAME":null,"ABBREVN":null,"SUBJECTO":null,"BORDERPRECISION":1,"PARTOF":null}},
{"type":"Feature","geometry":{"type":"Polygon","coordinates":[[[9.66,-2.42],[10.06,-2.57],[9.89,-2.44],[9.66,-2.42]]]},"properties":{"NAME":null,"ABBREVN":null,"SUBJECTO":null,"BORDERPRECISION":1,"PARTOF":null}},
{"type":"Feature","geometry":{"type":"Polygon","coordinates":[[[8.98,-1.1],[9.11,-1.35],[9.47,-1.59],[8.98,-1.1]]]},"properties":{"NAME":null,"ABBREVN":null,"SUBJECTO":null,"BORDERPRECISION":1,"PARTOF":null}},
{"type":"Feature","geometry":null,"properties":{"NAME":null,"ABBREVN":null,"SUBJECTO":null,"BORDERPRECISION":1,"PARTOF":null}},
{"type":"Feature","geometry":null,"properties":{"NAME":null,"ABBREVN":null,"SUBJECTO":null,"BORDERPRECISION":1,"PARTOF":null}},
{"type":"Feature","geometry":{"type":"Polygon","coordinates":[[[35.26,-22.27],[35.03,-21.19],[34.99,-21.27],[35.26,-22.27]]]},"properties":{"NAME":null,"ABBREVN":null,"SUBJECTO":null,"BORDERPRECISION":1,"PARTOF":null}},
{"type":"Feature","geometry":{"type":"Polygon","coordinates":[[[35.3,-23.83],[35.43,-23.46],[35.53,-22.46],[35.3,-23.83]]]},"properties":{"NAME":null,"ABBREVN":null,"SUBJECTO":null,"BORDERPRECISION":1,"PARTOF":null}},
{"type":"Feature","geometry":{"type":"Polygon","coordinates":[[[32.5,-26.07],[35.5,-24.09],[33.35,-25.3],[32.5,-26.07]]]},"properties":{"NAME":null,"ABBREVN":null,"SUBJECTO":null,"BORDERPRECISION":1,"PARTOF":null}},
{"type":"Feature","geometry":{"type":"Polygon","coordinates":[[[19.88,-34.99],[22.68,-34.1],[24.43,-34.33],[26.66,-33.85],[28.92,-32.3],[32.23,-28.74],[32.92,-26.52],[32.23,-28.74],[28.92,-32.3],[26.66,-33.85],[24.43,-34.33],[22.68,-34.1],[19.88,-34.99]]]},"properties":{"NAME":null,"ABBREVN":null,"SUBJECTO":null,"BORDERPRECISION":1,"PARTOF":null}},
{"type":"Feature","geometry":null,"properties":{"NAME":null,"ABBREVN":null,"SUBJECTO":null,"BORDERPRECISION":1,"PARTOF":null}},
{"type":"Feature","geometry":{"type":"Polygon","coordinates":[[[17.93,-33.1],[18.46,-33.83],[18.07,-33.22],[17.93,-33.1]]]},"properties":{"NAME":null,"ABBREVN":null,"SUBJECTO":null,"BORDERPRECISION":1,"PARTOF":null}},
{"type":"Feature","geometry":null,"properties":{"NAME":null,"ABBREVN":null,"SUBJECTO":null,"BORDERPRECISION":1,"PARTOF":null}},
{"type":"Feature","geometry":null,"properties":{"NAME":null,"ABBREVN":null,"SUBJECTO":null,"BORDERPRECISION":1,"PARTOF":null}},
{"type":"Feature","geometry":null,"properties":{"NAME":null,"ABBREVN":null,"SUBJECTO":null,"BORDERPRECISION":1,"PARTOF":null}},
{"type":"Feature","geometry":null,"properties":{"NAME":null,"ABBREVN":null,"SUBJECTO":null,"BORDERPRECISION":1,"PARTOF":null}},
{"type":"Feature","geometry":{"type":"Polygon","coordinates":[[[9.03,4.14],[9.78,3.85],[9.65,4.02],[9.03,4.14]]]},"properties":{"NAME":null,"ABBREVN":null,"SUBJECTO":null,"BORDERPRECISION":1,"PARTOF":null}},
{"type":"Feature","geometry":{"type":"Polygon","coordinates":[[[8.26,4.75],[8.92,4.52],[8.33,4.84],[8.26,4.75]]]},"properties":{"NAME":null,"ABBREVN":null,"SUBJECTO":null,"BORDERPRECISION":1,"PARTOF":null}},
{"type":"Feature","geometry":null,"properties":{"NAME":null,"ABBREVN":null,"SUBJECTO":null,"BORDERPRECISION":1,"PARTOF":null}},
{"type":"Feature","geometry":{"type":"Polygon","coordinates":[[[33.36,-20.84],[33.4,-20.76],[33.4,-20.58],[33.36,-20.84]]]},"properties":{"NAME":null,"ABBREVN":null,"SUBJECTO":null,"BORDERPRECISION":1,"PARTOF":null}},
{"type":"Feature","geometry":null,"properties":{"NAME":null,"ABBREVN":null,"SUBJECTO":null,"BORDERPRECISION":1,"PARTOF":null}},
{"type":"Feature","geometry":{"type":"Polygon","coordinates":[[[4.82,7.93],[3.95,6.58],[-0.4,6.12],[0.54,5.72],[1.56,6.24],[3.95,6.58],[4.82,7.93]]]},"properties":{"NAME":null,"ABBREVN":null,"SUBJECTO":null,"BORDERPRECISION":1,"PARTOF":null}},
{"type":"Feature","geometry":{"type":"Polygon","coordinates":[[[-3.94,5.27],[-5,5.24],[-7.53,4.34],[-9.25,5.17],[-12.05,7.26],[-9.25,5.17],[-7.53,4.34],[-5,5.24],[-3.94,5.27]]]},"properties":{"NAME":null,"ABBREVN":null,"SUBJECTO":null,"BORDERPRECISION":1,"PARTOF":null}},
{"type":"Feature","geometry":{"type":"Polygon","coordinates":[[[-13.04,8.14],[-12.51,7.73],[-12.27,7.63],[-13.04,8.14]]]},"properties":{"NAME":null,"ABBREVN":null,"SUBJECTO":null,"BORDERPRECISION":1,"PARTOF":null}},
{"type":"Feature","geometry":null,"properties":{"NAME":null,"ABBREVN":null,"SUBJECTO":null,"BORDERPRECISION":1,"PARTOF":null}},
{"type":"Feature","geometry":null,"properties":{"NAME":null,"ABBREVN":null,"SUBJECTO":null,"BORDERPRECISION":1,"PARTOF":null}},
{"type":"Feature","geometry":{"type":"Polygon","coordinates":[[[-14.47,10.33],[-14.06,10.08],[-13.68,9.92],[-14.47,10.33]]]},"properties":{"NAME":null,"ABBREVN":null,"SUBJECTO":null,"BORDERPRECISION":1,"PARTOF":null}},
{"type":"Feature","geometry":{"type":"Polygon","coordinates":[[[-14.97,10.85],[-14.82,10.8],[-14.57,10.78],[-14.97,10.85]]]},"properties":{"NAME":null,"ABBREVN":null,"SUBJECTO":null,"BORDERPRECISION":1,"PARTOF":null}},
{"type":"Feature","geometry":{"type":"Polygon","coordinates":[[[-15.34,11.22],[-15.12,11.16],[-15.03,11.16],[-15.34,11.22]]]},"properties":{"NAME":null,"ABBREVN":null,"SUBJECTO":null,"BORDERPRECISION":1,"PARTOF":null}},
{"type":"Feature","geometry":{"type":"Polygon","coordinates":[[[-16.57,12.31],[-16.42,12.25],[-16.28,12.21],[-16.57,12.31]]]},"properties":{"NAME":null,"ABBREVN":null,"SUBJECTO":null,"BORDERPRECISION":1,"PARTOF":null}},
{"type":"Feature","geometry":{"type":"Polygon","coordinates":[[[13.08,-9.29],[13.42,-9.99],[13.64,-10.3],[13.73,-10.54],[13.82,-10.98],[13.65,-12.2],[12.59,-13.46],[11.78,-15.87],[12.08,-18.49],[12.52,-19.06],[12.91,-19.7],[28.14,-19.94],[28.17,-19.68],[30.08,-16.36],[32.96,-16.07],[33.66,-18.65],[33.47,-20.02],[34.72,-20.04],[34.73,-19.86],[34.85,-19.8],[35.91,-19.03],[37.28,-17.71],[39.8,-16.42],[40.57,-15.48],[40.53,-15.18],[40.86,-14.7],[40.62,-14.48],[40.6,-14.4],[40.6,-13.53],[40.37,-12.99],[40.31,-11.34],[40.4,-11.23],[39.25,-11.14],[38.24,-9.29],[37.73,-4.58],[39.42,-1.38],[43.41,2.51],[34.41,2.49],[33.93,2.84],[22.22,6.2],[12.6,7.73],[6.76,5.83],[6.09,4.33],[8.3,4.56],[8.26,4.75],[8.33,4.84],[8.92,4.52],[9.03,4.14],[9.65,4.02],[9.78,3.85],[9.77,3.38],[9.85,3.15],[9.92,2.82],[9.85,1.88],[9.56,1.13],[9.62,1.09],[9.64,0.96],[9.57,0.61],[9.6,0.33],[9.85,0.17],[9.88,0.08],[9.47,0.12],[8.98,-1.1],[9.47,-1.59],[9.66,-2.42],[9.89,-2.44],[10.06,-2.57],[10.52,-3.24],[11.77,-4.54],[12.23,-5.36],[12.37,-6.26],[14.58,-4.77],[15.05,-6.01],[14.4,-7.2],[14.33,-9.37],[13.08,-9.29]],[[16.2,-9.12],[16.2,-10.19],[15.24,-9.88],[16.2,-9.12]]]},"properties":{"NAME":"Bantou","ABBREVN":"Bantou","SUBJECTO":"Bantou","BORDERPRECISION":1,"PARTOF":"Bantou"}},
{"type":"Feature","geometry":{"type":"Polygon","coordinates":[[[-4.15,53.23],[-4.28,53.4],[-4.57,53.27],[-4.35,53.12],[-4.15,53.23]]]},"properties":{"NAME":null,"ABBREVN":null,"SUBJECTO":null,"BORDERPRECISION":1,"PARTOF":null}},
{"type":"Feature","geometry":{"type":"Polygon","coordinates":[[[-5.1,55.44],[-5.15,55.67],[-5.4,55.6],[-5.1,55.44]]]},"properties":{"NAME":null,"ABBREVN":null,"SUBJECTO":null,"BORDERPRECISION":1,"PARTOF":null}},
{"type":"Feature","geometry":{"type":"Polygon","coordinates":[[[-6.12,55.88],[-6.33,55.59],[-6.02,55.68],[-6.12,55.88]]]},"properties":{"NAME":null,"ABBREVN":null,"SUBJECTO":null,"BORDERPRECISION":1,"PARTOF":null}},
{"type":"Feature","geometry":{"type":"Polygon","coordinates":[[[-5.95,55.83],[-5.75,56.06],[-5.97,56.02],[-6.08,55.91],[-5.95,55.83]]]},"properties":{"NAME":null,"ABBREVN":null,"SUBJECTO":null,"BORDERPRECISION":1,"PARTOF":null}},
{"type":"Feature","geometry":{"type":"Polygon","coordinates":[[[-7.47,56.94],[-7.38,56.98],[-7.45,57.06],[-7.55,56.97],[-7.47,56.94]]]},"properties":{"NAME":null,"ABBREVN":null,"SUBJECTO":null,"BORDERPRECISION":1,"PARTOF":null}},
{"type":"Feature","geometry":{"type":"Polygon","coordinates":[[[-7.22,57.34],[-7.42,57.38],[-7.38,57.11],[-7.23,57.09],[-7.22,57.34]]]},"properties":{"NAME":null,"ABBREVN":null,"SUBJECTO":null,"BORDERPRECISION":1,"PARTOF":null}},
{"type":"Feature","geometry":{"type":"Polygon","coordinates":[[[-7.27,57.4],[-7.2,57.46],[-7.35,57.49],[-7.39,57.42],[-7.27,57.4]]]},"properties":{"NAME":null,"ABBREVN":null,"SUBJECTO":null,"BORDERPRECISION":1,"PARTOF":null}},
{"type":"Feature","geometry":{"type":"Polygon","coordinates":[[[-7.19,57.69],[-7.48,57.56],[-7.15,57.51],[-7.19,57.69]]]},"properties":{"NAME":null,"ABBREVN":null,"SUBJECTO":null,"BORDERPRECISION":1,"PARTOF":null}},
{"type":"Feature","geometry":{"type":"Polygon","coordinates":[[[-7.01,57.88],[-6.99,57.92],[-7.07,57.9],[-7.01,57.88]]]},"properties":{"NAME":null,"ABBREVN":null,"SUBJECTO":null,"BORDERPRECISION":1,"PARTOF":null}},
{"type":"Feature","geometry":{"type":"Polygon","coordinates":[[[-6.2,58.36],[-7.03,58.24],[-6.47,57.94],[-6.2,58.36]]]},"properties":{"NAME":null,"ABBREVN":null,"SUBJECTO":null,"BORDERPRECISION":1,"PARTOF":null}},
{"type":"Feature","geometry":{"type":"Polygon","coordinates":[[[-4.78,54.06],[-4.39,54.19],[-4.53,54.37],[-4.78,54.06]]]},"properties":{"NAME":null,"ABBREVN":null,"SUBJECTO":null,"BORDERPRECISION":1,"PARTOF":null}},
{"type":"Feature","geometry":{"type":"Polygon","coordinates":[[[129.72,28.45],[129.16,28.23],[129.37,28.12],[129.72,28.45]]]},"properties":{"NAME":null,"ABBREVN":null,"SUBJECTO":null,"BORDERPRECISION":1,"PARTOF":null}},
{"type":"Feature","geometry":{"type":"Polygon","coordinates":[[[129.96,29.96],[129.94,30],[129.92,29.98],[129.96,29.96]]]},"properties":{"NAME":null,"ABBREVN":null,"SUBJECTO":null,"BORDERPRECISION":1,"PARTOF":null}},
{"type":"Feature","geometry":{"type":"Polygon","coordinates":[[[129.9,29.87],[129.88,29.83],[129.92,29.82],[129.9,29.87]]]},"properties":{"NAME":null,"ABBREVN":null,"SUBJECTO":null,"BORDERPRECISION":1,"PARTOF":null}},
{"type":"Feature","geometry":{"type":"Polygon","coordinates":[[[130.91,30.35],[131.07,30.69],[130.95,30.68],[130.91,30.35]]]},"properties":{"NAME":null,"ABBREVN":null,"SUBJECTO":null,"BORDERPRECISION":1,"PARTOF":null}},
{"type":"Feature","geometry":{"type":"Polygon","coordinates":[[[130.56,30.24],[130.67,30.37],[130.51,30.46],[130.39,30.4],[130.56,30.24]]]},"properties":{"NAME":null,"ABBREVN":null,"SUBJECTO":null,"BORDERPRECISION":1,"PARTOF":null}},
{"type":"Feature","geometry":{"type":"Polygon","coordinates":[[[120.67,24.55],[120.67,24.53],[120.64,24.48],[120.56,24.39],[120.43,24.15],[120.12,23.63],[120.33,22.52],[120.57,22.37],[120.67,22.18],[120.69,22.1],[120.69,22.05],[120.7,21.97],[120.7,21.95],[120.88,22.04],[120.88,22.34],[121.84,24.48],[121.82,24.85],[122,25.01],[121.73,25.14],[121.38,25.16],[121,25],[120.7,24.6],[120.69,24.6],[120.67,24.55]]]},"properties":{"NAME":null,"ABBREVN":null,"SUBJECTO":null,"BORDERPRECISION":1,"PARTOF":null}},
{"type":"Feature","geometry":{"type":"Polygon","coordinates":[[[128.9,32.64],[128.65,32.78],[128.61,32.61],[128.9,32.64]]]},"properties":{"NAME":null,"ABBREVN":null,"SUBJECTO":null,"BORDERPRECISION":1,"PARTOF":null}},
{"type":"Feature","geometry":{"type":"MultiPolygon","coordinates":[[[[127.23,34.71],[127.27,34.73],[127.33,34.74],[127.35,34.69],[127.24,34.57],[127.32,34.44],[127.55,34.66],[128.45,34.85],[129.14,35.11],[129.44,35.48],[129.34,37.26],[128.53,38.33],[128.28,38.43],[128.27,38.42],[128.45,38.26],[129.25,37.01],[129.06,35.17],[128.16,34.8],[127.36,34.8],[127.23,34.71]]],[[[126.83,34.44],[126.89,34.41],[126.9,34.45],[126.99,34.53],[126.99,34.54],[126.99,34.55],[126.83,34.44]]],[[[126.5,34.33],[126.52,34.32],[126.56,34.3],[126.6,34.3],[126.67,34.41],[126.62,34.41],[126.5,34.33]]],[[[126.31,36.93],[126.31,36.94],[126.3,36.96],[126.29,36.96],[126.18,36.88],[126.19,36.86],[126.25,36.91],[126.31,36.93]]],[[[126.8,36.94],[126.78,36.96],[126.76,36.97],[126.5,37.05],[126.45,36.99],[126.33,36.99],[126.34,36.96],[126.35,36.95],[126.36,36.95],[126.39,36.96],[126.69,36.84],[126.8,36.94]]],[[[126.77,37.1],[126.75,37.05],[126.76,37.04],[126.79,37.01],[126.79,37.07],[126.77,37.1]]],[[[126.66,37.22],[126.66,37.16],[126.72,37.13],[126.73,37.14],[126.66,37.22]]]]},"properties":{"NAME":null,"ABBREVN":null,"SUBJECTO":null,"BORDERPRECISION":1,"PARTOF":null}},
{"type":"Feature","geometry":{"type":"Polygon","coordinates":[[[123.87,24.25],[123.92,24.37],[123.77,24.41],[123.68,24.32],[123.87,24.25]]]},"properties":{"NAME":null,"ABBREVN":null,"SUBJECTO":null,"BORDERPRECISION":1,"PARTOF":null}},
{"type":"Feature","geometry":{"type":"Polygon","coordinates":[[[125.36,24.78],[125.26,24.88],[125.25,24.74],[125.36,24.78]]]},"properties":{"NAME":null,"ABBREVN":null,"SUBJECTO":null,"BORDERPRECISION":1,"PARTOF":null}},
{"type":"Feature","geometry":{"type":"Polygon","coordinates":[[[124.26,24.46],[124.08,24.42],[124.12,24.34],[124.23,24.34],[124.26,24.46]]]},"properties":{"NAME":null,"ABBREVN":null,"SUBJECTO":null,"BORDERPRECISION":1,"PARTOF":null}},
{"type":"Feature","geometry":{"type":"Polygon","coordinates":[[[128.25,26.64],[128.25,26.84],[127.96,26.54],[128.25,26.64]]]},"properties":{"NAME":null,"ABBREVN":null,"SUBJECTO":null,"BORDERPRECISION":1,"PARTOF":null}},
{"type":"Feature","geometry":{"type":"Polygon","coordinates":[[[126.76,26.39],[126.7,26.35],[126.78,26.3],[126.81,26.35],[126.76,26.39]]]},"properties":{"NAME":null,"ABBREVN":null,"SUBJECTO":null,"BORDERPRECISION":1,"PARTOF":null}},
{"type":"Feature","geometry":{"type":"Polygon","coordinates":[[[128.95,27.68],[129.03,27.77],[128.9,27.9],[128.9,27.73],[128.95,27.68]]]},"properties":{"NAME":null,"ABBREVN":null,"SUBJECTO":null,"BORDERPRECISION":1,"PARTOF":null}},
{"type":"Feature","geometry":{"type":"Polygon","coordinates":[[[128.61,27.36],[128.7,27.45],[128.52,27.41],[128.61,27.36]]]},"properties":{"NAME":null,"ABBREVN":null,"SUBJECTO":null,"BORDERPRECISION":1,"PARTOF":null}},
{"type":"Feature","geometry":{"type":"Polygon","coordinates":[[[129.99,28.28],[130.03,28.35],[129.94,28.32],[129.99,28.28]]]},"properties":{"NAME":null,"ABBREVN":null,"SUBJECTO":null,"BORDERPRECISION":1,"PARTOF":null}},
{"type":"Feature","geometry":{"type":"Polygon","coordinates":[[[129.34,28.08],[129.34,28.11],[129.22,28.18],[129.22,28.1],[129.34,28.08]]]},"properties":{"NAME":null,"ABBREVN":null,"SUBJECTO":null,"BORDERPRECISION":1,"PARTOF":null}},
{"type":"Feature","geometry":{"type":"Polygon","coordinates":[[[129.73,29.61],[129.75,29.65],[129.71,29.65],[129.73,29.61]]]},"properties":{"NAME":null,"ABBREVN":null,"SUBJECTO":null,"BORDERPRECISION":1,"PARTOF":null}},
{"type":"Feature","geometry":null,"properties":{"NAME":null,"ABBREVN":null,"SUBJECTO":null,"BORDERPRECISION":1,"PARTOF":null}},
{"type":"Feature","geometry":{"type":"MultiPolygon","coordinates":[[[[11.18,59.07],[11.14,58.85],[11.41,58.33],[11.61,58.25],[11.8,58.18],[11.74,57.7],[11.88,57.33],[12.87,56.51],[12.51,56.12],[12.99,55.67],[13.3,55.3],[14.12,55.35],[14.13,55.67],[14.65,56.12],[16.03,56.35],[16.06,56.4],[16.74,58.31],[19.04,59.86],[17.15,60.95],[18.49,62.98],[20.7,63.82],[22.65,65.93],[25.25,65.42],[21.03,62.48],[21.56,60.51],[23.66,59.84],[28.44,60.34],[27.7,59.3],[27.66,58.94],[27.77,58.89],[31.65,59.53],[29.73,61.85],[30.47,67.49],[25.63,66.7],[21.88,66.97],[18.53,66.43],[18.96,68.29],[17.13,68.42],[16.65,68.05],[15.76,67.68],[14.62,67.25],[14.78,67.22],[13.99,66.69],[13.26,66.39],[13.58,66.19],[12.5,65.38],[11.51,64.52],[7.1,62.7],[7.55,62.6],[5.53,61.93],[5.83,61.82],[5.12,61.14],[5.39,61.03],[5.08,60.59],[5.55,60.51],[5.28,60.13],[5.89,60.16],[5.69,59.75],[6.19,59.82],[5.74,59.63],[5.42,59.52],[5.18,59.31],[5.35,59.39],[5.53,59.27],[5.68,59.41],[5.8,59.43],[6.11,59.53],[6.02,59.25],[6.24,59.28],[5.82,59.02],[6.27,58.99],[6.09,58.8],[5.67,58.82],[5.53,58.88],[5.62,58.46],[6.65,58.17],[6.64,58.04],[9.15,58.66],[9.35,58.85],[10.36,59.21],[10.38,59.37],[10.63,59.45],[10.66,59.22],[11.18,59.07]]],[[[8.56,55.36],[8.74,54.61],[8.95,54.42],[8.88,54.23],[9.44,54.25],[9.45,54.19],[9.67,54.19],[9.74,54.28],[9.88,54.25],[10.14,54.34],[10.06,54.43],[9.86,54.41],[9.98,54.49],[9.42,54.98],[9.7,55.48],[9.69,55.6],[10.15,55.76],[10.18,56.08],[10.75,56.1],[10.23,56.61],[8.32,55.85],[8.21,55.4],[8.56,55.36]]],[[[10.46,57.24],[10.4,57.51],[8.37,56.67],[10.46,57.24]]],[[[12.3,55.17],[12.16,55.38],[12.47,55.71],[11.23,55.34],[11.58,55.16],[12.3,55.17]]],[[[-21.73,65.18],[-23.51,64.56],[-21.49,64.38],[-22.37,63.77],[-18.64,63.32],[-14.82,64.2],[-13.53,65.18],[-14.75,65.7],[-17.86,65.84],[-19.16,65.73],[-21.49,65.57],[-21.3,65.7],[-22.56,66.11],[-22.47,66],[-23.43,65.83],[-23.27,65.72],[-24.15,65.44],[-21.73,65.18]]],[[[-42.82,60.8],[-40.52,63.78],[-39.99,65.53],[-35.97,65.85],[-32.96,67.64],[-26.96,68.5],[-22.73,69.77],[-25.29,71.57],[-24.08,73.76],[-20.33,73.42],[-19.19,75.44],[-21.18,76.7],[-18.25,77.3],[-20.88,78.82],[-14.2,81.21],[-22.05,81.54],[-22.43,82.74],[-32.51,83.58],[-49.65,82.48],[-61.12,81.8],[-67.14,80.56],[-65.16,79.31],[-58.83,78.24],[-51.82,74.21],[-55.63,71.73],[-51.72,71.59],[-50.48,67.48],[-52.3,66.91],[-51.37,63.73],[-48.92,61.42],[-43.14,59.82],[-42.82,60.8]]]]},"properties":{"NAME":"Kalmar Union","ABBREVN":"Kalmar Union","SUBJECTO":"Kalmar Union","BORDERPRECISION":1,"PARTOF":"Kalmar Union"}},
{"type":"Feature","geometry":{"type":"MultiPolygon","coordinates":[[[[-143.61,68.65],[-128.37,66.88],[-98.73,65.63],[-92.89,62.13],[-87.44,64.57],[-85.99,66.16],[-83.14,66.37],[-81.29,67.5],[-84.31,69.83],[-86.49,67.38],[-93.27,71.56],[-96.7,70.84],[-92.96,69.08],[-96.21,68.07],[-101.91,67.71],[-105.64,68.35],[-112.5,67.69],[-115.29,68.89],[-122.33,69.88],[-125.97,69.43],[-127.35,70.38],[-131.67,69.28],[-137.73,69.02],[-145.27,70.12],[-156.9,71.35],[-159.86,70.54],[-143.61,68.65]]],[[[-61.93,56.28],[-62.89,58.66],[-69.21,58.75],[-70.03,60.88],[-73.39,62.35],[-77.36,62.52],[-78.34,58.55],[-76.44,56.81],[-77.23,55.61],[-79.55,54.69],[-75.37,54.66],[-74.52,60.12],[-68.21,57.04],[-64.6,58.15],[-62.37,55.59],[-62.28,55.59],[-61.93,56.28]]],[[[-65.16,79.31],[-72.38,78.53],[-71.18,77.26],[-67.04,75.94],[-58.64,75.79],[-55.99,73.92],[-51.82,74.21],[-58.83,78.24],[-65.16,79.31]]],[[[-97.08,73.67],[-101.65,72.37],[-96.85,71.88],[-97.08,73.67]]],[[[-108.4,76.3],[-115.19,75.15],[-112.2,74.5],[-105.77,75.23],[-108.4,76.3]]],[[[-94.11,72.22],[-90,73.59],[-95.07,74.06],[-94.11,72.22]]],[[[-107.53,72.02],[-111.73,72.33],[-114.65,73.35],[-118.99,72.03],[-117.57,69.99],[-113.15,68.6],[-106.85,69.45],[-104.19,68.9],[-101.06,70.03],[-107.53,72.02]]],[[[-74.56,64.78],[-71.32,63.06],[-65.94,61.79],[-66.5,63.08],[-64.47,63.74],[-67.61,65.91],[-62.84,65.61],[-61.21,66.64],[-68.67,68.72],[-71.25,71.35],[-81.53,73.69],[-88.1,73.64],[-90,71.54],[-87.95,70.38],[-82.27,69.86],[-78.71,70.01],[-73.18,68.3],[-72.3,67.26],[-75.79,65.2],[-74.56,64.78]]],[[[-84.12,65.34],[-86.24,64.54],[-85.46,63.21],[-82.11,64.64],[-84.12,65.34]]]]},"properties":{"NAME":"Thule","ABBREVN":"Thule","SUBJECTO":"Thule","BORDERPRECISION":1,"PARTOF":"Thule"}},
{"type":"Feature","geometry":{"type":"Polygon","coordinates":[[[77.98,34.87],[82.69,34.74],[89.92,35.19],[90,36.51],[91.69,36.36],[95.52,37.1],[95.59,38.94],[102.93,39.02],[119.6,42.03],[131.87,43.29],[134.14,42.99],[137.72,46],[140.08,48.5],[141.12,53.05],[138.42,54.09],[136.49,53.65],[126.44,54.92],[118.11,56.89],[109.08,57.6],[102.59,57.3],[87.21,49.61],[85.52,48.41],[77.18,46.78],[74.07,45.54],[68.23,42.24],[64.53,40.15],[68.58,37.13],[72.03,35.61],[74.66,34.96],[77.98,34.87]]]},"properties":{"NAME":"Chagatai Khanate","ABBREVN":"Chagatai Khanate","SUBJECTO":"Chagatai Khanate","BORDERPRECISION":1,"PARTOF":"Chagatai Khanate"}},
{"type":"Feature","geometry":{"type":"Polygon","coordinates":[[[102.59,57.3],[93.98,56.89],[85.08,58.16],[77.04,61.97],[75.24,62.13],[75.66,58.62],[78.4,58.59],[82.54,57.08],[79.3,54.4],[78.8,54.39],[87.21,49.61],[102.59,57.3]]]},"properties":{"NAME":"Oirat Confederation","ABBREVN":"Oirat Confederation","SUBJECTO":"Oirat Confederation","BORDERPRECISION":1,"PARTOF":"Oirat Confederation"}},
{"type":"Feature","geometry":{"type":"Polygon","coordinates":[[[59.98,26.51],[65.52,26.93],[66.99,27.74],[69.57,29.96],[70.34,31.38],[72.03,35.61],[68.58,37.13],[64.53,40.15],[68.23,42.24],[66.67,44.43],[61.27,46.26],[60.94,44.44],[58.88,43.85],[55.64,40.05],[54.07,38.9],[53.98,36.78],[57.19,30.76],[59.18,28.48],[59.98,26.51]]]},"properties":{"NAME":"Timurid Emirates","ABBREVN":"Timurid Em.","SUBJECTO":"Timurid Emirates","BORDERPRECISION":1,"PARTOF":"Timurid Emirates"}},
{"type":"Feature","geometry":{"type":"MultiPolygon","coordinates":[[[[13.76,41.21],[15.67,40.09],[17.08,40.53],[14.08,42.63],[13.76,41.21]]],[[[-0.91,42.88],[-2.13,41.82],[-1.81,39.86],[-1.94,36.95],[0.17,38.74],[-0.39,39.43],[0.88,41.02],[3.13,41.86],[3,42.77],[1.73,42.5],[-0.91,42.88]]],[[[8.58,39.07],[9.79,40.56],[8.24,40.86],[8.58,39.07]]]]},"properties":{"NAME":"Aragón","ABBREVN":"Aragón","SUBJECTO":"Aragón","BORDERPRECISION":1,"PARTOF":"Aragón"}},
{"type":"Feature","geometry":{"type":"Polygon","coordinates":[[[78,16.47],[78.17,19.01],[77.39,18.77],[77.17,16.66],[78,16.47]]]},"properties":{"NAME":"Bidar","ABBREVN":"Bidar","SUBJECTO":"Bidar","BORDERPRECISION":1,"PARTOF":"Deccan Sultanates"}},
{"type":"Feature","geometry":{"type":"Polygon","coordinates":[[[77.92,16.25],[78,16.47],[77.17,16.66],[77.39,18.77],[75.41,18.5],[73.4,16.62],[73.49,16.29],[76.1,15.97],[77.49,16.31],[77.92,16.25]]]},"properties":{"NAME":"Bijapur","ABBREVN":"Bijapur","SUBJECTO":"Bijapur","BORDERPRECISION":1,"PARTOF":"Deccan Sultanates"}},
{"type":"Feature","geometry":{"type":"Polygon","coordinates":[[[73.71,22.95],[74.27,21.91],[72.85,19.24],[73.4,16.62],[75.41,18.5],[77.39,18.77],[78.17,19.01],[78.53,19.12],[78.57,20.44],[76.09,21.05],[76.93,23.9],[73.71,22.95]]]},"properties":{"NAME":"Ahmadnagar","ABBREVN":"Ahmadnagar","SUBJECTO":"Ahmadnagar","BORDERPRECISION":1,"PARTOF":"Deccan Sultanates"}},
{"type":"Feature","geometry":{"type":"Polygon","coordinates":[[[79.96,17.6],[79.33,17.23],[78.75,19.19],[78.53,19.12],[78.17,19.01],[78,16.47],[77.92,16.25],[79.43,16.02],[80.46,15.77],[82.32,17],[79.96,17.6]]]},"properties":{"NAME":"Golkonda","ABBREVN":"Golkonda","SUBJECTO":"Golkonda","BORDERPRECISION":1,"PARTOF":"Deccan Sultanates"}},
{"type":"Feature","geometry":{"type":"Polygon","coordinates":[[[78.28,24.3],[76.93,23.9],[76.09,21.05],[78.57,20.44],[78.53,19.12],[78.75,19.19],[79.33,17.23],[79.96,17.6],[81.86,18.73],[84.3,20.75],[82.55,23.24],[78.28,24.3]]]},"properties":{"NAME":"Islamic states","ABBREVN":"Islamic states","SUBJECTO":"Islamic states","BORDERPRECISION":1,"PARTOF":"Islamic states"}},
{"type":"Feature","geometry":{"type":"Polygon","coordinates":[[[107.48,13.26],[107.11,16.17],[105.57,17.88],[101.65,18],[101.66,19.66],[99.84,20.48],[98.67,18.4],[97.57,16.45],[97.82,14.62],[98.74,11.44],[98.18,8.6],[100.14,6.18],[100.66,3.9],[101.26,3.23],[103.33,3.39],[103.34,4.81],[101.56,6.74],[100.61,6.98],[100.13,8.53],[99.07,9.9],[99.9,12.08],[100.87,12.68],[102.67,12.04],[105.02,13.41],[107.48,13.26]]]},"properties":{"NAME":"Ayutthaya","ABBREVN":"Ayutthaya","SUBJECTO":"Ayutthaya","BORDERPRECISION":1,"PARTOF":"Ayutthaya"}},
{"type":"Feature","geometry":{"type":"Polygon","coordinates":[[[18.53,66.43],[21.88,66.97],[25.63,66.7],[30.47,67.49],[28.9,68.36],[32.16,69.69],[28.31,70.95],[24.57,70.74],[19.82,69.37],[18.53,66.43]]]},"properties":{"NAME":"Sámi","ABBREVN":"Sámi","SUBJECTO":"Sámi","BORDERPRECISION":1,"PARTOF":"Sámi"}},
{"type":"Feature","geometry":{"type":"Polygon","coordinates":[[[136.49,53.65],[134.99,54.85],[137.23,55.98],[142.85,59.27],[148.42,59.1],[154.32,59.98],[157.1,61.63],[160.64,60.72],[163.33,60.69],[158.33,58.03],[156.78,57.58],[155.47,54.92],[156.7,50.96],[161.5,55.29],[162.51,57.03],[161.8,58.1],[163.39,59.81],[165.78,60.35],[170.34,60.28],[173.48,61.6],[179.29,62.82],[178.15,64.16],[180,64.95],[180,65.05],[180,65.31],[180,65.38],[180,65.96],[180,66.96],[180,67.96],[180,68.92],[175.61,69.78],[167.32,69.66],[159.44,69.76],[158.41,70.81],[152.13,70.66],[146.92,72.2],[141.29,72.79],[137.63,71.08],[132.28,71.66],[130.78,70.68],[126.22,72.38],[125.72,73.4],[120.58,72.84],[118.46,73.52],[108.34,73.69],[113.63,75.27],[113.53,76.09],[103.39,77.56],[99.47,75.97],[90,75.6],[87.69,73.9],[80.46,73.31],[79.22,72.27],[73.22,71.46],[74.74,67.69],[72.21,66.17],[69.08,66.69],[66.51,66.53],[65.06,62.97],[67.85,61.67],[70.97,64.24],[72.36,62.94],[75.24,62.13],[77.04,61.97],[85.08,58.16],[93.98,56.89],[102.59,57.3],[109.08,57.6],[118.11,56.89],[126.44,54.92],[136.49,53.65]]]},"properties":{"NAME":"Siberians","ABBREVN":"Siberians","SUBJECTO":"Siberians","BORDERPRECISION":1,"PARTOF":"Siberians"}},
{"type":"Feature","geometry":{"type":"Polygon","coordinates":[[[87.21,49.61],[78.8,54.39],[68.59,54.28],[64.68,55.97],[64.23,57.66],[65.9,59.73],[61.31,58.84],[58.58,57.58],[56.37,57.36],[52.86,46.94],[53.15,45.96],[51.51,45.37],[51.17,43.72],[52.52,42.07],[53.99,42.11],[54.82,40.88],[52.85,40.18],[54.07,38.9],[55.64,40.05],[58.88,43.85],[58.82,45.93],[61.27,46.26],[66.67,44.43],[68.23,42.24],[74.07,45.54],[77.18,46.78],[85.52,48.41],[87.21,49.61]]]},"properties":{"NAME":"White Horde","ABBREVN":"White Horde","SUBJECTO":"White Horde","BORDERPRECISION":1,"PARTOF":"White Horde"}},
{"type":"Feature","geometry":{"type":"Polygon","coordinates":[[[56.37,57.36],[56.34,57.36],[52.78,46.95],[52.86,46.94],[56.37,57.36]]]},"properties":{"NAME":null,"ABBREVN":null,"SUBJECTO":null,"BORDERPRECISION":1,"PARTOF":null}},
{"type":"Feature","geometry":null,"properties":{"NAME":null,"ABBREVN":null,"SUBJECTO":null,"BORDERPRECISION":1,"PARTOF":null}},
{"type":"Feature","geometry":{"type":"Polygon","coordinates":[[[39.13,55.17],[38.18,53.97],[40.51,53.85],[39.13,55.17]]]},"properties":{"NAME":"Ryazan","ABBREVN":"Ryazan","SUBJECTO":"Ryazan","BORDERPRECISION":1,"PARTOF":"Ryazan"}},
{"type":"Feature","geometry":{"type":"Polygon","coordinates":[[[45.38,42.62],[47.35,41.44],[47.49,43.58],[47.56,45.45],[51.37,47.09],[52.78,46.95],[56.34,57.36],[46.88,56.45],[43.97,54.82],[43.99,52.62],[39.64,51.75],[36.86,52.09],[38.29,51.21],[38.14,49.05],[40.03,49.08],[42.59,50.91],[44.36,49.43],[42.52,47.05],[41.31,43.56],[43.62,43.77],[45.38,42.62]]]},"properties":{"NAME":"Golden Horde","ABBREVN":"Golden Horde","SUBJECTO":"Golden Horde","BORDERPRECISION":1,"PARTOF":"Golden Horde"}},
{"type":"Feature","geometry":{"type":"Polygon","coordinates":[[[32.91,52.4],[32.94,51.9],[33.4,51.78],[33.65,52.36],[32.91,52.4]]]},"properties":{"NAME":"Novgorod-Seversky","ABBREVN":"Novgorod-Seversky","SUBJECTO":"Novgorod-Seversky","BORDERPRECISION":1,"PARTOF":"Novgorod-Seversky"}},
{"type":"Feature","geometry":{"type":"Polygon","coordinates":[[[27.58,58.23],[29.87,58.11],[30.78,56.07],[32.21,54.86],[32.56,53.32],[30.85,51.54],[33.69,51.34],[36.86,52.09],[39.64,51.75],[43.99,52.62],[43.97,54.82],[46.88,56.45],[56.34,57.36],[56.37,57.36],[58.58,57.58],[61.31,58.84],[65.9,59.73],[68.62,59.81],[69.67,60.67],[67.85,61.67],[65.06,62.97],[66.51,66.53],[69.08,66.69],[69.79,66.75],[70.84,66.55],[71.35,66.66],[73.39,68.38],[71.8,71.43],[69.34,72.83],[66.82,71.11],[66.58,68.89],[62.28,69.71],[57.02,68.45],[53.89,68.79],[48.08,67.56],[43.82,68.33],[44.38,66.61],[39.95,65.58],[37.41,63.75],[35.08,64.29],[35.77,66.26],[39.19,66.04],[40.83,67.66],[32.16,69.69],[28.9,68.36],[30.47,67.49],[29.73,61.85],[31.65,59.53],[27.77,58.89],[27.65,58.84],[27.58,58.23]],[[39.13,55.17],[40.51,53.85],[38.18,53.97],[39.13,55.17]],[[32.91,52.4],[33.65,52.36],[33.4,51.78],[32.94,51.9],[32.91,52.4]]]},"properties":{"NAME":"Grand Duchy of Moscow","ABBREVN":"Muscovy","SUBJECTO":"Grand Duchy of Moscow","BORDERPRECISION":1,"PARTOF":"Grand Duchy of Moscow"}},
{"type":"Feature","geometry":{"type":"Polygon","coordinates":[[[75.24,62.13],[72.36,62.94],[70.97,64.24],[67.85,61.67],[69.67,60.67],[68.62,59.81],[65.9,59.73],[64.23,57.66],[64.68,55.97],[68.59,54.28],[78.8,54.39],[79.3,54.4],[82.54,57.08],[78.4,58.59],[75.66,58.62],[75.24,62.13]]]},"properties":{"NAME":"Khanate of Sibir","ABBREVN":"Khanate of Sibir","SUBJECTO":"Khanate of Sibir","BORDERPRECISION":1,"PARTOF":"Khanate of Sibir"}},
{"type":"Feature","geometry":{"type":"MultiPolygon","coordinates":[[[[27.65,58.84],[27.77,58.89],[27.66,58.94],[27.65,58.84]]],[[[27.82,56.73],[30.78,56.07],[29.87,58.11],[27.58,58.23],[27.82,56.73]]]]},"properties":{"NAME":"Pskov","ABBREVN":"Pskov","SUBJECTO":"Pskov","BORDERPRECISION":1,"PARTOF":"Pskov"}},
{"type":"Feature","geometry":{"type":"Polygon","coordinates":[[[178.18,-18.24],[178.17,-17.34],[177.51,-17.51],[177.33,-18.12],[178.18,-18.24]]]},"properties":{"NAME":"Tuʻi Tonga Empire","ABBREVN":"Tuʻi Tonga Empire","SUBJECTO":"Tuʻi Tonga Empire","BORDERPRECISION":1,"PARTOF":"Tuʻi Tonga Empire"}},
{"type":"Feature","geometry":{"type":"Polygon","coordinates":[[[-109.24,-27.13],[-109.37,-27.06],[-109.43,-27.2],[-109.24,-27.13]]]},"properties":{"NAME":"Polynesians","ABBREVN":"Polynesians","SUBJECTO":"Polynesians","BORDERPRECISION":1,"PARTOF":"Polynesians"}},
{"type":"Feature","geometry":{"type":"MultiPolygon","coordinates":[[[[16.64,43.39],[16.99,43.32],[17.3,43.08],[19.61,41.76],[19.37,40.26],[21.23,37.9],[22.64,37.49],[23.56,38.35],[22.6,40.4],[23.89,40.73],[28.83,40.91],[27.5,42.52],[28.69,44.49],[30.83,46.58],[32.01,46.91],[30.89,47.45],[28.37,45.33],[26.54,45.25],[23.54,45.86],[18.94,44.39],[16.7,43.85],[16.64,43.39]]],[[[38.61,38.37],[41.21,40.24],[41.48,41.44],[40.36,40.96],[36.38,41.24],[33.56,41.98],[30.74,41.04],[26.13,39.88],[27.16,37.36],[30.47,36.19],[31.37,36.71],[33.17,35.97],[35.89,36.77],[38.61,38.37]]]]},"properties":{"NAME":"Ottoman Empire","ABBREVN":"Ottoman Emp.","SUBJECTO":"Ottoman Empire","BORDERPRECISION":1,"PARTOF":"Ottoman Empire"}}
]}