{"type":"FeatureCollection", "features": [
{"type":"Feature","geometry":{"type":"Polygon","coordinates":[[[33.78,35.21],[32.82,35.28],[32.6,34.61],[33.92,34.95],[33.78,35.21]]]},"properties":{"NAME":"Cyprus","ABBREVN":"Cyprus","SUBJECTO":"Cyprus","BORDERPRECISION":1,"PARTOF":"Cyprus"}},
{"type":"Feature","geometry":{"type":"MultiPolygon","coordinates":[[[[136.81,37.31],[134.43,34.63],[135.76,33.34],[136.73,34.87],[138.15,34.53],[140.32,35.03],[140.87,37.92],[142,39.67],[141.15,40.87],[139.2,37.92],[136.81,37.31]]],[[[130.58,30.91],[131.67,33.31],[129.34,33.15],[130.58,30.91]]],[[[140.01,41.38],[141.16,41.75],[140.25,42.23],[145.45,43.17],[145.36,43.33],[145.15,43.6],[145.06,43.79],[145.14,44.18],[143.02,44.46],[142.54,44.84],[142.13,45.21],[141.9,45.4],[141.57,44.97],[141.75,44.63],[141.74,44.25],[141.71,43.91],[141.3,43.19],[140.5,43.32],[140.52,43.06],[140.5,42.9],[139.78,42.11],[140.1,41.95],[140.12,41.79],[140.01,41.38]]]]},"properties":{"NAME":"Japan","ABBREVN":"Japan","SUBJECTO":"Japan","BORDERPRECISION":1,"PARTOF":"Japan"}},
{"type":"Feature","geometry":{"type":"MultiPolygon","coordinates":[[[[120.36,14.53],[122.4,17.11],[122.03,18.01],[120.39,18.04],[119.77,15.47],[120.36,14.53]]],[[[126.05,6.61],[125.93,9.17],[123.46,7.79],[124.22,6.09],[126.05,6.61]]]]},"properties":{"NAME":"Philippines","ABBREVN":"Philippines","SUBJECTO":"Philippines","BORDERPRECISION":1,"PARTOF":"Philippines"}},
{"type":"Feature","geometry":{"type":"Polygon","coordinates":[[[44.67,-16.24],[43.97,-17.55],[44.47,-20.17],[43.5,-21.49],[43.67,-24.23],[45.58,-25.62],[47.26,-24.77],[49.34,-18.23],[50.5,-15.31],[49.82,-12.83],[48.75,-13.42],[46.92,-15.36],[44.67,-16.24]],[[48.01,-17.02],[48.49,-20.04],[47.19,-23.12],[45.29,-22.65],[46.65,-17.73],[48.01,-17.02]]]},"properties":{"NAME":"Madagascar","ABBREVN":"Madagascar","SUBJECTO":"Madagascar","BORDERPRECISION":1,"PARTOF":"Madagascar"}},
{"type":"Feature","geometry":{"type":"MultiPolygon","coordinates":[[[[175.31,-37.32],[174.65,-38.98],[176.01,-41.26],[178.41,-38.77],[175.31,-37.32]]],[[[172.06,-43.92],[174.23,-42.01],[171.46,-41.99],[171.02,-42.89],[168.42,-44.22],[166.52,-46.23],[169.4,-46.71],[172.06,-43.92]]]]},"properties":{"NAME":"Maori","ABBREVN":"Maori","SUBJECTO":"Maori","BORDERPRECISION":1,"PARTOF":"Maori"}},
{"type":"Feature","geometry":{"type":"MultiPolygon","coordinates":[[[[19.82,69.37],[17.41,68.77],[9.83,63.68],[5.15,61.74],[5.62,58.46],[8.15,58.09],[10.55,59.38],[11.74,57.7],[12.6,61.03],[15.05,63.53],[16.66,63.76],[18.53,66.43],[19.82,69.37]]],[[[11.88,57.33],[13.3,55.3],[16.06,56.4],[11.88,57.33]]],[[[-24.22,65.53],[-21.95,65.38],[-22.37,63.77],[-18.64,63.32],[-14.82,64.2],[-13.65,65.5],[-16.92,65.98],[-24.22,65.53]]]]},"properties":{"NAME":"Denmark-Norway","ABBREVN":"DenmarkNorwa","SUBJECTO":"Denmark-Norway","BORDERPRECISION":1,"PARTOF":"Denmark-Norway"}},
{"type":"Feature","geometry":{"type":"MultiPolygon","coordinates":[[[[-6.34,53.94],[-8.35,55.1],[-9.89,52.19],[-6.41,52.21],[-6.34,53.94]]],[[[-1.98,55.59],[-3.32,54.89],[-2.91,53.27],[-4.32,53.09],[-3.52,50.62],[-1.1,50.82],[0.19,50.73],[1.69,52.31],[-0.32,53.58],[-1.98,55.59]]]]},"properties":{"NAME":"England","ABBREVN":"England","SUBJECTO":"England","BORDERPRECISION":1,"PARTOF":"England"}},
{"type":"Feature","geometry":{"type":"Polygon","coordinates":[[[-1.98,55.59],[-2.15,57.57],[-5.76,57.62],[-5.63,55.94],[-3.32,54.89],[-1.98,55.59]]]},"properties":{"NAME":"Scottland","ABBREVN":"Scottland","SUBJECTO":"Scottland","BORDERPRECISION":1,"PARTOF":"Scottland"}},
{"type":"Feature","geometry":{"type":"Polygon","coordinates":[[[-7.49,37.21],[-6.93,38.96],[-6.71,41.96],[-8.81,41.89],[-9.55,38.77],[-8.67,37.12],[-7.49,37.21]]]},"properties":{"NAME":"Portugal","ABBREVN":"Portugal","SUBJECTO":"Portugal","BORDERPRECISION":1,"PARTOF":"Portugal"}},
{"type":"Feature","geometry":{"type":"Polygon","coordinates":[[[140.95,-9.27],[142.61,-9.38],[144.38,-7.76],[145.82,-8.1],[147.87,-10.18],[148.59,-9.16],[146.91,-6.89],[147.38,-6.12],[143.45,-3.61],[140.87,-2.79],[140.95,-9.27]]]},"properties":{"NAME":"Papua New Guinea","ABBREVN":"Papua N Guin","SUBJECTO":"Papua New Guinea","BORDERPRECISION":1,"PARTOF":"Papua New Guinea"}},
{"type":"Feature","geometry":{"type":"MultiPolygon","coordinates":[[[[-73.11,-72.75],[-70.02,-72.67],[-68.4,-71.13],[-75.28,-71.67],[-73.11,-72.75]]],[[[-55.18,-80.94],[-44.83,-80.32],[-44.21,-78.39],[-48.85,-78.08],[-55.18,-80.94]]],[[[169.77,-83.42],[159.32,-80.03],[163.64,-78.66],[162.35,-75.11],[168.97,-73.24],[170.73,-71.9],[167.63,-70.87],[160.6,-70.22],[157.31,-69.16],[151.09,-68.89],[145.59,-67.22],[134.21,-66.18],[130.27,-66.25],[129.01,-67.03],[122.46,-66.65],[118.29,-67.07],[113.01,-65.76],[109.4,-66.71],[102.63,-65.93],[99.65,-66.55],[90,-66.61],[81.81,-67.3],[76.87,-69.31],[72.54,-70.24],[70.3,-72.02],[67.36,-71.71],[69.37,-67.84],[56.63,-66.94],[52.45,-65.99],[47.31,-67.77],[44.8,-67.75],[39.65,-68.93],[38.33,-70.03],[32.75,-69.35],[23.71,-70.59],[17.6,-70.08],[8.49,-70.08],[0.68,-71.32],[-7.2,-70.89],[-11.14,-71.59],[-16.4,-73.44],[-14.45,-74.06],[-18.4,-75.69],[-23.58,-75.92],[-33.16,-77.39],[-36.41,-79.16],[-29.57,-79.22],[-28.91,-80.48],[-38.03,-80.94],[-43.83,-81.79],[-60.21,-82.33],[-74.89,-80.71],[-74.5,-78.08],[-70.56,-76.69],[-64.46,-75.69],[-60.83,-72.75],[-61.68,-70.82],[-65.38,-67.34],[-61.13,-64.87],[-62.91,-64.71],[-66.85,-66.8],[-67.08,-68.65],[-68.78,-69.81],[-67.63,-72.75],[-81.77,-74.02],[-88.57,-73.25],[-99.79,-73],[-105.64,-75.07],[-110.56,-75.3],[-113.24,-74.32],[-134.77,-74.64],[-146.67,-76.11],[-146.15,-77.46],[-154.17,-77.12],[-158.19,-77.81],[-145.67,-80.52],[-152.08,-82.6],[-148.76,-85.07],[-180,-84.32],[-180,-85.32],[-180,-86.32],[-180,-87.32],[-180,-88.32],[-180,-89.32],[-180,-90],[-179.2,-90],[-178.2,-90],[-177.2,-90],[-176.2,-90],[-175.2,-90],[-174.2,-90],[-173.2,-90],[-172.2,-90],[-171.2,-90],[-170.2,-90],[-169.2,-90],[-168.2,-90],[-167.2,-90],[-166.2,-90],[-165.2,-90],[-164.2,-90],[-163.2,-90],[-162.2,-90],[-161.2,-90],[-160.2,-90],[-159.2,-90],[-158.2,-90],[-157.2,-90],[-156.2,-90],[-155.2,-90],[-154.2,-90],[-153.2,-90],[-152.2,-90],[-151.2,-90],[-150.2,-90],[-149.2,-90],[-148.2,-90],[-147.2,-90],[-146.2,-90],[-145.2,-90],[-144.2,-90],[-143.2,-90],[-142.2,-90],[-141.2,-90],[-140.2,-90],[-139.2,-90],[-138.2,-90],[-137.2,-90],[-136.2,-90],[-135.2,-90],[-134.2,-90],[-133.2,-90],[-132.2,-90],[-131.2,-90],[-130.2,-90],[-129.2,-90],[-128.2,-90],[-127.2,-90],[-126.2,-90],[-125.2,-90],[-124.2,-90],[-123.2,-90],[-122.2,-90],[-121.2,-90],[-120.2,-90],[-119.2,-90],[-118.2,-90],[-117.2,-90],[-116.2,-90],[-115.2,-90],[-114.2,-90],[-113.2,-90],[-112.2,-90],[-111.2,-90],[-110.2,-90],[-109.2,-90],[-108.2,-90],[-107.2,-90],[-106.2,-90],[-105.2,-90],[-104.2,-90],[-103.2,-90],[-102.2,-90],[-101.2,-90],[-100.2,-90],[-99.2,-90],[-98.2,-90],[-97.2,-90],[-96.2,-90],[-95.2,-90],[-94.2,-90],[-93.2,-90],[-92.2,-90],[-91.2,-90],[-90,-90],[-89.2,-90],[-88.2,-90],[-87.2,-90],[-86.2,-90],[-85.2,-90],[-84.2,-90],[-83.2,-90],[-82.2,-90],[-81.2,-90],[-80.2,-90],[-79.2,-90],[-78.2,-90],[-77.2,-90],[-76.2,-90],[-75.2,-90],[-74.2,-90],[-73.2,-90],[-72.2,-90],[-71.2,-90],[-70.2,-90],[-69.2,-90],[-68.2,-90],[-67.2,-90],[-66.2,-90],[-65.2,-90],[-64.2,-90],[-63.2,-90],[-62.2,-90],[-61.2,-90],[-60.2,-90],[-59.2,-90],[-58.2,-90],[-57.2,-90],[-56.2,-90],[-55.2,-90],[-54.2,-90],[-53.2,-90],[-52.2,-90],[-51.2,-90],[-50.2,-90],[-49.2,-90],[-48.2,-90],[-47.2,-90],[-46.2,-90],[-45.2,-90],[-44.2,-90],[-43.2,-90],[-42.2,-90],[-41.2,-90],[-40.2,-90],[-39.2,-90],[-38.2,-90],[-37.2,-90],[-36.2,-90],[-35.2,-90],[-34.2,-90],[-33.2,-90],[-32.2,-90],[-31.2,-90],[-30.2,-90],[-29.2,-90],[-28.2,-90],[-27.2,-90],[-26.2,-90],[-25.2,-90],[-24.2,-90],[-23.2,-90],[-22.2,-90],[-21.2,-90],[-20.2,-90],[-19.2,-90],[-18.2,-90],[-17.2,-90],[-16.2,-90],[-15.2,-90],[-14.2,-90],[-13.2,-90],[-12.2,-90],[-11.2,-90],[-10.2,-90],[-9.2,-90],[-8.2,-90],[-7.2,-90],[-6.2,-90],[-5.2,-90],[-4.2,-90],[-3.2,-90],[-2.2,-90],[-1.2,-90],[-0.2,-90],[0.78,-90],[1.78,-90],[2.78,-90],[3.78,-90],[4.78,-90],[5.78,-90],[6.78,-90],[7.78,-90],[8.78,-90],[9.78,-90],[10.78,-90],[11.78,-90],[12.78,-90],[13.78,-90],[14.78,-90],[15.78,-90],[16.78,-90],[17.78,-90],[18.78,-90],[19.78,-90],[20.78,-90],[21.78,-90],[22.78,-90],[23.78,-90],[24.78,-90],[25.78,-90],[26.78,-90],[27.78,-90],[28.78,-90],[29.78,-90],[30.78,-90],[31.78,-90],[32.78,-90],[33.78,-90],[34.78,-90],[35.78,-90],[36.78,-90],[37.78,-90],[38.78,-90],[39.78,-90],[40.78,-90],[41.78,-90],[42.78,-90],[43.78,-90],[44.78,-90],[45.78,-90],[46.78,-90],[47.78,-90],[48.78,-90],[49.78,-90],[50.78,-90],[51.78,-90],[52.78,-90],[53.78,-90],[54.78,-90],[55.78,-90],[56.78,-90],[57.78,-90],[58.78,-90],[59.78,-90],[60.78,-90],[61.78,-90],[62.78,-90],[63.78,-90],[64.78,-90],[65.78,-90],[66.78,-90],[67.78,-90],[68.78,-90],[69.78,-90],[70.78,-90],[71.78,-90],[72.78,-90],[73.78,-90],[74.78,-90],[75.78,-90],[76.78,-90],[77.78,-90],[78.78,-90],[79.78,-90],[80.78,-90],[81.78,-90],[82.78,-90],[83.78,-90],[84.78,-90],[85.78,-90],[86.78,-90],[87.78,-90],[88.78,-90],[89.78,-90],[89.8,-90],[90,-90],[91.78,-90],[92.78,-90],[93.78,-90],[94.78,-90],[95.78,-90],[96.78,-90],[97.78,-90],[98.78,-90],[99.78,-90],[100.78,-90],[101.78,-90],[102.78,-90],[103.78,-90],[104.78,-90],[105.78,-90],[106.78,-90],[107.78,-90],[108.78,-90],[109.78,-90],[110.78,-90],[111.78,-90],[112.78,-90],[113.78,-90],[114.78,-90],[115.78,-90],[116.78,-90],[117.78,-90],[118.78,-90],[119.78,-90],[120.78,-90],[121.78,-90],[122.78,-90],[123.78,-90],[124.78,-90],[125.78,-90],[126.78,-90],[127.78,-90],[128.78,-90],[129.78,-90],[130.78,-90],[131.78,-90],[132.78,-90],[133.78,-90],[134.78,-90],[135.78,-90],[136.78,-90],[137.78,-90],[138.78,-90],[139.78,-90],[140.78,-90],[141.78,-90],[142.78,-90],[143.78,-90],[144.78,-90],[145.78,-90],[146.78,-90],[147.78,-90],[148.78,-90],[149.78,-90],[150.78,-90],[151.78,-90],[152.78,-90],[153.78,-90],[154.78,-90],[155.78,-90],[156.78,-90],[157.78,-90],[158.78,-90],[159.78,-90],[160.78,-90],[161.78,-90],[162.78,-90],[163.78,-90],[164.78,-90],[165.78,-90],[166.78,-90],[167.78,-90],[168.78,-90],[169.78,-90],[170.78,-90],[171.78,-90],[172.78,-90],[173.78,-90],[174.78,-90],[175.78,-90],[176.78,-90],[177.78,-90],[178.78,-90],[180,-90],[180,-89.32],[180,-88.32],[180,-87.32],[180,-86.32],[180,-85.32],[180,-84.34],[169.77,-83.42]]]]},"properties":{"NAME":null,"ABBREVN":null,"SUBJECTO":null,"BORDERPRECISION":1,"PARTOF":null}},
{"type":"Feature","geometry":{"type":"Polygon","coordinates":[[[12.38,44.73],[11.17,45.07],[12.3,43.28],[11.96,42.01],[13.76,41.21],[14.08,42.63],[12.38,44.73]]]},"properties":{"NAME":"Papal States","ABBREVN":"Papal States","SUBJECTO":"Papal States","BORDERPRECISION":1,"PARTOF":"Papal States"}},
{"type":"Feature","geometry":{"type":"Polygon","coordinates":[[[48.01,-17.02],[46.65,-17.73],[45.29,-22.65],[47.19,-23.12],[48.49,-20.04],[48.01,-17.02]]]},"properties":{"NAME":"Expansionist Kingdom of Merina","ABBREVN":"Merina","SUBJECTO":"Expansionist Kingdom of Merina","BORDERPRECISION":1,"PARTOF":"Expansionist Kingdom of Merina"}},
{"type":"Feature","geometry":{"type":"Polygon","coordinates":[[[-1.17,10.85],[0.08,11.73],[-0.06,13.29],[-3.02,13.66],[-3.83,12.7],[-3.17,10.92],[-1.17,10.85]]]},"properties":{"NAME":"Mossi States","ABBREVN":"Mossi States","SUBJECTO":"Mossi States","BORDERPRECISION":1,"PARTOF":"Mossi States"}},
{"type":"Feature","geometry":{"type":"Polygon","coordinates":[[[12.37,-6.26],[13.39,-8.16],[13.08,-9.29],[14.33,-9.37],[14.4,-7.2],[15.05,-6.01],[14.58,-4.77],[12.37,-6.26]]]},"properties":{"NAME":"Congo","ABBREVN":"Congo","SUBJECTO":"Congo","BORDERPRECISION":1,"PARTOF":"Congo"}},
{"type":"Feature","geometry":{"type":"Polygon","coordinates":[[[102.67,12.04],[103.04,10.9],[106.48,9.55],[106.85,10.58],[107.38,12.35],[107.48,13.26],[105.02,13.41],[102.67,12.04]]]},"properties":{"NAME":"Cambodia","ABBREVN":"Cambodia","SUBJECTO":"Cambodia","BORDERPRECISION":1,"PARTOF":"Cambodia"}},
{"type":"Feature","geometry":{"type":"Polygon","coordinates":[[[7.4,43.76],[5.53,46.1],[6.02,48.65],[5.36,49.7],[1.83,50.24],[1.8,50.92],[1.27,50],[-1.56,49.04],[-1.75,48.18],[-2.58,47.32],[-1.08,46.01],[-1.91,43.31],[-0.91,42.88],[3,42.77],[4.08,43.49],[5.83,43.02],[7.4,43.76]]]},"properties":{"NAME":"France","ABBREVN":"France","SUBJECTO":"France","BORDERPRECISION":1,"PARTOF":"France"}},
{"type":"Feature","geometry":{"type":"MultiPolygon","coordinates":[[[[12.38,44.73],[13.37,45.69],[12.07,46.93],[9.54,46.31],[11.17,45.07],[12.38,44.73]]],[[[16.7,43.85],[15.49,43.89],[16.64,43.39],[16.7,43.85]]]]},"properties":{"NAME":"Venice","ABBREVN":"Venice","SUBJECTO":"Venice","BORDERPRECISION":1,"PARTOF":"Venice"}},
{"type":"Feature","geometry":{"type":"Polygon","coordinates":[[[40.4,-11.23],[40.62,-10.77],[39.66,-9.8],[38.92,-6.34],[39.27,-4.78],[40.23,-3.19],[42.44,-0.51],[44.3,1.29],[42.79,1.32],[39.42,-1.38],[37.73,-4.58],[38.24,-9.29],[39.25,-11.14],[40.4,-11.23]]]},"properties":{"NAME":"Islamic city-states","ABBREVN":"Islamic city-states","SUBJECTO":"Islamic city-states","BORDERPRECISION":1,"PARTOF":"Islamic city-states"}},
{"type":"Feature","geometry":{"type":"Polygon","coordinates":[[[109.43,18.1],[110.26,18.63],[110.62,20.02],[108.58,19.19],[109.43,18.1]]]},"properties":{"NAME":null,"ABBREVN":null,"SUBJECTO":null,"BORDERPRECISION":1,"PARTOF":null}},
{"type":"Feature","geometry":{"type":"Polygon","coordinates":[[[98.22,15.02],[98.18,15.21],[98.14,15.19],[98.22,15.02]]]},"properties":{"NAME":"Ayutthaya","ABBREVN":"Ayutthaya","SUBJECTO":"Ayutthaya","BORDERPRECISION":1,"PARTOF":"Ayutthaya"}},
{"type":"Feature","geometry":{"type":"Polygon","coordinates":[[[53.08,72.91],[51.48,71.84],[54.31,71.21],[55.52,72.48],[53.08,72.91]]]},"properties":{"NAME":null,"ABBREVN":null,"SUBJECTO":null,"BORDERPRECISION":1,"PARTOF":null}},
{"type":"Feature","geometry":{"type":"Polygon","coordinates":[[[11.74,57.7],[11.88,57.33],[16.06,56.4],[16.74,58.31],[19.04,59.86],[17.15,60.95],[18.49,62.98],[20.7,63.82],[22.65,65.93],[25.25,65.42],[21.03,62.48],[21.56,60.51],[23.66,59.84],[28.52,60.62],[29.69,60.13],[27.23,63.35],[26.48,65.57],[25.63,66.7],[21.88,66.97],[18.53,66.43],[16.66,63.76],[15.05,63.53],[12.6,61.03],[11.74,57.7]]]},"properties":{"NAME":"Sweden","ABBREVN":"Sweden","SUBJECTO":"Sweden","BORDERPRECISION":1,"PARTOF":"Sweden"}},
{"type":"Feature","geometry":{"type":"Polygon","coordinates":[[[80.56,5.93],[81.87,7.08],[80.66,9.3],[79.67,8.8],[79.85,7.06],[80.56,5.93]]]},"properties":{"NAME":"Sinhalese kingdoms","ABBREVN":"Ceylon","SUBJECTO":"Sinhalese kingdoms","BORDERPRECISION":1,"PARTOF":"Sinhalese kingdoms"}},
{"type":"Feature","geometry":{"type":"Polygon","coordinates":[[[96.12,3.95],[96.6,5.08],[95.46,5.57],[95.56,4.53],[96.12,3.95]]]},"properties":{"NAME":"Aceh","ABBREVN":"Aceh","SUBJECTO":"Aceh","BORDERPRECISION":1,"PARTOF":"Aceh"}},
{"type":"Feature","geometry":{"type":"MultiPolygon","coordinates":[[[[103.31,-0.82],[101.06,2.08],[98.63,3.66],[98.65,2.76],[100.2,0.89],[101.14,-1.37],[103.31,-0.82]]],[[[103.33,3.39],[101.26,3.23],[103.43,1.38],[103.33,3.39]]],[[[109,0.2],[110.82,1.24],[109.28,1.88],[109,0.2]]]]},"properties":{"NAME":"Malacca","ABBREVN":"Malacca","SUBJECTO":"Malacca","BORDERPRECISION":1,"PARTOF":"Malacca"}},
{"type":"Feature","geometry":{"type":"MultiPolygon","coordinates":[[[[140.87,-2.79],[137.85,-1.61],[135.25,-3.54],[134.28,-2.85],[133.91,-1.01],[132.25,-0.53],[131.21,-1.02],[132.72,-2.93],[134.04,-3.95],[137.82,-5.43],[139.16,-7.73],[140.95,-9.27],[140.87,-2.79]]],[[[96.12,3.95],[98.6,1.71],[100.81,-2.34],[104.57,-6.07],[105.73,-5.83],[105.94,-3.21],[103.31,-0.82],[101.14,-1.37],[100.2,0.89],[98.65,2.76],[98.63,3.66],[97.38,5.18],[96.6,5.08],[96.12,3.95]]],[[[109,0.2],[109.94,-1.64],[110.1,-3.08],[112.8,-2.97],[114.71,-4.21],[115.57,-3.8],[117.53,0.61],[118.52,1.17],[117.07,3.51],[119.04,5.17],[116.6,6.9],[114.88,4.86],[112.76,3.01],[111.37,2.6],[110.82,1.24],[109,0.2]]],[[[119.69,-0.02],[118.68,-2.9],[120.14,-3.08],[121.87,-4.96],[122.26,-3.21],[120.51,-1.45],[119.69,-0.02]]],[[[105.18,-6.87],[106.48,-7.5],[109.04,-7.72],[110.78,-8.32],[113.07,-8.35],[112.27,-7.03],[108.56,-6.92],[106.95,-6.03],[105.18,-6.87]]]]},"properties":{"NAME":"Malaysian Islamic states","ABBREVN":"Malaysian Islamic states","SUBJECTO":"Malaysian Islamic states","BORDERPRECISION":1,"PARTOF":"Malaysian Islamic states"}},
{"type":"Feature","geometry":{"type":"Polygon","coordinates":[[[36.86,52.09],[37.7,52.74],[40.41,51.35],[43.67,53.48],[44.81,54.66],[40.56,54.76],[39.38,55.85],[36.6,54.26],[36.86,52.09]]]},"properties":{"NAME":"Ryazan","ABBREVN":"Ryazan","SUBJECTO":"Ryazan","BORDERPRECISION":1,"PARTOF":"Ryazan"}},
{"type":"Feature","geometry":{"type":"Polygon","coordinates":[[[45.38,42.62],[43.62,43.77],[41.31,43.56],[41.12,43.02],[41.48,41.44],[43.96,42.59],[45.38,42.62]]]},"properties":{"NAME":"Georgia","ABBREVN":"Georgia","SUBJECTO":"Georgia","BORDERPRECISION":1,"PARTOF":"Georgia"}},
{"type":"Feature","geometry":{"type":"Polygon","coordinates":[[[18.68,54.25],[19.21,53.25],[22.23,54.13],[21.9,56.35],[27.61,56.71],[27.66,58.94],[27.7,59.3],[23.42,59.12],[24.35,57.16],[21.68,57.46],[21.14,54.85],[18.68,54.25]]]},"properties":{"NAME":"Teutonic Knights","ABBREVN":"TeutonicLand","SUBJECTO":"Teutonic Knights","BORDERPRECISION":1,"PARTOF":"Teutonic Knights"}},
{"type":"Feature","geometry":{"type":"Polygon","coordinates":[[[27.61,56.71],[28.81,56.88],[27.66,58.94],[27.61,56.71]]]},"properties":{"NAME":"Pskov","ABBREVN":"Pskov","SUBJECTO":"Pskov","BORDERPRECISION":1,"PARTOF":"Pskov"}},
{"type":"Feature","geometry":{"type":"Polygon","coordinates":[[[29.69,60.13],[27.7,59.3],[27.66,58.94],[28.81,56.88],[32.42,57.28],[34.44,56.24],[34.49,54.71],[36.6,54.26],[39.38,55.85],[40.56,54.76],[44.81,54.66],[45.96,57.73],[56.67,58.26],[61.88,59.85],[62.66,61.1],[60.93,68.82],[59.06,68.5],[53.89,68.79],[48.08,67.56],[43.82,68.33],[44.38,66.61],[39.95,65.58],[37.41,63.75],[35.08,64.29],[34.54,66],[32.64,67.05],[31.25,67.64],[27.1,66.83],[26.48,65.57],[27.23,63.35],[29.69,60.13]]]},"properties":{"NAME":"Grand Duchy of Moscow","ABBREVN":"Muscovy","SUBJECTO":"Grand Duchy of Moscow","BORDERPRECISION":1,"PARTOF":"Grand Duchy of Moscow"}},
{"type":"Feature","geometry":{"type":"Polygon","coordinates":[[[36.6,54.26],[34.49,54.71],[34.44,56.24],[32.42,57.28],[28.81,56.88],[27.61,56.71],[21.9,56.35],[22.23,54.13],[19.21,53.25],[18.68,54.25],[17.66,54.69],[15.76,52.27],[18.65,50.64],[18.93,49.62],[23.89,49.26],[25.67,48.69],[26.54,45.25],[28.37,45.33],[30.89,47.45],[31.95,46.86],[32.02,46.88],[36.07,47.9],[38.14,49.05],[38.29,51.21],[36.86,52.09],[36.6,54.26]]]},"properties":{"NAME":"Poland-Lithuania","ABBREVN":"Pol.-Lith.","SUBJECTO":"Poland-Lithuania","BORDERPRECISION":1,"PARTOF":"Poland-Lithuania"}},
{"type":"Feature","geometry":{"type":"Polygon","coordinates":[[[16.7,43.85],[23.54,45.86],[26.54,45.25],[25.67,48.69],[23.89,49.26],[18.93,49.62],[16.56,47.5],[16.54,46.36],[14.35,45.32],[15.49,43.89],[16.7,43.85]]]},"properties":{"NAME":"Imperial Hungary","ABBREVN":"Hungary","SUBJECTO":"Imperial Hungary","BORDERPRECISION":1,"PARTOF":"Imperial Hungary"}},
{"type":"Feature","geometry":{"type":"Polygon","coordinates":[[[-1.91,43.31],[-2.14,43.33],[-2.13,41.82],[-0.91,42.88],[-1.91,43.31]]]},"properties":{"NAME":"Navarre","ABBREVN":"Navarre","SUBJECTO":"Navarre","BORDERPRECISION":1,"PARTOF":"Navarre"}},
{"type":"Feature","geometry":{"type":"Polygon","coordinates":[[[-7.49,37.21],[-5.66,36.01],[-4.45,36.72],[-1.94,36.95],[-1.81,39.86],[-2.13,41.82],[-2.14,43.33],[-7.64,43.72],[-9.27,43.05],[-8.81,41.89],[-6.71,41.96],[-6.93,38.96],[-7.49,37.21]]]},"properties":{"NAME":"Castille","ABBREVN":"Castille","SUBJECTO":"Castille","BORDERPRECISION":1,"PARTOF":"Castille"}},
{"type":"Feature","geometry":{"type":"Polygon","coordinates":[[[-2.19,35.05],[-4.59,35.15],[-5.93,35.73],[-7,33.87],[-8.31,33.34],[-4.89,32.4],[-1.8,32.43],[-2.19,35.05]]]},"properties":{"NAME":"Wattasid Caliphate","ABBREVN":"Wattasid C.","SUBJECTO":"Wattasid Caliphate","BORDERPRECISION":1,"PARTOF":"Wattasid Caliphate"}},
{"type":"Feature","geometry":{"type":"Polygon","coordinates":[[[-1.8,32.43],[6.5,32.73],[6.92,36.82],[1.06,36.46],[-2.19,35.05],[-1.8,32.43]]]},"properties":{"NAME":"Zayyanid Caliphate","ABBREVN":"Zayyanid C.","SUBJECTO":"Zayyanid Caliphate","BORDERPRECISION":1,"PARTOF":"Zayyanid Caliphate"}},
{"type":"Feature","geometry":{"type":"Polygon","coordinates":[[[6.5,32.73],[7.89,32.59],[12.53,30.8],[12.12,32.88],[10.02,34.08],[11.13,35.24],[10.13,37.1],[6.92,36.82],[6.5,32.73]]]},"properties":{"NAME":"Hafsid Caliphate","ABBREVN":"Hafsid Cal.","SUBJECTO":"Hafsid Caliphate","BORDERPRECISION":1,"PARTOF":"Hafsid Caliphate"}},
{"type":"Feature","geometry":{"type":"MultiPolygon","coordinates":[[[[12.53,30.8],[17,28.75],[21.68,28.08],[25.44,28.01],[27.43,27.2],[29.34,24.03],[32.51,23.73],[35.19,24.4],[33.93,26.56],[34.89,28.36],[39.1,22.4],[39.17,21.22],[40.82,19.68],[41.81,21.71],[37.42,27.83],[36.52,31.16],[37.21,33.57],[38.04,34.6],[38.91,36.01],[37.95,37.32],[38.61,38.37],[35.89,36.77],[35.87,34.42],[34.5,31.62],[33.56,30.97],[31,31.47],[29.25,30.75],[23.15,32.14],[21.67,32.82],[20.37,32.3],[20.12,30.96],[18.92,30.2],[15.84,31.29],[15.01,32.36],[12.12,32.88],[12.53,30.8]]],[[[38.53,18.16],[37.4,18.92],[37.17,20.76],[35.96,19.42],[36.45,18.07],[38.53,18.16]]]]},"properties":{"NAME":"Mamluke Sultanate","ABBREVN":"Mamluke Sul.","SUBJECTO":"Mamluke Sultanate","BORDERPRECISION":1,"PARTOF":"Mamluke Sultanate"}},
{"type":"Feature","geometry":{"type":"Polygon","coordinates":[[[43.5,9.73],[44.28,10.4],[42.81,11.78],[41.51,10.76],[42.46,9.51],[43.5,9.73]]]},"properties":{"NAME":"Adal","ABBREVN":"Adal","SUBJECTO":"Adal","BORDERPRECISION":1,"PARTOF":"Adal"}},
{"type":"Feature","geometry":{"type":"Polygon","coordinates":[[[41.51,10.76],[40.7,11.28],[41.43,12.75],[41.14,13.86],[38.85,15.63],[36.42,14.89],[35.61,12.23],[35.46,9.58],[35.98,7.44],[38.32,6.5],[38.61,6.6],[40.2,8.08],[41.57,10.29],[42.46,9.51],[41.51,10.76]]]},"properties":{"NAME":"Ethiopia","ABBREVN":"Ethiopia","SUBJECTO":"Ethiopia","BORDERPRECISION":1,"PARTOF":"Ethiopia"}},
{"type":"Feature","geometry":{"type":"Polygon","coordinates":[[[33.69,16.44],[34.21,17.25],[33.03,18.28],[31.63,17.39],[32.15,16.29],[33.69,16.44]]]},"properties":{"NAME":"Alwa","ABBREVN":"Alwa","SUBJECTO":"Alwa","BORDERPRECISION":1,"PARTOF":"Alwa"}},
{"type":"Feature","geometry":{"type":"Polygon","coordinates":[[[32.15,16.29],[31.78,12.38],[32.37,10.98],[33.62,10.98],[34.58,12.75],[34.21,15.7],[33.69,16.44],[32.15,16.29]]]},"properties":{"NAME":"Funj","ABBREVN":"Funj","SUBJECTO":"Funj","BORDERPRECISION":1,"PARTOF":"Funj"}},
{"type":"Feature","geometry":{"type":"Polygon","coordinates":[[[28.02,-21.23],[28.64,-24.91],[29.38,-25.87],[31.37,-25.28],[33.06,-23.08],[33.36,-20.84],[33.4,-20.58],[33.4,-20.54],[33.47,-20.02],[33.66,-18.65],[32.96,-16.07],[30.08,-16.36],[28.17,-19.68],[28.14,-19.94],[28.02,-21.23]]]},"properties":{"NAME":"Mwenemutapa","ABBREVN":"Mwenemutapa","SUBJECTO":"Mwenemutapa","BORDERPRECISION":1,"PARTOF":"Mwenemutapa"}},
{"type":"Feature","geometry":{"type":"Polygon","coordinates":[[[16.2,-9.12],[15.24,-9.88],[16.2,-10.19],[16.2,-9.12]]]},"properties":{"NAME":"Ndongo","ABBREVN":"Ndongo","SUBJECTO":"Ndongo","BORDERPRECISION":1,"PARTOF":"Ndongo"}},
{"type":"Feature","geometry":{"type":"Polygon","coordinates":[[[3.95,6.58],[5.45,5.48],[6.09,4.33],[6.4,5.02],[6.76,5.83],[7.37,7.91],[5.34,8.72],[4.82,7.93],[3.95,6.58]]]},"properties":{"NAME":"Benin","ABBREVN":"Benin","SUBJECTO":"Benin","BORDERPRECISION":1,"PARTOF":"Benin"}},
{"type":"Feature","geometry":{"type":"Polygon","coordinates":[[[5.34,8.72],[4.32,9.8],[2.33,9.58],[2.63,7.81],[4.82,7.93],[5.34,8.72]]]},"properties":{"NAME":"Oyo","ABBREVN":"Oyo","SUBJECTO":"Oyo","BORDERPRECISION":1,"PARTOF":"Oyo"}},
{"type":"Feature","geometry":{"type":"Polygon","coordinates":[[[-3.94,5.27],[-2.03,4.7],[0.54,5.72],[-0.4,6.12],[-3.49,5.9],[-3.94,5.27]]]},"properties":{"NAME":"Akan","ABBREVN":"Akan","SUBJECTO":"Akan","BORDERPRECISION":1,"PARTOF":"Akan"}},
{"type":"Feature","geometry":{"type":"Polygon","coordinates":[[[-9.39,12.23],[-8.73,11.64],[-5.09,12.85],[-2.53,15.04],[-0.84,15.18],[1.13,12.71],[1.93,12.33],[3.39,13.12],[3.41,14.1],[-0.4,18.94],[-1.58,19.38],[-3.64,19.02],[-5.9,17.79],[-8.21,15.18],[-9.39,12.23]]]},"properties":{"NAME":"Songhai","ABBREVN":"Songhai","SUBJECTO":"Songhai","BORDERPRECISION":1,"PARTOF":"Songhai"}},
{"type":"Feature","geometry":{"type":"Polygon","coordinates":[[[-5.9,17.79],[-9.09,18.65],[-12.04,18.43],[-16.06,18.67],[-16.45,16.12],[-17.43,14.81],[-16.7,14.08],[-16.64,13.84],[-16.47,13.72],[-14.25,13.49],[-12.71,12.01],[-10.95,11.43],[-9.39,12.23],[-8.21,15.18],[-5.9,17.79]]]},"properties":{"NAME":"Mali","ABBREVN":"Mali","SUBJECTO":"Mali","BORDERPRECISION":1,"PARTOF":"Mali"}},
{"type":"Feature","geometry":{"type":"Polygon","coordinates":[[[-8.31,33.34],[-9.81,31.29],[-9.66,29.95],[-11.58,28.23],[-12.87,27.86],[-14.37,26.12],[-17.05,21],[-16.35,20.52],[-16.06,18.67],[-12.04,18.43],[-9.09,18.65],[-5.9,17.79],[-3.64,19.02],[-1.58,19.38],[-0.4,18.94],[3.41,14.1],[3.39,13.12],[3.56,12.18],[3.78,13.66],[8.3,14.52],[10.07,14.22],[11.77,16.21],[11.99,20.34],[13.31,20.97],[15.01,15.04],[15.82,13.12],[14.71,12.51],[15.66,11.31],[18.63,10.17],[20.67,11.96],[23.2,11.78],[24.07,11.18],[30.6,11.12],[32.35,9.53],[33.02,6.86],[35.58,5.53],[38.32,6.5],[35.98,7.44],[35.46,9.58],[35.61,12.23],[36.42,14.89],[38.85,15.63],[41.14,13.86],[41.43,12.75],[40.7,11.28],[41.51,10.76],[42.81,11.78],[42.35,13.27],[40.74,14.92],[39.52,15.46],[38.53,18.16],[36.45,18.07],[35.96,19.42],[37.17,20.76],[35.19,24.4],[32.51,23.73],[29.34,24.03],[27.43,27.2],[25.44,28.01],[21.68,28.08],[17,28.75],[12.53,30.8],[7.89,32.59],[6.5,32.73],[-1.8,32.43],[-4.89,32.4],[-8.31,33.34]],[[33.69,16.44],[34.21,15.7],[34.58,12.75],[33.62,10.98],[32.37,10.98],[31.78,12.38],[32.15,16.29],[31.63,17.39],[33.03,18.28],[34.21,17.25],[33.69,16.44]]]},"properties":{"NAME":null,"ABBREVN":null,"SUBJECTO":null,"BORDERPRECISION":1,"PARTOF":null}},
{"type":"Feature","geometry":{"type":"Polygon","coordinates":[[[3.56,12.18],[4.67,11.51],[7.18,11.05],[9.85,10.91],[10.73,11.29],[10.07,14.22],[8.3,14.52],[3.78,13.66],[3.56,12.18]]]},"properties":{"NAME":"Hausa States","ABBREVN":"Hausa States","SUBJECTO":"Hausa States","BORDERPRECISION":1,"PARTOF":"Hausa States"}},
{"type":"Feature","geometry":{"type":"Polygon","coordinates":[[[10.07,14.22],[10.73,11.29],[12.35,11.2],[14.71,12.51],[15.82,13.12],[15.01,15.04],[13.31,20.97],[11.99,20.34],[11.77,16.21],[10.07,14.22]]]},"properties":{"NAME":"Bornu-Kanem","ABBREVN":"Bornu","SUBJECTO":"Bornu-Kanem","BORDERPRECISION":1,"PARTOF":"Bornu-Kanem"}},
{"type":"Feature","geometry":{"type":"Polygon","coordinates":[[[46.88,13.47],[46.66,15.42],[46.28,17.12],[45.24,17.69],[42.76,16.65],[42.8,15.47],[43.84,12.66],[46.88,13.47]]]},"properties":{"NAME":"Yemen","ABBREVN":"Yemen","SUBJECTO":"Yemen","BORDERPRECISION":1,"PARTOF":"Yemen"}},
{"type":"Feature","geometry":{"type":"Polygon","coordinates":[[[46.88,13.47],[52.14,15.69],[52.89,16.61],[55.19,17.15],[55.56,17.94],[57.84,19.03],[59.84,22.28],[58.18,21.85],[56.95,20.64],[53.96,19.73],[50.51,17.15],[47.84,16.42],[46.66,15.42],[46.88,13.47]]]},"properties":{"NAME":"Hadramaut","ABBREVN":"Hadramaut","SUBJECTO":"Hadramaut","BORDERPRECISION":1,"PARTOF":"Hadramaut"}},
{"type":"Feature","geometry":{"type":"Polygon","coordinates":[[[59.84,22.28],[58.63,23.46],[57.15,23.98],[56.02,25.77],[54.35,24.15],[51.59,24],[50.97,24.44],[50.57,23.85],[53.99,23.11],[56.41,23.45],[58.18,21.85],[59.84,22.28]]]},"properties":{"NAME":"Muscat","ABBREVN":"Muscat","SUBJECTO":"Muscat","BORDERPRECISION":1,"PARTOF":"Muscat"}},
{"type":"Feature","geometry":{"type":"Polygon","coordinates":[[[40.82,19.68],[42.76,16.65],[45.24,17.69],[46.28,17.12],[46.66,15.42],[47.84,16.42],[50.51,17.15],[53.96,19.73],[56.95,20.64],[58.18,21.85],[56.41,23.45],[53.99,23.11],[50.57,23.85],[50.97,24.44],[48.86,27.52],[47.84,29.5],[44.08,30.34],[40.03,34.39],[38.04,34.6],[37.21,33.57],[36.52,31.16],[37.42,27.83],[41.81,21.71],[40.82,19.68]]]},"properties":{"NAME":"Arabs","ABBREVN":"Arabs","SUBJECTO":"Arabs","BORDERPRECISION":1,"PARTOF":"Arabs"}},
{"type":"Feature","geometry":{"type":"Polygon","coordinates":[[[41.48,41.44],[41.21,40.24],[38.61,38.37],[37.95,37.32],[38.91,36.01],[38.04,34.6],[40.03,34.39],[44.08,30.34],[47.84,29.5],[50.13,30.07],[51.35,28.04],[54.65,26.39],[56.79,26.97],[57.25,25.79],[60.48,25.3],[59.98,26.51],[59.18,28.48],[57.19,30.76],[53.98,36.78],[51.8,36.43],[48.84,37.51],[49.81,40.58],[47.49,43.58],[47.35,41.44],[45.38,42.62],[43.96,42.59],[41.48,41.44]]]},"properties":{"NAME":"Emirate of the White Sheep Turks","ABBREVN":"Turks","SUBJECTO":"Emirate of the White Sheep Turks","BORDERPRECISION":1,"PARTOF":"Emirate of the White Sheep Turks"}},
{"type":"Feature","geometry":{"type":"Polygon","coordinates":[[[72.82,31.06],[74.59,30.69],[74.88,27.96],[76.43,27.52],[78.28,24.3],[82.55,23.24],[83.14,24.79],[85.27,24.2],[86.23,27],[84.97,27.61],[84.51,27.31],[83.08,27.28],[80.1,29.02],[80.67,29.68],[77.53,32.09],[77.31,34.01],[77.98,34.87],[75.33,34.95],[72.82,31.06]]]},"properties":{"NAME":"Sultanate of Delhi","ABBREVN":"Delhi","SUBJECTO":"Sultanate of Delhi","BORDERPRECISION":1,"PARTOF":"Sultanate of Delhi"}},
{"type":"Feature","geometry":{"type":"Polygon","coordinates":[[[82.55,23.24],[83.62,21.72],[84.3,20.75],[85.38,19.61],[87.64,21.56],[90,21.93],[91.41,22.72],[91.72,24.09],[91.55,26.29],[88.66,26.41],[86.23,27],[85.27,24.2],[83.14,24.79],[82.55,23.24]]]},"properties":{"NAME":"Bengal","ABBREVN":"Bengal","SUBJECTO":"Bengal","BORDERPRECISION":1,"PARTOF":"Bengal"}},
{"type":"Feature","geometry":{"type":"Polygon","coordinates":[[[80.67,29.68],[81.11,30.19],[82.04,30.19],[85.86,28.2],[84.97,27.61],[86.23,27],[88.66,26.41],[91.55,26.29],[94.32,26.88],[95.48,27.91],[97.34,28.18],[98.64,27.48],[100.68,28.69],[102.41,33.72],[101.69,36.31],[95.52,37.1],[91.69,36.36],[90,36.51],[89.92,35.19],[82.69,34.74],[77.98,34.87],[77.31,34.01],[77.53,32.09],[80.67,29.68]]]},"properties":{"NAME":"Tibet","ABBREVN":"Tibet","SUBJECTO":"Tibet","BORDERPRECISION":1,"PARTOF":"Tibet"}},
{"type":"Feature","geometry":{"type":"Polygon","coordinates":[[[36.86,52.09],[38.29,51.21],[38.14,49.05],[40.03,49.08],[42.59,50.91],[44.36,49.43],[42.52,47.05],[41.31,43.56],[43.62,43.77],[45.38,42.62],[47.35,41.44],[47.49,43.58],[47.56,45.45],[51.37,47.09],[52.85,46.94],[56.67,58.26],[45.96,57.73],[44.81,54.66],[43.67,53.48],[40.41,51.35],[37.7,52.74],[36.86,52.09]]]},"properties":{"NAME":"Golden Horde","ABBREVN":"Golden Horde","SUBJECTO":"Golden Horde","BORDERPRECISION":1,"PARTOF":"Golden Horde"}},
{"type":"Feature","geometry":{"type":"Polygon","coordinates":[[[73.49,16.29],[75.21,12.1],[76.7,8.71],[77.9,8.26],[79.83,10.36],[80.46,15.77],[77.92,16.25],[76.1,15.97],[73.49,16.29]]]},"properties":{"NAME":"Vijayanagara","ABBREVN":"Vijayanagara","SUBJECTO":"Vijayanagara","BORDERPRECISION":1,"PARTOF":"Vijayanagara"}},
{"type":"Feature","geometry":{"type":"Polygon","coordinates":[[[91.41,22.72],[92.83,20.42],[92.88,21.9],[91.72,24.09],[91.41,22.72]]]},"properties":{"NAME":"Arakan","ABBREVN":"Arakan","SUBJECTO":"Arakan","BORDERPRECISION":1,"PARTOF":"Arakan"}},
{"type":"Feature","geometry":{"type":"Polygon","coordinates":[[[106.85,10.58],[108.7,11.15],[109.05,11.93],[107.38,12.35],[106.85,10.58]]]},"properties":{"NAME":"Champa","ABBREVN":"Champa","SUBJECTO":"Champa","BORDERPRECISION":1,"PARTOF":"Champa"}},
{"type":"Feature","geometry":{"type":"Polygon","coordinates":[[[105.57,17.88],[103.9,19.31],[102.98,20.97],[101.66,19.66],[101.65,18],[105.57,17.88]]]},"properties":{"NAME":"Laos","ABBREVN":"Laos","SUBJECTO":"Laos","BORDERPRECISION":1,"PARTOF":"Laos"}},
{"type":"Feature","geometry":{"type":"Polygon","coordinates":[[[107.38,12.35],[109.05,11.93],[109.31,12.91],[108.24,16.08],[106.43,17.55],[105.53,18.84],[106.81,20.91],[107.47,20.98],[105.41,21.9],[102.98,20.97],[103.9,19.31],[105.57,17.88],[107.11,16.17],[107.48,13.26],[107.38,12.35]]]},"properties":{"NAME":"Đại Việt","ABBREVN":"Annam","SUBJECTO":"Đại Việt","BORDERPRECISION":1,"PARTOF":"Đại Việt"}},
{"type":"Feature","geometry":{"type":"Polygon","coordinates":[[[98.64,27.48],[98.56,24.71],[99.59,23],[99.84,20.48],[101.66,19.66],[102.98,20.97],[105.41,21.9],[107.47,20.98],[109.12,21.4],[110.08,20.87],[112.75,21.76],[113.72,22.48],[116.34,22.91],[118.81,24.85],[119.43,26.59],[121.36,28.39],[121.61,31.83],[119.97,34.14],[119.02,34.69],[120.14,36.19],[117.59,38.28],[121.01,40.85],[125.3,39.36],[125.38,39.41],[129.64,41.66],[131.87,43.29],[119.6,42.03],[102.93,39.02],[95.59,38.94],[95.52,37.1],[101.69,36.31],[102.41,33.72],[100.68,28.69],[98.64,27.48]]]},"properties":{"NAME":"Ming Empire","ABBREVN":"Ming Empire","SUBJECTO":"Ming Empire","BORDERPRECISION":1,"PARTOF":"Ming Empire"}},
{"type":"Feature","geometry":{"type":"Polygon","coordinates":[[[107.48,13.26],[107.11,16.17],[105.57,17.88],[101.65,18],[101.66,19.66],[99.84,20.48],[98.67,18.4],[97.57,16.45],[98.74,11.44],[98.18,8.6],[100.14,6.18],[100.66,3.9],[101.26,3.23],[103.33,3.39],[103.34,4.81],[101.56,6.74],[100.61,6.98],[100.13,8.53],[99.07,9.9],[99.9,12.08],[100.87,12.68],[102.67,12.04],[105.02,13.41],[107.48,13.26]],[[98.22,15.02],[98.14,15.19],[98.18,15.21],[98.22,15.02]]]},"properties":{"NAME":"Ayutthaya","ABBREVN":"Ayutthaya","SUBJECTO":"Ayutthaya","BORDERPRECISION":1,"PARTOF":"Ayutthaya"}},
{"type":"Feature","geometry":{"type":"Polygon","coordinates":[[[91.72,24.09],[92.88,21.9],[92.83,20.42],[94.05,19.06],[94.46,17.26],[98.67,18.4],[99.84,20.48],[99.59,23],[98.56,24.71],[98.64,27.48],[97.34,28.18],[95.48,27.91],[94.32,26.88],[91.55,26.29],[91.72,24.09]]]},"properties":{"NAME":"Burmese kingdoms","ABBREVN":"Burmese kingdoms","SUBJECTO":"Burmese kingdoms","BORDERPRECISION":1,"PARTOF":"Burmese kingdoms"}},
{"type":"Feature","geometry":{"type":"Polygon","coordinates":[[[98.67,18.4],[94.46,17.26],[95.33,15.68],[97.57,16.45],[98.67,18.4]]]},"properties":{"NAME":"Pegu","ABBREVN":"Pegu","SUBJECTO":"Pegu","BORDERPRECISION":1,"PARTOF":"Pegu"}},
{"type":"Feature","geometry":{"type":"Polygon","coordinates":[[[8.88,54.23],[4.64,52.76],[1.8,50.92],[1.83,50.24],[5.36,49.7],[6.02,48.65],[5.53,46.1],[7.4,43.76],[9.91,44.11],[11.96,42.01],[12.3,43.28],[11.17,45.07],[9.54,46.31],[12.07,46.93],[13.37,45.69],[13.67,45.71],[14.35,45.32],[16.54,46.36],[16.56,47.5],[18.93,49.62],[18.65,50.64],[15.76,52.27],[17.66,54.69],[14.47,53.88],[10.14,54.34],[8.88,54.23]]]},"properties":{"NAME":"Holy Roman Empire","ABBREVN":"Holy Roman E","SUBJECTO":"Holy Roman Empire","BORDERPRECISION":1,"PARTOF":"Holy Roman Empire"}},
{"type":"Feature","geometry":{"type":"Polygon","coordinates":[[[-14.51,28.05],[-13.88,28.2],[-14.15,28.39],[-14.51,28.05]]]},"properties":{"NAME":"Guanches","ABBREVN":"Guanches","SUBJECTO":"Guanches","BORDERPRECISION":1,"PARTOF":"Guanches"}},
{"type":"Feature","geometry":{"type":"Polygon","coordinates":[[[-22.61,80.87],[-22.43,82.74],[-32.51,83.58],[-49.65,82.48],[-67.14,80.56],[-64.89,79.38],[-58.83,78.24],[-52.06,74.7],[-48.4,67.15],[-50.52,63.09],[-48.92,61.42],[-43.14,59.82],[-42.27,62.19],[-40.52,63.78],[-39.99,65.53],[-35.97,65.85],[-32.96,67.64],[-28.38,68.42],[-29.34,69.87],[-29.34,73.28],[-27.71,74.99],[-26.06,79.64],[-22.61,80.87]]]},"properties":{"NAME":null,"ABBREVN":null,"SUBJECTO":null,"BORDERPRECISION":1,"PARTOF":null}},
{"type":"Feature","geometry":{"type":"Polygon","coordinates":[[[19.33,57.96],[19.1,57.98],[19.14,57.91],[19.33,57.96]]]},"properties":{"NAME":null,"ABBREVN":null,"SUBJECTO":null,"BORDERPRECISION":1,"PARTOF":null}},
{"type":"Feature","geometry":{"type":"Polygon","coordinates":[[[18.21,56.91],[18.71,57.24],[18.81,57.7],[18.11,57.52],[18.21,56.91]]]},"properties":{"NAME":null,"ABBREVN":null,"SUBJECTO":null,"BORDERPRECISION":1,"PARTOF":null}},
{"type":"Feature","geometry":{"type":"Polygon","coordinates":[[[142.34,-10.92],[141.68,-12.47],[141.71,-15.23],[140.8,-17.56],[139.25,-17.43],[135.39,-14.9],[136.66,-12.62],[133.56,-11.95],[130.46,-12.76],[129.2,-14.99],[126.85,-13.78],[122.74,-16.58],[122.2,-18.24],[120.87,-19.68],[116.42,-20.84],[113.63,-22.57],[113.43,-26.57],[114.63,-28.9],[115.75,-32.21],[115.05,-34.42],[116.56,-35.19],[118.21,-35.09],[119.77,-34.12],[123.62,-33.92],[126.06,-32.43],[131.28,-31.63],[133.84,-32.34],[135.53,-35.05],[137.46,-33.31],[139.37,-35.61],[140.01,-37.64],[143.36,-38.97],[144.97,-38.07],[145.93,-38.88],[149.5,-37.93],[151.36,-33.52],[152.97,-31.42],[153.49,-28.84],[153.07,-26.23],[150.75,-22.81],[149.56,-22.43],[149.1,-21.06],[146.32,-19.08],[145.18,-15.05],[143.74,-14.47],[143.17,-12.12],[142.34,-10.92]]]},"properties":{"NAME":"Australian aboriginal hunter-gatherers","ABBREVN":"Australian aboriginal hunter-gatherers","SUBJECTO":"Australian aboriginal hunter-gatherers","BORDERPRECISION":1,"PARTOF":"Australian aboriginal hunter-gatherers"}},
{"type":"Feature","geometry":{"type":"Polygon","coordinates":[[[146.71,-43.72],[147.82,-42.97],[148.27,-41.09],[144.78,-40.84],[145.72,-43.24],[146.71,-43.72]]]},"properties":{"NAME":"Tasmanian hunter-gatherers","ABBREVN":"Tasmanian hunter-gatherers","SUBJECTO":"Tasmanian hunter-gatherers","BORDERPRECISION":1,"PARTOF":"Tasmanian hunter-gatherers"}},
{"type":"Feature","geometry":{"type":"Polygon","coordinates":[[[-50.48,-1.68],[-48.89,-1.42],[-48.55,-0.63],[-50.5,-0.26],[-50.48,-1.68]]]},"properties":{"NAME":"Caribbean hunter-gatherers","ABBREVN":"Caribbean hunter-gatherers","SUBJECTO":"Caribbean hunter-gatherers","BORDERPRECISION":1,"PARTOF":"Caribbean hunter-gatherers"}},
{"type":"Feature","geometry":{"type":"Polygon","coordinates":[[[42.46,9.51],[41.57,10.29],[40.2,8.08],[38.61,6.6],[38.32,6.5],[35.58,5.53],[33.02,6.86],[32.35,9.53],[30.6,11.12],[24.07,11.18],[23.2,11.78],[20.67,11.96],[18.63,10.17],[15.66,11.31],[14.71,12.51],[12.35,11.2],[10.73,11.29],[9.85,10.91],[7.18,11.05],[4.67,11.51],[3.56,12.18],[3.39,13.12],[1.93,12.33],[-1.17,10.85],[-3.48,10.29],[-6.83,10.11],[-15.1,11.81],[-15.34,11.22],[-15.03,11.16],[-14.97,10.85],[-14.57,10.78],[-14.47,10.33],[-13.68,9.92],[-13.28,9.27],[-13.14,9.03],[-13.14,8.72],[-12.93,8.63],[-12.91,8.56],[-12.99,8.46],[-13.21,8.35],[-13.04,8.14],[-12.27,7.63],[-12.05,7.26],[-9.25,5.17],[-7.53,4.34],[-3.94,5.27],[-3.49,5.9],[-0.4,6.12],[3.95,6.58],[4.82,7.93],[2.63,7.81],[2.33,9.58],[4.32,9.8],[5.34,8.72],[7.37,7.91],[6.76,5.83],[12.6,7.73],[22.22,6.2],[33.93,2.84],[34.41,2.49],[43.41,2.51],[44.28,3.36],[47.64,4.1],[50.78,9.37],[51.18,11.78],[47.39,11.16],[44.28,10.4],[43.5,9.73],[42.46,9.51]]]},"properties":{"NAME":"West African cereal farmers","ABBREVN":"West African cereal farmers","SUBJECTO":"West African cereal farmers","BORDERPRECISION":1,"PARTOF":"West African cereal farmers"}},
{"type":"Feature","geometry":{"type":"Polygon","coordinates":[[[28.14,-19.94],[12.91,-19.7],[12.52,-19.06],[14.53,-22.5],[15.15,-26.33],[15.29,-27.15],[15.66,-27.89],[16.79,-29.14],[18.18,-31.81],[17.93,-33.1],[18.07,-33.22],[18.46,-33.83],[18.35,-34.35],[18.72,-34.22],[18.84,-34.44],[19.28,-34.5],[19.88,-34.99],[22.68,-34.1],[24.43,-34.33],[26.66,-33.85],[28.92,-32.3],[32.23,-28.74],[32.92,-26.52],[32.5,-26.07],[33.35,-25.3],[35.5,-24.09],[35.3,-23.83],[35.53,-22.46],[35.26,-22.27],[34.99,-21.27],[35.03,-21.19],[34.67,-20.52],[34.72,-20.04],[33.47,-20.02],[33.4,-20.54],[33.4,-20.58],[33.4,-20.76],[33.36,-20.84],[33.06,-23.08],[31.37,-25.28],[29.38,-25.87],[28.64,-24.91],[28.02,-21.23],[28.14,-19.94]]]},"properties":{"NAME":"Khoiasan","ABBREVN":"Khoiasan","SUBJECTO":"Khoiasan","BORDERPRECISION":1,"PARTOF":"Khoiasan"}},
{"type":"Feature","geometry":{"type":"Polygon","coordinates":[[[144.54,48.75],[143.34,50.89],[143.06,53.06],[141.69,53.17],[141.81,52.63],[141.64,51.81],[142.15,50.89],[141.77,48.7],[142.04,47.96],[141.73,47.47],[141.62,46.56],[141.71,46.14],[143.44,46.57],[142.7,47.36],[142.85,49.13],[144.54,48.75]]]},"properties":{"NAME":"Ainus","ABBREVN":"Ainus","SUBJECTO":"Ainus","BORDERPRECISION":1,"PARTOF":"Ainus"}},
{"type":"Feature","geometry":{"type":"MultiPolygon","coordinates":[[[[61.88,59.85],[67.89,61.69],[70.97,64.24],[72.36,62.94],[75.24,62.13],[77.04,61.97],[85.08,58.16],[93.98,56.89],[102.59,57.3],[109.08,57.6],[118.11,56.89],[126.44,54.92],[136.49,53.65],[136.49,54.46],[134.89,54.72],[137.23,55.98],[142.85,59.27],[145.4,59.33],[145.65,58.98],[145.96,58.98],[146.02,59.2],[148.75,59.3],[148.73,59.48],[149.73,59.6],[150.12,59.39],[151.52,59.34],[151.14,58.73],[152.19,58.93],[152.5,58.77],[154.39,59.04],[153.94,59.57],[155.73,60.56],[155.67,60.78],[155.85,60.88],[156.42,61.4],[159.11,61.71],[159.23,61.55],[160.12,61.75],[159.82,60.98],[160.24,60.95],[160.12,60.56],[162.75,61.61],[162.71,61.76],[163.01,62.18],[162.99,62.33],[165.07,62.44],[163.83,61.23],[158.33,58.03],[156.78,57.58],[155.47,54.92],[156.7,50.96],[158.39,52.2],[158.46,52.83],[159.92,53.3],[159.63,53.71],[161.88,54.56],[161.5,55.29],[162.72,56.34],[162.77,55.92],[163.17,56.11],[162.51,57.03],[162.93,57.37],[161.8,58.1],[162.62,58.73],[162.91,58.89],[162.75,58.97],[162.84,59.06],[163.25,59.29],[163.04,59.46],[163.77,59.88],[164.11,60.08],[164.58,59.66],[164.88,59.73],[164.93,59.96],[166.2,60.35],[166.03,59.71],[169.15,60.43],[169.88,59.87],[170.27,60.01],[170.27,60.15],[177.19,62.67],[177.29,62.49],[179.24,62.53],[178.08,63.43],[178.4,63.66],[177.81,64.05],[175.9,64.55],[175.97,64.9],[176.18,64.87],[176.33,64.77],[177.13,64.93],[177.25,64.86],[177.84,64.58],[180,64.95],[180,65.05],[180,65.31],[180,65.38],[180,65.96],[180,66.96],[180,67.96],[180,68.92],[175.61,69.78],[170.43,69.56],[161.96,69.53],[159.44,69.76],[159.57,70],[158.41,70.81],[152.13,70.66],[148.71,71.63],[149.72,71.9],[144.8,71.59],[145.68,71.93],[144.82,72.14],[141.29,72.79],[139.05,72.16],[139.85,72.24],[138.18,71.36],[130.78,70.68],[126.11,72.28],[128.52,72.95],[118.34,73.19],[110.18,73.8],[110.4,73.74],[105.28,72.75],[112.58,74.89],[113.11,75.49],[106.4,76.43],[107.07,76.77],[104.49,77],[105.47,77.33],[95.98,75.9],[90,75.6],[86.98,74.3],[87.39,74.18],[86.12,73.45],[86.33,73.63],[80.84,73.55],[80.98,72.45],[82.32,72.22],[82.44,72.05],[83.2,71.83],[83.56,71.62],[83.08,70.58],[82.05,70.42],[82.22,71.2],[82.88,71.49],[81.67,71.57],[79.22,72.27],[76.61,71.52],[78.14,71.37],[75.67,71.2],[75.3,71.9],[75.58,72.17],[73.22,71.46],[74.32,69.16],[77.41,68.94],[77.69,67.76],[78.54,67.61],[76.95,67.65],[77.04,68.46],[72.21,66.17],[69.08,66.69],[71.35,66.66],[71.4,66.95],[73.39,68.38],[72.44,70.19],[72.77,70.46],[71.8,71.43],[72.84,72.49],[69.34,72.83],[66.77,70.74],[67.29,70.71],[66.88,69.62],[68.11,69.43],[68.26,68.94],[69.11,68.83],[62.28,69.71],[59.06,68.5],[60.93,68.82],[62.66,61.1],[61.88,59.85]]],[[[54.48,73.52],[57.82,73.78],[57.4,74.05],[58.73,74.29],[58.6,74.5],[60.43,74.84],[60.33,75.03],[68.57,76.39],[56.99,75.27],[54.48,73.52]]]]},"properties":{"NAME":"Siberians","ABBREVN":"Siberians","SUBJECTO":"Siberians","BORDERPRECISION":1,"PARTOF":"Siberians"}},
{"type":"Feature","geometry":{"type":"Polygon","coordinates":[[[24.32,35.21],[24.69,34.94],[25.51,35.29],[24.39,35.37],[23.53,35.57],[23.57,35.25],[24.32,35.21]]]},"properties":{"NAME":null,"ABBREVN":null,"SUBJECTO":null,"BORDERPRECISION":1,"PARTOF":null}},
{"type":"Feature","geometry":{"type":"Polygon","coordinates":[[[41.31,43.56],[42.52,47.05],[44.36,49.43],[42.59,50.91],[40.03,49.08],[38.14,49.05],[36.07,47.9],[32.02,46.88],[34.91,46.27],[37.42,47.08],[37.47,44.69],[41.12,43.02],[41.31,43.56]]]},"properties":{"NAME":"Crimean Khanate","ABBREVN":"Crimean Khanate","SUBJECTO":"Ottoman Empire","BORDERPRECISION":1,"PARTOF":"Ottoman Empire","wikipedia":null}},
{"type":"Feature","geometry":{"type":"Polygon","coordinates":[[[-1.75,48.18],[-3.09,48.87],[-4.35,48.39],[-2.58,47.32],[-1.75,48.18]]]},"properties":{"NAME":"Britany","ABBREVN":"Britany","SUBJECTO":"Britany","BORDERPRECISION":1,"PARTOF":"Britany"}},
{"type":"Feature","geometry":null,"properties":{"NAME":null,"ABBREVN":null,"SUBJECTO":null,"BORDERPRECISION":1,"PARTOF":null}},
{"type":"Feature","geometry":{"type":"Polygon","coordinates":[[[44.3,1.29],[45.54,1.97],[47.64,4.1],[44.28,3.36],[43.41,2.51],[39.42,-1.38],[42.79,1.32],[44.3,1.29]]]},"properties":{"NAME":null,"ABBREVN":null,"SUBJECTO":null,"BORDERPRECISION":1,"PARTOF":null}},
{"type":"Feature","geometry":{"type":"Polygon","coordinates":[[[40.4,-11.23],[40.31,-11.34],[40.37,-12.99],[40.4,-11.23]]]},"properties":{"NAME":null,"ABBREVN":null,"SUBJECTO":null,"BORDERPRECISION":1,"PARTOF":null}},
{"type":"Feature","geometry":{"type":"Polygon","coordinates":[[[40.62,-14.48],[40.6,-13.53],[40.6,-14.4],[40.62,-14.48]]]},"properties":{"NAME":null,"ABBREVN":null,"SUBJECTO":null,"BORDERPRECISION":1,"PARTOF":null}},
{"type":"Feature","geometry":{"type":"Polygon","coordinates":[[[40.53,-15.18],[40.78,-14.92],[40.86,-14.7],[40.53,-15.18]]]},"properties":{"NAME":null,"ABBREVN":null,"SUBJECTO":null,"BORDERPRECISION":1,"PARTOF":null}},
{"type":"Feature","geometry":{"type":"Polygon","coordinates":[[[34.67,-20.52],[34.71,-20.29],[34.73,-19.86],[34.85,-19.8],[35.91,-19.03],[37.28,-17.71],[39.8,-16.42],[40.57,-15.48],[39.8,-16.42],[37.28,-17.71],[35.91,-19.03],[34.85,-19.8],[34.73,-19.86],[34.72,-20.04],[34.67,-20.52]]]},"properties":{"NAME":null,"ABBREVN":null,"SUBJECTO":null,"BORDERPRECISION":1,"PARTOF":null}},
{"type":"Feature","geometry":{"type":"Polygon","coordinates":[[[12.52,-19.06],[12.08,-18.49],[14.53,-22.5],[12.52,-19.06]]]},"properties":{"NAME":null,"ABBREVN":null,"SUBJECTO":null,"BORDERPRECISION":1,"PARTOF":null}},
{"type":"Feature","geometry":null,"properties":{"NAME":null,"ABBREVN":null,"SUBJECTO":null,"BORDERPRECISION":1,"PARTOF":null}},
{"type":"Feature","geometry":null,"properties":{"NAME":null,"ABBREVN":null,"SUBJECTO":null,"BORDERPRECISION":1,"PARTOF":null}},
{"type":"Feature","geometry":{"type":"Polygon","coordinates":[[[10.52,-3.24],[12.23,-5.36],[11.77,-4.54],[10.52,-3.24]]]},"properties":{"NAME":null,"ABBREVN":null,"SUBJECTO":null,"BORDERPRECISION":1,"PARTOF":null}},
{"type":"Feature","geometry":{"type":"Polygon","coordinates":[[[9.66,-2.42],[10.06,-2.57],[9.89,-2.44],[9.66,-2.42]]]},"properties":{"NAME":null,"ABBREVN":null,"SUBJECTO":null,"BORDERPRECISION":1,"PARTOF":null}},
{"type":"Feature","geometry":{"type":"Polygon","coordinates":[[[8.98,-1.1],[9.11,-1.35],[9.47,-1.59],[8.98,-1.1]]]},"properties":{"NAME":null,"ABBREVN":null,"SUBJECTO":null,"BORDERPRECISION":1,"PARTOF":null}},
{"type":"Feature","geometry":null,"properties":{"NAME":null,"ABBREVN":null,"SUBJECTO":null,"BORDERPRECISION":1,"PARTOF":null}},
{"type":"Feature","geometry":null,"properties":{"NAME":null,"ABBREVN":null,"SUBJECTO":null,"BORDERPRECISION":1,"PARTOF":null}},
{"type":"Feature","geometry":null,"properties":{"NAME":null,"ABBREVN":null,"SUBJECTO":null,"BORDERPRECISION":1,"PARTOF":null}},
{"type":"Feature","geometry":{"type":"Polygon","coordinates":[[[4.82,7.93],[3.95,6.58],[-0.4,6.12],[0.54,5.72],[3.95,6.58],[4.82,7.93]]]},"properties":{"NAME":null,"ABBREVN":null,"SUBJECTO":null,"BORDERPRECISION":1,"PARTOF":null}},
{"type":"Feature","geometry":null,"properties":{"NAME":null,"ABBREVN":null,"SUBJECTO":null,"BORDERPRECISION":1,"PARTOF":null}},
{"type":"Feature","geometry":{"type":"Polygon","coordinates":[[[-13.04,8.14],[-12.51,7.73],[-12.27,7.63],[-13.04,8.14]]]},"properties":{"NAME":null,"ABBREVN":null,"SUBJECTO":null,"BORDERPRECISION":1,"PARTOF":null}},
{"type":"Feature","geometry":null,"properties":{"NAME":null,"ABBREVN":null,"SUBJECTO":null,"BORDERPRECISION":1,"PARTOF":null}},
{"type":"Feature","geometry":null,"properties":{"NAME":null,"ABBREVN":null,"SUBJECTO":null,"BORDERPRECISION":1,"PARTOF":null}},
{"type":"Feature","geometry":{"type":"Polygon","coordinates":[[[-14.47,10.33],[-14.06,10.08],[-13.68,9.92],[-14.47,10.33]]]},"properties":{"NAME":null,"ABBREVN":null,"SUBJECTO":null,"BORDERPRECISION":1,"PARTOF":null}},
{"type":"Feature","geometry":{"type":"Polygon","coordinates":[[[-14.97,10.85],[-14.82,10.8],[-14.57,10.78],[-14.97,10.85]]]},"properties":{"NAME":null,"ABBREVN":null,"SUBJECTO":null,"BORDERPRECISION":1,"PARTOF":null}},
{"type":"Feature","geometry":{"type":"Polygon","coordinates":[[[-15.34,11.22],[-15.12,11.16],[-15.03,11.16],[-15.34,11.22]]]},"properties":{"NAME":null,"ABBREVN":null,"SUBJECTO":null,"BORDERPRECISION":1,"PARTOF":null}},
{"type":"Feature","geometry":{"type":"Polygon","coordinates":[[[-1.17,10.85],[1.93,12.33],[1.13,12.71],[-0.84,15.18],[-2.53,15.04],[-5.09,12.85],[-8.73,11.64],[-9.39,12.23],[-10.95,11.43],[-12.71,12.01],[-14.25,13.49],[-16.47,13.72],[-16.57,12.31],[-16.28,12.21],[-16.09,11.97],[-15.1,11.81],[-6.83,10.11],[-3.48,10.29],[-1.17,10.85]],[[-1.17,10.85],[-3.17,10.92],[-3.83,12.7],[-3.02,13.66],[-0.06,13.29],[0.08,11.73],[-1.17,10.85]]]},"properties":{"NAME":null,"ABBREVN":null,"SUBJECTO":null,"BORDERPRECISION":1,"PARTOF":null}},
{"type":"Feature","geometry":{"type":"Polygon","coordinates":[[[-16.57,12.31],[-16.42,12.25],[-16.28,12.21],[-16.57,12.31]]]},"properties":{"NAME":null,"ABBREVN":null,"SUBJECTO":null,"BORDERPRECISION":1,"PARTOF":null}},
{"type":"Feature","geometry":{"type":"Polygon","coordinates":[[[35.26,-22.27],[35.03,-21.19],[34.99,-21.27],[35.26,-22.27]]]},"properties":{"NAME":null,"ABBREVN":null,"SUBJECTO":null,"BORDERPRECISION":1,"PARTOF":null}},
{"type":"Feature","geometry":{"type":"Polygon","coordinates":[[[35.3,-23.83],[35.43,-23.46],[35.53,-22.46],[35.3,-23.83]]]},"properties":{"NAME":null,"ABBREVN":null,"SUBJECTO":null,"BORDERPRECISION":1,"PARTOF":null}},
{"type":"Feature","geometry":{"type":"Polygon","coordinates":[[[32.5,-26.07],[35.5,-24.09],[33.35,-25.3],[32.5,-26.07]]]},"properties":{"NAME":null,"ABBREVN":null,"SUBJECTO":null,"BORDERPRECISION":1,"PARTOF":null}},
{"type":"Feature","geometry":{"type":"Polygon","coordinates":[[[19.88,-34.99],[22.68,-34.1],[24.43,-34.33],[26.66,-33.85],[28.92,-32.3],[32.23,-28.74],[32.92,-26.52],[32.23,-28.74],[28.92,-32.3],[26.66,-33.85],[24.43,-34.33],[22.68,-34.1],[19.88,-34.99]]]},"properties":{"NAME":null,"ABBREVN":null,"SUBJECTO":null,"BORDERPRECISION":1,"PARTOF":null}},
{"type":"Feature","geometry":null,"properties":{"NAME":null,"ABBREVN":null,"SUBJECTO":null,"BORDERPRECISION":1,"PARTOF":null}},
{"type":"Feature","geometry":{"type":"Polygon","coordinates":[[[17.93,-33.1],[18.46,-33.83],[18.07,-33.22],[17.93,-33.1]]]},"properties":{"NAME":null,"ABBREVN":null,"SUBJECTO":null,"BORDERPRECISION":1,"PARTOF":null}},
{"type":"Feature","geometry":null,"properties":{"NAME":null,"ABBREVN":null,"SUBJECTO":null,"BORDERPRECISION":1,"PARTOF":null}},
{"type":"Feature","geometry":null,"properties":{"NAME":null,"ABBREVN":null,"SUBJECTO":null,"BORDERPRECISION":1,"PARTOF":null}},
{"type":"Feature","geometry":null,"properties":{"NAME":null,"ABBREVN":null,"SUBJECTO":null,"BORDERPRECISION":1,"PARTOF":null}},
{"type":"Feature","geometry":null,"properties":{"NAME":null,"ABBREVN":null,"SUBJECTO":null,"BORDERPRECISION":1,"PARTOF":null}},
{"type":"Feature","geometry":{"type":"Polygon","coordinates":[[[9.03,4.14],[9.78,3.85],[9.65,4.02],[9.03,4.14]]]},"properties":{"NAME":null,"ABBREVN":null,"SUBJECTO":null,"BORDERPRECISION":1,"PARTOF":null}},
{"type":"Feature","geometry":{"type":"Polygon","coordinates":[[[8.26,4.75],[8.92,4.52],[8.33,4.84],[8.26,4.75]]]},"properties":{"NAME":null,"ABBREVN":null,"SUBJECTO":null,"BORDERPRECISION":1,"PARTOF":null}},
{"type":"Feature","geometry":null,"properties":{"NAME":null,"ABBREVN":null,"SUBJECTO":null,"BORDERPRECISION":1,"PARTOF":null}},
{"type":"Feature","geometry":{"type":"Polygon","coordinates":[[[33.36,-20.84],[33.4,-20.76],[33.4,-20.58],[33.36,-20.84]]]},"properties":{"NAME":null,"ABBREVN":null,"SUBJECTO":null,"BORDERPRECISION":1,"PARTOF":null}},
{"type":"Feature","geometry":{"type":"Polygon","coordinates":[[[13.08,-9.29],[13.42,-9.99],[13.64,-10.3],[13.73,-10.54],[13.82,-10.98],[13.65,-12.2],[12.59,-13.46],[11.78,-15.87],[12.08,-18.49],[12.52,-19.06],[12.91,-19.7],[28.14,-19.94],[28.17,-19.68],[30.08,-16.36],[32.96,-16.07],[33.66,-18.65],[33.47,-20.02],[34.72,-20.04],[34.73,-19.86],[34.85,-19.8],[35.91,-19.03],[37.28,-17.71],[39.8,-16.42],[40.57,-15.48],[40.53,-15.18],[40.86,-14.7],[40.62,-14.48],[40.6,-14.4],[40.6,-13.53],[40.37,-12.99],[40.31,-11.34],[40.4,-11.23],[39.25,-11.14],[38.24,-9.29],[37.73,-4.58],[39.42,-1.38],[43.41,2.51],[34.41,2.49],[33.93,2.84],[22.22,6.2],[12.6,7.73],[6.76,5.83],[6.4,5.02],[6.09,4.33],[8.3,4.56],[8.26,4.75],[8.33,4.84],[8.92,4.52],[9.03,4.14],[9.65,4.02],[9.78,3.85],[9.77,3.38],[9.85,3.15],[9.92,2.82],[9.85,1.88],[9.56,1.13],[9.62,1.09],[9.64,0.96],[9.57,0.61],[9.6,0.33],[9.85,0.17],[9.88,0.08],[9.47,0.12],[8.98,-1.1],[9.47,-1.59],[9.66,-2.42],[9.89,-2.44],[10.06,-2.57],[10.52,-3.24],[11.77,-4.54],[12.23,-5.36],[12.37,-6.26],[14.58,-4.77],[15.05,-6.01],[14.4,-7.2],[14.33,-9.37],[13.08,-9.29]],[[16.2,-9.12],[16.2,-10.19],[15.24,-9.88],[16.2,-9.12]]]},"properties":{"NAME":"Bantou","ABBREVN":"Bantou","SUBJECTO":"Bantou","BORDERPRECISION":1,"PARTOF":"Bantou"}},
{"type":"Feature","geometry":{"type":"Polygon","coordinates":[[[67.89,61.69],[64.63,58.48],[64.68,55.97],[68.59,54.28],[78.8,54.39],[82.54,57.08],[78.4,58.59],[75.66,58.62],[75.24,62.13],[72.36,62.94],[70.97,64.24],[67.89,61.69]]]},"properties":{"NAME":"Khanate of Sibir","ABBREVN":"Khanate of Sibir","SUBJECTO":"Khanate of Sibir","BORDERPRECISION":1,"PARTOF":"Khanate of Sibir"}},
{"type":"Feature","geometry":{"type":"Polygon","coordinates":[[[-123.63,40.1],[-123.73,39.94],[-123.66,39.94],[-123.22,39.91],[-123.32,40.11],[-123.34,40.12],[-123.44,40.15],[-123.53,40.13],[-123.63,40.1]]]},"properties":{"NAME":"Wailaki","ABBREVN":"Wailaki","SUBJECTO":"Wailaki","BORDERPRECISION":1,"PARTOF":"Wailaki"}},
{"type":"Feature","geometry":{"type":"Polygon","coordinates":[[[-75.45,-6.2],[-76.92,-6.11],[-76.95,-8.36],[-76.76,-8.65],[-75.55,-6.75],[-75.45,-6.26],[-75.45,-6.2]]]},"properties":{"NAME":"Kichwa Lamista","ABBREVN":"Kichwa Lamista","SUBJECTO":"Kichwa Lamista","BORDERPRECISION":1,"PARTOF":"Kichwa Lamista"}},
{"type":"Feature","geometry":{"type":"Polygon","coordinates":[[[-101.84,25.68],[-101.86,25.68],[-102.35,25.61],[-102.63,25.43],[-102.64,25.28],[-102.64,25.17],[-102.64,25.14],[-102.48,24.4],[-102.57,23.4],[-102.39,22.67],[-102.22,22.48],[-102.12,22.37],[-102.07,22.3],[-101.93,22.14],[-101.55,21.83],[-101.42,21.81],[-101.34,21.81],[-101.22,21.81],[-101.11,21.86],[-101.06,21.88],[-100.87,21.93],[-100.7,21.91],[-100.59,21.85],[-100.5,21.8],[-100.47,21.77],[-100.38,21.69],[-100.18,21.86],[-100.13,22.43],[-100.2,22.47],[-100.33,22.55],[-99.71,23.48],[-99.65,23.55],[-99.52,23.71],[-99.4,23.94],[-99.43,24.17],[-99.43,24.3],[-99.44,24.59],[-99.44,24.64],[-101.84,25.68]]]},"properties":{"NAME":"Guachichil","ABBREVN":"Guachichil","SUBJECTO":"Guachichil","BORDERPRECISION":1,"PARTOF":"Guachichil"}},
{"type":"Feature","geometry":{"type":"Polygon","coordinates":[[[-103.72,18.57],[-103.71,18.56],[-103.49,18.35],[-102.67,18.1],[-101.67,18.12],[-101.3,18.3],[-100.5,18.54],[-100.27,18.68],[-100.27,18.71],[-100.28,18.92],[-100.27,18.97],[-100.26,19.07],[-100.25,19.13],[-100.19,19.3],[-100.19,19.31],[-100.12,19.5],[-100.03,19.59],[-100.09,19.89],[-100.09,19.9],[-100.22,20.32],[-100.35,20.7],[-100.42,20.79],[-100.46,20.84],[-100.47,20.84],[-100.95,21],[-101.02,21.02],[-101.59,20.9],[-101.94,20.74],[-101.98,20.72],[-102.45,20.82],[-102.5,20.75],[-102.52,20.75],[-103.34,20.83],[-103.48,20.84],[-103.78,20.85],[-103.93,20.72],[-104.06,20.6],[-104.17,20.5],[-104.21,20.49],[-104.38,20.09],[-104.28,19.96],[-103.76,19.73],[-103.84,18.71],[-103.79,18.65],[-103.72,18.57]]]},"properties":{"NAME":"P’urhépecha","ABBREVN":"P’urhépecha","SUBJECTO":"P’urhépecha","BORDERPRECISION":1,"PARTOF":"P’urhépecha"}},
{"type":"Feature","geometry":{"type":"Polygon","coordinates":[[[-65.39,-12.49],[-65.49,-12.54],[-65.38,-12.59],[-65.16,-12.76],[-65.03,-12.97],[-65.02,-12.99],[-64.99,-12.96],[-64.98,-12.94],[-65.39,-12.49]]]},"properties":{"NAME":"Cayubaba","ABBREVN":"Cayubaba","SUBJECTO":"Cayubaba","BORDERPRECISION":1,"PARTOF":"Cayubaba"}},
{"type":"Feature","geometry":{"type":"MultiPolygon","coordinates":[[[[-63.77,-3.38],[-63.98,-3.28],[-63.95,-3.38],[-64.25,-3.83],[-64.63,-3.88],[-64.42,-4.04],[-63.77,-3.38]]],[[[-64.81,-2.46],[-64.83,-2.38],[-64.85,-2.09],[-65.36,-1.91],[-65.56,-1.89],[-65.53,-1.83],[-66.48,-1.75],[-66.61,-1.78],[-67.54,-1.68],[-69.38,-1.49],[-69.45,-1.49],[-69.41,-1.42],[-69.4,-1.35],[-69.4,-1.25],[-69.38,-1.17],[-69.4,-1.09],[-69.41,-1.08],[-69.45,-1.05],[-69.51,-1.01],[-69.55,-0.95],[-69.59,-0.9],[-69.68,-0.7],[-69.77,-0.57],[-69.86,-0.37],[-69.87,-0.35],[-69.87,-0.34],[-69.91,-0.32],[-69.97,-0.29],[-70.04,-0.25],[-70.06,-0.24],[-70.07,-0.24],[-70.18,-0.22],[-70.26,-0.22],[-70.27,-0.21],[-70.38,-0.24],[-70.42,-0.26],[-70.46,-0.29],[-70.58,-0.39],[-70.6,-0.41],[-70.69,-0.56],[-70.79,-0.68],[-70.81,-0.71],[-70.91,-0.74],[-71,-0.76],[-71.15,-0.77],[-71.18,-0.74],[-71.21,-0.77],[-71.23,-0.77],[-71.24,-0.77],[-71.53,-0.73],[-71.82,-0.8],[-71.82,-0.81],[-71.22,-1.46],[-71.06,-1.48],[-70.84,-1.54],[-70.28,-1.65],[-69.71,-1.56],[-69.7,-1.56],[-69.54,-1.53],[-69.46,-1.5],[-69.39,-1.51],[-67.54,-1.69],[-66.63,-1.79],[-65.57,-1.89],[-65.37,-1.91],[-65.55,-2.11],[-65.59,-2.24],[-65.29,-2.34],[-64.9,-2.55],[-64.83,-2.59],[-64.77,-2.62],[-64.81,-2.46]]]]},"properties":{"NAME":"Miranha","ABBREVN":"Miranha","SUBJECTO":"Miranha","BORDERPRECISION":1,"PARTOF":"Miranha"}},
{"type":"Feature","geometry":{"type":"Polygon","coordinates":[[[-62.27,-28.4],[-62.39,-28.49],[-62.39,-28.5],[-62.48,-28.93],[-62.36,-28.93],[-62.12,-28.9],[-62.02,-28.95],[-61.98,-28.44],[-61.93,-28.3],[-62.27,-28.4]]]},"properties":{"NAME":"Abipones","ABBREVN":"Abipones","SUBJECTO":"Abipones","BORDERPRECISION":1,"PARTOF":"Abipones"}},
{"type":"Feature","geometry":{"type":"Polygon","coordinates":[[[-123.51,40.71],[-123.53,40.74],[-123.52,40.81],[-123.51,40.83],[-123.52,40.83],[-123.54,40.77],[-123.53,40.71],[-123.51,40.71]]]},"properties":{"NAME":"Tsnungwe","ABBREVN":"Tsnungwe","SUBJECTO":"Tsnungwe","BORDERPRECISION":1,"PARTOF":"Tsnungwe"}},
{"type":"Feature","geometry":{"type":"Polygon","coordinates":[[[-76.15,39.37],[-76.04,38.29],[-76.01,38.64],[-75.73,39.05],[-75.78,39.26],[-75.86,39.45],[-75.87,39.49],[-75.9,39.55],[-75.91,39.58],[-75.94,39.66],[-75.97,39.71],[-75.98,39.78],[-75.99,40.02],[-76,40.32],[-76.04,40.51],[-76.1,40.94],[-76.14,41.16],[-76.11,41.43],[-76.07,41.59],[-76.79,41.54],[-77.6,41.53],[-78.16,41.53],[-78.68,41.53],[-78.7,41.28],[-78.85,40.89],[-78.44,40.17],[-76.61,39.77],[-76.5,39.72],[-76.48,39.72],[-76.45,39.71],[-76.43,39.69],[-76.37,39.64],[-76.39,39.6],[-76.63,39.53],[-76.77,39.48],[-76.79,39.48],[-77.15,39.39],[-76.7,38.98],[-76.57,38.44],[-76.41,39.09],[-76.11,39.55],[-76.07,39.6],[-75.94,39.65],[-75.95,39.62],[-76.01,39.46],[-76.15,39.37]]]},"properties":{"NAME":"Susquehannock","ABBREVN":"Susquehannock","SUBJECTO":"Susquehannock","BORDERPRECISION":1,"PARTOF":"Susquehannock"}},
{"type":"Feature","geometry":{"type":"Polygon","coordinates":[[[-78.39,-1.59],[-78.43,-1.57],[-78.46,-1.6],[-78.53,-2.13],[-78.51,-2.3],[-78.49,-2.26],[-78.39,-1.59]]]},"properties":{"NAME":"Puruwá","ABBREVN":"Puruwá","SUBJECTO":"Puruwá","BORDERPRECISION":1,"PARTOF":"Puruwá"}},
{"type":"Feature","geometry":{"type":"Polygon","coordinates":[[[-173.72,64.38],[-173.12,64.67],[-174.01,64.56],[-174.08,64.52],[-173.72,64.38]]]},"properties":{"NAME":"Ungazigmit (Chaplino) Yupik","ABBREVN":"Ungazigmit (Chaplino) Yupik","SUBJECTO":"Ungazigmit (Chaplino) Yupik","BORDERPRECISION":1,"PARTOF":"Ungazigmit (Chaplino) Yupik"}},
{"type":"Feature","geometry":{"type":"Polygon","coordinates":[[[-123.53,41.17],[-123.5,41.15],[-123.49,41.12],[-123.47,41.1],[-123.47,41.14],[-123.46,41.17],[-123.45,41.18],[-123.45,41.2],[-123.13,41.44],[-123.14,41.5],[-123.2,41.53],[-123.36,41.64],[-123.37,41.73],[-123.37,41.76],[-123.37,41.77],[-123.42,41.85],[-123.44,41.85],[-123.48,41.84],[-123.51,41.85],[-123.59,41.85],[-123.63,41.86],[-123.64,41.85],[-123.66,41.8],[-123.67,41.74],[-123.67,41.72],[-123.67,41.68],[-123.68,41.68],[-123.68,41.66],[-123.69,41.65],[-123.69,41.6],[-123.73,41.57],[-123.73,41.56],[-123.75,41.56],[-123.76,41.56],[-123.79,41.54],[-123.81,41.53],[-123.53,41.17]]]},"properties":{"NAME":"Karuk","ABBREVN":"Karuk","SUBJECTO":"Karuk","BORDERPRECISION":1,"PARTOF":"Karuk"}},
{"type":"Feature","geometry":{"type":"Polygon","coordinates":[[[-63.78,4.88],[-63.8,4.9],[-63.88,4.97],[-63.98,5.03],[-64.2,5.77],[-64.56,6.01],[-65.05,5.36],[-65.38,5.33],[-65.45,5.32],[-65.79,5.33],[-66,5.27],[-65.97,5.13],[-65.96,5.12],[-65.92,5.02],[-65.56,4.7],[-65.47,4.23],[-64.97,3.63],[-65.28,3.24],[-65.32,3],[-65.34,2.84],[-65.76,1.08],[-64.77,0.64],[-61.61,1.76],[-62.14,3.64],[-62.12,3.66],[-62.1,3.71],[-62.08,3.72],[-62.01,3.81],[-62.04,4.16],[-62.36,4.21],[-62.45,4.2],[-62.55,4.19],[-62.65,4.14],[-62.81,4.21],[-63.02,4.44],[-63.07,4.55],[-63.08,4.55],[-63.08,4.58],[-63.1,4.59],[-63.36,4.51],[-63.78,4.88]]]},"properties":{"NAME":"Yanomami","ABBREVN":"Yanomami","SUBJECTO":"Yanomami","BORDERPRECISION":1,"PARTOF":"Yanomami"}},
{"type":"Feature","geometry":{"type":"Polygon","coordinates":[[[-60.53,-24.65],[-60.08,-24.02],[-60.26,-24.03],[-60.53,-24.65]]]},"properties":{"NAME":"Pilagal'ek","ABBREVN":"Pilagal'ek","SUBJECTO":"Pilagal'ek","BORDERPRECISION":1,"PARTOF":"Pilagal'ek"}},
{"type":"Feature","geometry":{"type":"Polygon","coordinates":[[[-75.9,-5.27],[-75.92,-5.15],[-75.93,-5.15],[-76.02,-5.15],[-76.15,-5.18],[-76.17,-5.19],[-76.14,-5.23],[-76.05,-5.36],[-75.97,-5.47],[-75.96,-5.36],[-75.9,-5.27]]]},"properties":{"NAME":"Shiwilu","ABBREVN":"Shiwilu","SUBJECTO":"Shiwilu","BORDERPRECISION":1,"PARTOF":"Shiwilu"}},
{"type":"Feature","geometry":{"type":"Polygon","coordinates":[[[-77.47,8.57],[-77.43,8.63],[-77.64,8.7],[-77.73,8.71],[-77.68,8.68],[-77.7,8.68],[-77.74,8.66],[-77.66,8.57],[-77.45,8.49],[-77.42,8.48],[-77.43,8.49],[-77.47,8.57]]]},"properties":{"NAME":"Wounaan","ABBREVN":"Wounaan","SUBJECTO":"Wounaan","BORDERPRECISION":1,"PARTOF":"Wounaan"}},
{"type":"Feature","geometry":{"type":"MultiPolygon","coordinates":[[[[-128.5,55.73],[-128.53,55.74],[-128.58,55.71],[-128.48,55.67],[-128.44,55.66],[-128.47,55.72],[-128.5,55.73]]],[[[-128.18,55.51],[-128.25,55.56],[-128.22,55.53],[-128.38,55.39],[-128.36,55.35],[-128.37,55.31],[-128.37,55.26],[-128.39,55.24],[-128.38,55.23],[-128.38,55.21],[-128.36,55.2],[-128.24,55.14],[-128.1,55.14],[-127.95,55.16],[-127.94,55.25],[-127.94,55.36],[-128.17,55.5],[-128.18,55.51]]]]},"properties":{"NAME":"Gitanyow Lax’yip","ABBREVN":"Gitanyow Lax’yip","SUBJECTO":"Gitanyow Lax’yip","BORDERPRECISION":1,"PARTOF":"Gitanyow Lax’yip"}},
{"type":"Feature","geometry":{"type":"MultiPolygon","coordinates":[[[[-125.4,49.3],[-125.42,49.31],[-125.49,49.32],[-125.51,49.36],[-125.52,49.37],[-125.53,49.35],[-125.54,49.33],[-125.49,49.31],[-125.46,49.3],[-125.41,49.3],[-125.4,49.3]]],[[[-125.53,49.37],[-125.53,49.38],[-125.55,49.39],[-125.54,49.38],[-125.53,49.37]]],[[[-125.56,49.41],[-125.48,49.46],[-125.45,49.51],[-125.46,49.51],[-125.47,49.48],[-125.53,49.47],[-125.53,49.44],[-125.57,49.41],[-125.56,49.41]]],[[[-125.44,49.52],[-125.41,49.5],[-125.39,49.52],[-125.39,49.53],[-125.41,49.54],[-125.42,49.54],[-125.43,49.54],[-125.44,49.53],[-125.43,49.53],[-125.44,49.52]]],[[[-124.59,49.1],[-124.56,49.1],[-124.56,49.11],[-124.55,49.12],[-124.54,49.11],[-124.53,49.11],[-124.53,49.12],[-124.54,49.12],[-124.55,49.13],[-124.57,49.13],[-124.57,49.14],[-124.58,49.14],[-124.61,49.11],[-124.64,49.04],[-124.66,49.02],[-124.65,49.01],[-124.63,49.03],[-124.59,49.1]]],[[[-124.58,49.15],[-124.57,49.14],[-124.58,49.16],[-124.59,49.16],[-124.61,49.16],[-124.6,49.16],[-124.58,49.15]]]]},"properties":{"NAME":"Hupacasath","ABBREVN":"Hupacasath","SUBJECTO":"Hupacasath","BORDERPRECISION":1,"PARTOF":"Hupacasath"}},
{"type":"Feature","geometry":{"type":"Polygon","coordinates":[[[-87.16,12.52],[-86.74,12.1],[-86.75,12.5],[-87.16,12.52]]]},"properties":{"NAME":"Subtiaba","ABBREVN":"Subtiaba","SUBJECTO":"Subtiaba","BORDERPRECISION":1,"PARTOF":"Subtiaba"}},
{"type":"Feature","geometry":{"type":"Polygon","coordinates":[[[-76.79,37.56],[-77.02,37.72],[-77.09,37.71],[-77.13,37.68],[-77.13,37.62],[-77.12,37.63],[-76.96,37.51],[-76.81,37.51],[-76.79,37.56]]]},"properties":{"NAME":"Pamunkey","ABBREVN":"Pamunkey","SUBJECTO":"Pamunkey","BORDERPRECISION":1,"PARTOF":"Pamunkey"}},
{"type":"Feature","geometry":{"type":"Polygon","coordinates":[[[-79.61,35.82],[-79.57,35.85],[-79.8,35.86],[-79.9,35.91],[-79.94,35.82],[-79.77,35.82],[-79.61,35.82]]]},"properties":{"NAME":"Sissipahaw","ABBREVN":"Sissipahaw","SUBJECTO":"Sissipahaw","BORDERPRECISION":1,"PARTOF":"Sissipahaw"}},
{"type":"Feature","geometry":{"type":"Polygon","coordinates":[[[-78.4,0.61],[-78.34,0.56],[-78.31,0.57],[-78.17,0.61],[-78.03,0.63],[-77.78,0.45],[-77.8,0.37],[-77.75,0.45],[-77.65,0.5],[-77.57,0.55],[-77.55,0.56],[-77.67,0.7],[-77.74,0.78],[-77.87,0.78],[-78.06,0.87],[-78.12,0.89],[-78.15,0.92],[-78.28,1.04],[-78.3,1.05],[-78.31,1.03],[-78.38,0.97],[-78.44,0.73],[-78.42,0.66],[-78.4,0.61]]]},"properties":{"NAME":"Pasto","ABBREVN":"Pasto","SUBJECTO":"Pasto","BORDERPRECISION":1,"PARTOF":"Pasto"}},
{"type":"Feature","geometry":{"type":"Polygon","coordinates":[[[-58.27,-16.36],[-58.34,-16.39],[-58.35,-16.64],[-58.37,-16.7],[-58.3,-17.05],[-58.24,-17.19],[-58.22,-17.24],[-58.17,-17.35],[-58.12,-17.47],[-58.11,-17.5],[-57.96,-17.8],[-57.94,-17.85],[-57.86,-17.91],[-57.57,-17.96],[-57.27,-18.02],[-56.58,-17.93],[-56.12,-17.83],[-55.42,-17.69],[-54.83,-17.63],[-53.02,-19.09],[-52.4,-19.44],[-51.99,-19.36],[-49.19,-18.23],[-49.82,-16.83],[-52.98,-15.38],[-54.27,-15.12],[-56.49,-15.61],[-58.27,-16.36]]]},"properties":{"NAME":"Boe","ABBREVN":"Boe","SUBJECTO":"Boe","BORDERPRECISION":1,"PARTOF":"Boe"}},
{"type":"Feature","geometry":{"type":"MultiPolygon","coordinates":[[[[-105.33,22.02],[-105.31,22.08],[-105.34,22.08],[-105.36,22.08],[-105.51,22.16],[-105.63,21.95],[-105.42,21.68],[-105.4,21.8],[-105.34,22],[-105.33,22.02]]],[[[-105.84,22.56],[-105.97,22.85],[-105.9,23.14],[-106.01,23.25],[-106.82,23.65],[-105.84,22.56]]],[[[-104.69,21.82],[-104.81,21.83],[-104.9,21.68],[-104.93,21.6],[-104.74,21.71],[-104.69,21.82]]]]},"properties":{"NAME":"Totorames","ABBREVN":"Totorames","SUBJECTO":"Totorames","BORDERPRECISION":1,"PARTOF":"Totorames"}},
{"type":"Feature","geometry":{"type":"MultiPolygon","coordinates":[[[[-70.78,-2.19],[-70.77,-2.2],[-70.65,-2.27],[-70.6,-2.41],[-70.59,-2.45],[-70.46,-2.47],[-70.51,-2.34],[-70.53,-2.31],[-70.31,-2.39],[-70.61,-2.16],[-70.82,-1.92],[-71.15,-1.78],[-71.48,-1.66],[-71.4,-1.82],[-71.38,-1.99],[-71.27,-2.11],[-70.91,-2.1],[-70.78,-2.19]]],[[[-71.94,-2.79],[-71.99,-2.92],[-71.95,-3.08],[-71.94,-3.14],[-71.93,-3.18],[-71.9,-3.17],[-71.89,-3.15],[-71.87,-3.13],[-71.7,-2.88],[-71.68,-2.87],[-71.37,-2.7],[-71.51,-2.71],[-71.82,-2.72],[-71.94,-2.79]]]]},"properties":{"NAME":"Dyo'xaiya-o-Ivo'tsa (Okaina)","ABBREVN":"Dyo'xaiya-o-Ivo'tsa (Okaina)","SUBJECTO":"Dyo'xaiya-o-Ivo'tsa (Okaina)","BORDERPRECISION":1,"PARTOF":"Dyo'xaiya-o-Ivo'tsa (Okaina)"}},
{"type":"Feature","geometry":{"type":"Polygon","coordinates":[[[-65.11,6.53],[-65.23,6.56],[-65.38,6.59],[-65.64,6.54],[-65.8,6.31],[-65.83,6.19],[-65.83,6.18],[-65.63,6.26],[-65.52,6.31],[-65.25,6.39],[-65.11,6.44],[-65.06,6.45],[-65.11,6.53]]]},"properties":{"NAME":"Hoti","ABBREVN":"Hoti","SUBJECTO":"Hoti","BORDERPRECISION":1,"PARTOF":"Hoti"}},
{"type":"Feature","geometry":{"type":"Polygon","coordinates":[[[-122.11,50.45],[-122.14,50.42],[-122.26,50.33],[-122.3,50.25],[-122.31,50.22],[-122.32,50.18],[-122.35,50.11],[-122.31,49.92],[-122.22,49.85],[-122.21,49.83],[-122.11,49.75],[-122.01,49.72],[-121.85,49.57],[-121.84,49.55],[-121.82,49.56],[-121.77,49.56],[-121.75,49.57],[-121.69,49.55],[-121.62,49.51],[-121.57,49.48],[-121.53,49.46],[-121.51,49.4],[-121.49,49.37],[-121.49,49.35],[-121.47,49.28],[-121.49,49.14],[-121.48,49.03],[-121.49,48.99],[-121.5,48.94],[-121.51,48.93],[-121.51,48.84],[-121.51,48.82],[-121.51,48.76],[-121.38,48.69],[-121.36,48.65],[-121.31,48.55],[-121.31,48.46],[-121.31,48.39],[-121.11,48.38],[-121.14,48.46],[-121.22,48.62],[-121.28,48.82],[-121.29,48.89],[-121.3,48.92],[-121.31,48.98],[-121.32,49],[-121.33,49.06],[-121.11,49.3],[-121.07,49.59],[-121.18,49.59],[-121.19,49.61],[-121.19,49.63],[-121.17,49.66],[-121.22,49.69],[-121.05,49.83],[-120.93,50.11],[-120.89,50.41],[-120.9,50.46],[-121.06,50.51],[-121.21,50.54],[-121.41,50.79],[-121.52,50.79],[-121.63,50.68],[-121.69,50.61],[-121.91,50.61],[-121.95,50.59],[-122.04,50.52],[-122.11,50.45]]]},"properties":{"NAME":"Nłeʔkepmx Tmíxʷ (Nlaka'pamux)","ABBREVN":"Nłeʔkepmx Tmíxʷ (Nlaka'pamux)","SUBJECTO":"Nłeʔkepmx Tmíxʷ (Nlaka'pamux)","BORDERPRECISION":1,"PARTOF":"Nłeʔkepmx Tmíxʷ (Nlaka'pamux)"}},
{"type":"Feature","geometry":{"type":"MultiPolygon","coordinates":[[[[-77.76,-10.66],[-77.76,-10.67],[-77.6,-10.88],[-77.51,-10.99],[-77.25,-11.42],[-76.63,-12.53],[-76.24,-12.91],[-75.45,-14.36],[-74.26,-15.84],[-72.36,-16.1],[-72.3,-16.17],[-71.99,-16.55],[-71.21,-17.04],[-71.07,-17.1],[-71.05,-16.95],[-71.02,-16.94],[-70.93,-16.89],[-70.79,-16.83],[-70.58,-16.79],[-69.74,-15.35],[-69.65,-15.33],[-69.38,-15.23],[-69.29,-15.19],[-69.13,-15.26],[-69.11,-15.26],[-69.06,-15.32],[-68.77,-15.6],[-68.72,-15.65],[-68.28,-15.76],[-66.92,-16.11],[-66.89,-16.12],[-66.89,-16.16],[-67.02,-16.77],[-67.04,-17],[-67.06,-17.25],[-67.03,-17.43],[-67.02,-17.49],[-67,-17.6],[-67.07,-17.87],[-67.07,-18.06],[-67.06,-18.39],[-66.95,-18.65],[-66.87,-18.77],[-66.86,-18.79],[-66.78,-18.91],[-66.96,-19.24],[-67.48,-19.49],[-67.54,-19.57],[-67.68,-19.78],[-67.79,-19.76],[-68.01,-19.65],[-68.08,-19.61],[-68.18,-19.55],[-68.34,-19.44],[-68.43,-19.37],[-68.5,-19.32],[-68.56,-19.27],[-68.91,-18.84],[-69.02,-18.38],[-69.11,-18.09],[-69.12,-18.06],[-69.53,-17.55],[-69.8,-17.7],[-69.83,-18.04],[-69.83,-18.06],[-69.87,-18.16],[-69.84,-18.27],[-69.67,-18.83],[-69.63,-18.96],[-69.61,-19.02],[-69.51,-19.31],[-69.33,-19.82],[-69.12,-20.61],[-69,-21.15],[-68.99,-21.19],[-68.76,-21.66],[-68.7,-22.11],[-68.7,-22.14],[-68.65,-22.7],[-68.62,-22.93],[-68.62,-22.96],[-68.65,-23.07],[-68.7,-23.23],[-68.71,-23.47],[-68.73,-23.8],[-68.73,-23.87],[-68.71,-24.07],[-68.7,-24.19],[-68.15,-24.54],[-67.68,-24.25],[-67.59,-24.22],[-67.44,-24.18],[-67.24,-24.02],[-67.18,-23.77],[-67.17,-23.75],[-67.17,-23.71],[-67.15,-23.53],[-67.13,-23.48],[-67.04,-23.23],[-67.01,-22.9],[-66.95,-22.74],[-66.92,-22.65],[-66.92,-22.64],[-66.81,-22.45],[-66.8,-22.44],[-66.78,-22.43],[-66.42,-22.22],[-65.84,-22.12],[-65.78,-22.11],[-65.22,-22.09],[-65.16,-22.85],[-65.14,-23.07],[-65.13,-23.03],[-65.13,-22.91],[-65.2,-22.08],[-65.18,-21.77],[-65.16,-21.69],[-65.08,-21.35],[-64.95,-21.24],[-64.85,-20.74],[-64.81,-20.53],[-64.65,-19.7],[-64.61,-19.49],[-64.26,-18.79],[-64.31,-18.76],[-64.5,-16.87],[-64.5,-16.85],[-64.49,-16.55],[-64.49,-16.52],[-64.52,-16.2],[-64.58,-15.85],[-64.61,-15.83],[-64.68,-15.79],[-64.77,-15.73],[-64.78,-15.73],[-64.81,-15.71],[-65.26,-15.77],[-65.34,-15.9],[-65.46,-16.01],[-65.58,-16.11],[-65.62,-16.14],[-66.4,-16.13],[-66.55,-15.96],[-66.77,-15.67],[-66.82,-15.61],[-66.82,-15.56],[-67.51,-14.59],[-67.52,-14.59],[-67.95,-14.36],[-68.1,-14.37],[-70.01,-13.44],[-70.91,-13.35],[-71.38,-13.18],[-71.59,-13.01],[-71.63,-12.98],[-71.98,-12.71],[-72.38,-12.34],[-72.86,-12.33],[-72.89,-12.33],[-73.26,-12.41],[-73.39,-12.44],[-73.7,-12.55],[-73.76,-12.57],[-74.56,-11.9],[-74.62,-11.81],[-74.74,-11.63],[-74.77,-11.59],[-74.93,-11.34],[-75.27,-11.18],[-75.32,-11.16],[-75.56,-10.95],[-75.62,-10.83],[-75.67,-10.72],[-75.7,-10.42],[-75.64,-10.12],[-75.63,-10.08],[-75.65,-9.95],[-75.67,-9.82],[-76.88,-8.7],[-76.76,-8.65],[-76.95,-8.36],[-76.97,-8.33],[-77.18,-8.1],[-77.19,-8.09],[-77.2,-8.09],[-77.38,-8.01],[-77.58,-7.52],[-77.64,-7.01],[-77.64,-6.98],[-77.65,-6.9],[-77.6,-6.39],[-77.61,-6.37],[-77.7,-6.23],[-77.99,-6.1],[-78.19,-6.03],[-78.38,-5.97],[-78.85,-5.84],[-79.33,-5.75],[-79.37,-5.75],[-79.38,-5.74],[-79.39,-5.74],[-79.51,-5.7],[-79.65,-5.7],[-79.75,-5.75],[-79.75,-5.76],[-79.68,-6],[-79.64,-6.19],[-78.23,-8.63],[-77.99,-10.23],[-77.76,-10.66]],[[-67.75,-14.54],[-67.67,-14.56],[-67.59,-14.59],[-67.53,-14.59],[-67.53,-14.63],[-67.55,-14.65],[-67.61,-14.62],[-67.75,-14.54]]],[[[-65.12,-23.36],[-65.1,-23.56],[-65.09,-23.69],[-65.07,-23.88],[-65.06,-24.05],[-65.05,-23.98],[-65.08,-23.68],[-65.09,-23.56],[-65.09,-23.47],[-65.09,-23.46],[-65.11,-23.38],[-65.12,-23.35],[-65.12,-23.36]]],[[[-65.03,-24.31],[-65.04,-24.3],[-65.03,-24.38],[-65,-24.8],[-64.98,-25.08],[-65.11,-25.09],[-65.12,-25.09],[-65.25,-25.14],[-65.36,-25.27],[-65.42,-25.38],[-65.43,-25.38],[-65.43,-25.39],[-65.46,-25.53],[-65.47,-25.76],[-65.43,-26.9],[-65.47,-27.17],[-65.48,-27.3],[-65.49,-27.44],[-65.37,-27.56],[-65.31,-27.63],[-65.29,-27.65],[-65.19,-27.76],[-65.12,-27.79],[-64.95,-27.85],[-64.5,-27.89],[-64.16,-27.23],[-64.25,-26.95],[-64.32,-26.68],[-64.34,-26.59],[-64.56,-26.06],[-64.63,-25.77],[-64.65,-25.71],[-64.73,-25.5],[-64.78,-25.3],[-64.83,-25.24],[-64.86,-25.22],[-64.92,-25.16],[-64.92,-25.15],[-64.95,-25.1],[-64.97,-25.08],[-64.99,-24.8],[-65.02,-24.38],[-65.03,-24.31]]]]},"properties":{"NAME":"Quechua","ABBREVN":"Quechua","SUBJECTO":"Quechua","BORDERPRECISION":1,"PARTOF":"Quechua"}},
{"type":"Feature","geometry":{"type":"MultiPolygon","coordinates":[[[[-114.69,35.88],[-114.68,35.89],[-114.68,35.9],[-114.74,36.09],[-114.75,36.1],[-114.76,36.07],[-114.7,35.89],[-114.7,35.88],[-114.7,35.86],[-114.69,35.86],[-114.69,35.88]]],[[[-114.64,34.91],[-114.64,34.94],[-114.63,34.98],[-114.65,34.92],[-114.64,34.91]]]]},"properties":{"NAME":"Nüwüwü (Chemehuevi)","ABBREVN":"Nüwüwü (Chemehuevi)","SUBJECTO":"Nüwüwü (Chemehuevi)","BORDERPRECISION":1,"PARTOF":"Nüwüwü (Chemehuevi)"}},
{"type":"Feature","geometry":{"type":"Polygon","coordinates":[[[-99.12,24.67],[-98.81,24.75],[-98.48,25.1],[-99.09,25.34],[-99.4,25.49],[-99.66,25.58],[-99.6,25.46],[-99.31,24.77],[-99.12,24.67]]]},"properties":{"NAME":"Rayados (Borrados)","ABBREVN":"Rayados (Borrados)","SUBJECTO":"Rayados (Borrados)","BORDERPRECISION":1,"PARTOF":"Rayados (Borrados)"}},
{"type":"Feature","geometry":{"type":"Polygon","coordinates":[[[-77.54,37.3],[-77.53,37.3],[-77.51,37.3],[-77.45,37.3],[-77.35,37.31],[-77.34,37.31],[-77.29,37.33],[-77.27,37.33],[-77.26,37.35],[-77.24,37.37],[-77.23,37.38],[-77.24,37.38],[-77.27,37.41],[-77.33,37.45],[-77.36,37.44],[-77.41,37.43],[-77.51,37.41],[-77.54,37.3]]]},"properties":{"NAME":"Arrohatec","ABBREVN":"Arrohatec","SUBJECTO":"Arrohatec","BORDERPRECISION":1,"PARTOF":"Arrohatec"}},
{"type":"Feature","geometry":{"type":"Polygon","coordinates":[[[-48.32,-9.21],[-48.29,-10.07],[-47.69,-9.98],[-47.8,-9.18],[-48.32,-9.21]]]},"properties":{"NAME":"Akwê","ABBREVN":"Akwê","SUBJECTO":"Akwê","BORDERPRECISION":1,"PARTOF":"Akwê"}},
{"type":"Feature","geometry":{"type":"Polygon","coordinates":[[[-79.42,-0.17],[-79.41,-0.49],[-79.11,-0.33],[-79.42,-0.17]]]},"properties":{"NAME":"Tsa'chila","ABBREVN":"Tsa'chila","SUBJECTO":"Tsa'chila","BORDERPRECISION":1,"PARTOF":"Tsa'chila"}},
{"type":"Feature","geometry":{"type":"Polygon","coordinates":[[[-82.91,8.74],[-82.93,8.76],[-83.02,8.8],[-83.37,8.84],[-83.56,8.81],[-83.62,8.73],[-83.66,8.67],[-83.61,8.55],[-83.26,8.42],[-83.28,8.56],[-83.36,8.76],[-83.25,8.72],[-82.96,8.17],[-81.21,8.83],[-81.24,8.84],[-81.35,8.84],[-81.44,8.86],[-81.53,8.9],[-81.69,9.04],[-82.16,9.02],[-82.88,8.73],[-82.91,8.74]]]},"properties":{"NAME":"Buglé and Ngäbé","ABBREVN":"Buglé and Ngäbé","SUBJECTO":"Buglé and Ngäbé","BORDERPRECISION":1,"PARTOF":"Buglé and Ngäbé"}},
{"type":"Feature","geometry":{"type":"Polygon","coordinates":[[[-160.03,63.66],[-160.19,63.57],[-160.23,63.54],[-159.58,63.41],[-159.07,63.4],[-158.42,63.61],[-158.21,63.71],[-158.29,63.85],[-158.79,64.64],[-158.83,64.93],[-158.88,64.83],[-159.22,64.34],[-159.65,64.05],[-159.76,63.97],[-159.79,63.89],[-160.03,63.66]]]},"properties":{"NAME":"Koyukon","ABBREVN":"Koyukon","SUBJECTO":"Koyukon","BORDERPRECISION":1,"PARTOF":"Koyukon"}},
{"type":"Feature","geometry":{"type":"Polygon","coordinates":[[[-122.92,41.07],[-122.93,41.06],[-122.91,41.05],[-122.91,41.06],[-122.92,41.07]]]},"properties":{"NAME":"New River Shasta","ABBREVN":"New River Shasta","SUBJECTO":"New River Shasta","BORDERPRECISION":1,"PARTOF":"New River Shasta"}},
{"type":"Feature","geometry":{"type":"Polygon","coordinates":[[[-44.97,-4.1],[-45.05,-4.11],[-45.01,-4.16],[-44.82,-4.47],[-44.67,-5.09],[-44.72,-5.35],[-44.86,-5.53],[-44.79,-5.52],[-44.51,-5.18],[-44.53,-4.44],[-44.97,-4.1]]]},"properties":{"NAME":"Krenyê","ABBREVN":"Krenyê","SUBJECTO":"Krenyê","BORDERPRECISION":1,"PARTOF":"Krenyê"}},
{"type":"Feature","geometry":{"type":"Polygon","coordinates":[[[-121.72,46.82],[-121.73,46.82],[-121.82,46.83],[-121.85,46.83],[-121.89,46.81],[-122.12,46.68],[-122.06,46.67],[-122.14,46.62],[-122.02,46.62],[-121.88,46.62],[-121.77,46.68],[-121.72,46.74],[-121.68,46.79],[-121.72,46.82]]]},"properties":{"NAME":"Nisqually","ABBREVN":"Nisqually","SUBJECTO":"Nisqually","BORDERPRECISION":1,"PARTOF":"Nisqually"}},
{"type":"Feature","geometry":{"type":"Polygon","coordinates":[[[-76.7,37.86],[-76.86,38.03],[-76.88,38.06],[-77.05,38.01],[-77.1,37.98],[-77.07,37.95],[-77,37.88],[-77.01,37.85],[-77.02,37.81],[-76.98,37.81],[-76.94,37.83],[-76.82,37.84],[-76.76,37.83],[-76.75,37.83],[-76.72,37.85],[-76.7,37.86]]]},"properties":{"NAME":"Rappahannock","ABBREVN":"Rappahannock","SUBJECTO":"Rappahannock","BORDERPRECISION":1,"PARTOF":"Rappahannock"}},
{"type":"Feature","geometry":{"type":"Polygon","coordinates":[[[-73.83,6.35],[-73.81,6.34],[-73.71,6.35],[-73.45,6.29],[-73.2,6.41],[-73.07,6.7],[-72.93,6.85],[-72.91,6.86],[-72.99,6.93],[-73.83,6.35]]]},"properties":{"NAME":"Guane","ABBREVN":"Guane","SUBJECTO":"Guane","BORDERPRECISION":1,"PARTOF":"Guane"}},
{"type":"Feature","geometry":{"type":"Polygon","coordinates":[[[-127.61,53.52],[-127.63,53.54],[-127.66,53.53],[-127.74,53.58],[-127.9,53.75],[-128.08,53.84],[-128.05,53.96],[-128.05,53.99],[-128.03,54.01],[-128.03,54.04],[-128.02,54.07],[-128.02,54.08],[-127.97,54.13],[-127.96,54.17],[-128.06,54.22],[-128.07,54.29],[-128.09,54.29],[-128.17,54.3],[-128.26,54.3],[-128.41,54.32],[-128.43,54.32],[-128.48,54.32],[-128.55,54.28],[-128.56,54.29],[-128.59,54.31],[-128.62,54.32],[-128.64,54.31],[-128.71,54.28],[-128.72,54.27],[-128.76,54.25],[-128.82,54.14],[-128.76,54.1],[-128.64,54.01],[-128.8,53.59],[-128.75,53.43],[-128.6,53.34],[-128.6,53.31],[-128.6,53.29],[-128.57,53.3],[-128.56,53.29],[-128.54,53.29],[-128.53,53.28],[-128.52,53.28],[-128.52,53.29],[-128.5,53.28],[-128.47,53.26],[-128.46,53.26],[-128.45,53.25],[-128.42,53.21],[-128.4,53.23],[-128.39,53.23],[-128.39,53.24],[-128.35,53.24],[-128.32,53.24],[-128.29,53.24],[-128.21,53.23],[-128.16,53.18],[-128.15,53.09],[-128.11,53.06],[-128.05,53.03],[-127.99,53.03],[-127.93,52.93],[-127.79,52.9],[-127.8,52.85],[-127.8,52.84],[-127.8,52.82],[-127.79,52.81],[-127.76,52.76],[-127.68,52.79],[-127.47,52.75],[-127.27,52.85],[-127.29,52.91],[-127.26,52.94],[-127.26,52.97],[-127.26,53.04],[-127.27,53.05],[-127.3,53.19],[-127.28,53.21],[-127.31,53.23],[-127.31,53.26],[-127.28,53.29],[-127.38,53.35],[-127.52,53.46],[-127.53,53.46],[-127.49,53.42],[-127.62,53.51],[-127.61,53.52]]]},"properties":{"NAME":"x̣àʼisla w̓áwís (Haisla)","ABBREVN":"x̣àʼisla w̓áwís (Haisla)","SUBJECTO":"x̣àʼisla w̓áwís (Haisla)","BORDERPRECISION":1,"PARTOF":"x̣àʼisla w̓áwís (Haisla)"}},
{"type":"Feature","geometry":{"type":"Polygon","coordinates":[[[-112.65,29.92],[-112.43,29.6],[-112.22,29.67],[-112,29.86],[-111.84,29.83],[-111.81,29.82],[-111.77,29.81],[-111.63,29.75],[-111.55,29.74],[-111.35,29.71],[-111.2,29.73],[-111.14,29.73],[-111.01,29.75],[-110.73,29.77],[-110.63,29.78],[-110.11,30.01],[-109.64,30.43],[-109.57,30.6],[-109.51,30.83],[-109.47,31.01],[-109.57,31.07],[-109.81,31.26],[-109.97,31.35],[-110.18,31.46],[-110.24,31.58],[-110.24,31.66],[-110.24,31.67],[-110.26,31.91],[-110.28,32.02],[-110.18,32.18],[-110.06,32.37],[-109.92,32.6],[-110.19,32.67],[-110.32,32.67],[-110.62,32.65],[-110.81,32.6],[-110.91,32.62],[-110.92,32.62],[-110.97,32.65],[-110.93,32.7],[-110.93,32.72],[-110.93,32.75],[-110.91,32.8],[-110.91,32.84],[-110.91,32.85],[-110.92,32.91],[-110.92,32.93],[-110.9,33],[-110.9,33.07],[-110.91,33.09],[-110.94,33.13],[-110.95,33.14],[-111.02,33.16],[-111.07,33.15],[-111.08,33.15],[-111.15,33.13],[-111.19,33.17],[-111.21,33.34],[-111.61,33.49],[-111.64,33.51],[-111.68,33.54],[-111.69,33.55],[-111.71,33.59],[-111.72,33.61],[-111.73,33.63],[-111.75,33.75],[-111.86,33.83],[-112.31,33.81],[-112.49,33.88],[-112.69,33.87],[-112.79,33.87],[-112.87,33.87],[-113.02,33.89],[-113.05,33.89],[-113.13,33.89],[-113.36,33.93],[-113.48,33.92],[-113.51,33.92],[-113.61,33.89],[-113.58,33.25],[-113.36,33.26],[-113.19,33.27],[-113.14,33.27],[-113.04,33.27],[-113,33.27],[-112.96,33.28],[-112.83,33.28],[-112.77,32.98],[-112.92,32.94],[-112.93,32.93],[-113.18,32.87],[-113.39,32.82],[-113.78,32.69],[-113.92,32.64],[-113.95,32.63],[-113.96,32.63],[-114.16,32.58],[-114.18,32.57],[-114.17,32.55],[-114.16,32.51],[-114.07,32.33],[-113.99,32.16],[-113.98,32.14],[-114.2,31.52],[-114.08,31.54],[-113.95,31.69],[-113.69,31.54],[-113.3,31.25],[-113.09,30.77],[-113.02,30.57],[-112.74,30.11],[-112.65,29.92]]]},"properties":{"NAME":"O'odham Jeweḍ","ABBREVN":"O'odham Jeweḍ","SUBJECTO":"O'odham Jeweḍ","BORDERPRECISION":1,"PARTOF":"O'odham Jeweḍ"}},
{"type":"Feature","geometry":{"type":"MultiPolygon","coordinates":[[[[-124.12,46.34],[-124.11,46.36],[-124.09,46.37],[-124.07,46.38],[-123.98,46.38],[-123.93,46.41],[-123.9,46.42],[-123.89,46.42],[-123.86,46.42],[-123.79,46.42],[-123.71,46.42],[-123.68,46.42],[-123.63,46.42],[-123.66,46.42],[-123.67,46.42],[-123.77,46.44],[-123.94,46.5],[-123.94,46.54],[-123.97,46.59],[-124.13,46.62],[-124.15,46.43],[-124.14,46.35],[-124.12,46.34]]],[[[-123.52,46.41],[-123.43,46.4],[-123.49,46.42],[-123.52,46.41]]]]},"properties":{"NAME":"Chinook","ABBREVN":"Chinook","SUBJECTO":"Chinook","BORDERPRECISION":1,"PARTOF":"Chinook"}},
{"type":"Feature","geometry":{"type":"MultiPolygon","coordinates":[[[[-124.14,46.76],[-124.15,46.74],[-124.14,46.74],[-124.08,46.71],[-124.02,46.68],[-123.98,46.62],[-123.97,46.59],[-123.94,46.54],[-123.94,46.5],[-123.77,46.44],[-123.67,46.42],[-123.66,46.42],[-123.63,46.42],[-123.57,46.41],[-123.52,46.41],[-123.49,46.42],[-123.45,46.45],[-123.41,46.47],[-123.38,46.49],[-123.33,46.51],[-123.32,46.52],[-123.2,46.56],[-123.04,46.57],[-122.95,46.58],[-122.63,46.59],[-122.48,46.61],[-122.3,46.65],[-122.12,46.68],[-121.89,46.81],[-121.85,46.83],[-121.71,46.91],[-121.5,47.06],[-121.5,47.07],[-121.45,47.12],[-121.36,47.23],[-121.32,47.28],[-121.2,47.41],[-121.22,47.49],[-121.22,47.5],[-121.23,47.53],[-121.23,47.56],[-121.26,47.71],[-121.29,47.83],[-121.3,47.97],[-121.3,48],[-121.3,48.03],[-121.3,48.06],[-121.31,48.33],[-121.31,48.39],[-121.31,48.46],[-121.31,48.55],[-121.36,48.65],[-121.38,48.69],[-121.51,48.76],[-121.51,48.82],[-121.51,48.84],[-121.51,48.93],[-121.5,48.94],[-121.49,48.99],[-121.48,49.03],[-121.49,49.14],[-121.47,49.28],[-121.49,49.35],[-121.49,49.37],[-121.51,49.4],[-121.53,49.46],[-121.57,49.48],[-121.62,49.51],[-121.69,49.55],[-121.75,49.57],[-121.77,49.56],[-121.82,49.56],[-121.84,49.55],[-121.87,49.54],[-121.96,49.48],[-122.05,49.48],[-122.11,49.47],[-122.12,49.48],[-122.14,49.49],[-122.19,49.52],[-122.51,49.77],[-122.58,49.83],[-122.6,49.85],[-122.69,49.9],[-122.75,49.95],[-122.76,49.95],[-122.78,49.96],[-122.96,50.02],[-123.26,50.1],[-123.28,50.11],[-123.66,50.21],[-123.94,50.4],[-123.94,50.41],[-123.96,50.42],[-124,50.44],[-124.14,50.55],[-124.23,50.61],[-124.35,50.75],[-124.39,50.8],[-124.42,50.84],[-124.49,50.93],[-124.6,51.12],[-125.07,50.93],[-125.05,50.75],[-125.1,50.58],[-125.05,50.58],[-124.94,50.6],[-124.9,50.45],[-124.87,50.29],[-124.85,50.23],[-124.79,50.04],[-124.25,49.84],[-124.15,49.93],[-123.7,49.53],[-123.62,49.52],[-123.59,49.52],[-123.53,49.51],[-123.21,49.27],[-123.14,49.23],[-123.1,49.2],[-122.99,49.14],[-122.98,49.14],[-122.96,49.11],[-122.9,49.07],[-122.84,49.02],[-122.83,49.01],[-122.82,49],[-122.63,48.86],[-122.61,48.83],[-122.53,48.7],[-122.53,48.68],[-122.52,48.67],[-122.5,48.62],[-122.5,48.59],[-122.49,48.59],[-122.49,48.57],[-122.49,48.56],[-122.45,48.48],[-122.4,48.35],[-122.37,48.27],[-122.37,48.26],[-122.36,48.17],[-122.35,48.08],[-122.35,48.04],[-122.35,48.03],[-122.39,47.87],[-122.4,47.83],[-122.44,47.73],[-122.47,47.66],[-122.47,47.64],[-122.49,47.61],[-122.66,47.47],[-122.74,47.36],[-122.86,47.34],[-122.94,47.42],[-123,47.64],[-122.81,47.83],[-122.81,47.87],[-122.83,48.02],[-123.07,48.17],[-124.43,48.35],[-124.26,48.29],[-124.28,48.24],[-124.27,48.15],[-124.27,48.12],[-124.26,48.09],[-124.25,48.08],[-124.22,48.05],[-124.04,47.97],[-123.96,47.92],[-123.84,47.82],[-123.72,47.79],[-123.7,47.79],[-123.68,47.78],[-123.61,47.74],[-123.87,47.61],[-124.12,47.59],[-124.35,47.52],[-124.33,47.49],[-124.31,47.46],[-124.19,47.04],[-124.13,47.11],[-124.17,46.94],[-124.14,46.81],[-124.14,46.76]]],[[[-126.02,50.34],[-126.09,50.3],[-126.24,50.22],[-126.33,50.18],[-126.37,50.13],[-126.33,50.12],[-126.22,50.09],[-126.21,50.08],[-126.14,50.02],[-126.13,50.01],[-126.12,49.97],[-126.11,49.94],[-126.09,49.9],[-126.08,49.89],[-126.04,49.85],[-126.02,49.85],[-125.96,49.83],[-125.91,49.81],[-125.77,49.75],[-125.74,49.67],[-125.74,49.66],[-125.73,49.63],[-125.72,49.6],[-125.71,49.57],[-125.65,49.54],[-125.54,49.53],[-125.51,49.53],[-125.47,49.54],[-125.47,49.55],[-125.46,49.55],[-125.44,49.55],[-125.42,49.55],[-125.42,49.54],[-125.41,49.54],[-125.39,49.53],[-125.39,49.52],[-125.37,49.49],[-125.36,49.48],[-125.36,49.47],[-125.31,49.45],[-125.22,49.45],[-125.14,49.46],[-125.1,49.47],[-125.08,49.48],[-125.03,49.49],[-125.02,49.49],[-124.99,49.49],[-124.96,49.5],[-124.88,49.48],[-124.69,49.3],[-124.68,49.29],[-124.62,49.24],[-124.6,49.22],[-124.59,49.21],[-124.5,49.13],[-124.5,49.12],[-124.48,49.11],[-124.48,49.1],[-124.47,49.1],[-124.4,49.03],[-124.35,48.99],[-124.34,48.98],[-124.33,48.97],[-124.33,48.96],[-124.25,48.89],[-124.18,48.83],[-124.17,48.83],[-124.09,48.75],[-124.05,48.72],[-124.03,48.7],[-123.98,48.66],[-123.97,48.65],[-123.89,48.58],[-123.87,48.57],[-123.81,48.52],[-123.72,48.48],[-123.59,48.63],[-123.61,48.7],[-123.63,48.76],[-123.65,48.82],[-123.69,48.88],[-123.72,48.93],[-123.83,49.11],[-123.85,49.14],[-123.86,49.16],[-123.96,49.22],[-124,49.25],[-124.13,49.29],[-124.51,49.42],[-124.72,49.49],[-125.55,50.29],[-125.92,50.4],[-125.97,50.37],[-126.02,50.34]]]]},"properties":{"NAME":"Coast Salish","ABBREVN":"Coast Salish","SUBJECTO":"Coast Salish","BORDERPRECISION":1,"PARTOF":"Coast Salish"}},
{"type":"Feature","geometry":{"type":"Polygon","coordinates":[[[-97.71,16.03],[-97.45,15.99],[-97.38,16.29],[-97.36,16.37],[-97.52,16.54],[-97.57,16.58],[-97.58,16.59],[-97.59,16.75],[-97.51,16.87],[-97.46,16.94],[-97.57,16.99],[-98.44,16.36],[-97.88,16.05],[-97.71,16.03]]]},"properties":{"NAME":"Ñuu Savi (Mixtecapan)","ABBREVN":"Ñuu Savi (Mixtecapan)","SUBJECTO":"Ñuu Savi (Mixtecapan)","BORDERPRECISION":1,"PARTOF":"Ñuu Savi (Mixtecapan)"}},
{"type":"Feature","geometry":{"type":"Polygon","coordinates":[[[-130.11,54.73],[-129.96,54.54],[-129.69,54.51],[-129.65,54.62],[-129.55,54.62],[-129.52,54.58],[-129.45,54.62],[-129.42,54.65],[-129.41,54.66],[-129.44,54.7],[-129.37,54.76],[-129.43,54.81],[-129.32,54.89],[-129.27,54.89],[-129.16,54.88],[-129.05,54.87],[-128.83,54.89],[-128.83,54.9],[-128.87,54.94],[-128.9,54.95],[-128.94,54.96],[-128.93,54.97],[-128.89,55],[-128.91,55.02],[-128.89,55.05],[-128.88,55.07],[-128.82,55.1],[-128.81,55.11],[-128.79,55.12],[-128.78,55.15],[-128.83,55.18],[-128.84,55.18],[-128.84,55.19],[-128.83,55.19],[-128.81,55.2],[-128.81,55.19],[-128.79,55.19],[-128.77,55.18],[-128.73,55.14],[-128.71,55.15],[-128.7,55.15],[-128.68,55.16],[-128.65,55.15],[-128.63,55.14],[-128.62,55.14],[-128.49,55.19],[-128.44,55.17],[-128.41,55.18],[-128.38,55.21],[-128.38,55.23],[-128.39,55.24],[-128.37,55.26],[-128.37,55.31],[-128.36,55.35],[-128.38,55.39],[-128.22,55.53],[-128.25,55.56],[-128.41,55.6],[-128.44,55.66],[-128.48,55.67],[-128.58,55.71],[-128.53,55.74],[-128.52,55.74],[-128.5,55.73],[-128.47,55.72],[-128.49,55.76],[-128.52,55.78],[-128.5,55.79],[-128.51,55.8],[-128.46,55.94],[-128.48,55.96],[-128.45,55.97],[-128.49,56],[-128.64,55.93],[-128.7,55.94],[-128.67,55.9],[-128.67,55.88],[-128.68,55.85],[-128.74,55.86],[-128.97,56.08],[-129.03,56.17],[-129.06,56.24],[-129.08,56.25],[-129.15,56.3],[-129.16,56.3],[-129.21,56.3],[-129.27,56.31],[-129.31,56.34],[-129.36,56.37],[-129.37,56.38],[-129.4,56.31],[-129.58,56.33],[-129.65,56.37],[-129.69,56.35],[-129.75,56.35],[-129.8,56.35],[-129.82,56.44],[-130.04,56.55],[-130.03,56.58],[-130.15,56.58],[-130.2,56.58],[-130.21,56.54],[-130.23,56.25],[-130.39,56.17],[-130.2,56.1],[-130.11,56.12],[-130.07,56.07],[-130.06,56.06],[-130.04,56.05],[-130.03,56.05],[-130.03,56.04],[-130,56.01],[-130,55.97],[-130,55.95],[-129.99,55.92],[-129.99,55.48],[-129.96,55.29],[-129.99,55.26],[-129.84,54.98],[-130.04,54.84],[-130.11,54.73]]]},"properties":{"NAME":"Nisg̱a'a","ABBREVN":"Nisg̱a'a","SUBJECTO":"Nisg̱a'a","BORDERPRECISION":1,"PARTOF":"Nisg̱a'a"}},
{"type":"Feature","geometry":{"type":"MultiPolygon","coordinates":[[[[-87.65,41.97],[-87.63,41.84],[-87.55,41.77],[-87.61,41.88],[-87.65,41.97]]],[[[-86.02,38.75],[-85.46,39.2],[-85.47,39.27],[-85.47,39.3],[-85.42,39.33],[-85.21,39.44],[-85.14,39.47],[-85.11,39.49],[-85.07,39.52],[-85.06,39.58],[-84.99,39.84],[-84.69,39.87],[-84.66,39.91],[-83.75,40.84],[-83.74,40.86],[-83.2,41.42],[-83.24,41.66],[-83.37,41.7],[-83.43,41.7],[-83.44,41.7],[-83.45,41.72],[-83.45,41.75],[-83.77,41.86],[-85.1,41.67],[-85.16,41.66],[-85.5,41.67],[-85.89,41.68],[-86.36,41.7],[-86.67,41.87],[-87.22,41.63],[-86.85,40.63],[-86.96,40.26],[-87.04,39.99],[-87.13,39.68],[-87.43,38.91],[-87.49,38.8],[-87.58,38.59],[-87.1,38.69],[-86.44,38.62],[-86.4,38.63],[-86.03,38.75],[-86.02,38.75]]],[[[-98.01,34.01],[-98.1,34.03],[-98.21,34.05],[-98.41,34.1],[-98.52,34.12],[-98.53,34.12],[-98.56,34.13],[-98.64,34.14],[-98.66,34.15],[-99.21,34.34],[-99.38,34.4],[-99.86,34.57],[-99.89,34.58],[-99.96,34.55],[-100.05,34.51],[-100.35,34.33],[-100.86,34.02],[-101.27,33.24],[-101.54,32.73],[-101.58,32.66],[-101.77,32.35],[-102.54,31.06],[-102.54,30.76],[-102.54,30.66],[-102.8,30],[-102.83,29.92],[-102.93,29.67],[-102.97,28.99],[-102.98,28.84],[-102.99,28.79],[-102.99,28.69],[-102.97,28.36],[-102.92,28.3],[-102.62,27.95],[-102.39,27.84],[-102.15,27.71],[-102.09,27.71],[-101.5,27.71],[-101.02,27.88],[-100.62,28.02],[-100.27,28.41],[-99.72,29.12],[-99.33,29.63],[-99.03,29.88],[-99,29.91],[-98.08,30.68],[-97.83,30.88],[-97.49,31.16],[-97.46,31.19],[-97.28,31.28],[-96.59,31.59],[-96.2,31.77],[-95.96,31.88],[-95.69,31.98],[-95.53,32.04],[-95.28,32.13],[-94.81,32.3],[-94.8,32.33],[-94.63,32.6],[-94.7,32.99],[-94.75,33.41],[-94.81,33.65],[-94.81,33.67],[-94.99,33.83],[-95.26,33.89],[-95.43,33.93],[-95.55,33.9],[-95.6,33.89],[-95.75,33.86],[-95.77,33.86],[-95.85,33.84],[-95.9,33.83],[-96.09,33.8],[-96.14,33.8],[-96.16,33.8],[-96.22,33.8],[-96.53,33.81],[-96.55,33.81],[-96.66,33.82],[-96.75,33.83],[-96.76,33.83],[-96.97,33.85],[-97.01,33.86],[-97.18,33.88],[-97.25,33.89],[-97.35,33.9],[-97.6,33.93],[-97.69,33.94],[-97.72,33.95],[-98.01,34.01]]]]},"properties":{"NAME":"Kiikaapoi (Kickapoo)","ABBREVN":"Kiikaapoi (Kickapoo)","SUBJECTO":"Kiikaapoi (Kickapoo)","BORDERPRECISION":1,"PARTOF":"Kiikaapoi (Kickapoo)"}},
{"type":"Feature","geometry":{"type":"Polygon","coordinates":[[[-64.44,-24.8],[-64.32,-24.67],[-64.29,-24.58],[-64.36,-24.64],[-64.46,-24.67],[-64.46,-24.8],[-64.46,-24.83],[-64.44,-24.8]]]},"properties":{"NAME":"Kolla","ABBREVN":"Kolla","SUBJECTO":"Kolla","BORDERPRECISION":1,"PARTOF":"Kolla"}},
{"type":"Feature","geometry":{"type":"MultiPolygon","coordinates":[[[[-67.34,0.27],[-67.4,0.27],[-67.34,0.23],[-67.33,0.25],[-67.34,0.27]]],[[[-67.18,-0.03],[-67.2,-0.14],[-67.25,-0.25],[-67.36,-0.31],[-67.56,-0.33],[-67.74,-0.34],[-67.7,-0.43],[-67.18,-0.66],[-65.43,-0.68],[-67.17,-0.04],[-67.18,-0.03]]]]},"properties":{"NAME":"Dâw","ABBREVN":"Dâw","SUBJECTO":"Dâw","BORDERPRECISION":1,"PARTOF":"Dâw"}},
{"type":"Feature","geometry":{"type":"Polygon","coordinates":[[[-121.66,39.26],[-121.94,39.35],[-121.96,39.25],[-121.9,39.24],[-121.76,39.06],[-121.76,38.93],[-121.76,38.92],[-121.76,38.89],[-121.72,38.82],[-121.67,38.78],[-121.64,38.77],[-121.62,38.75],[-121.61,38.72],[-121.61,38.71],[-121.59,38.64],[-121.59,38.63],[-121.55,38.54],[-121.53,38.53],[-121.43,38.49],[-121.41,38.48],[-121.28,38.47],[-121.21,38.47],[-121.16,38.46],[-120.98,38.47],[-120.88,38.47],[-120.87,38.47],[-120.78,38.47],[-120.68,38.47],[-120.65,38.47],[-120.61,38.56],[-120.53,38.59],[-120.52,38.59],[-120.52,38.61],[-120.49,38.77],[-120.78,39.13],[-120.87,39.74],[-121.12,39.52],[-121.11,39.56],[-121.28,39.45],[-121.3,39.4],[-121.42,39.31],[-121.53,39.27],[-121.66,39.26]]]},"properties":{"NAME":"Nisenan","ABBREVN":"Nisenan","SUBJECTO":"Nisenan","BORDERPRECISION":1,"PARTOF":"Nisenan"}},
{"type":"Feature","geometry":{"type":"Polygon","coordinates":[[[-121.27,43.73],[-121.37,43.55],[-121.39,43.48],[-121.38,43.25],[-120.8,43.01],[-120.78,42.79],[-120.67,42.65],[-120.67,43.13],[-120.81,43.61],[-120.83,43.8],[-121.27,43.73]]]},"properties":{"NAME":"Yahooskin","ABBREVN":"Yahooskin","SUBJECTO":"Yahooskin","BORDERPRECISION":1,"PARTOF":"Yahooskin"}},
{"type":"Feature","geometry":{"type":"Polygon","coordinates":[[[-64.74,-7.29],[-64.74,-7.28],[-64.76,-7.28],[-64.77,-7.28],[-64.81,-7.29],[-64.85,-7.36],[-64.87,-7.38],[-64.99,-7.46],[-65.22,-7.41],[-65.3,-7.41],[-65.31,-7.41],[-65.53,-7.39],[-65.56,-7.4],[-65.58,-7.4],[-65.6,-7.38],[-65.69,-7.4],[-66.79,-7.32],[-67,-7.48],[-67.56,-8.28],[-67.62,-8.42],[-67.67,-8.47],[-67.68,-8.48],[-67.68,-8.49],[-67.7,-8.52],[-67.24,-9.4],[-64.84,-8.64],[-64.76,-8.63],[-64.57,-8.59],[-64.57,-8.58],[-64.56,-8.47],[-64.62,-8.06],[-64.58,-7.66],[-64.74,-7.29]]]},"properties":{"NAME":"Popũkare","ABBREVN":"Popũkare","SUBJECTO":"Popũkare","BORDERPRECISION":1,"PARTOF":"Popũkare"}},
{"type":"Feature","geometry":{"type":"MultiPolygon","coordinates":[[[[-124.68,49.29],[-124.68,49.27],[-124.7,49.25],[-124.66,49.23],[-124.62,49.21],[-124.57,49.18],[-124.55,49.14],[-124.54,49.12],[-124.53,49.12],[-124.53,49.11],[-124.52,49.1],[-124.49,49.06],[-124.4,49.03],[-124.47,49.1],[-124.48,49.1],[-124.48,49.11],[-124.5,49.12],[-124.5,49.13],[-124.59,49.21],[-124.6,49.22],[-124.62,49.24],[-124.68,49.29]]],[[[-125.42,49.55],[-125.43,49.54],[-125.42,49.54],[-125.41,49.54],[-125.42,49.54],[-125.42,49.55]]]]},"properties":{"NAME":"K’ómoks","ABBREVN":"K’ómoks","SUBJECTO":"K’ómoks","BORDERPRECISION":1,"PARTOF":"K’ómoks"}},
{"type":"Feature","geometry":{"type":"Polygon","coordinates":[[[-58.67,5.28],[-58.35,5.4],[-58.27,5.51],[-58.33,5.61],[-58.52,5.69],[-59.34,6],[-59.3,6.33],[-59.61,6.56],[-60.02,6.63],[-59.88,6.36],[-59.6,5.91],[-59.37,5.59],[-59.16,5.31],[-59.13,5.16],[-58.91,5.19],[-58.86,5.21],[-58.67,5.28]]]},"properties":{"NAME":"Akawaio/Akawayo","ABBREVN":"Akawaio/Akawayo","SUBJECTO":"Akawaio/Akawayo","BORDERPRECISION":1,"PARTOF":"Akawaio/Akawayo"}},
{"type":"Feature","geometry":{"type":"Polygon","coordinates":[[[-115.8,46.77],[-115.38,46.68],[-115.37,46.68],[-115.42,46.69],[-116.76,47.04],[-117.06,47.1],[-117.23,47.13],[-117.54,47.2],[-117.52,47.16],[-117.51,47],[-117.38,46.88],[-117.27,46.89],[-117.26,46.89],[-117.19,46.94],[-117.06,46.87],[-116.9,46.85],[-116.89,46.85],[-116.84,46.88],[-116.79,46.88],[-116.77,46.88],[-116.74,46.86],[-116.66,46.86],[-116.21,46.7],[-116.22,46.69],[-116.03,46.69],[-115.99,46.75],[-115.8,46.77]]]},"properties":{"NAME":"Schitsu’umsh (Coeur d’Alene)","ABBREVN":"Schitsu’umsh (Coeur d’Alene)","SUBJECTO":"Schitsu’umsh (Coeur d’Alene)","BORDERPRECISION":1,"PARTOF":"Schitsu’umsh (Coeur d’Alene)"}},
{"type":"Feature","geometry":{"type":"Polygon","coordinates":[[[-77.17,38.02],[-77.12,38],[-77.1,38.02],[-77.07,38.07],[-77.06,38.1],[-77.06,38.11],[-77.06,38.13],[-77.14,38.16],[-77.17,38.17],[-77.21,38.19],[-77.46,38.15],[-77.42,38.1],[-77.33,38.11],[-77.25,38.06],[-77.17,38.02]]]},"properties":{"NAME":"Nandtaughtacund","ABBREVN":"Nandtaughtacund","SUBJECTO":"Nandtaughtacund","BORDERPRECISION":1,"PARTOF":"Nandtaughtacund"}},
{"type":"Feature","geometry":{"type":"MultiPolygon","coordinates":[[[[-99.44,17.29],[-99.34,17.24],[-99.09,17.13],[-99.06,17.43],[-99.07,17.51],[-99.07,17.56],[-99.46,17.66],[-99.66,17.67],[-99.72,17.65],[-99.54,17.45],[-99.44,17.29]]],[[[-100.27,18.22],[-100.25,18.26],[-100.23,18.4],[-100.29,18.27],[-100.27,18.22]]]]},"properties":{"NAME":"Nahua (Guerrero)","ABBREVN":"Nahua (Guerrero)","SUBJECTO":"Nahua (Guerrero)","BORDERPRECISION":1,"PARTOF":"Nahua (Guerrero)"}},
{"type":"Feature","geometry":{"type":"Polygon","coordinates":[[[-119.37,50.23],[-119.45,50.24],[-119.52,50.25],[-120.08,50.43],[-120.83,50.44],[-120.86,50.44],[-120.9,50.46],[-120.89,50.41],[-120.93,50.11],[-121.05,49.83],[-121.22,49.69],[-121.17,49.66],[-121.19,49.63],[-121.19,49.61],[-121.18,49.59],[-121.07,49.59],[-121.11,49.3],[-121.33,49.06],[-121.32,49],[-121.31,48.98],[-121.3,48.92],[-121.29,48.89],[-121.28,48.82],[-121.22,48.62],[-121.14,48.46],[-121.11,48.38],[-121.09,48.34],[-121.04,48.22],[-120.99,48.14],[-120.98,48.13],[-120.97,48.12],[-120.94,48.07],[-120.91,48.03],[-120.8,47.92],[-120.64,47.83],[-120.57,47.79],[-120.56,47.79],[-120.42,47.74],[-120.24,47.71],[-120.21,47.7],[-120.2,47.69],[-119.98,47.61],[-119.42,47.54],[-119.19,47.54],[-119.11,47.54],[-118.98,47.54],[-118.97,47.54],[-118.76,47.54],[-118.67,47.54],[-118.62,47.54],[-118.61,47.54],[-118.56,47.54],[-118.36,47.59],[-118.3,47.64],[-118.28,47.66],[-118.29,47.77],[-118.32,47.93],[-118.29,48.05],[-118.29,48.06],[-118.24,48.14],[-118.23,48.14],[-118.19,48.21],[-118.2,48.38],[-118.22,48.53],[-118.22,48.55],[-118.24,48.6],[-118.25,48.64],[-118.27,48.69],[-118.34,48.79],[-118.36,48.98],[-118.44,49.03],[-118.56,49.94],[-118.55,50.02],[-118.71,50.09],[-118.98,50.16],[-119.21,50.17],[-119.23,50.18],[-119.34,50.23],[-119.37,50.23]]]},"properties":{"NAME":"Syilx tmixʷ (Okanagan)","ABBREVN":"Syilx tmixʷ (Okanagan)","SUBJECTO":"Syilx tmixʷ (Okanagan)","BORDERPRECISION":1,"PARTOF":"Syilx tmixʷ (Okanagan)"}},
{"type":"Feature","geometry":{"type":"Polygon","coordinates":[[[-71.05,1.13],[-71.13,0.61],[-71.11,0.55],[-71.09,0.48],[-71.03,0.34],[-70.95,0.24],[-70.92,0.21],[-70.8,0.33],[-70.65,0.49],[-70.62,0.52],[-70.57,0.56],[-70.55,0.57],[-70.59,0.58],[-70.62,0.6],[-70.75,0.65],[-70.77,0.67],[-70.83,0.8],[-70.84,0.82],[-71,1.12],[-71.01,1.14],[-71.05,1.13]]]},"properties":{"NAME":"Karapana/Muteamasa","ABBREVN":"Karapana/Muteamasa","SUBJECTO":"Karapana/Muteamasa","BORDERPRECISION":1,"PARTOF":"Karapana/Muteamasa"}},
{"type":"Feature","geometry":{"type":"Polygon","coordinates":[[[-74.98,2.99],[-75,3.12],[-75.12,2.84],[-75.34,2.51],[-75.23,2.53],[-74.98,2.99]]]},"properties":{"NAME":"Tama Dujo","ABBREVN":"Tama Dujo","SUBJECTO":"Tama Dujo","BORDERPRECISION":1,"PARTOF":"Tama Dujo"}},
{"type":"Feature","geometry":{"type":"MultiPolygon","coordinates":[[[[-92.91,17.62],[-92.93,17.59],[-92.95,17.54],[-92.95,17.53],[-92.95,17.49],[-92.94,17.4],[-92.9,17.24],[-92.89,17.21],[-92.75,17.3],[-92.71,17.34],[-92.66,17.39],[-92.66,17.4],[-92.61,17.43],[-92.49,17.51],[-92.27,17.65],[-92.04,17.77],[-91.69,17.83],[-91.55,17.99],[-91.47,17.99],[-91.49,18.06],[-91.46,18.16],[-91.5,18.18],[-91.61,18.1],[-91.71,17.84],[-91.8,17.81],[-92.04,17.81],[-92.19,17.83],[-92.22,17.82],[-92.77,17.74],[-92.79,17.71],[-92.91,17.62]]],[[[-91.28,17.24],[-91.3,17.25],[-91.3,17.26],[-91.33,17.25],[-91.28,17.24]]],[[[-91.16,17.06],[-91.17,17.08],[-91.24,17.13],[-91.25,17.13],[-91.18,17.07],[-91.16,17.06],[-91.05,16.92],[-90.93,16.88],[-90.67,16.7],[-90.79,16.82],[-91.1,16.99],[-91.16,17.06]]],[[[-90.71,16.03],[-90.55,16.02],[-90.41,16.07],[-90.41,16.08],[-90.47,16.05],[-90.7,16.04],[-90.76,16.04],[-90.79,16.04],[-90.71,16.03]]],[[[-90.93,16.04],[-90.88,16.04],[-90.93,16.04],[-91.05,16.04],[-91.19,16.05],[-91.08,16.03],[-90.93,16.04]]]]},"properties":{"NAME":"Winikon bä lojon/Xk’ukwits/Ajlumob/Otulob (Ch'ol)","ABBREVN":"Winikon bä lojon/Xk’ukwits/Ajlumob/Otulob (Ch'ol)","SUBJECTO":"Winikon bä lojon/Xk’ukwits/Ajlumob/Otulob (Ch'ol)","BORDERPRECISION":1,"PARTOF":"Winikon bä lojon/Xk’ukwits/Ajlumob/Otulob (Ch'ol)"}},
{"type":"Feature","geometry":{"type":"Polygon","coordinates":[[[-111.81,29.82],[-111.78,29.76],[-111.75,29.66],[-111.72,29.67],[-111.55,29.74],[-111.63,29.75],[-111.77,29.81],[-111.81,29.82]]]},"properties":{"NAME":"Tohono O'odham","ABBREVN":"Tohono O'odham","SUBJECTO":"Tohono O'odham","BORDERPRECISION":1,"PARTOF":"Tohono O'odham"}},
{"type":"Feature","geometry":{"type":"Polygon","coordinates":[[[-123.52,40.7],[-123.53,40.7],[-123.64,40.72],[-123.69,40.71],[-123.71,40.71],[-123.72,40.71],[-123.77,40.64],[-123.93,40.65],[-123.96,40.74],[-123.98,40.72],[-123.99,40.71],[-124.06,40.64],[-124.18,40.52],[-124.15,40.51],[-124.12,40.51],[-123.95,40.41],[-123.68,40.25],[-123.42,40.32],[-123.36,40.34],[-123.38,40.36],[-123.41,40.42],[-123.43,40.47],[-123.44,40.5],[-123.47,40.56],[-123.49,40.57],[-123.49,40.6],[-123.48,40.61],[-123.47,40.61],[-123.52,40.7]]]},"properties":{"NAME":"Nongatl","ABBREVN":"Nongatl","SUBJECTO":"Nongatl","BORDERPRECISION":1,"PARTOF":"Nongatl"}},
{"type":"Feature","geometry":{"type":"Polygon","coordinates":[[[-47.01,-5.71],[-47.14,-6.07],[-46.72,-6.03],[-47.01,-5.71]]]},"properties":{"NAME":"Krĩcatijê","ABBREVN":"Krĩcatijê","SUBJECTO":"Krĩcatijê","BORDERPRECISION":1,"PARTOF":"Krĩcatijê"}},
{"type":"Feature","geometry":{"type":"Polygon","coordinates":[[[-124.64,48.65],[-124.43,48.77],[-124.6,48.71],[-124.62,48.74],[-124.64,48.65]]]},"properties":{"NAME":"Pacheedaht","ABBREVN":"Pacheedaht","SUBJECTO":"Pacheedaht","BORDERPRECISION":1,"PARTOF":"Pacheedaht"}},
{"type":"Feature","geometry":{"type":"MultiPolygon","coordinates":[[[[-75.44,-2.6],[-75.35,-2.72],[-75.27,-2.84],[-75.21,-2.99],[-75.13,-3.06],[-75.05,-3.12],[-75.09,-3.06],[-75.39,-2.64],[-75.44,-2.6]]],[[[-75.89,-2.69],[-75.81,-2.79],[-75.74,-2.89],[-75.52,-3.17],[-75.42,-3.21],[-75.5,-3.11],[-75.82,-2.7],[-75.98,-2.57],[-76.05,-2.54],[-76.01,-2.57],[-75.9,-2.67],[-75.9,-2.68],[-75.89,-2.68],[-75.89,-2.69]]],[[[-76.16,-2.46],[-76.22,-2.39],[-76.26,-2.31],[-76.25,-2.19],[-76.18,-2.12],[-76.17,-2.11],[-76.18,-2.11],[-76.19,-2.11],[-76.19,-2.12],[-76.2,-2.12],[-76.2,-2.11],[-76.21,-2.11],[-76.26,-2.08],[-76.27,-2.08],[-76.27,-2.07],[-76.28,-2.07],[-76.29,-2.07],[-76.29,-2.08],[-76.29,-2.07],[-76.3,-2.07],[-76.31,-2.07],[-76.31,-2.06],[-76.32,-2.06],[-76.32,-2.05],[-76.33,-2.05],[-76.34,-2.05],[-76.36,-2.04],[-76.36,-2.05],[-76.39,-2.05],[-76.41,-2.04],[-76.4,-2.04],[-76.4,-2.03],[-76.41,-2.03],[-76.41,-2.02],[-76.42,-2.02],[-76.42,-2.03],[-76.42,-2.01],[-76.43,-2.01],[-76.44,-2],[-76.45,-2],[-76.46,-2.01],[-76.47,-2.01],[-76.47,-2],[-76.48,-1.99],[-76.49,-1.99],[-76.49,-1.98],[-76.5,-1.98],[-76.51,-1.98],[-76.52,-1.97],[-76.55,-1.96],[-76.56,-1.96],[-76.57,-1.95],[-76.58,-1.94],[-76.6,-1.93],[-76.61,-1.93],[-76.63,-1.92],[-76.63,-1.91],[-76.63,-1.9],[-76.64,-1.88],[-76.65,-1.87],[-76.66,-1.87],[-76.85,-2],[-76.85,-2.01],[-76.84,-2.01],[-76.83,-2.01],[-76.83,-2.02],[-76.82,-2.02],[-76.82,-2.03],[-76.82,-2.04],[-76.81,-2.04],[-76.81,-2.05],[-76.8,-2.05],[-76.8,-2.06],[-76.8,-2.07],[-76.8,-2.08],[-76.86,-2.13],[-76.87,-2.13],[-76.87,-2.15],[-76.86,-2.15],[-76.86,-2.16],[-76.86,-2.17],[-76.86,-2.18],[-76.86,-2.19],[-76.85,-2.19],[-76.84,-2.19],[-76.84,-2.2],[-76.83,-2.2],[-76.83,-2.21],[-76.83,-2.22],[-76.82,-2.22],[-76.82,-2.23],[-76.8,-2.24],[-76.8,-2.23],[-76.8,-2.24],[-76.79,-2.24],[-76.79,-2.25],[-76.94,-2.3],[-76.9,-2.3],[-76.9,-2.29],[-76.9,-2.3],[-76.85,-2.28],[-76.79,-2.25],[-76.81,-2.27],[-76.55,-2.23],[-76.53,-2.2],[-76.41,-2.12],[-76.39,-2.11],[-76.35,-2.37],[-76.24,-2.42],[-76.23,-2.42],[-76.18,-2.44],[-76.16,-2.46]]]]},"properties":{"NAME":"Shiwiar","ABBREVN":"Shiwiar","SUBJECTO":"Shiwiar","BORDERPRECISION":1,"PARTOF":"Shiwiar"}},
{"type":"Feature","geometry":{"type":"Polygon","coordinates":[[[-66.77,6.15],[-66.81,6.18],[-66.81,6.17],[-66.87,6.1],[-66.98,6.07],[-67.01,6.09],[-67.03,5.9],[-67.17,5.63],[-67.28,5.45],[-67.31,5.19],[-67.23,4.59],[-67.21,4.44],[-67.01,4.35],[-66.84,4.05],[-66.79,4.08],[-66.44,4.17],[-66.45,5.9],[-66.77,6.15]]]},"properties":{"NAME":"Uwottüja","ABBREVN":"Uwottüja","SUBJECTO":"Uwottüja","BORDERPRECISION":1,"PARTOF":"Uwottüja"}},
{"type":"Feature","geometry":{"type":"Polygon","coordinates":[[[-123.93,41.53],[-123.93,41.56],[-123.95,41.61],[-123.99,41.64],[-124.14,41.62],[-124.15,41.62],[-124.02,41],[-124.03,40.99],[-123.99,40.99],[-123.99,41.02],[-123.98,41.02],[-123.97,41.06],[-124,41.17],[-123.93,41.53]]]},"properties":{"NAME":"Yurok","ABBREVN":"Yurok","SUBJECTO":"Yurok","BORDERPRECISION":1,"PARTOF":"Yurok"}},
{"type":"Feature","geometry":{"type":"Polygon","coordinates":[[[-85.04,42.34],[-85.14,42.54],[-85.18,42.64],[-85.29,42.88],[-85.41,43.41],[-86.3,43.6],[-86.47,43.5],[-86.22,42.8],[-86.67,41.87],[-86.62,41.93],[-85.37,41.97],[-85.22,41.97],[-84.54,41.96],[-84.53,41.97],[-84.16,42.03],[-84.07,42.06],[-84.28,42.06],[-85.02,42.28],[-85.04,42.34]]]},"properties":{"NAME":"Peoria","ABBREVN":"Peoria","SUBJECTO":"Peoria","BORDERPRECISION":1,"PARTOF":"Peoria"}},
{"type":"Feature","geometry":{"type":"Polygon","coordinates":[[[-120.52,38.59],[-120.52,38.58],[-120.54,38.44],[-120.44,38.34],[-120.38,38.31],[-120.28,38.26],[-120.01,38.13],[-119.82,38.11],[-119.82,38.16],[-119.46,39.4],[-120.37,40.08],[-120.43,40.37],[-120.49,40.32],[-120.87,39.74],[-120.78,39.13],[-120.49,38.77],[-120.52,38.61],[-120.52,38.59]]]},"properties":{"NAME":"Wašišiw Ɂítdeʔ (Washoe)","ABBREVN":"Wašišiw Ɂítdeʔ (Washoe)","SUBJECTO":"Wašišiw Ɂítdeʔ (Washoe)","BORDERPRECISION":1,"PARTOF":"Wašišiw Ɂítdeʔ (Washoe)"}},
{"type":"Feature","geometry":{"type":"Polygon","coordinates":[[[-70.79,42.81],[-70.76,42.73],[-71.06,42.68],[-71.15,42.67],[-71.29,42.62],[-71.53,42.62],[-71.65,42.6],[-71.65,42.52],[-71.59,42.37],[-71.52,42.32],[-71.53,42.37],[-71.49,42.55],[-70.87,42.6],[-70.59,42.69],[-70.65,42.72],[-70.79,42.81]]]},"properties":{"NAME":"Pawtucket","ABBREVN":"Pawtucket","SUBJECTO":"Pawtucket","BORDERPRECISION":1,"PARTOF":"Pawtucket"}},
{"type":"Feature","geometry":{"type":"Polygon","coordinates":[[[-76.96,38.27],[-77.15,38.38],[-77.24,38.34],[-77.27,38.24],[-77.22,38.2],[-77.21,38.19],[-77.17,38.17],[-77.15,38.17],[-77.14,38.16],[-77.06,38.13],[-77.05,38.14],[-77.05,38.12],[-76.88,38.16],[-76.96,38.27]]]},"properties":{"NAME":"Cuttatawomen","ABBREVN":"Cuttatawomen","SUBJECTO":"Cuttatawomen","BORDERPRECISION":1,"PARTOF":"Cuttatawomen"}},
{"type":"Feature","geometry":{"type":"Polygon","coordinates":[[[-122.19,40.54],[-122.19,40.58],[-122.19,40.6],[-122.18,40.63],[-122.18,40.64],[-122.14,40.66],[-122.13,40.67],[-122.08,40.7],[-122.06,40.72],[-122.03,40.75],[-122.03,40.77],[-122.03,40.79],[-122.04,40.81],[-122.05,40.83],[-122.04,40.86],[-122.02,40.9],[-122.04,40.92],[-122.06,40.99],[-122.06,41.01],[-122.05,41.06],[-122.03,41.12],[-122.02,41.14],[-122.01,41.19],[-122.05,41.26],[-122.05,41.21],[-122.06,41.2],[-122.06,41.19],[-122.07,41.17],[-122.08,41.15],[-122.08,41.14],[-122.08,41.13],[-122.09,41.11],[-122.14,41.09],[-122.15,41.08],[-122.15,41.07],[-122.21,41.02],[-122.21,41],[-122.21,40.98],[-122.21,40.97],[-122.3,40.9],[-122.35,40.92],[-122.39,40.92],[-122.4,40.91],[-122.47,40.93],[-122.53,40.97],[-122.53,41],[-122.53,41.01],[-122.52,41.04],[-122.57,41.16],[-122.57,41.17],[-122.58,41.18],[-122.61,41.21],[-122.7,41.17],[-122.86,41.12],[-122.87,41.12],[-122.88,41.11],[-122.89,41.1],[-122.92,41.07],[-122.91,41.06],[-122.91,41.05],[-122.91,41.01],[-122.89,40.99],[-122.88,40.98],[-122.96,40.92],[-122.97,40.92],[-123.07,40.93],[-123.07,40.91],[-123.08,40.89],[-123.08,40.88],[-123.09,40.85],[-123.09,40.8],[-123.09,40.79],[-123.1,40.79],[-123.1,40.76],[-123.09,40.76],[-123.09,40.75],[-123.06,40.73],[-123.07,40.73],[-123.11,40.7],[-123.2,40.68],[-123.28,40.65],[-123.31,40.64],[-123.32,40.64],[-123.34,40.63],[-123.41,40.62],[-123.41,40.61],[-123.43,40.61],[-123.44,40.62],[-123.47,40.61],[-123.48,40.61],[-123.49,40.6],[-123.49,40.57],[-123.47,40.56],[-123.46,40.54],[-123.44,40.5],[-123.43,40.47],[-123.41,40.42],[-123.38,40.36],[-123.36,40.34],[-123.36,40.33],[-123.35,40.33],[-123.31,40.29],[-123.26,40.26],[-123.25,40.25],[-123.19,40.19],[-123.18,40.19],[-123.16,40.17],[-123.12,40.14],[-123.11,40.13],[-123.06,40.11],[-123.04,40.11],[-123.01,40.11],[-122.86,40.12],[-122.72,40.12],[-122.23,40.18],[-122.23,40.19],[-122.22,40.2],[-122.21,40.21],[-122.21,40.22],[-122.22,40.24],[-122.23,40.26],[-122.21,40.27],[-122.2,40.28],[-122.19,40.3],[-122.21,40.32],[-122.21,40.33],[-122.21,40.34],[-122.2,40.35],[-122.19,40.35],[-122.18,40.36],[-122.19,40.38],[-122.2,40.39],[-122.2,40.42],[-122.23,40.46],[-122.19,40.53],[-122.19,40.54]]]},"properties":{"NAME":"Wintʰu• Po•m (Northern Wintu)","ABBREVN":"Wintʰu• Po•m (Northern Wintu)","SUBJECTO":"Wintʰu• Po•m (Northern Wintu)","BORDERPRECISION":1,"PARTOF":"Wintʰu• Po•m (Northern Wintu)"}},
{"type":"Feature","geometry":{"type":"Polygon","coordinates":[[[-102.17,21.15],[-101.95,20.78],[-101.94,20.74],[-101.59,20.9],[-101.02,21.02],[-100.95,21],[-100.93,21.08],[-100.98,21.47],[-100.83,21.54],[-100.8,21.56],[-100.73,21.54],[-100.85,21.63],[-101,21.8],[-101.11,21.86],[-101.22,21.81],[-101.34,21.81],[-101.42,21.81],[-101.55,21.83],[-101.93,22.14],[-102.07,22.3],[-102.04,22.12],[-102.16,21.39],[-102.36,21.77],[-102.64,21.79],[-102.74,21.84],[-102.77,21.8],[-102.85,21.76],[-102.88,21.68],[-102.38,21.53],[-102.17,21.15]]]},"properties":{"NAME":"Guamares","ABBREVN":"Guamares","SUBJECTO":"Guamares","BORDERPRECISION":1,"PARTOF":"Guamares"}},
{"type":"Feature","geometry":{"type":"Polygon","coordinates":[[[-120.83,43.8],[-120.81,43.61],[-120.67,43.13],[-120.67,42.65],[-120.67,42.6],[-120.67,42.46],[-120.65,42.39],[-120.55,42.1],[-120.48,41.92],[-120.46,41.86],[-120.37,41.62],[-120.37,41.61],[-120.37,41.57],[-120.38,41.54],[-120.45,41.08],[-120.45,40.94],[-120.45,40.58],[-120.45,40.48],[-120.43,40.37],[-120.37,40.08],[-119.46,39.4],[-119.82,38.16],[-119.82,38.11],[-119.83,37.85],[-119.81,37.74],[-119.8,37.66],[-119.69,37.53],[-119.66,37.5],[-119.6,37.43],[-119.49,37.4],[-119.45,37.38],[-119.24,37.31],[-118.88,37.15],[-118.78,37.1],[-118.43,36.95],[-118.37,36.85],[-118.17,36.55],[-118.16,36.52],[-118.11,36.15],[-118.09,36.06],[-118,35.9],[-117.85,35.62],[-117.75,35.6],[-117.64,35.58],[-117.53,35.71],[-117.51,35.9],[-117.48,36.16],[-117.41,36.77],[-117.47,38.1],[-117.54,38.63],[-117.54,38.78],[-117.49,38.82],[-117.55,39.13],[-116.81,41.38],[-116.85,43.99],[-116.91,44.02],[-116.92,44.01],[-117.2,44.06],[-118.39,44.34],[-118.44,44.36],[-119.22,44.65],[-119.87,44.97],[-119.88,44.97],[-119.93,45],[-120.59,45.37],[-120.94,45.31],[-120.85,44.53],[-120.85,44.5],[-120.85,44],[-120.85,43.9],[-120.83,43.8]]]},"properties":{"NAME":"Numu (Northern Paiute)","ABBREVN":"Numu (Northern Paiute)","SUBJECTO":"Numu (Northern Paiute)","BORDERPRECISION":1,"PARTOF":"Numu (Northern Paiute)"}},
{"type":"Feature","geometry":{"type":"Polygon","coordinates":[[[-66.44,-9.25],[-65.6,-9.71],[-65.51,-9.04],[-66.44,-9.25]]]},"properties":{"NAME":"Kaxarari","ABBREVN":"Kaxarari","SUBJECTO":"Kaxarari","BORDERPRECISION":1,"PARTOF":"Kaxarari"}},
{"type":"Feature","geometry":{"type":"Polygon","coordinates":[[[-41.77,-17.95],[-41.76,-18.15],[-41.52,-17.93],[-40.96,-17.7],[-40.21,-17.75],[-40.1,-17.85],[-39.95,-17.99],[-39.85,-18.08],[-39.73,-17.76],[-39.6,-17.19],[-39.62,-16.84],[-39.65,-16.78],[-39.78,-16.59],[-41.43,-16.76],[-41.77,-17.95]]]},"properties":{"NAME":"Maxakalí","ABBREVN":"Maxakalí","SUBJECTO":"Maxakalí","BORDERPRECISION":1,"PARTOF":"Maxakalí"}},
{"type":"Feature","geometry":{"type":"MultiPolygon","coordinates":[[[[-58.54,4.17],[-58.66,4.2],[-58.52,4.12],[-58.41,3.88],[-58.37,3.63],[-58.34,3.52],[-58.31,3.54],[-58.34,3.87],[-58.54,4.17]]],[[[-60.19,3.87],[-60.15,3.88],[-60.05,4.09],[-60.09,4.1],[-60.15,4.05],[-60.19,3.87]]]]},"properties":{"NAME":"Macuxi","ABBREVN":"Macuxi","SUBJECTO":"Macuxi","BORDERPRECISION":1,"PARTOF":"Macuxi"}},
{"type":"Feature","geometry":{"type":"MultiPolygon","coordinates":[[[[-121.05,36.7],[-121.02,36.67],[-120.89,36.45],[-120.89,36.4],[-120.9,36.37],[-120.74,36.43],[-120.71,36.4],[-120.54,36.43],[-120.59,36.49],[-120.6,36.51],[-120.95,36.76],[-121.08,36.91],[-121.18,37.01],[-121.21,37.04],[-121.2,37.02],[-121.19,36.93],[-121.16,36.8],[-121.07,36.72],[-121.05,36.7]]],[[[-121.41,36.48],[-121.39,36.47],[-121.34,36.44],[-121.33,36.43],[-121.28,36.4],[-121.25,36.39],[-121.18,36.32],[-121.18,36.31],[-121.18,36.28],[-121.16,36.21],[-121.11,36.22],[-121.07,36.26],[-121.01,36.31],[-121.02,36.33],[-121.05,36.35],[-121.14,36.43],[-121.22,36.49],[-121.24,36.5],[-121.26,36.51],[-121.38,36.52],[-121.5,36.59],[-121.55,36.6],[-121.62,36.6],[-121.41,36.48]]]]},"properties":{"NAME":"Popeloutchom (Amah Mutsun)","ABBREVN":"Popeloutchom (Amah Mutsun)","SUBJECTO":"Popeloutchom (Amah Mutsun)","BORDERPRECISION":1,"PARTOF":"Popeloutchom (Amah Mutsun)"}},
{"type":"Feature","geometry":{"type":"MultiPolygon","coordinates":[[[[-118.5,33.98],[-118.11,34.01],[-118.12,34.08],[-118.16,34.11],[-118.21,34.21],[-118.25,34.29],[-118.32,34.37],[-118.34,34.4],[-118.35,34.41],[-118.42,34.55],[-118.53,34.64],[-118.73,34.69],[-118.74,34.69],[-118.77,34.75],[-118.75,34.84],[-118.81,34.83],[-118.82,34.83],[-118.94,34.81],[-119.14,34.84],[-119.16,34.84],[-119.3,34.86],[-119.44,34.94],[-119.78,35.17],[-119.88,35.31],[-119.99,35.42],[-120.05,35.48],[-120.1,35.54],[-120.12,35.54],[-120.17,35.52],[-120.3,35.49],[-121.08,35.56],[-120.93,35.47],[-120.91,35.38],[-120.95,35.29],[-120.68,35.19],[-120.67,34.75],[-120.69,34.62],[-120.58,34.59],[-120.2,34.53],[-119.42,34.37],[-118.87,34.07],[-118.73,34.11],[-118.6,34.1],[-118.5,33.98]]],[[[-118.6,34.95],[-118.55,34.99],[-118.52,35.11],[-118.55,35.21],[-118.58,35.23],[-118.59,35.2],[-118.59,35.16],[-118.61,35.05],[-118.64,34.96],[-118.64,34.93],[-118.67,34.9],[-118.66,34.9],[-118.6,34.95]]]]},"properties":{"NAME":"Chumash","ABBREVN":"Chumash","SUBJECTO":"Chumash","BORDERPRECISION":1,"PARTOF":"Chumash"}},
{"type":"Feature","geometry":{"type":"Polygon","coordinates":[[[-92.03,30.61],[-92.04,30.61],[-92.05,30.6],[-92.05,30.55],[-92.08,30.46],[-92.06,30.42],[-92.06,30.41],[-92.02,30.42],[-92.03,30.61]]]},"properties":{"NAME":"Opelousas","ABBREVN":"Opelousas","SUBJECTO":"Opelousas","BORDERPRECISION":1,"PARTOF":"Opelousas"}},
{"type":"Feature","geometry":{"type":"MultiPolygon","coordinates":[[[[-83.45,41.75],[-83.43,41.79],[-84.11,41.95],[-84.54,41.96],[-85.22,41.97],[-85.37,41.97],[-86.62,41.93],[-86.67,41.87],[-86.36,41.7],[-85.89,41.68],[-85.5,41.67],[-85.16,41.66],[-85.1,41.67],[-83.77,41.86],[-83.45,41.75]]],[[[-84.69,39.87],[-84.62,39.88],[-84.02,39.94],[-82.77,39.37],[-82.68,39.4],[-82.35,39.5],[-82.19,39.73],[-82.16,39.77],[-81.94,40.13],[-81.92,40.15],[-81.84,40.26],[-81.35,40.95],[-81.28,41.05],[-80.55,41.15],[-80.47,41.14],[-80.46,41.26],[-80.45,41.51],[-80.44,41.61],[-80.45,41.63],[-80.46,41.77],[-80.46,41.89],[-80.57,41.97],[-81.04,41.84],[-81.63,41.56],[-82.73,41.45],[-82.91,41.53],[-83.24,41.66],[-83.2,41.42],[-83.74,40.86],[-83.75,40.84],[-84.66,39.91],[-84.69,39.87]]],[[[-85.11,39.49],[-85.08,39.5],[-85.07,39.52],[-85.11,39.49]]],[[[-86.02,38.75],[-86.03,38.75],[-86.02,38.75],[-86,38.75],[-85.43,38.96],[-85.46,39.2],[-86.02,38.75]]]]},"properties":{"NAME":"Kaskaskia","ABBREVN":"Kaskaskia","SUBJECTO":"Kaskaskia","BORDERPRECISION":1,"PARTOF":"Kaskaskia"}},
{"type":"Feature","geometry":{"type":"Polygon","coordinates":[[[-75.64,-10.12],[-75.17,-10.42],[-75.05,-10.54],[-75.04,-10.44],[-75.05,-10.24],[-75.18,-10.01],[-75.05,-9.21],[-75,-9.06],[-74.88,-8.89],[-74.89,-8.89],[-75.54,-9.71],[-75.67,-9.82],[-75.65,-9.95],[-75.63,-10.08],[-75.64,-10.12]]]},"properties":{"NAME":"Yanesha","ABBREVN":"Yanesha","SUBJECTO":"Yanesha","BORDERPRECISION":1,"PARTOF":"Yanesha"}},
{"type":"Feature","geometry":{"type":"Polygon","coordinates":[[[-76.75,37.83],[-76.76,37.83],[-76.82,37.84],[-76.94,37.83],[-76.98,37.81],[-77.02,37.79],[-77.03,37.77],[-77.04,37.76],[-77.02,37.72],[-76.79,37.56],[-76.61,37.58],[-76.57,37.71],[-76.61,37.75],[-76.65,37.77],[-76.73,37.82],[-76.75,37.83]]]},"properties":{"NAME":"Opiscopank","ABBREVN":"Opiscopank","SUBJECTO":"Opiscopank","BORDERPRECISION":1,"PARTOF":"Opiscopank"}},
{"type":"Feature","geometry":{"type":"Polygon","coordinates":[[[-121.3,47.97],[-121.29,47.97],[-121.28,47.98],[-121.28,48],[-121.28,48.01],[-121.28,48.04],[-121.3,48.06],[-121.3,48.03],[-121.3,48],[-121.3,47.97]]]},"properties":{"NAME":"Stillaguamish","ABBREVN":"Stillaguamish","SUBJECTO":"Stillaguamish","BORDERPRECISION":1,"PARTOF":"Stillaguamish"}},
{"type":"Feature","geometry":{"type":"MultiPolygon","coordinates":[[[[-65.29,-27.65],[-65.13,-27.87],[-65.12,-27.89],[-64.75,-28.07],[-63.74,-28.07],[-63.63,-28.02],[-63.24,-27.84],[-63.08,-27.5],[-62.97,-27.14],[-62.94,-26.99],[-62.89,-26.71],[-63.06,-26.2],[-63.33,-25.79],[-63.47,-25.57],[-63.77,-25.58],[-64.2,-25.6],[-64.31,-25.63],[-64.52,-25.69],[-64.56,-26.06],[-64.34,-26.59],[-64.32,-26.68],[-64.25,-26.95],[-64.16,-27.23],[-64.5,-27.89],[-64.95,-27.85],[-65.12,-27.79],[-65.19,-27.76],[-65.29,-27.65]]],[[[-64.46,-24.83],[-64.47,-24.94],[-64.38,-24.86],[-64.37,-24.83],[-64.44,-24.8],[-64.46,-24.83]]]]},"properties":{"NAME":"Lule","ABBREVN":"Lule","SUBJECTO":"Lule","BORDERPRECISION":1,"PARTOF":"Lule"}},
{"type":"Feature","geometry":{"type":"MultiPolygon","coordinates":[[[[-57.96,-17.8],[-57.96,-17.81],[-57.96,-17.83],[-57.94,-17.85],[-57.96,-17.8]]],[[[-62.28,-13.82],[-62.53,-13.91],[-62.62,-13.95],[-62.74,-14.05],[-62.8,-14.4],[-62.8,-14.42],[-62.55,-14.36],[-62.33,-14.31],[-61.79,-14.27],[-61.71,-14.26],[-61.02,-14.33],[-60.66,-14.47],[-60.24,-14.63],[-59.6,-15.33],[-59.28,-15.91],[-58.82,-17.07],[-58.8,-17.07],[-58.5,-17.21],[-58.37,-17.3],[-58.22,-17.42],[-58.16,-17.47],[-58.14,-17.49],[-58.11,-17.5],[-58.12,-17.47],[-58.17,-17.35],[-58.22,-17.24],[-58.23,-17.23],[-58.24,-17.19],[-58.3,-17.05],[-58.37,-16.7],[-58.35,-16.64],[-58.34,-16.39],[-59.21,-14.88],[-59.4,-14.71],[-60.4,-13.93],[-60.45,-13.9],[-60.65,-13.7],[-60.73,-13.66],[-60.9,-13.59],[-61.15,-13.5],[-61.51,-13.52],[-61.8,-13.65],[-61.85,-13.67],[-62.28,-13.82]]]]},"properties":{"NAME":"Chiquitano","ABBREVN":"Chiquitano","SUBJECTO":"Chiquitano","BORDERPRECISION":1,"PARTOF":"Chiquitano"}},
{"type":"Feature","geometry":{"type":"Polygon","coordinates":[[[-114.69,35.86],[-114.66,35.87],[-114.67,35.88],[-114.68,35.89],[-114.69,35.88],[-114.69,35.86]]]},"properties":{"NAME":"Pipa Aha Macav (Mojave)","ABBREVN":"Pipa Aha Macav (Mojave)","SUBJECTO":"Pipa Aha Macav (Mojave)","BORDERPRECISION":1,"PARTOF":"Pipa Aha Macav (Mojave)"}},
{"type":"Feature","geometry":{"type":"Polygon","coordinates":[[[-124,50.44],[-123.98,50.47],[-123.99,50.47],[-124,50.47],[-124,50.48],[-124,50.49],[-124,50.5],[-123.99,50.5],[-123.99,50.51],[-123.97,50.52],[-123.99,50.56],[-123.97,50.58],[-123.96,50.6],[-123.93,50.62],[-123.9,50.63],[-123.89,50.64],[-123.88,50.65],[-123.84,50.68],[-123.85,50.69],[-123.92,50.67],[-123.99,50.64],[-124.04,50.59],[-124.13,50.56],[-124.14,50.55],[-124,50.44]]]},"properties":{"NAME":"Klahoose","ABBREVN":"Klahoose","SUBJECTO":"Klahoose","BORDERPRECISION":1,"PARTOF":"Klahoose"}},
{"type":"Feature","geometry":{"type":"MultiPolygon","coordinates":[[[[-97.28,31.28],[-97.41,31.14],[-97.58,30.95],[-97.57,30.68],[-97.55,30.66],[-97.36,30.62],[-96.95,30.57],[-96.75,30.55],[-96.63,30.53],[-96.51,30.77],[-96.2,31.34],[-96.2,31.35],[-96.2,31.77],[-96.59,31.59],[-97.28,31.28]]],[[[-105.07,32.63],[-105.06,32.63],[-105.67,34.26],[-105.56,34.55],[-105.57,34.56],[-105.61,34.67],[-105.65,34.71],[-105.7,34.53],[-105.76,34.32],[-105.84,34.19],[-105.76,34.21],[-105.67,34.25],[-105.07,32.63]]],[[[-104.68,29.29],[-104.67,29.27],[-104.62,29.25],[-104.68,29.29],[-104.7,29.31],[-104.68,29.29]]]]},"properties":{"NAME":"Jumanos","ABBREVN":"Jumanos","SUBJECTO":"Jumanos","BORDERPRECISION":1,"PARTOF":"Jumanos"}},
{"type":"Feature","geometry":{"type":"Polygon","coordinates":[[[-123.36,39.91],[-123.51,39.64],[-123.49,39.6],[-123.4,39.53],[-123.33,39.46],[-123.22,39.9],[-123.36,39.91]]]},"properties":{"NAME":"Northern Yuki","ABBREVN":"Northern Yuki","SUBJECTO":"Northern Yuki","BORDERPRECISION":1,"PARTOF":"Northern Yuki"}},
{"type":"Feature","geometry":{"type":"Polygon","coordinates":[[[-85.98,11.86],[-85.98,11.65],[-85.73,11.09],[-85.64,9.98],[-85.3,10.28],[-85.29,10.34],[-85.29,10.4],[-85.12,10.52],[-85.03,10.59],[-84.99,10.63],[-84.81,10.82],[-84.78,10.9],[-84.77,10.95],[-84.76,11.11],[-84.75,11.14],[-84.82,11.27],[-84.9,11.45],[-85.25,12.62],[-85.26,12.7],[-85.31,12.89],[-85.45,13.12],[-85.66,13.28],[-85.79,13.4],[-85.9,13.49],[-87.12,13.55],[-87.21,13.56],[-87.36,13.58],[-87.39,13.64],[-87.43,13.61],[-87.55,13.65],[-87.74,13.7],[-87.85,13.44],[-87.77,13.5],[-87.4,13.03],[-87.42,12.72],[-86.79,12.68],[-85.98,11.86]]]},"properties":{"NAME":"Chorotega","ABBREVN":"Chorotega","SUBJECTO":"Chorotega","BORDERPRECISION":1,"PARTOF":"Chorotega"}},
{"type":"Feature","geometry":{"type":"Polygon","coordinates":[[[-88.44,16.44],[-88.57,16.76],[-88.87,16.64],[-89.07,16.49],[-89.11,16.47],[-89.15,16.46],[-89.21,16.45],[-89.35,16.55],[-89.51,16.55],[-89.96,16.54],[-90.42,16.55],[-90.44,16.57],[-90.49,16.54],[-90.41,16.47],[-90.36,16.41],[-90.33,16.18],[-90.39,16.09],[-90.41,16.08],[-90.41,16.07],[-90.55,16.02],[-90.71,16.03],[-90.72,16.02],[-90.96,15.7],[-90.96,15.69],[-90.93,15.58],[-90.92,15.58],[-90.89,15.52],[-90.78,15.47],[-90.56,15.49],[-90.37,15.42],[-90.33,15.4],[-90.22,15.32],[-90.11,15.19],[-90.07,15.16],[-89.97,15.09],[-89.63,15.19],[-89.39,15.26],[-89.18,15.32],[-89.14,15.36],[-88.93,15.48],[-88.87,15.55],[-88.89,15.56],[-88.89,15.57],[-88.88,15.61],[-88.85,15.66],[-88.71,15.68],[-88.78,15.79],[-88.94,15.9],[-88.94,16.03],[-88.44,16.44]]]},"properties":{"NAME":"Q'eqchi'","ABBREVN":"Q'eqchi'","SUBJECTO":"Q'eqchi'","BORDERPRECISION":1,"PARTOF":"Q'eqchi'"}},
{"type":"Feature","geometry":{"type":"MultiPolygon","coordinates":[[[[-79.41,-4.61],[-79.4,-4.6],[-79.39,-4.6],[-79.39,-4.54],[-79.39,-4.52],[-79.5,-4.52],[-79.55,-4.51],[-79.41,-4.61]]],[[[-79.7,-4.45],[-79.74,-4.45],[-79.82,-4.43],[-79.96,-4.37],[-79.98,-4.33],[-79.98,-4.35],[-79.97,-4.39],[-79.95,-4.4],[-79.85,-4.43],[-79.71,-4.46],[-79.7,-4.45]]],[[[-79.35,-4.52],[-79.39,-4.52],[-79.39,-4.53],[-79.39,-4.6],[-79.37,-4.59],[-79.35,-4.54],[-79.35,-4.52]]]]},"properties":{"NAME":"Calvas","ABBREVN":"Calvas","SUBJECTO":"Calvas","BORDERPRECISION":1,"PARTOF":"Calvas"}},
{"type":"Feature","geometry":{"type":"Polygon","coordinates":[[[-79.52,32.97],[-79.35,33.11],[-79.52,33.21],[-79.52,32.97]]]},"properties":{"NAME":"Sewee","ABBREVN":"Sewee","SUBJECTO":"Sewee","BORDERPRECISION":1,"PARTOF":"Sewee"}},
{"type":"Feature","geometry":{"type":"Polygon","coordinates":[[[-76.15,-3.79],[-75.79,-5.12],[-75.8,-4.64],[-75.84,-4.55],[-75.85,-4.54],[-75.92,-4.37],[-75.94,-4.31],[-75.94,-4.26],[-75.95,-4.21],[-75.95,-4.18],[-75.97,-4.11],[-76.15,-3.79]]]},"properties":{"NAME":"Kandozi","ABBREVN":"Kandozi","SUBJECTO":"Kandozi","BORDERPRECISION":1,"PARTOF":"Kandozi"}},
{"type":"Feature","geometry":{"type":"Polygon","coordinates":[[[-109.66,33.04],[-109.6,33.15],[-109.98,33.16],[-110.06,33.16],[-110.04,33.11],[-109.9,32.63],[-109.66,33.04]]]},"properties":{"NAME":"Ndee/Nnēē: (Western Apache)","ABBREVN":"Ndee/Nnēē: (Western Apache)","SUBJECTO":"Ndee/Nnēē: (Western Apache)","BORDERPRECISION":1,"PARTOF":"Ndee/Nnēē: (Western Apache)"}},
{"type":"Feature","geometry":{"type":"Polygon","coordinates":[[[-126.54,51.85],[-126.55,51.86],[-126.76,51.9],[-126.91,51.9],[-127.49,51.77],[-127.53,51.77],[-127.46,51.77],[-127.35,51.64],[-127.62,51.39],[-127.39,51.45],[-127.25,51.55],[-127.18,51.54],[-127.18,51.53],[-127.15,51.54],[-127.07,51.56],[-126.96,51.53],[-126.93,51.5],[-126.86,51.48],[-126.54,51.85]]]},"properties":{"NAME":"Wuikinuxv (Oweekeno)","ABBREVN":"Wuikinuxv (Oweekeno)","SUBJECTO":"Wuikinuxv (Oweekeno)","BORDERPRECISION":1,"PARTOF":"Wuikinuxv (Oweekeno)"}},
{"type":"Feature","geometry":{"type":"Polygon","coordinates":[[[-64.85,-12],[-64.89,-11.99],[-65.02,-11.93],[-65.06,-11.94],[-64.67,-12.12],[-64.65,-12.11],[-64.74,-12.01],[-64.78,-12.02],[-64.85,-12]]]},"properties":{"NAME":"Moregena","ABBREVN":"Moregena","SUBJECTO":"Moregena","BORDERPRECISION":1,"PARTOF":"Moregena"}},
{"type":"Feature","geometry":{"type":"MultiPolygon","coordinates":[]},"properties":{"NAME":"Oro Win/Oro Towati’","ABBREVN":"Oro Win/Oro Towati’","SUBJECTO":"Oro Win/Oro Towati’","BORDERPRECISION":1,"PARTOF":"Oro Win/Oro Towati’"}},
{"type":"Feature","geometry":{"type":"MultiPolygon","coordinates":[[[[-148.73,60.73],[-148.83,60.56],[-148.97,60.46],[-148.99,60.45],[-149.52,60.07],[-150.5,59.62],[-149.33,60.03],[-148.49,59.9],[-148.73,60.73]]],[[[-154.3,59.12],[-154.27,59.05],[-154.37,59.08],[-154.6,58.81],[-155.28,58.51],[-155.58,58.43],[-156.16,58.32],[-156.76,58.26],[-160.61,56.04],[-160.17,55.81],[-156.5,57.1],[-154.65,58.08],[-153.45,58.88],[-154.3,59.12]]]]},"properties":{"NAME":"Alutiiq (Sugpiaq)","ABBREVN":"Alutiiq (Sugpiaq)","SUBJECTO":"Alutiiq (Sugpiaq)","BORDERPRECISION":1,"PARTOF":"Alutiiq (Sugpiaq)"}},
{"type":"Feature","geometry":{"type":"MultiPolygon","coordinates":[[[[-114.84,50.06],[-114.83,49.98],[-114.76,49.52],[-114.59,49.37],[-114.42,49.22],[-114.23,49.05],[-113.56,48.49],[-113.34,47.74],[-113.21,47.59],[-112.92,47.25],[-112.86,46.89],[-112.68,46.74],[-112.54,46.62],[-111.84,46.1],[-111.4,45.94],[-111.31,46.15],[-111.26,46.28],[-111.62,46.74],[-111.85,47.13],[-112.04,47.46],[-112.33,47.96],[-112.43,48.12],[-112.96,48.42],[-113.6,49],[-114.8,50.12],[-114.85,50.16],[-114.84,50.06]]],[[[-116.98,51.72],[-116.99,51.72],[-117.57,52.07],[-117.59,52.08],[-117.64,52.11],[-117.67,52.13],[-117.68,52.14],[-117.84,52.23],[-117.93,52.28],[-118.42,52.2],[-118.52,52.19],[-118.49,52.17],[-118.38,52.12],[-117.34,51.56],[-117.01,51.39],[-116.95,51.36],[-115.33,50.51],[-115.09,50.38],[-115.71,50.95],[-116.48,51.42],[-116.98,51.72]]]]},"properties":{"NAME":"Niitsítpiis-stahkoii ᖹᐟᒧᐧᐨᑯᐧ ᓴᐦᖾᐟ (Blackfoot / Niitsítapi ᖹᐟᒧᐧᒣᑯ)","ABBREVN":"Niitsítpiis-stahkoii ᖹᐟᒧᐧᐨᑯᐧ ᓴᐦᖾᐟ (Blackfoot / Niitsítapi ᖹᐟᒧᐧᒣᑯ)","SUBJECTO":"Niitsítpiis-stahkoii ᖹᐟᒧᐧᐨᑯᐧ ᓴᐦᖾᐟ (Blackfoot / Niitsítapi ᖹᐟᒧᐧᒣᑯ)","BORDERPRECISION":1,"PARTOF":"Niitsítpiis-stahkoii ᖹᐟᒧᐧᐨᑯᐧ ᓴᐦᖾᐟ (Blackfoot / Niitsítapi ᖹᐟᒧᐧᒣᑯ)"}},
{"type":"Feature","geometry":{"type":"Polygon","coordinates":[[[-75.87,39.49],[-75.79,39.38],[-75.7,39.29],[-75.58,39],[-75.45,38.84],[-75.21,38.87],[-75.62,39.67],[-75.55,39.67],[-73.95,40.45],[-74.53,40.47],[-75.6,41.18],[-75.65,41.28],[-75.6,41.33],[-75.59,41.39],[-75.65,41.32],[-75.83,41.15],[-76.1,40.94],[-76.04,40.51],[-76,40.32],[-75.99,40.02],[-75.98,39.78],[-75.97,39.71],[-75.94,39.66],[-75.91,39.58],[-75.9,39.55],[-75.87,39.49]]]},"properties":{"NAME":"Lənape Haki-nk (Lenni-Lenape)","ABBREVN":"Lənape Haki-nk (Lenni-Lenape)","SUBJECTO":"Lənape Haki-nk (Lenni-Lenape)","BORDERPRECISION":1,"PARTOF":"Lənape Haki-nk (Lenni-Lenape)"}},
{"type":"Feature","geometry":{"type":"Polygon","coordinates":[[[-63.2,-11.76],[-63.24,-11.73],[-63.59,-11.85],[-63.59,-11.87],[-63.89,-12.22],[-63.83,-12.27],[-63.82,-12.28],[-63.75,-12.3],[-63.2,-11.76]]]},"properties":{"NAME":"Puruborá","ABBREVN":"Puruborá","SUBJECTO":"Puruborá","BORDERPRECISION":1,"PARTOF":"Puruborá"}},
{"type":"Feature","geometry":{"type":"Polygon","coordinates":[[[-118.62,47.54],[-118.64,47.53],[-118.65,47.52],[-118.69,47.5],[-118.73,47.47],[-118.77,47.35],[-118.77,47.2],[-118.77,47.06],[-118.77,47.03],[-118.76,47.02],[-118.75,47.02],[-118.35,47.03],[-117.89,47],[-117.8,46.92],[-118.07,46.77],[-118.11,46.72],[-118.13,46.6],[-118.12,46.6],[-117.75,46.73],[-117.41,46.73],[-117.27,46.89],[-117.38,46.88],[-117.51,47],[-117.52,47.16],[-117.54,47.2],[-117.92,47.27],[-118,47.35],[-118.1,47.43],[-118.28,47.64],[-118.28,47.66],[-118.3,47.64],[-118.36,47.59],[-118.56,47.54],[-118.61,47.54],[-118.62,47.54]]]},"properties":{"NAME":"Spokane","ABBREVN":"Spokane","SUBJECTO":"Spokane","BORDERPRECISION":1,"PARTOF":"Spokane"}},
{"type":"Feature","geometry":{"type":"Polygon","coordinates":[[[-80.01,33.61],[-80.79,33.36],[-79.55,33.23],[-79.5,33.24],[-79.53,33.45],[-79.67,33.43],[-80.01,33.61]]]},"properties":{"NAME":"Santee","ABBREVN":"Santee","SUBJECTO":"Santee","BORDERPRECISION":1,"PARTOF":"Santee"}},
{"type":"Feature","geometry":{"type":"MultiPolygon","coordinates":[[[[-52.38,-6],[-52.38,-5.99],[-52.39,-5.98],[-52.44,-5.8],[-52.51,-5.56],[-52.55,-5.45],[-52.56,-5.44],[-52.62,-5.3],[-52.68,-5.16],[-52.66,-4.88],[-52.58,-4.67],[-52.51,-4.48],[-52.5,-4.45],[-52.43,-4.29],[-52.43,-4.27],[-52.36,-4.02],[-52.27,-3.85],[-51.68,-3.74],[-51.67,-3.72],[-51.65,-3.7],[-51.62,-3.65],[-51.61,-3.61],[-51.62,-3.57],[-51.63,-3.54],[-51.97,-3.22],[-52.45,-3.47],[-52.75,-4.01],[-53.07,-5.14],[-52.48,-6.66],[-52.52,-6.93],[-52.48,-6.66],[-52.38,-6]]],[[[-52.97,-9.9],[-52.98,-9.9],[-53.01,-9.9],[-53.16,-10.66],[-53.1,-10.67],[-53.08,-10.68],[-52.97,-9.9]]],[[[-53.87,-11.13],[-53.84,-11.06],[-53.89,-11.06],[-53.87,-11.13]]],[[[-53.89,-11.04],[-53.83,-11.04],[-53.72,-10.98],[-53.59,-10.95],[-53.57,-10.62],[-53.7,-10.64],[-53.89,-11.01],[-53.89,-11.04]]]]},"properties":{"NAME":"Yudjá","ABBREVN":"Yudjá","SUBJECTO":"Yudjá","BORDERPRECISION":1,"PARTOF":"Yudjá"}},
{"type":"Feature","geometry":{"type":"MultiPolygon","coordinates":[[[[-72.23,-0.39],[-72.23,-0.4],[-72.18,-0.42],[-72.23,-0.39]]],[[[-72.17,-0.43],[-72.24,-0.4],[-72.25,-0.41],[-72.25,-0.42],[-72.24,-0.42],[-72.16,-0.44],[-72.17,-0.43]]]]},"properties":{"NAME":"pʌʌsíʌhʌ (Andoque/Paasiaja)","ABBREVN":"pʌʌsíʌhʌ (Andoque/Paasiaja)","SUBJECTO":"pʌʌsíʌhʌ (Andoque/Paasiaja)","BORDERPRECISION":1,"PARTOF":"pʌʌsíʌhʌ (Andoque/Paasiaja)"}},
{"type":"Feature","geometry":{"type":"Polygon","coordinates":[[[-73.39,41.14],[-73.38,41.14],[-73.41,41.19],[-73.42,41.21],[-73.45,41.29],[-73.49,41.41],[-73.49,41.61],[-73.49,41.62],[-73.49,41.64],[-73.48,41.71],[-73.47,41.82],[-73.51,42.1],[-73.95,42.15],[-73.97,42.15],[-74,42.12],[-74.04,42.09],[-75.1,41.8],[-75.39,41.73],[-75.62,41.64],[-75.63,41.64],[-75.63,41.56],[-75.59,41.39],[-75.6,41.33],[-75.65,41.28],[-75.6,41.18],[-74.53,40.47],[-73.95,40.45],[-74.19,40.49],[-73.89,41.17],[-73.87,41.14],[-73.93,40.86],[-73.39,41.14]]]},"properties":{"NAME":"Munsee Lenape","ABBREVN":"Munsee Lenape","SUBJECTO":"Munsee Lenape","BORDERPRECISION":1,"PARTOF":"Munsee Lenape"}},
{"type":"Feature","geometry":{"type":"Polygon","coordinates":[[[-120.48,37.55],[-120.52,37.63],[-120.54,37.63],[-120.58,37.68],[-121,37.94],[-121.07,37.96],[-121.14,37.97],[-121.22,37.98],[-121.25,37.99],[-121.33,38],[-121.38,37.99],[-121.5,37.98],[-121.54,37.98],[-121.57,37.97],[-121.61,37.96],[-122.06,37.95],[-122.13,37.9],[-122.15,37.88],[-122.16,37.87],[-121.96,37.83],[-121.85,37.8],[-121.75,37.77],[-121.74,37.76],[-121.65,37.67],[-121.6,37.62],[-121.53,37.55],[-121.48,37.47],[-121.46,37.44],[-121.44,37.41],[-121.39,37.3],[-121.38,37.24],[-121.35,37.18],[-121.35,37.17],[-121.33,37.15],[-121.31,37.13],[-121.24,37.08],[-121.21,37.04],[-121.18,37.01],[-121.08,36.91],[-120.95,36.76],[-120.6,36.51],[-120.59,36.49],[-120.54,36.43],[-120.31,35.93],[-120.21,35.69],[-120.21,35.68],[-120.21,35.67],[-120.17,35.62],[-120.1,35.54],[-120.05,35.48],[-119.99,35.42],[-119.88,35.31],[-119.78,35.17],[-119.44,34.94],[-119.3,34.86],[-119.16,34.84],[-119.14,34.84],[-118.94,34.81],[-118.82,34.83],[-118.81,34.83],[-118.75,34.84],[-118.71,34.85],[-118.7,34.86],[-118.68,34.88],[-118.67,34.9],[-118.64,34.93],[-118.64,34.96],[-118.61,35.05],[-118.59,35.16],[-118.59,35.2],[-118.58,35.23],[-118.57,35.3],[-118.56,35.36],[-118.52,35.46],[-118.52,35.55],[-118.39,35.59],[-118.5,35.61],[-118.58,35.84],[-118.59,35.83],[-118.66,35.87],[-118.67,36.41],[-118.87,36.46],[-118.94,36.5],[-118.94,36.54],[-118.97,36.58],[-118.99,36.62],[-119.03,36.8],[-119.37,36.95],[-119.54,37.06],[-119.56,37.1],[-119.58,37.12],[-119.59,37.21],[-119.61,37.31],[-119.62,37.32],[-119.65,37.47],[-119.7,37.53],[-119.7,37.54],[-119.71,37.53],[-119.79,37.49],[-119.86,37.46],[-119.89,37.45],[-120.01,37.38],[-120.04,37.33],[-120.07,37.27],[-120.08,37.28],[-120.14,37.29],[-120.22,37.37],[-120.27,37.41],[-120.32,37.45],[-120.48,37.55]]]},"properties":{"NAME":"Yokuts","ABBREVN":"Yokuts","SUBJECTO":"Yokuts","BORDERPRECISION":1,"PARTOF":"Yokuts"}},
{"type":"Feature","geometry":{"type":"Polygon","coordinates":[[[-71.82,-0.81],[-71.36,-1.61],[-71.22,-1.46],[-71.82,-0.81]]]},"properties":{"NAME":"Féénemɨnaa","ABBREVN":"Féénemɨnaa","SUBJECTO":"Féénemɨnaa","BORDERPRECISION":1,"PARTOF":"Féénemɨnaa"}},
{"type":"Feature","geometry":{"type":"MultiPolygon","coordinates":[[[[-68.2,4.63],[-68.2,4.59],[-68.2,4.57],[-68.03,4.62],[-67.39,4.53],[-67.27,4.47],[-67.21,4.44],[-67.23,4.59],[-67.31,5.19],[-67.28,5.45],[-67.27,5.54],[-67.26,5.92],[-67.29,6.18],[-67.38,6.01],[-67.58,5.72],[-67.61,5.64],[-67.64,5.59],[-67.9,5.46],[-68.09,5.29],[-68.21,4.94],[-68.2,4.63]]],[[[-70.93,2.83],[-71.02,2.85],[-71.04,2.85],[-71.03,2.53],[-70.99,2.48],[-70.96,2.7],[-70.95,2.8],[-70.93,2.83]]]]},"properties":{"NAME":"Puinave","ABBREVN":"Puinave","SUBJECTO":"Puinave","BORDERPRECISION":1,"PARTOF":"Puinave"}},
{"type":"Feature","geometry":{"type":"Polygon","coordinates":[[[-76.33,36.94],[-75.97,36.94],[-76.29,36.99],[-76.31,36.98],[-76.33,36.94]]]},"properties":{"NAME":"Chesapeake","ABBREVN":"Chesapeake","SUBJECTO":"Chesapeake","BORDERPRECISION":1,"PARTOF":"Chesapeake"}},
{"type":"Feature","geometry":{"type":"Polygon","coordinates":[[[-39.7,-15.58],[-39.6,-15.22],[-39.78,-15.15],[-39.7,-15.58]]]},"properties":{"NAME":"Pataxó Hã-Hã-Hãe","ABBREVN":"Pataxó Hã-Hã-Hãe","SUBJECTO":"Pataxó Hã-Hã-Hãe","BORDERPRECISION":1,"PARTOF":"Pataxó Hã-Hã-Hãe"}},
{"type":"Feature","geometry":{"type":"Polygon","coordinates":[[[-91.03,15.76],[-90.93,15.49],[-90.93,15.58],[-90.96,15.69],[-91.03,15.76]]]},"properties":{"NAME":"Ixil","ABBREVN":"Ixil","SUBJECTO":"Ixil","BORDERPRECISION":1,"PARTOF":"Ixil"}},
{"type":"Feature","geometry":{"type":"Polygon","coordinates":[[[-159.86,63.88],[-164.29,63.25],[-165.9,61.27],[-162,58.83],[-157.37,58.21],[-155.85,58.38],[-155.58,58.43],[-155.28,58.51],[-155.14,58.58],[-154.46,59.1],[-154.45,59.11],[-154.95,59.25],[-155.33,59.66],[-155.33,59.79],[-155.33,59.83],[-155.52,60.05],[-155.74,60.19],[-155.91,60.45],[-155.94,60.56],[-156.04,60.67],[-156.08,60.74],[-156.81,61.8],[-156.84,61.83],[-157.65,61.92],[-158.47,62.11],[-159.74,62.18],[-160.45,62.19],[-160.95,62.23],[-161.35,62.51],[-161.12,63.01],[-160.62,63.37],[-160.57,63.41],[-160.49,63.44],[-160.33,63.52],[-160.22,63.58],[-160.19,63.57],[-160.03,63.66],[-160.01,63.69],[-159.86,63.88]]]},"properties":{"NAME":"Yup’ik/Cup’ik","ABBREVN":"Yup’ik/Cup’ik","SUBJECTO":"Yup’ik/Cup’ik","BORDERPRECISION":1,"PARTOF":"Yup’ik/Cup’ik"}},
{"type":"Feature","geometry":{"type":"Polygon","coordinates":[[[-62.17,-8.18],[-62.12,-7.51],[-62.2,-7.51],[-62.21,-7.51],[-62.23,-7.52],[-62.23,-7.53],[-62.22,-7.67],[-62.18,-7.71],[-62.22,-7.86],[-62.28,-7.83],[-62.29,-7.82],[-62.3,-7.88],[-62.3,-8.06],[-62.27,-8.14],[-62.25,-8.16],[-62.17,-8.18]]]},"properties":{"NAME":"Kawahib (Jiahui)","ABBREVN":"Kawahib (Jiahui)","SUBJECTO":"Kawahib (Jiahui)","BORDERPRECISION":1,"PARTOF":"Kawahib (Jiahui)"}},
{"type":"Feature","geometry":{"type":"Polygon","coordinates":[[[-68.4,-13.41],[-68.76,-13.47],[-68.53,-14.09],[-68.4,-13.41]]]},"properties":{"NAME":"Toromona","ABBREVN":"Toromona","SUBJECTO":"Toromona","BORDERPRECISION":1,"PARTOF":"Toromona"}},
{"type":"Feature","geometry":{"type":"Polygon","coordinates":[[[-124.73,48.95],[-124.65,48.65],[-124.65,48.69],[-124.63,48.72],[-124.63,48.75],[-124.61,48.74],[-124.62,48.74],[-124.6,48.71],[-124.43,48.78],[-124.41,48.8],[-124.42,48.82],[-124.48,48.83],[-124.51,48.85],[-124.55,48.88],[-124.57,48.89],[-124.61,48.89],[-124.61,48.93],[-124.6,48.95],[-124.61,48.96],[-124.6,48.96],[-124.59,48.96],[-124.58,48.96],[-124.53,48.97],[-124.51,48.98],[-124.51,49],[-124.52,49],[-124.54,48.99],[-124.55,48.97],[-124.56,49.02],[-124.55,49.03],[-124.55,49.09],[-124.56,49.1],[-124.64,49],[-124.66,48.99],[-124.67,48.99],[-124.7,48.99],[-124.73,48.97],[-124.71,48.98],[-124.73,48.95]]]},"properties":{"NAME":"ditidaqiic̓aq disib̓aʔk (Ditidaht)","ABBREVN":"ditidaqiic̓aq disib̓aʔk (Ditidaht)","SUBJECTO":"ditidaqiic̓aq disib̓aʔk (Ditidaht)","BORDERPRECISION":1,"PARTOF":"ditidaqiic̓aq disib̓aʔk (Ditidaht)"}},
{"type":"Feature","geometry":{"type":"MultiPolygon","coordinates":[[[[-110.21,70.14],[-104.19,68.9],[-101.06,70.03],[-103.86,70.7],[-105.31,72.65],[-109.83,72.95],[-110.08,72.56],[-110.21,72.4],[-110.21,70.79],[-110.21,70.32],[-110.21,70.14]]],[[[-70.92,82.93],[-90.5,82.01],[-85.81,78.91],[-87.27,76.5],[-78.21,76.55],[-78.37,78.03],[-71.45,79.85],[-62.43,82.63],[-70.92,82.93]]],[[[-73.99,66.27],[-71.32,63.06],[-66.5,63.08],[-64.47,63.74],[-67.61,65.91],[-62.84,65.61],[-61.21,66.64],[-68.67,68.72],[-71.25,71.35],[-81.53,73.69],[-88.1,73.64],[-90,71.54],[-87.95,70.38],[-82.27,69.86],[-78.71,70.01],[-73.18,68.3],[-73.99,66.27]]],[[[-109.58,75.01],[-109.78,76.28],[-109.86,74.96],[-109.58,75.01]]],[[[-121.13,68.22],[-121.13,68.18],[-121.11,68.07],[-120.66,67.75],[-120.29,67.49],[-120.25,67.46],[-119.88,67.2],[-117.49,66.67],[-117.41,66.66],[-117.38,66.66],[-116.85,66.64],[-116.5,66.62],[-115.46,66.42],[-114.27,66.19],[-112.07,65.78],[-110.81,65.48],[-109.63,65.12],[-109.42,65.05],[-106.37,64.95],[-104.7,64.77],[-102.22,64.41],[-101.99,64.37],[-101.21,64.23],[-99.85,62.96],[-94.48,60.49],[-93.42,61.86],[-87.44,64.57],[-85.99,66.16],[-83.14,66.37],[-81.29,67.5],[-84.31,69.83],[-86.49,67.38],[-89.74,68.53],[-93.27,71.56],[-96.7,70.84],[-92.96,69.08],[-96.21,68.07],[-101.91,67.71],[-105.64,68.35],[-112.5,67.69],[-115.29,68.89],[-120.85,69.57],[-121.29,69.47],[-121.13,68.22]]],[[[-78.84,53.28],[-76.99,53.12],[-75.06,54.37],[-74.77,54.75],[-74.53,55.08],[-74,55.68],[-72.6,55.97],[-72.21,55.97],[-72.06,55.97],[-71.02,55.97],[-70.22,55.64],[-69.61,55.38],[-69.59,55.37],[-68.8,55.07],[-68.55,54.98],[-67.09,54.72],[-66.87,54.68],[-65.87,54.5],[-63.98,54.16],[-61.35,53.54],[-60.12,53.52],[-59.99,53.8],[-58.17,54.28],[-60.05,55.12],[-60.57,55.07],[-60.47,55.25],[-60.37,55.42],[-60.36,55.51],[-60.46,55.65],[-60.47,55.66],[-60.57,55.71],[-60.87,55.85],[-62.29,56.69],[-63.48,59.16],[-64.1,59.74],[-64.37,60.01],[-64.67,60.18],[-65.86,58.8],[-69.21,58.75],[-70.03,60.88],[-73.39,62.35],[-77.36,62.52],[-78.34,58.55],[-76.77,57.66],[-76.76,56.03],[-78.59,54.92],[-78.84,53.28]]],[[[-59.72,53.43],[-57.3,53.12],[-56.99,53.24],[-56.24,53.52],[-56.35,53.57],[-56.65,53.66],[-56.85,53.58],[-57.07,53.5],[-57.13,53.48],[-57.29,53.67],[-57.11,53.87],[-57.56,54.13],[-57.71,54.12],[-58.08,54.08],[-58.64,53.87],[-59.72,53.43]]],[[[-97.35,73.89],[-101.65,72.37],[-96.85,71.88],[-97.35,73.89]]],[[[-81.63,63.97],[-85.56,65.86],[-86.24,64.54],[-81.63,63.97]]]]},"properties":{"NAME":"Inuit","ABBREVN":"Inuit","SUBJECTO":"Inuit","BORDERPRECISION":1,"PARTOF":"Inuit"}},
{"type":"Feature","geometry":{"type":"Polygon","coordinates":[[[-123.98,50.47],[-123.96,50.48],[-123.94,50.44],[-123.95,50.43],[-123.96,50.42],[-123.94,50.41],[-123.94,50.4],[-123.9,50.4],[-123.86,50.4],[-123.85,50.38],[-123.83,50.39],[-123.82,50.39],[-123.82,50.38],[-123.8,50.37],[-123.78,50.37],[-123.72,50.38],[-123.71,50.36],[-123.69,50.32],[-123.65,50.29],[-123.52,50.25],[-123.45,50.16],[-123.28,50.12],[-123.28,50.11],[-123.26,50.1],[-122.96,50.02],[-122.78,49.96],[-122.76,49.95],[-122.75,49.95],[-122.69,49.9],[-122.6,49.85],[-122.58,49.83],[-122.51,49.77],[-122.19,49.52],[-122.14,49.49],[-122.12,49.48],[-122.11,49.49],[-122.07,49.48],[-122.05,49.48],[-121.96,49.48],[-121.87,49.54],[-121.84,49.55],[-121.85,49.57],[-122.01,49.72],[-122.11,49.75],[-122.21,49.83],[-122.22,49.85],[-122.31,49.92],[-122.35,50.11],[-122.32,50.18],[-122.31,50.22],[-122.3,50.25],[-122.26,50.33],[-122.14,50.42],[-122.11,50.45],[-122.04,50.52],[-121.95,50.59],[-121.91,50.61],[-122.24,50.61],[-122.79,50.66],[-122.95,50.68],[-123,50.68],[-123.22,50.69],[-123.36,50.69],[-123.58,50.71],[-123.73,50.69],[-123.71,50.73],[-123.75,50.79],[-123.76,50.8],[-123.75,50.8],[-123.68,50.83],[-123.71,50.87],[-123.83,50.9],[-123.89,50.92],[-123.93,50.89],[-123.94,50.89],[-124,50.85],[-124.02,50.82],[-124,50.8],[-123.94,50.75],[-123.85,50.69],[-123.84,50.68],[-123.88,50.65],[-123.89,50.64],[-123.9,50.62],[-123.94,50.62],[-123.97,50.58],[-123.99,50.56],[-123.97,50.52],[-123.99,50.51],[-123.99,50.5],[-124,50.49],[-124,50.48],[-124,50.47],[-123.99,50.47],[-123.98,50.47]]]},"properties":{"NAME":"St̓át̓imc Tmicw (St'at'imc)","ABBREVN":"St̓át̓imc Tmicw (St'at'imc)","SUBJECTO":"St̓át̓imc Tmicw (St'at'imc)","BORDERPRECISION":1,"PARTOF":"St̓át̓imc Tmicw (St'at'imc)"}},
{"type":"Feature","geometry":{"type":"Polygon","coordinates":[[[-96.2,31.77],[-96.2,31.35],[-96.2,31.34],[-96.51,30.77],[-96.63,30.53],[-96.47,30.5],[-96.08,30.47],[-95.95,30.45],[-95.71,30.39],[-95.7,30.39],[-95.66,30.38],[-95.6,30.36],[-95.58,30.38],[-95.53,30.43],[-95.51,30.45],[-95.21,30.68],[-94.95,31.06],[-94.93,31.12],[-94.92,31.18],[-94.91,31.23],[-94.92,31.3],[-95.29,31.36],[-95.68,31.96],[-95.69,31.98],[-95.96,31.88],[-96.2,31.77]]]},"properties":{"NAME":"Tonkawa","ABBREVN":"Tonkawa","SUBJECTO":"Tonkawa","BORDERPRECISION":1,"PARTOF":"Tonkawa"}},
{"type":"Feature","geometry":{"type":"MultiPolygon","coordinates":[[[[-125.56,51.9],[-125.54,51.89],[-125.46,51.87],[-125.46,51.88],[-125.48,51.94],[-125.49,51.94],[-125.51,51.93],[-125.55,51.9],[-125.56,51.9]]],[[[-125.92,51.65],[-126.04,51.58],[-126,51.5],[-125.98,51.46],[-125.79,51.34],[-125.71,51.32],[-125.75,51.33],[-125.81,51.37],[-125.83,51.61],[-125.89,51.66],[-125.9,51.67],[-125.91,51.66],[-125.92,51.65]]]]},"properties":{"NAME":"Da’naxda’xw Awaetlatla","ABBREVN":"Da’naxda’xw Awaetlatla","SUBJECTO":"Da’naxda’xw Awaetlatla","BORDERPRECISION":1,"PARTOF":"Da’naxda’xw Awaetlatla"}},
{"type":"Feature","geometry":{"type":"MultiPolygon","coordinates":[[[[-121.62,36.6],[-121.64,36.6],[-121.72,36.6],[-121.85,36.5],[-121.93,36.34],[-121.78,36.52],[-121.65,36.54],[-121.53,36.49],[-121.41,36.48],[-121.62,36.6]]],[[[-122,36.58],[-121.92,36.68],[-121.99,36.68],[-122,36.67],[-122,36.58]]]]},"properties":{"NAME":"Rumsen","ABBREVN":"Rumsen","SUBJECTO":"Rumsen","BORDERPRECISION":1,"PARTOF":"Rumsen"}},
{"type":"Feature","geometry":{"type":"Polygon","coordinates":[[[-124.43,48.35],[-124.41,48.12],[-124.38,48.1],[-124.32,48.09],[-124.27,48.13],[-124.27,48.12],[-124.27,48.15],[-124.28,48.24],[-124.26,48.29],[-124.43,48.35]]]},"properties":{"NAME":"S'Klallam","ABBREVN":"S'Klallam","SUBJECTO":"S'Klallam","BORDERPRECISION":1,"PARTOF":"S'Klallam"}},
{"type":"Feature","geometry":{"type":"MultiPolygon","coordinates":[[[[-92.8,16.22],[-92.8,16.21],[-92.8,16.22],[-92.8,16.31],[-92.82,16.39],[-92.83,16.44],[-92.84,16.45],[-92.9,16.49],[-92.93,16.51],[-92.93,16.48],[-92.92,16.4],[-92.9,16.37],[-92.86,16.33],[-92.8,16.22]]],[[[-93.19,16.67],[-93.23,16.66],[-93.36,16.66],[-93.46,16.72],[-93.48,16.74],[-93.58,16.71],[-93.57,16.69],[-93.22,16.54],[-93.19,16.67]]],[[[-93.59,16.73],[-93.49,16.75],[-93.55,16.82],[-93.71,16.92],[-93.82,16.96],[-93.88,16.91],[-93.87,16.89],[-93.62,16.8],[-93.59,16.73]]]]},"properties":{"NAME":"Batsil Winik' Otik (Tzotzil)","ABBREVN":"Batsil Winik' Otik (Tzotzil)","SUBJECTO":"Batsil Winik' Otik (Tzotzil)","BORDERPRECISION":1,"PARTOF":"Batsil Winik' Otik (Tzotzil)"}},
{"type":"Feature","geometry":{"type":"Polygon","coordinates":[[[-74.4,0.53],[-75.25,0.82],[-75.25,0.77],[-75.17,0.73],[-74.82,0.4],[-74.81,0.43],[-74.72,0.5],[-74.5,0.52],[-74.41,0.48],[-74.4,0.48],[-74.4,0.53]]]},"properties":{"NAME":"kòréβahώ (korebaju/Koreguaje)","ABBREVN":"kòréβahώ (korebaju/Koreguaje)","SUBJECTO":"kòréβahώ (korebaju/Koreguaje)","BORDERPRECISION":1,"PARTOF":"kòréβahώ (korebaju/Koreguaje)"}},
{"type":"Feature","geometry":{"type":"Polygon","coordinates":[[[-124.44,47.67],[-124.44,47.66],[-124.43,47.66],[-124.45,47.69],[-124.44,47.67]]]},"properties":{"NAME":"ChalAt’i’lo t’sikAti (Chalat’)","ABBREVN":"ChalAt’i’lo t’sikAti (Chalat’)","SUBJECTO":"ChalAt’i’lo t’sikAti (Chalat’)","BORDERPRECISION":1,"PARTOF":"ChalAt’i’lo t’sikAti (Chalat’)"}},
{"type":"Feature","geometry":{"type":"MultiPolygon","coordinates":[[[[-122.05,41.26],[-122.06,41.27],[-122.07,41.27],[-122.05,41.23],[-122.06,41.2],[-122.05,41.21],[-122.05,41.26]]],[[[-122.15,41.08],[-122.18,41.05],[-122.21,41.04],[-122.21,41.02],[-122.15,41.07],[-122.15,41.08]]],[[[-122.81,41.18],[-122.87,41.12],[-122.86,41.12],[-122.7,41.17],[-122.61,41.21],[-122.64,41.24],[-122.72,41.23],[-122.76,41.22],[-122.79,41.19],[-122.8,41.19],[-122.81,41.18]]],[[[-123.42,40.95],[-123.36,40.91],[-123.25,40.93],[-123.21,40.98],[-123.19,40.98],[-123.13,40.97],[-123.08,40.93],[-123.07,40.93],[-122.97,40.92],[-122.96,40.92],[-122.88,40.98],[-122.89,40.99],[-122.91,41.01],[-122.94,41.04],[-122.94,41.06],[-122.97,41.03],[-122.98,41.03],[-123.11,41.01],[-123.15,41.01],[-123.28,41.01],[-123.34,41.02],[-123.39,41.02],[-123.4,41.03],[-123.45,41.07],[-123.46,40.98],[-123.42,40.95]]]]},"properties":{"NAME":"Shasta","ABBREVN":"Shasta","SUBJECTO":"Shasta","BORDERPRECISION":1,"PARTOF":"Shasta"}},
{"type":"Feature","geometry":{"type":"Polygon","coordinates":[[[-65.58,-16.11],[-65.85,-16.13],[-66.1,-16.11],[-66.5,-15.26],[-66.42,-14.9],[-66.32,-14.72],[-66.07,-14.61],[-66.22,-14.63],[-66.32,-14.72],[-66.42,-14.89],[-66.5,-14.93],[-66.8,-15.47],[-66.76,-15.49],[-66.82,-15.61],[-66.77,-15.67],[-66.55,-15.96],[-66.4,-16.13],[-65.62,-16.14],[-65.58,-16.11]]]},"properties":{"NAME":"Yuracaré","ABBREVN":"Yuracaré","SUBJECTO":"Yuracaré","BORDERPRECISION":1,"PARTOF":"Yuracaré"}},
{"type":"Feature","geometry":{"type":"MultiPolygon","coordinates":[[[[-128.43,50.83],[-127.77,50.28],[-127.67,50.22],[-127.62,50.19],[-127.14,50.19],[-126.9,50.16],[-126.83,50.13],[-126.79,50.07],[-126.46,49.93],[-126.44,49.93],[-126.34,49.88],[-126.08,49.86],[-126.02,49.85],[-126.04,49.85],[-126.08,49.89],[-126.09,49.9],[-126.11,49.94],[-126.12,49.97],[-126.13,50.01],[-126.14,50.02],[-126.21,50.08],[-126.22,50.09],[-126.33,50.12],[-126.37,50.13],[-126.33,50.18],[-126.24,50.22],[-126.09,50.3],[-126.02,50.34],[-125.97,50.37],[-125.92,50.4],[-125.55,50.29],[-125.72,50.41],[-126.28,50.47],[-126.52,50.5],[-128.43,50.83]]],[[[-124.42,50.84],[-124.38,50.83],[-124.22,50.97],[-124.39,51.04],[-124.49,51.11],[-124.55,51.14],[-124.76,51.22],[-124.79,51.28],[-125.04,51.3],[-125.19,51.27],[-125.24,51.26],[-125.27,51.26],[-125.31,51.26],[-125.56,51.26],[-125.71,51.32],[-125.79,51.34],[-125.98,51.46],[-126,51.5],[-126.04,51.58],[-125.92,51.65],[-125.91,51.66],[-125.9,51.67],[-125.85,51.71],[-125.98,51.75],[-126.03,51.77],[-126.07,51.77],[-126.46,51.72],[-126.68,51.51],[-126.74,51.46],[-126.87,51.35],[-127.67,51.25],[-127.25,50.97],[-126.69,50.99],[-126.43,51.09],[-126.16,50.75],[-125.87,50.67],[-125.64,50.61],[-125.41,50.55],[-125.1,50.58],[-125.05,50.75],[-125.07,50.93],[-124.6,51.12],[-124.49,50.93],[-124.42,50.84]]],[[[-125.51,49.53],[-125.48,49.53],[-125.47,49.53],[-125.45,49.53],[-125.44,49.53],[-125.43,49.54],[-125.42,49.55],[-125.44,49.55],[-125.46,49.55],[-125.47,49.55],[-125.47,49.54],[-125.51,49.53]]]]},"properties":{"NAME":"Kwakwaka’wakw","ABBREVN":"Kwakwaka’wakw","SUBJECTO":"Kwakwaka’wakw","BORDERPRECISION":1,"PARTOF":"Kwakwaka’wakw"}},
{"type":"Feature","geometry":{"type":"Polygon","coordinates":[[[-75.5,37.91],[-75.78,37.84],[-75.87,37.71],[-75.9,37.64],[-75.92,37.57],[-75.75,37.52],[-75.65,37.55],[-75.48,37.9],[-75.5,37.91]]]},"properties":{"NAME":"Occohannock","ABBREVN":"Occohannock","SUBJECTO":"Occohannock","BORDERPRECISION":1,"PARTOF":"Occohannock"}},
{"type":"Feature","geometry":{"type":"Polygon","coordinates":[[[-122.95,39.22],[-122.98,39.22],[-122.92,39.16],[-122.87,39.12],[-122.85,39.14],[-122.82,39.15],[-122.78,39.15],[-122.75,39.13],[-122.74,39.13],[-122.75,39.14],[-122.99,39.33],[-122.95,39.22]]]},"properties":{"NAME":"Eastern Pomo","ABBREVN":"Eastern Pomo","SUBJECTO":"Eastern Pomo","BORDERPRECISION":1,"PARTOF":"Eastern Pomo"}},
{"type":"Feature","geometry":{"type":"Polygon","coordinates":[[[-118.67,47.54],[-118.64,47.53],[-118.62,47.54],[-118.67,47.54]]]},"properties":{"NAME":"San Poil","ABBREVN":"San Poil","SUBJECTO":"San Poil","BORDERPRECISION":1,"PARTOF":"San Poil"}},
{"type":"Feature","geometry":null,"properties":{"NAME":"Eno","ABBREVN":"Eno","SUBJECTO":"Eno","BORDERPRECISION":1,"PARTOF":"Eno"}},
{"type":"Feature","geometry":{"type":"Polygon","coordinates":[[[-122.49,38.16],[-122.46,38.1],[-122.44,38.1],[-122.44,38.11],[-122.42,38.14],[-122.41,38.14],[-122.4,38.14],[-122.4,38.15],[-122.36,38.16],[-122.37,38.2],[-122.39,38.23],[-122.4,38.27],[-122.46,38.37],[-122.47,38.37],[-122.49,38.39],[-122.51,38.44],[-122.63,38.56],[-122.62,38.66],[-122.71,38.72],[-122.76,38.81],[-122.79,38.83],[-122.8,38.83],[-122.81,38.84],[-122.83,38.85],[-122.84,38.85],[-122.85,38.85],[-122.88,38.85],[-122.9,38.85],[-122.91,38.84],[-123.06,38.83],[-123.21,38.8],[-123.35,38.79],[-123.44,38.78],[-123.48,38.78],[-123.5,38.77],[-123.51,38.77],[-123.53,38.77],[-123.46,38.7],[-123.22,38.53],[-123.13,38.4],[-123.05,38.3],[-122.76,37.96],[-122.49,38.16]]]},"properties":{"NAME":"Graton Rancheria","ABBREVN":"Graton Rancheria","SUBJECTO":"Graton Rancheria","BORDERPRECISION":1,"PARTOF":"Graton Rancheria"}},
{"type":"Feature","geometry":{"type":"Polygon","coordinates":[[[-73.68,-3.89],[-73.59,-3.72],[-73.62,-3.47],[-74.81,-2.28],[-74.81,-2.23],[-74.85,-2.21],[-74.86,-2.2],[-74.95,-2.12],[-75,-2.03],[-75.04,-2.02],[-75.08,-1.99],[-75.11,-1.95],[-75.13,-1.93],[-75.16,-1.91],[-75.2,-1.9],[-75.24,-1.88],[-75.29,-1.86],[-75.3,-1.86],[-75.84,-1.87],[-75.95,-2.02],[-76.05,-2.02],[-76.42,-1.63],[-76.39,-1.58],[-76.39,-1.57],[-76.4,-1.55],[-76.41,-1.56],[-76.42,-1.57],[-76.42,-1.56],[-76.43,-1.56],[-76.45,-1.56],[-76.46,-1.56],[-76.47,-1.56],[-76.51,-1.55],[-76.53,-1.53],[-76.54,-1.52],[-76.59,-1.49],[-76.6,-1.5],[-76.59,-1.51],[-76.59,-1.52],[-76.6,-1.51],[-76.83,-1.62],[-76.85,-1.62],[-76.96,-1.63],[-76.67,-1.86],[-76.65,-1.87],[-76.64,-1.88],[-76.63,-1.9],[-76.63,-1.91],[-76.63,-1.92],[-76.61,-1.93],[-76.6,-1.92],[-76.6,-1.93],[-76.58,-1.94],[-76.57,-1.95],[-76.56,-1.96],[-76.55,-1.96],[-76.52,-1.97],[-76.51,-1.98],[-76.5,-1.98],[-76.49,-1.98],[-76.49,-1.99],[-76.47,-2],[-76.47,-2.01],[-76.46,-2.01],[-76.45,-2],[-76.44,-2],[-76.43,-2.01],[-76.42,-2.01],[-76.42,-2.03],[-76.42,-2.02],[-76.41,-2.02],[-76.41,-2.03],[-76.4,-2.04],[-76.41,-2.04],[-76.39,-2.05],[-76.36,-2.05],[-76.36,-2.04],[-76.34,-2.05],[-76.33,-2.05],[-76.32,-2.05],[-76.32,-2.06],[-76.31,-2.06],[-76.31,-2.07],[-76.3,-2.07],[-76.29,-2.07],[-76.29,-2.08],[-76.29,-2.07],[-76.28,-2.07],[-76.27,-2.07],[-76.27,-2.08],[-76.26,-2.08],[-76.21,-2.11],[-76.2,-2.11],[-76.2,-2.12],[-76.19,-2.11],[-76.18,-2.11],[-76.17,-2.11],[-76.17,-2.12],[-76.17,-2.13],[-76.16,-2.13],[-76.14,-2.15],[-75.98,-2.12],[-75.92,-2.14],[-75.77,-2.19],[-75.74,-2.22],[-75.68,-2.28],[-75.66,-2.29],[-75.3,-2.67],[-75.07,-3.08],[-75.02,-3.15],[-74.99,-3.18],[-74.78,-3.43],[-74.74,-3.44],[-74.73,-3.44],[-74.6,-3.49],[-74.33,-3.69],[-74.33,-3.7],[-74.26,-3.8],[-74.27,-3.91],[-74.28,-3.91],[-74.17,-4],[-74.16,-4.01],[-74.16,-4.02],[-74.06,-4.03],[-74.03,-4.03],[-73.99,-4.04],[-73.83,-4.05],[-73.73,-3.99],[-73.7,-3.93],[-73.68,-3.89]]]},"properties":{"NAME":"Sapara","ABBREVN":"Sapara","SUBJECTO":"Sapara","BORDERPRECISION":1,"PARTOF":"Sapara"}},
{"type":"Feature","geometry":{"type":"MultiPolygon","coordinates":[[[[-121.13,68.18],[-124.8,68.07],[-125.42,68.07],[-124.96,68.02],[-123.15,67.87],[-121.95,67.64],[-121.94,67.64],[-120.9,67.63],[-120.89,67.63],[-120.66,67.75],[-121.11,68.07],[-121.13,68.18]]],[[[-129.92,67.94],[-128.61,68.07],[-129.9,68.07],[-130.24,68.07],[-130.21,68.04],[-130.2,68],[-130.17,67.92],[-129.92,67.94]]]]},"properties":{"NAME":"K’asho Got’ine","ABBREVN":"K’asho Got’ine","SUBJECTO":"K’asho Got’ine","BORDERPRECISION":1,"PARTOF":"K’asho Got’ine"}},
{"type":"Feature","geometry":{"type":"Polygon","coordinates":[[[-93.06,15.32],[-92.31,14.66],[-92.84,15.61],[-92.9,15.69],[-93.11,15.84],[-93.2,15.87],[-93.06,15.32]]]},"properties":{"NAME":"Tapachulteco (mixe-zoque)","ABBREVN":"Tapachulteco (mixe-zoque)","SUBJECTO":"Tapachulteco (mixe-zoque)","BORDERPRECISION":1,"PARTOF":"Tapachulteco (mixe-zoque)"}},
{"type":"Feature","geometry":{"type":"Polygon","coordinates":[[[-69.54,-24.93],[-69.61,-25.01],[-69.61,-25.03],[-69.62,-25.03],[-70.01,-25.64],[-70.36,-27.59],[-70.32,-27.7],[-70.28,-27.64],[-70.24,-27.59],[-70.07,-27.39],[-69.76,-27.09],[-68.82,-26.46],[-68.92,-25.85],[-69.03,-25.59],[-69.07,-25.43],[-69.11,-25.21],[-69.54,-24.93]]]},"properties":{"NAME":"Kolla-Atacameño","ABBREVN":"Kolla-Atacameño","SUBJECTO":"Kolla-Atacameño","BORDERPRECISION":1,"PARTOF":"Kolla-Atacameño"}},
{"type":"Feature","geometry":{"type":"Polygon","coordinates":[[[-38.72,-9.54],[-38.62,-9.55],[-38.13,-9.2],[-38.59,-9.27],[-38.72,-9.54]]]},"properties":{"NAME":"Pankararu","ABBREVN":"Pankararu","SUBJECTO":"Pankararu","BORDERPRECISION":1,"PARTOF":"Pankararu"}},
{"type":"Feature","geometry":{"type":"Polygon","coordinates":[[[-78.99,9.53],[-79.1,9.55],[-78.79,9.34],[-78.75,9.31],[-78.7,9.32],[-78.64,9.33],[-78.57,9.32],[-78.59,9.3],[-78.46,9.25],[-78.44,9.26],[-78.31,9.2],[-78.26,9.19],[-78.03,9.07],[-78,9.04],[-77.77,8.83],[-77.76,8.83],[-77.64,8.7],[-77.43,8.63],[-77.58,8.8],[-77.76,9.03],[-77.83,9.09],[-78.99,9.53]]]},"properties":{"NAME":"Guna Yala","ABBREVN":"Guna Yala","SUBJECTO":"Guna Yala","BORDERPRECISION":1,"PARTOF":"Guna Yala"}},
{"type":"Feature","geometry":{"type":"Polygon","coordinates":[[[-63.56,-29.65],[-63.54,-29.67],[-63.52,-29.64],[-62.92,-29.37],[-62.68,-29.15],[-62.5,-28.99],[-62.48,-28.93],[-62.39,-28.5],[-62.39,-28.49],[-62.39,-28.4],[-62.38,-28.14],[-62.35,-27.72],[-62.9,-27.01],[-62.94,-26.99],[-62.97,-27.14],[-63.08,-27.5],[-63.24,-27.84],[-63.63,-28.02],[-63.74,-28.07],[-64.75,-28.07],[-65.12,-27.89],[-65.13,-27.87],[-65.14,-27.92],[-64.4,-29.5],[-63.56,-29.65]]]},"properties":{"NAME":"Tonokoté","ABBREVN":"Tonokoté","SUBJECTO":"Tonokoté","BORDERPRECISION":1,"PARTOF":"Tonokoté"}},
{"type":"Feature","geometry":{"type":"Polygon","coordinates":[[[-73.52,9.64],[-73.63,9.58],[-73.73,8.32],[-72.67,7.6],[-72.55,7.63],[-72.54,7.64],[-72.5,7.65],[-72.35,7.77],[-71.55,8.54],[-71.55,8.69],[-71.57,8.77],[-71.59,8.81],[-71.64,8.79],[-71.66,8.79],[-71.82,8.8],[-72.16,8.95],[-72.39,9.37],[-72.69,9.74],[-72.71,9.77],[-72.83,9.94],[-72.94,10.04],[-72.94,10.02],[-72.98,9.92],[-73.16,9.85],[-73.29,9.76],[-73.5,9.64],[-73.52,9.64]]]},"properties":{"NAME":"Barí","ABBREVN":"Barí","SUBJECTO":"Barí","BORDERPRECISION":1,"PARTOF":"Barí"}},
{"type":"Feature","geometry":{"type":"Polygon","coordinates":[[[-47.95,-6.09],[-47.76,-5.25],[-48.6,-5.18],[-48.5,-5.66],[-48.29,-5.75],[-47.95,-6.09]]]},"properties":{"NAME":"Apinayé","ABBREVN":"Apinayé","SUBJECTO":"Apinayé","BORDERPRECISION":1,"PARTOF":"Apinayé"}},
{"type":"Feature","geometry":{"type":"MultiPolygon","coordinates":[[[[-58.61,-34.02],[-58.99,-33.89],[-59.4,-33.73],[-59.89,-33.53],[-59.79,-33.57],[-59.64,-33.71],[-58.64,-34.03],[-58.61,-34.02]]],[[[-59.9,-33.52],[-60.06,-33.42],[-60.25,-33.27],[-60.21,-33.31],[-60.04,-33.46],[-59.9,-33.52]]]]},"properties":{"NAME":"Guenoa-Muinanes","ABBREVN":"Guenoa-Muinanes","SUBJECTO":"Guenoa-Muinanes","BORDERPRECISION":1,"PARTOF":"Guenoa-Muinanes"}},
{"type":"Feature","geometry":{"type":"Polygon","coordinates":[[[-58.27,-24.63],[-58.3,-24.6],[-58.49,-24.37],[-58.52,-24.37],[-58.77,-24.39],[-58.78,-24.39],[-58.79,-24.37],[-58.95,-24.34],[-59.09,-24.39],[-61.82,-25.49],[-61.52,-26.55],[-61.41,-26.65],[-61.36,-26.51],[-61.04,-26.08],[-59.72,-26.25],[-59.04,-27.66],[-59.06,-27.95],[-59.12,-28.37],[-59.04,-28.4],[-58.11,-26.32],[-57.92,-26.14],[-57.96,-26.02],[-57.63,-25.28],[-58.27,-24.63]]]},"properties":{"NAME":"Qom","ABBREVN":"Qom","SUBJECTO":"Qom","BORDERPRECISION":1,"PARTOF":"Qom"}},
{"type":"Feature","geometry":{"type":"Polygon","coordinates":[[[-126.91,51.48],[-126.93,51.5],[-126.96,51.53],[-127.07,51.56],[-127.15,51.54],[-127.18,51.53],[-127.18,51.54],[-127.23,51.53],[-127.19,51.44],[-127.62,51.38],[-127.67,51.25],[-126.87,51.35],[-126.74,51.46],[-126.78,51.44],[-126.8,51.43],[-126.91,51.48]]]},"properties":{"NAME":"Gwa’Sala-‘Nakwaxda’xw","ABBREVN":"Gwa’Sala-‘Nakwaxda’xw","SUBJECTO":"Gwa’Sala-‘Nakwaxda’xw","BORDERPRECISION":1,"PARTOF":"Gwa’Sala-‘Nakwaxda’xw"}},
{"type":"Feature","geometry":{"type":"Polygon","coordinates":[[[-114.13,45.61],[-114.3,45.51],[-114.29,45.47],[-114.28,45.43],[-114.19,45.48],[-114.02,45.6],[-114.13,45.61]]]},"properties":{"NAME":"Lemhi-Shoshone","ABBREVN":"Lemhi-Shoshone","SUBJECTO":"Lemhi-Shoshone","BORDERPRECISION":1,"PARTOF":"Lemhi-Shoshone"}},
{"type":"Feature","geometry":{"type":"Polygon","coordinates":[[[-59.77,0.1],[-61.56,-1.16],[-60.64,-1.99],[-59.77,0.1]]]},"properties":{"NAME":"Kinja","ABBREVN":"Kinja","SUBJECTO":"Kinja","BORDERPRECISION":1,"PARTOF":"Kinja"}},
{"type":"Feature","geometry":{"type":"Polygon","coordinates":[[[-107.4,24.3],[-106.88,23.72],[-106.84,23.71],[-106.62,24.01],[-106.72,24.45],[-107.36,25.18],[-107.34,25.2],[-107.38,25.23],[-107.47,25.37],[-107.49,25.52],[-107.56,25.63],[-107.64,25.77],[-108.25,25.55],[-108.19,25.31],[-107.65,24.73],[-107.4,24.3]]]},"properties":{"NAME":"Tahues","ABBREVN":"Tahues","SUBJECTO":"Tahues","BORDERPRECISION":1,"PARTOF":"Tahues"}},
{"type":"Feature","geometry":{"type":"Polygon","coordinates":[[[-72.24,-45.03],[-72.23,-45],[-72.24,-44.99],[-72.3,-44.9],[-72.25,-44.43],[-72.97,-43.71],[-74.02,-47.18],[-72.24,-45.03]]]},"properties":{"NAME":"Chono","ABBREVN":"Chono","SUBJECTO":"Chono","BORDERPRECISION":1,"PARTOF":"Chono"}},
{"type":"Feature","geometry":{"type":"Polygon","coordinates":[[[-53.84,-9.65],[-54.55,-8.88],[-54.55,-9.86],[-53.84,-9.65]]]},"properties":{"NAME":"Panará","ABBREVN":"Panará","SUBJECTO":"Panará","BORDERPRECISION":1,"PARTOF":"Panará"}},
{"type":"Feature","geometry":{"type":"Polygon","coordinates":[[[-110.67,28.44],[-110.04,27.1],[-110,27.1],[-109.59,27.48],[-109.29,27.78],[-109.36,27.83],[-110.16,28.19],[-110.67,28.44]]]},"properties":{"NAME":"Yoeme (Yaqui)","ABBREVN":"Yoeme (Yaqui)","SUBJECTO":"Yoeme (Yaqui)","BORDERPRECISION":1,"PARTOF":"Yoeme (Yaqui)"}},
{"type":"Feature","geometry":{"type":"Polygon","coordinates":[[[-54.5,-5.48],[-54.83,-5.72],[-54.63,-6.01],[-54.36,-5.76],[-54.5,-5.48]]]},"properties":{"NAME":"Kuruaya","ABBREVN":"Kuruaya","SUBJECTO":"Kuruaya","BORDERPRECISION":1,"PARTOF":"Kuruaya"}},
{"type":"Feature","geometry":{"type":"Polygon","coordinates":[[[-62.27,-11.71],[-62.27,-11.72],[-62.26,-11.72],[-62.2,-11.7],[-62,-11.71],[-61.98,-11.82],[-61.95,-11.81],[-61.98,-11.66],[-62.27,-11.71]]]},"properties":{"NAME":"Arikapú","ABBREVN":"Arikapú","SUBJECTO":"Arikapú","BORDERPRECISION":1,"PARTOF":"Arikapú"}},
{"type":"Feature","geometry":{"type":"Polygon","coordinates":[[[-61.67,-6.56],[-61.68,-6.55],[-61.7,-6.57],[-61.7,-6.58],[-61.71,-6.58],[-61.8,-6.7],[-62.1,-7.14],[-62.11,-7.21],[-62.17,-7.31],[-62.18,-7.35],[-62.17,-7.46],[-62.19,-7.46],[-62.2,-7.46],[-62.21,-7.51],[-62.2,-7.51],[-62.12,-7.51],[-62.17,-8.18],[-62.17,-8.38],[-62.18,-8.7],[-62.16,-8.74],[-61.67,-6.56]],[[-62.1,-7.14],[-62.03,-7.12],[-62.1,-7.15],[-62.1,-7.14]],[[-61.8,-6.7],[-61.78,-6.68],[-61.8,-6.71],[-61.8,-6.7]]]},"properties":{"NAME":"Kawahib (Tenharim)","ABBREVN":"Kawahib (Tenharim)","SUBJECTO":"Kawahib (Tenharim)","BORDERPRECISION":1,"PARTOF":"Kawahib (Tenharim)"}},
{"type":"Feature","geometry":{"type":"Polygon","coordinates":[[[-104.93,21.6],[-104.9,21.68],[-104.81,21.83],[-104.69,21.82],[-104.68,21.82],[-104.53,21.49],[-104.21,21.17],[-103.75,21.43],[-103.73,21.49],[-103.64,21.77],[-103.72,21.76],[-103.67,21.92],[-103.7,22.11],[-103.75,22.69],[-103.94,22.73],[-104.04,22.71],[-104.11,22.63],[-104.23,22.51],[-104.33,22.44],[-104.37,22.43],[-104.45,22.42],[-104.65,22.41],[-104.72,22.34],[-104.81,22.26],[-104.93,22.15],[-105.07,22.07],[-105.31,22.08],[-105.33,22.02],[-105.34,22],[-105.4,21.8],[-105.42,21.68],[-105.29,21.52],[-105.27,21.45],[-105.26,21.43],[-105.23,21.35],[-104.96,21.48],[-104.93,21.6]]]},"properties":{"NAME":"Wixárika (Huichol)","ABBREVN":"Wixárika (Huichol)","SUBJECTO":"Wixárika (Huichol)","BORDERPRECISION":1,"PARTOF":"Wixárika (Huichol)"}},
{"type":"Feature","geometry":{"type":"Polygon","coordinates":[[[-53.91,47],[-54.13,48.84],[-57.36,50.6],[-58.39,49.04],[-55.96,48.76],[-55.1,47.77],[-55.07,47.55],[-54.74,47.43],[-54.13,47.11],[-53.91,47]]]},"properties":{"NAME":"Beothuk","ABBREVN":"Beothuk","SUBJECTO":"Beothuk","BORDERPRECISION":1,"PARTOF":"Beothuk"}},
{"type":"Feature","geometry":{"type":"MultiPolygon","coordinates":[[[[-53.84,5.69],[-53.77,5.66],[-53.9,5.2],[-53.51,5.12],[-52.6,5.12],[-53.03,5.43],[-53.84,5.69]]],[[[-55.69,5.09],[-55.65,5.06],[-55.37,5.05],[-55.14,5.11],[-55.38,5.15],[-55.46,5.16],[-56.06,5.14],[-56.29,5.11],[-56.26,5.09],[-55.69,5.09]]],[[[-59.42,7.29],[-59.46,7.38],[-60.76,7.82],[-60.86,7.91],[-60.85,8.06],[-60.85,8.14],[-60.87,8.14],[-61.17,8.15],[-61.32,8.14],[-61.4,8.16],[-61.43,8.13],[-63.46,8.71],[-64.19,9.85],[-65.16,7.34],[-64.02,7.37],[-62.68,8.37],[-61.59,7.15],[-61.58,7.09],[-61.42,7.1],[-60.5,7.05],[-60.37,6.97],[-60.28,6.91],[-60.24,6.87],[-60.08,6.75],[-60.02,6.63],[-59.61,6.56],[-59.3,6.33],[-59.28,6.51],[-59.31,7],[-59.42,7.29]]]]},"properties":{"NAME":"Kalina/Kariña","ABBREVN":"Kalina/Kariña","SUBJECTO":"Kalina/Kariña","BORDERPRECISION":1,"PARTOF":"Kalina/Kariña"}},
{"type":"Feature","geometry":{"type":"Polygon","coordinates":[[[-84.19,15.6],[-84.22,15.64],[-84.28,15.63],[-84.39,15.62],[-84.89,15.64],[-84.91,15.63],[-84.9,15.61],[-84.91,15.61],[-84.93,15.55],[-84.9,15.25],[-84.89,15.19],[-84.89,15.17],[-84.89,15.13],[-84.85,15.03],[-84.8,14.97],[-84.76,14.93],[-84.81,14.82],[-84.99,14.73],[-85.13,14.58],[-85.17,14.49],[-85.2,14.41],[-85.21,14.39],[-85.25,14.27],[-85.29,14.26],[-85.31,14.25],[-85.36,14.22],[-85.37,14.21],[-85.48,14.07],[-85.24,14],[-85.19,14.03],[-85.14,14.06],[-85.01,14.19],[-84.94,14.33],[-84.44,14.18],[-84.53,13.48],[-84.44,13.36],[-84.37,13.28],[-84.31,13.02],[-84.21,12.75],[-84.2,12.72],[-84.19,12.71],[-84.12,12.58],[-83.99,12.16],[-84,12.12],[-84.02,11.99],[-84.03,11.95],[-84.08,11.82],[-84.1,11.71],[-84.1,11.68],[-84.09,11.65],[-84.03,11.63],[-83.99,11.62],[-83.92,11.6],[-83.9,11.89],[-83.89,12.03],[-83.88,12.12],[-83.86,12.21],[-83.8,12.45],[-83.73,12.78],[-83.72,12.8],[-83.69,12.96],[-83.71,13.37],[-83.7,13.41],[-83.66,13.71],[-83.53,15.24],[-84.19,15.6]]]},"properties":{"NAME":"Miskito","ABBREVN":"Miskito","SUBJECTO":"Miskito","BORDERPRECISION":1,"PARTOF":"Miskito"}},
{"type":"Feature","geometry":{"type":"Polygon","coordinates":[[[-68.19,-11.49],[-68.74,-11.6],[-68.73,-11.66],[-68.72,-11.87],[-68.71,-12.23],[-68.83,-12.28],[-69.11,-12.41],[-69.23,-12.46],[-69.28,-12.47],[-69.32,-12.47],[-69.82,-12.55],[-70.28,-12.57],[-70.37,-12.74],[-70.37,-12.85],[-70.37,-13.03],[-69.51,-13.19],[-68.42,-13.14],[-68.39,-13.14],[-67.68,-13.12],[-67.4,-13.08],[-67.38,-13.08],[-67.07,-13.03],[-66.59,-12.88],[-66.4,-12.76],[-66.33,-12.72],[-66.21,-12.52],[-66.19,-12.47],[-66.11,-12.33],[-66.03,-11.97],[-66.05,-11.69],[-66.05,-11.61],[-66.05,-11.36],[-66.21,-11.2],[-66.82,-11.2],[-67.09,-11.25],[-67.33,-11.3],[-68.19,-11.49]]]},"properties":{"NAME":"Esse ejja","ABBREVN":"Esse ejja","SUBJECTO":"Esse ejja","BORDERPRECISION":1,"PARTOF":"Esse ejja"}},
{"type":"Feature","geometry":{"type":"MultiPolygon","coordinates":[[[[-96.91,28.14],[-97.03,28.9],[-97.04,28.98],[-97.05,29.04],[-97.06,29.12],[-97.11,29.42],[-97.15,29.69],[-97.18,30.22],[-97.2,30.24],[-97.55,30.66],[-97.57,30.68],[-97.57,30.66],[-97.56,30.35],[-97.92,29.97],[-99,29.91],[-99.03,29.88],[-99.33,29.63],[-99.72,29.12],[-100.27,28.41],[-100.62,28.02],[-101.02,27.88],[-100.96,27.8],[-100.71,27.48],[-100.46,27.16],[-99.71,26.3],[-99.67,26.27],[-99.29,25.97],[-99.25,25.94],[-99.11,25.83],[-98.29,25.36],[-98.26,25.35],[-97.78,25.21],[-97.62,25.16],[-97.6,25.16],[-97.42,25.44],[-97.26,25.81],[-97.36,26.02],[-97.45,26.22],[-97.27,27.67],[-97.12,28.11],[-96.91,28.14]]],[[[-102.54,30.76],[-102.71,30.89],[-102.9,31.18],[-103.17,31.88],[-103.19,31.95],[-104.09,32.42],[-104.24,32.89],[-104.71,32.7],[-105.06,32.63],[-105.07,32.63],[-105.78,32.48],[-106.07,32.31],[-106.6,32],[-106.6,31.99],[-106.57,31.79],[-106.53,31.55],[-106.52,31.46],[-106.33,31.11],[-105.86,30.94],[-105.72,30.69],[-105.47,30.37],[-105.39,30.28],[-105.37,30.25],[-105.35,30.22],[-105.16,29.98],[-105.1,29.86],[-105.07,29.78],[-105.02,29.69],[-105,29.66],[-104.95,29.59],[-104.78,29.37],[-104.7,29.31],[-104.68,29.29],[-104.62,29.25],[-104.51,29.16],[-104.37,29.05],[-104.15,28.81],[-104.13,28.8],[-103.87,28.64],[-103.7,28.55],[-103.54,28.46],[-103.33,28.37],[-103.14,28.3],[-102.92,28.3],[-102.97,28.36],[-102.99,28.69],[-102.99,28.79],[-102.98,28.84],[-102.97,28.99],[-102.93,29.67],[-102.83,29.92],[-102.8,30],[-102.54,30.66],[-102.54,30.76]]]]},"properties":{"NAME":"Ndé Kónitsąąíí Gokíyaa (Lipan Apache)","ABBREVN":"Ndé Kónitsąąíí Gokíyaa (Lipan Apache)","SUBJECTO":"Ndé Kónitsąąíí Gokíyaa (Lipan Apache)","BORDERPRECISION":1,"PARTOF":"Ndé Kónitsąąíí Gokíyaa (Lipan Apache)"}},
{"type":"Feature","geometry":{"type":"Polygon","coordinates":[[[-60.77,2.6],[-60.66,2.63],[-60.5,2.79],[-60.32,3.29],[-60.3,3.39],[-60.19,3.87],[-60.15,4.05],[-60.09,4.1],[-60.05,4.09],[-59.99,4.08],[-59.88,3.94],[-59.73,3.87],[-59.58,3.84],[-59.57,3.83],[-59.48,3.86],[-59.33,4.24],[-59.3,4.31],[-59.07,4.9],[-59.13,5.16],[-59.16,5.31],[-59.37,5.59],[-59.6,5.91],[-59.88,6.36],[-60.02,6.63],[-60.08,6.75],[-60.24,6.87],[-60.28,6.91],[-60.37,6.97],[-60.5,7.05],[-61.42,7.1],[-61.58,7.09],[-61.6,7.09],[-64.04,6.46],[-63.16,4.89],[-63.03,4.79],[-62.86,4.66],[-62.51,4.25],[-62.45,4.2],[-62.36,4.21],[-62.04,4.16],[-62.01,3.81],[-62.08,3.72],[-62.1,3.71],[-62.09,3.69],[-62.08,3.68],[-60.88,2.57],[-60.77,2.6]]]},"properties":{"NAME":"Pemón","ABBREVN":"Pemón","SUBJECTO":"Pemón","BORDERPRECISION":1,"PARTOF":"Pemón"}},
{"type":"Feature","geometry":{"type":"Polygon","coordinates":[[[-73.89,-1.06],[-73.84,-1.18],[-73.83,-1.22],[-73.58,-1.35],[-73.54,-1.36],[-73.54,-1.41],[-73.54,-1.55],[-73.58,-1.72],[-73.6,-1.75],[-73.68,-1.88],[-73.68,-2.05],[-73.7,-2.07],[-73.68,-2.19],[-73.43,-2.62],[-73.43,-2.95],[-73.46,-3.16],[-73.46,-3.2],[-73.29,-3.09],[-73.16,-3.09],[-73.15,-3.1],[-73.03,-3.11],[-72.93,-3.12],[-72.83,-3.14],[-72.75,-3.16],[-72.73,-3.18],[-72.66,-3.19],[-72.59,-3.21],[-72.41,-3.29],[-72.06,-3.38],[-72.03,-3.37],[-71.96,-3.34],[-71.95,-3.32],[-71.91,-3.26],[-71.92,-3.21],[-71.93,-3.18],[-71.94,-3.14],[-71.95,-3.08],[-71.99,-2.92],[-71.94,-2.79],[-71.82,-2.72],[-71.51,-2.71],[-71.37,-2.7],[-71.3,-2.7],[-71.27,-2.7],[-71.12,-2.67],[-71.1,-2.66],[-71.03,-2.64],[-70.91,-2.61],[-70.67,-2.6],[-70.66,-2.6],[-70.59,-2.51],[-70.54,-2.6],[-70.53,-2.64],[-70.33,-3.07],[-70.28,-3.18],[-70.28,-3.17],[-70.33,-3.05],[-70.51,-2.65],[-70.53,-2.6],[-70.58,-2.5],[-70.59,-2.45],[-70.6,-2.41],[-70.65,-2.27],[-70.77,-2.2],[-70.78,-2.19],[-70.91,-2.1],[-71.27,-2.11],[-71.38,-1.99],[-71.4,-1.82],[-71.48,-1.66],[-71.51,-1.6],[-71.69,-1.24],[-71.79,-1.15],[-71.85,-1.11],[-71.89,-1.09],[-72.02,-0.97],[-72.08,-0.91],[-72.18,-0.8],[-72.21,-0.47],[-72.25,-0.42],[-72.25,-0.41],[-72.28,-0.37],[-72.32,-0.32],[-72.47,-0.23],[-72.87,-0.17],[-72.91,-0.17],[-73.02,-0.07],[-73.07,-0.17],[-74.28,0.3],[-74.4,0.48],[-74.41,0.48],[-74.5,0.52],[-74.72,0.5],[-74.81,0.43],[-74.82,0.4],[-74.78,0.36],[-74.54,0.13],[-74.46,0.05],[-73.8,-0.38],[-74.04,-0.56],[-74.19,-0.58],[-74.14,-0.79],[-74.13,-0.89],[-74.08,-0.92],[-74.07,-0.94],[-73.97,-1],[-73.96,-1],[-73.89,-1.04],[-73.89,-1.06]]]},"properties":{"NAME":"Muina Murui / Murui-Muinanɨ","ABBREVN":"Muina Murui / Murui-Muinanɨ","SUBJECTO":"Muina Murui / Murui-Muinanɨ","BORDERPRECISION":1,"PARTOF":"Muina Murui / Murui-Muinanɨ"}},
{"type":"Feature","geometry":{"type":"Polygon","coordinates":[[[-76.88,38.06],[-76.89,38.07],[-76.85,38.04],[-76.84,38.04],[-76.88,38.11],[-76.88,38.16],[-77.05,38.12],[-77.06,38.1],[-77.07,38.07],[-77.1,38.02],[-77.12,38],[-77.1,37.98],[-77.05,38.01],[-76.88,38.06]]]},"properties":{"NAME":"Pissaseck","ABBREVN":"Pissaseck","SUBJECTO":"Pissaseck","BORDERPRECISION":1,"PARTOF":"Pissaseck"}},
{"type":"Feature","geometry":{"type":"Polygon","coordinates":[[[-78.24,-3.54],[-77.34,-2.21],[-78.15,-1.61],[-78.75,-3.38],[-79.08,-3.67],[-79.08,-3.8],[-78.24,-3.54]]]},"properties":{"NAME":"Shuar-Wampis","ABBREVN":"Shuar-Wampis","SUBJECTO":"Shuar-Wampis","BORDERPRECISION":1,"PARTOF":"Shuar-Wampis"}},
{"type":"Feature","geometry":{"type":"Polygon","coordinates":[[[-74.14,-5.76],[-74.68,-6.54],[-73.94,-6.89],[-73.58,-6.15],[-73.98,-5.53],[-74.14,-5.76]]]},"properties":{"NAME":"Kapanawa","ABBREVN":"Kapanawa","SUBJECTO":"Kapanawa","BORDERPRECISION":1,"PARTOF":"Kapanawa"}},
{"type":"Feature","geometry":{"type":"Polygon","coordinates":[[[-80.87,33.39],[-80.88,33.45],[-80.89,33.45],[-80.97,33.39],[-81.02,33.42],[-81.05,33.42],[-81.05,33.41],[-80.94,33.31],[-80.87,33.39]]]},"properties":{"NAME":"Pee Dee","ABBREVN":"Pee Dee","SUBJECTO":"Pee Dee","BORDERPRECISION":1,"PARTOF":"Pee Dee"}},
{"type":"Feature","geometry":{"type":"Polygon","coordinates":[[[-72.42,41.42],[-72.43,41.41],[-72.39,41.39],[-72.35,41.34],[-72.39,41.41],[-72.42,41.42]]]},"properties":{"NAME":"Hammonassets","ABBREVN":"Hammonassets","SUBJECTO":"Hammonassets","BORDERPRECISION":1,"PARTOF":"Hammonassets"}},
{"type":"Feature","geometry":{"type":"Polygon","coordinates":[[[-76.87,37.23],[-76.97,37.25],[-76.98,37.29],[-76.99,37.3],[-77,37.3],[-77.01,37.3],[-77.19,37.2],[-77.21,37.17],[-77.21,37.16],[-77,37.11],[-76.99,37.1],[-76.89,37.13],[-76.75,37.16],[-76.72,37.17],[-76.76,37.19],[-76.8,37.21],[-76.87,37.23]]]},"properties":{"NAME":"Quiyoughcohannock","ABBREVN":"Quiyoughcohannock","SUBJECTO":"Quiyoughcohannock","BORDERPRECISION":1,"PARTOF":"Quiyoughcohannock"}},
{"type":"Feature","geometry":{"type":"MultiPolygon","coordinates":[[[[-80.17,41.12],[-80.47,41.14],[-80.55,41.15],[-81.28,41.05],[-81.35,40.95],[-81.84,40.26],[-81.92,40.15],[-81.94,40.13],[-82.16,39.77],[-82.19,39.73],[-82.35,39.5],[-82.68,39.4],[-82.77,39.37],[-84.02,39.94],[-84.62,39.88],[-84.69,39.87],[-84.99,39.84],[-85.06,39.58],[-85.07,39.52],[-85.08,39.5],[-85.11,39.49],[-85.14,39.47],[-85.21,39.44],[-85.42,39.33],[-85.47,39.3],[-85.47,39.27],[-85.46,39.2],[-85.43,38.96],[-86,38.75],[-86.02,38.75],[-86.03,38.75],[-86.4,38.63],[-86.44,38.62],[-87.1,38.69],[-87.58,38.59],[-87.75,38.25],[-87.92,37.88],[-87.93,37.84],[-87.96,37.81],[-87.97,37.79],[-88.08,37.65],[-88.18,37.5],[-88.24,37.42],[-88.26,37.4],[-88.42,37.18],[-88.43,37.16],[-88.47,37.12],[-88.49,37.08],[-88.5,37.07],[-88.51,37.08],[-88.53,37.09],[-88.56,37.12],[-88.59,37.15],[-88.66,37.2],[-88.68,37.21],[-88.89,37.23],[-88.91,37.22],[-88.95,37.19],[-89.1,37.1],[-89.1,37.04],[-89.1,36.78],[-89.13,36.73],[-89.24,36.57],[-89.28,36.51],[-88.76,36.54],[-88.71,36.55],[-88.62,36.55],[-88.01,36.59],[-87.95,36.6],[-87.91,36.6],[-87.75,36.66],[-87.47,36.77],[-87.28,36.84],[-86.86,36.97],[-86.18,37.28],[-85.57,37.56],[-85.45,37.61],[-84.86,38],[-83.94,37.74],[-83.59,37.71],[-83.23,37.68],[-82.62,37.89],[-82.52,37.9],[-82.07,37.96],[-81.8,38],[-81.36,38.18],[-81.23,38.23],[-80.93,38.36],[-80.86,38.44],[-80.71,38.62],[-80.68,38.64],[-80.37,38.92],[-80.31,38.98],[-80.07,39.11],[-79.83,39.25],[-79.81,39.26],[-79.26,39.55],[-78.9,39.79],[-79.23,40.76],[-79.8,41.1],[-80.17,41.12]]],[[[-94.19,34.88],[-94.45,34.91],[-94.54,34.93],[-95.12,35.16],[-95.25,35.27],[-95.46,35.44],[-95.86,35.76],[-96.19,36.06],[-96.32,36.16],[-96.57,36.38],[-96.72,36.51],[-96.78,36.56],[-96.84,36.61],[-96.91,36.67],[-96.93,36.69],[-97.28,37.22],[-97.41,37.41],[-97.53,37.63],[-97.67,37.9],[-97.72,37.99],[-97.77,38.02],[-98.35,38.35],[-98.51,38.39],[-99.11,38.55],[-99.97,37.75],[-100.3,37.78],[-100.51,37.8],[-100.57,37.8],[-101.12,37.83],[-101.74,37.8],[-101.89,37.86],[-101.91,37.87],[-102.23,38.01],[-102.35,38.06],[-102.7,38.21],[-102.94,38.31],[-103.01,38.34],[-103.78,38.51],[-103.85,38.52],[-103.86,38.46],[-103.83,38.2],[-103.82,38.13],[-103.56,37.94],[-103.32,37.77],[-103.26,37.63],[-103.14,37.35],[-103.01,37.04],[-103.1,36.53],[-102.74,36.36],[-102.68,36.33],[-102.22,36.07],[-102.19,36.05],[-101.91,35.82],[-101.58,35.48],[-100.99,35.1],[-100.59,35.08],[-100.06,34.81],[-100.03,34.77],[-99.89,34.58],[-99.86,34.57],[-99.38,34.4],[-99.21,34.34],[-98.66,34.15],[-98.64,34.14],[-98.56,34.13],[-98.53,34.12],[-98.52,34.12],[-98.41,34.1],[-98.21,34.05],[-98.1,34.03],[-98.01,34.01],[-97.72,33.95],[-97.69,33.94],[-97.6,33.93],[-97.35,33.9],[-97.25,33.89],[-97.18,33.88],[-97.01,33.86],[-96.97,33.85],[-96.76,33.83],[-96.75,33.83],[-96.66,33.82],[-96.55,33.81],[-96.53,33.81],[-96.22,33.8],[-96.16,33.8],[-96.14,33.8],[-96.09,33.8],[-95.9,33.83],[-95.85,33.84],[-95.77,33.86],[-95.75,33.86],[-95.6,33.89],[-95.55,33.9],[-95.43,33.93],[-95.26,33.89],[-94.99,33.83],[-94.81,33.67],[-94.81,33.65],[-94.75,33.41],[-94.7,32.99],[-94.63,32.6],[-94.57,32.23],[-94.55,31.63],[-94.33,31.37],[-94.31,31.36],[-94.08,31.21],[-94.06,31.2],[-93.6,31.02],[-93.34,31.17],[-93.2,31.18],[-92.68,31.22],[-92.48,31.34],[-92.46,31.35],[-92.2,31.28],[-92.09,31.43],[-92.13,31.71],[-92.13,31.84],[-92.13,32.01],[-92.11,32.05],[-92.1,32.08],[-92.03,32.24],[-91.87,32.64],[-91.85,32.86],[-91.98,33.1],[-92.11,33.34],[-92.13,33.38],[-92.4,33.71],[-91.78,33.94],[-91.27,33.61],[-91.17,33.61],[-90.99,33.6],[-90.77,34.17],[-91,33.86],[-91.06,33.89],[-91.92,34.26],[-92.74,35.07],[-92.82,35.07],[-93.31,35.05],[-94.02,34.85],[-94.19,34.88]]]]},"properties":{"NAME":"𐓏𐒰𐓓𐒰𐓓𐒷  𐒼𐓂𐓊𐒻  𐓆𐒻𐒿𐒷  𐓀𐒰^𐓓𐒰^(Osage)","ABBREVN":"𐓏𐒰𐓓𐒰𐓓𐒷  𐒼𐓂𐓊𐒻  𐓆𐒻𐒿𐒷  𐓀𐒰^𐓓𐒰^(Osage)","SUBJECTO":"𐓏𐒰𐓓𐒰𐓓𐒷  𐒼𐓂𐓊𐒻  𐓆𐒻𐒿𐒷  𐓀𐒰^𐓓𐒰^(Osage)","BORDERPRECISION":1,"PARTOF":"𐓏𐒰𐓓𐒰𐓓𐒷  𐒼𐓂𐓊𐒻  𐓆𐒻𐒿𐒷  𐓀𐒰^𐓓𐒰^(Osage)"}},
{"type":"Feature","geometry":{"type":"Polygon","coordinates":[[[-70.87,42.6],[-71.49,42.55],[-71.53,42.37],[-71.52,42.32],[-71.52,42.3],[-71.5,42.21],[-71.46,42.13],[-71.44,42.12],[-71.43,42.13],[-71.37,42.14],[-71.34,42.16],[-71.33,42.17],[-71.34,42.2],[-71.33,42.23],[-71.32,42.26],[-71.32,42.27],[-71.3,42.28],[-71.27,42.27],[-71.25,42.26],[-71.18,42.26],[-71.05,42.29],[-71.04,42.3],[-71.03,42.31],[-70.95,42.34],[-70.92,42.34],[-70.91,42.33],[-70.86,42.33],[-70.85,42.32],[-70.86,42.33],[-70.89,42.34],[-70.9,42.35],[-70.87,42.6]]]},"properties":{"NAME":"Massa-adchu-es-et (Massachusett)","ABBREVN":"Massa-adchu-es-et (Massachusett)","SUBJECTO":"Massa-adchu-es-et (Massachusett)","BORDERPRECISION":1,"PARTOF":"Massa-adchu-es-et (Massachusett)"}},
{"type":"Feature","geometry":{"type":"Polygon","coordinates":[[[-71.9,4.98],[-71.54,4.81],[-71.43,4.88],[-71.32,4.95],[-70.89,5.43],[-70.48,5.75],[-71.37,5.98],[-71.56,6.08],[-71.63,6.14],[-71.65,6.15],[-71.67,6.27],[-71.73,6.26],[-71.79,6.26],[-72.2,6.12],[-72.24,6.11],[-72.41,5.9],[-72.43,5.87],[-71.9,4.98]]]},"properties":{"NAME":"Amorúa","ABBREVN":"Amorúa","SUBJECTO":"Amorúa","BORDERPRECISION":1,"PARTOF":"Amorúa"}},
{"type":"Feature","geometry":{"type":"MultiPolygon","coordinates":[[[[-106.78,26.79],[-106.8,26.88],[-106.87,26.77],[-107.33,27.4],[-106.54,28.61],[-106.74,28.69],[-106.97,28.78],[-107.02,28.78],[-107.49,28.85],[-108.01,28.88],[-108.16,28.91],[-108.32,28.96],[-108.71,29.11],[-108.77,29.24],[-108.79,28.89],[-108.64,28.64],[-108.63,28.57],[-108.62,28.39],[-108.17,27.61],[-108.11,26.57],[-107.98,26.32],[-107.94,26.48],[-107.78,26.6],[-106.93,26.33],[-106.65,26.4],[-106.69,26.56],[-106.78,26.79]]],[[[-106.91,25.54],[-107.24,25.67],[-107.12,25.57],[-106.91,25.54]]]]},"properties":{"NAME":"Rarámuri (Tarahumara-Guarijio)","ABBREVN":"Rarámuri (Tarahumara-Guarijio)","SUBJECTO":"Rarámuri (Tarahumara-Guarijio)","BORDERPRECISION":1,"PARTOF":"Rarámuri (Tarahumara-Guarijio)"}},
{"type":"Feature","geometry":{"type":"Polygon","coordinates":[[[-128.46,55.94],[-128.51,55.8],[-128.5,55.79],[-128.49,55.76],[-128.47,55.72],[-128.44,55.66],[-128.41,55.6],[-128.25,55.56],[-128.18,55.51],[-128.17,55.51],[-128.17,55.5],[-127.94,55.36],[-127.87,55.36],[-127.94,55.25],[-127.95,55.16],[-127.92,55.15],[-128.1,55.14],[-128.24,55.14],[-128.31,55.13],[-128.41,55.18],[-128.44,55.17],[-128.49,55.19],[-128.62,55.14],[-128.63,55.14],[-128.7,55.12],[-128.81,55.05],[-128.84,55.03],[-128.89,55],[-128.93,54.97],[-128.94,54.96],[-128.9,54.95],[-128.87,54.94],[-128.83,54.9],[-128.83,54.89],[-128.82,54.87],[-128.84,54.82],[-128.76,54.81],[-128.63,54.8],[-128.62,54.8],[-128.6,54.77],[-128.58,54.76],[-128.58,54.69],[-128.31,54.75],[-128.09,54.75],[-127.95,54.78],[-127.92,54.79],[-127.87,54.79],[-127.72,54.8],[-127.68,54.79],[-127.65,54.78],[-127.63,54.78],[-127.56,54.79],[-127.57,54.89],[-127.52,54.98],[-127.58,55.14],[-127.55,55.14],[-127.53,55.14],[-127.55,55.2],[-127.72,55.63],[-127.78,56.05],[-127.86,56.52],[-127.86,56.53],[-127.84,56.57],[-127.79,56.7],[-127.81,56.69],[-128.18,56.76],[-128.28,56.76],[-128.43,56.75],[-128.68,56.73],[-128.79,56.83],[-129.04,56.74],[-129.28,56.61],[-129.37,56.57],[-129.4,56.43],[-129.72,56.54],[-129.93,56.57],[-130.03,56.58],[-130.04,56.55],[-129.82,56.44],[-129.8,56.35],[-129.75,56.35],[-129.69,56.35],[-129.65,56.37],[-129.58,56.33],[-129.4,56.31],[-129.37,56.38],[-129.36,56.37],[-129.31,56.34],[-129.27,56.31],[-129.21,56.3],[-129.16,56.3],[-129.15,56.3],[-129.08,56.25],[-129.06,56.24],[-129.03,56.17],[-128.97,56.08],[-128.74,55.86],[-128.68,55.85],[-128.67,55.88],[-128.67,55.9],[-128.7,55.94],[-128.64,55.93],[-128.49,56],[-128.45,55.97],[-128.46,55.94]]]},"properties":{"NAME":"Gitx̱san Lax̱yip","ABBREVN":"Gitx̱san Lax̱yip","SUBJECTO":"Gitx̱san Lax̱yip","BORDERPRECISION":1,"PARTOF":"Gitx̱san Lax̱yip"}},
{"type":"Feature","geometry":{"type":"Polygon","coordinates":[[[-75.84,-4.55],[-75.8,-4.6],[-75.78,-4.65],[-74.83,-4.26],[-74.89,-3.96],[-75.69,-3.68],[-75.95,-3.8],[-75.97,-4.07],[-75.95,-4.18],[-75.95,-4.21],[-75.94,-4.26],[-75.94,-4.31],[-75.92,-4.37],[-75.85,-4.54],[-75.84,-4.55]]]},"properties":{"NAME":"Kacha Edze (Urarina)","ABBREVN":"Kacha Edze (Urarina)","SUBJECTO":"Kacha Edze (Urarina)","BORDERPRECISION":1,"PARTOF":"Kacha Edze (Urarina)"}},
{"type":"Feature","geometry":{"type":"Polygon","coordinates":[[[-71.98,-8.64],[-71.97,-8.63],[-71.94,-8.63],[-71.93,-8.63],[-71.89,-8.62],[-71.81,-8.15],[-71.79,-8.03],[-71.8,-8.02],[-71.94,-8.15],[-71.9,-8.38],[-71.94,-8.44],[-71.95,-8.45],[-71.97,-8.5],[-71.99,-8.53],[-72.01,-8.62],[-71.98,-8.64]]]},"properties":{"NAME":"Katukina","ABBREVN":"Katukina","SUBJECTO":"Katukina","BORDERPRECISION":1,"PARTOF":"Katukina"}},
{"type":"Feature","geometry":{"type":"Polygon","coordinates":[[[-92.1,32.08],[-92.08,32.06],[-91.96,32.09],[-91.69,32.22],[-91.97,32.23],[-92.03,32.24],[-92.1,32.08]]]},"properties":{"NAME":"Tunica","ABBREVN":"Tunica","SUBJECTO":"Tunica","BORDERPRECISION":1,"PARTOF":"Tunica"}},
{"type":"Feature","geometry":{"type":"Polygon","coordinates":[[[-119.49,37.4],[-119.51,37.37],[-119.5,37.34],[-119.56,37.24],[-119.58,37.24],[-119.58,37.22],[-119.59,37.21],[-119.58,37.12],[-119.56,37.1],[-119.54,37.06],[-119.37,36.95],[-119.03,36.8],[-118.99,36.62],[-118.97,36.58],[-118.94,36.54],[-118.63,36.44],[-118.63,36.47],[-118.65,36.6],[-118.74,36.65],[-118.86,36.78],[-118.87,37.13],[-118.88,37.15],[-119.24,37.31],[-119.45,37.38],[-119.49,37.4]]]},"properties":{"NAME":"Western Mono/Monache","ABBREVN":"Western Mono/Monache","SUBJECTO":"Western Mono/Monache","BORDERPRECISION":1,"PARTOF":"Western Mono/Monache"}},
{"type":"Feature","geometry":{"type":"Polygon","coordinates":[[[-77.61,37.44],[-77.51,37.42],[-77.56,37.6],[-77.61,37.44]]]},"properties":{"NAME":"Powhatan","ABBREVN":"Powhatan","SUBJECTO":"Powhatan","BORDERPRECISION":1,"PARTOF":"Powhatan"}},
{"type":"Feature","geometry":{"type":"MultiPolygon","coordinates":[[[[-76.43,39.69],[-76.48,39.69],[-76.74,39.52],[-76.77,39.48],[-76.63,39.53],[-76.39,39.6],[-76.37,39.64],[-76.43,39.69]]],[[[-76.04,38.29],[-75.92,38.22],[-75.9,38.21],[-75.55,38.31],[-75.52,38.32],[-75.39,38.34],[-75.21,38.37],[-75.09,38.39],[-75.21,38.87],[-75.45,38.84],[-75.58,39],[-75.7,39.29],[-75.79,39.38],[-75.87,39.49],[-75.86,39.45],[-75.78,39.26],[-75.73,39.05],[-76.01,38.64],[-76.04,38.29]],[[-75.21,38.37],[-75.28,38.37],[-75.18,38.38],[-75.21,38.37]]]]},"properties":{"NAME":"Nentego (Nanticoke)","ABBREVN":"Nentego (Nanticoke)","SUBJECTO":"Nentego (Nanticoke)","BORDERPRECISION":1,"PARTOF":"Nentego (Nanticoke)"}},
{"type":"Feature","geometry":{"type":"Polygon","coordinates":[[[-155.93,20.28],[-156.03,19.11],[-154.95,19.48],[-155.11,19.75],[-155.93,20.28]]]},"properties":{"NAME":"Kō Hawaiʻi Paeʻāina (Hawaiian Kingdom)","ABBREVN":"Kō Hawaiʻi Paeʻāina (Hawaiian Kingdom)","SUBJECTO":"Kō Hawaiʻi Paeʻāina (Hawaiian Kingdom)","BORDERPRECISION":1,"PARTOF":"Kō Hawaiʻi Paeʻāina (Hawaiian Kingdom)"}},
{"type":"Feature","geometry":{"type":"Polygon","coordinates":[[[-107.4,24.3],[-107.65,24.73],[-107.71,24.76],[-108.31,25.38],[-107.4,24.3]]]},"properties":{"NAME":"Achires","ABBREVN":"Achires","SUBJECTO":"Achires","BORDERPRECISION":1,"PARTOF":"Achires"}},
{"type":"Feature","geometry":{"type":"Polygon","coordinates":[[[-38.89,-8.38],[-38.73,-8.34],[-38.74,-8.22],[-38.95,-8.2],[-38.89,-8.38]]]},"properties":{"NAME":"Atikum-Umã","ABBREVN":"Atikum-Umã","SUBJECTO":"Atikum-Umã","BORDERPRECISION":1,"PARTOF":"Atikum-Umã"}},
{"type":"Feature","geometry":{"type":"Polygon","coordinates":[[[-72.98,-7.53],[-73.07,-7.45],[-73.17,-7.56],[-73.05,-7.57],[-73.04,-7.56],[-73.03,-7.56],[-73.01,-7.55],[-72.99,-7.54],[-72.99,-7.53],[-72.98,-7.54],[-72.98,-7.53]]]},"properties":{"NAME":"Puyanawa","ABBREVN":"Puyanawa","SUBJECTO":"Puyanawa","BORDERPRECISION":1,"PARTOF":"Puyanawa"}},
{"type":"Feature","geometry":{"type":"Polygon","coordinates":[[[-60.2,-23.51],[-60.14,-23.24],[-60.2,-23.21],[-60.96,-22.85],[-61.73,-22.64],[-62.24,-22.49],[-62.24,-22.5],[-62.15,-22.69],[-62.07,-22.86],[-61.37,-23.42],[-61.17,-23.75],[-60.93,-24.15],[-60.82,-24.15],[-60.55,-24.13],[-60.29,-23.85],[-60.2,-23.51]]]},"properties":{"NAME":"Nivaclé","ABBREVN":"Nivaclé","SUBJECTO":"Nivaclé","BORDERPRECISION":1,"PARTOF":"Nivaclé"}},
{"type":"Feature","geometry":{"type":"Polygon","coordinates":[[[-58.95,-24.34],[-58.79,-24.37],[-58.77,-24.38],[-58.55,-24.35],[-58.51,-24.35],[-58.56,-24.29],[-58.71,-24.32],[-58.77,-24.32],[-58.96,-24.34],[-58.95,-24.34]]]},"properties":{"NAME":"Enxet","ABBREVN":"Enxet","SUBJECTO":"Enxet","BORDERPRECISION":1,"PARTOF":"Enxet"}},
{"type":"Feature","geometry":{"type":"Polygon","coordinates":[[[-113.16,34.47],[-113.04,34.48],[-113.03,34.48],[-112.95,34.28],[-112.88,34.49],[-112.56,35.09],[-112.45,35.19],[-112.45,35.22],[-112.52,35.23],[-112.59,35.24],[-112.6,35.24],[-112.91,35.26],[-113.02,35.04],[-113.06,34.59],[-113.13,34.49],[-113.16,34.47]]]},"properties":{"NAME":"Yavapaiv Apache","ABBREVN":"Yavapaiv Apache","SUBJECTO":"Yavapaiv Apache","BORDERPRECISION":1,"PARTOF":"Yavapaiv Apache"}},
{"type":"Feature","geometry":{"type":"Polygon","coordinates":[[[-118,35.9],[-118.06,35.89],[-117.99,35.76],[-118.09,35.65],[-118.39,35.59],[-118.52,35.55],[-118.52,35.46],[-118.56,35.36],[-118.57,35.3],[-118.58,35.23],[-118.55,35.21],[-118.52,35.11],[-118.45,35.07],[-118.21,35],[-117.96,34.99],[-117.8,34.99],[-117.76,35.01],[-117.62,35.06],[-117.71,35.41],[-117.75,35.6],[-117.85,35.62],[-118,35.9]]]},"properties":{"NAME":"Kawaiisu","ABBREVN":"Kawaiisu","SUBJECTO":"Kawaiisu","BORDERPRECISION":1,"PARTOF":"Kawaiisu"}},
{"type":"Feature","geometry":{"type":"Polygon","coordinates":[[[-134.48,67.68],[-133.96,67.7],[-133.97,67.75],[-134.05,67.85],[-133.97,67.93],[-133.89,68.01],[-134.12,68.01],[-136.43,68.01],[-136.05,67.93],[-136.05,67.87],[-135.86,67.82],[-135.25,67.67],[-135.14,67.66],[-134.63,67.68],[-134.6,67.69],[-134.52,67.7],[-134.48,67.68]]]},"properties":{"NAME":"Gwitch'in Settlement Region","ABBREVN":"Gwitch'in Settlement Region","SUBJECTO":"Gwitch'in Settlement Region","BORDERPRECISION":1,"PARTOF":"Gwitch'in Settlement Region"}},
{"type":"Feature","geometry":{"type":"Polygon","coordinates":[[[-97.71,16.03],[-97.08,15.88],[-97.26,16.03],[-97.34,16.35],[-97.36,16.37],[-97.38,16.29],[-97.45,15.99],[-97.71,16.03]]]},"properties":{"NAME":"Kitsé Cha’tnio (Chatino)","ABBREVN":"Kitsé Cha’tnio (Chatino)","SUBJECTO":"Kitsé Cha’tnio (Chatino)","BORDERPRECISION":1,"PARTOF":"Kitsé Cha’tnio (Chatino)"}},
{"type":"Feature","geometry":{"type":"MultiPolygon","coordinates":[[[[-120.52,37.63],[-120.68,38.06],[-120.69,38.06],[-120.71,38.09],[-120.75,38.29],[-120.77,38.34],[-120.8,38.41],[-120.81,38.42],[-120.85,38.45],[-120.87,38.47],[-120.88,38.47],[-120.98,38.47],[-121.16,38.46],[-121.21,38.47],[-121.28,38.47],[-121.41,38.48],[-121.43,38.49],[-121.53,38.53],[-121.52,38.52],[-121.53,38.52],[-121.56,38.5],[-121.51,38.4],[-121.56,38.34],[-121.57,38.33],[-121.58,38.31],[-121.57,38.29],[-121.51,38.25],[-121.56,38.24],[-121.56,38.22],[-121.56,38.21],[-121.56,38.2],[-121.61,38.16],[-121.64,38.17],[-121.66,38.17],[-121.66,38.18],[-121.7,38.12],[-121.74,38.08],[-121.79,38.06],[-121.9,38.04],[-121.96,38.05],[-121.95,38.05],[-121.9,38.04],[-121.82,38.02],[-121.59,38.02],[-121.58,38],[-121.58,37.98],[-121.56,37.99],[-121.49,38.01],[-121.47,38.01],[-121.46,38.01],[-121.42,38.01],[-121.38,37.99],[-121.33,38],[-121.25,37.99],[-121.22,37.98],[-121.14,37.97],[-121.07,37.96],[-121,37.94],[-120.58,37.68],[-120.54,37.63],[-120.52,37.63]]],[[[-121.61,38.71],[-121.62,38.71],[-121.63,38.69],[-121.59,38.64],[-121.61,38.71]]]]},"properties":{"NAME":"Miwkoʔ Waaliʔ","ABBREVN":"Miwkoʔ Waaliʔ","SUBJECTO":"Miwkoʔ Waaliʔ","BORDERPRECISION":1,"PARTOF":"Miwkoʔ Waaliʔ"}},
{"type":"Feature","geometry":{"type":"Polygon","coordinates":[[[-39.85,-18.08],[-39.95,-17.99],[-40.1,-17.85],[-40.21,-17.75],[-40.96,-17.7],[-41.52,-17.93],[-41.76,-18.15],[-42.05,-18.41],[-44.58,-20.73],[-45.94,-22.87],[-46.01,-22.93],[-45.97,-22.95],[-45.09,-22.48],[-42.76,-21.97],[-41.37,-20.35],[-40.48,-20.65],[-39.69,-19.41],[-39.78,-18.58],[-39.68,-18.26],[-39.85,-18.08]]]},"properties":{"NAME":"Puri","ABBREVN":"Puri","SUBJECTO":"Puri","BORDERPRECISION":1,"PARTOF":"Puri"}},
{"type":"Feature","geometry":{"type":"Polygon","coordinates":[[[-72.74,41.9],[-72.79,41.9],[-72.8,41.89],[-72.87,41.88],[-72.89,41.88],[-72.93,41.81],[-72.94,41.79],[-72.94,41.77],[-72.92,41.76],[-72.8,41.76],[-72.79,41.76],[-72.76,41.75],[-72.76,41.77],[-72.76,41.78],[-72.75,41.8],[-72.73,41.88],[-72.72,41.88],[-72.7,41.91],[-72.74,41.9]]]},"properties":{"NAME":"Tunxis","ABBREVN":"Tunxis","SUBJECTO":"Tunxis","BORDERPRECISION":1,"PARTOF":"Tunxis"}},
{"type":"Feature","geometry":{"type":"Polygon","coordinates":[[[-110.73,29.77],[-110.73,29.76],[-110.46,29.37],[-108.86,28.36],[-108.63,28.57],[-108.64,28.64],[-108.79,28.89],[-108.77,29.24],[-108.79,29.28],[-108.81,29.62],[-109.25,30.87],[-109.47,31.01],[-109.51,30.83],[-109.57,30.6],[-109.64,30.43],[-110.11,30.01],[-110.63,29.78],[-110.73,29.77]]]},"properties":{"NAME":"Ópata (Tegüima-Eudebe-Hoba)","ABBREVN":"Ópata (Tegüima-Eudebe-Hoba)","SUBJECTO":"Ópata (Tegüima-Eudebe-Hoba)","BORDERPRECISION":1,"PARTOF":"Ópata (Tegüima-Eudebe-Hoba)"}},
{"type":"Feature","geometry":{"type":"Polygon","coordinates":[[[-55.37,5.05],[-55.65,5.06],[-55.93,4.28],[-55.79,3.92],[-55.37,5.05]]]},"properties":{"NAME":"Matawai","ABBREVN":"Matawai","SUBJECTO":"Matawai","BORDERPRECISION":1,"PARTOF":"Matawai"}},
{"type":"Feature","geometry":{"type":"Polygon","coordinates":[[[-110.3,23.47],[-110,22.89],[-109.49,23.57],[-110.35,23.57],[-110.3,23.47]]]},"properties":{"NAME":"Pericú","ABBREVN":"Pericú","SUBJECTO":"Pericú","BORDERPRECISION":1,"PARTOF":"Pericú"}},
{"type":"Feature","geometry":{"type":"Polygon","coordinates":[[[-112.79,33.87],[-112.83,33.97],[-112.89,34.1],[-112.95,34.28],[-113.03,34.48],[-113.04,34.48],[-113.16,34.47],[-114.12,34.41],[-114.14,34.41],[-114.24,34.39],[-114.2,34.36],[-114.13,34.31],[-114.12,34.3],[-114.12,34.29],[-114.23,34.18],[-114.27,34.16],[-114.42,34.08],[-114.43,34.08],[-114.44,34.06],[-114.49,33.98],[-114.49,33.97],[-114.51,33.88],[-114.51,33.87],[-114.51,33.86],[-114.51,33.83],[-114.51,33.81],[-114.5,33.76],[-114.51,33.71],[-114.52,33.66],[-114.52,33.64],[-114.52,33.62],[-114.52,33.57],[-114.55,33.53],[-114.57,33.5],[-114.58,33.49],[-114.65,33.42],[-114.67,33.41],[-114.7,33.4],[-114.7,33.39],[-114.71,33.35],[-114.7,33.34],[-114.7,33.29],[-114.69,33.28],[-114.7,33.28],[-114.85,33.29],[-115.11,33.3],[-115.19,33.3],[-115.34,33.36],[-115.41,33.38],[-115.71,33.57],[-115.68,33.73],[-115.73,33.78],[-116.48,33.37],[-116.44,33.22],[-116.43,33.19],[-116.3,32.73],[-116.28,32.6],[-116.43,31.98],[-116.05,31.68],[-115.71,31.41],[-115.56,31.36],[-115.32,31.3],[-115.11,30.98],[-115.06,30.78],[-115.03,30.72],[-115.01,30.7],[-114.76,30.79],[-114.73,30.81],[-114.73,30.84],[-114.74,30.85],[-114.85,30.98],[-114.97,31.36],[-114.2,31.52],[-113.98,32.14],[-113.99,32.16],[-114.07,32.33],[-114.16,32.51],[-114.17,32.55],[-114.18,32.57],[-114.16,32.58],[-113.96,32.63],[-113.95,32.63],[-113.92,32.64],[-113.78,32.69],[-113.39,32.82],[-113.18,32.87],[-112.93,32.93],[-112.92,32.94],[-112.77,32.98],[-112.83,33.28],[-112.96,33.28],[-113,33.27],[-113.04,33.27],[-113.14,33.27],[-113.19,33.27],[-113.36,33.26],[-113.58,33.25],[-113.61,33.89],[-113.51,33.92],[-113.48,33.92],[-113.36,33.93],[-113.13,33.89],[-113.05,33.89],[-113.02,33.89],[-112.87,33.87],[-112.79,33.87]]]},"properties":{"NAME":"Xawiƚƚ kwñchawaay (Cocopah)","ABBREVN":"Xawiƚƚ kwñchawaay (Cocopah)","SUBJECTO":"Xawiƚƚ kwñchawaay (Cocopah)","BORDERPRECISION":1,"PARTOF":"Xawiƚƚ kwñchawaay (Cocopah)"}},
{"type":"Feature","geometry":{"type":"MultiPolygon","coordinates":[[[[-77.61,-6.37],[-77.58,-6.35],[-77.87,-5.94],[-78.18,-6.01],[-78.19,-6.03],[-77.99,-6.1],[-77.7,-6.23],[-77.61,-6.37]]],[[[-77.64,-7.01],[-77.2,-8.09],[-77.19,-8.09],[-77.64,-6.98],[-77.64,-7.01]]]]},"properties":{"NAME":"Huancas","ABBREVN":"Huancas","SUBJECTO":"Huancas","BORDERPRECISION":1,"PARTOF":"Huancas"}},
{"type":"Feature","geometry":{"type":"Polygon","coordinates":[[[-124.56,49.1],[-124.55,49.09],[-124.55,49.03],[-124.56,49.02],[-124.55,48.97],[-124.54,48.99],[-124.52,49],[-124.52,49.01],[-124.53,49.02],[-124.54,49.07],[-124.54,49.09],[-124.53,49.1],[-124.53,49.11],[-124.54,49.11],[-124.55,49.12],[-124.56,49.11],[-124.56,49.1]]]},"properties":{"NAME":"Snuneymuxw","ABBREVN":"Snuneymuxw","SUBJECTO":"Snuneymuxw","BORDERPRECISION":1,"PARTOF":"Snuneymuxw"}},
{"type":"Feature","geometry":{"type":"Polygon","coordinates":[[[-121.68,46.79],[-121.72,46.74],[-121.77,46.68],[-121.88,46.62],[-122.02,46.62],[-122.14,46.62],[-122.26,46.62],[-122.3,46.65],[-122.48,46.61],[-122.63,46.59],[-122.95,46.58],[-123.04,46.57],[-123.2,46.56],[-123.32,46.52],[-123.33,46.51],[-123.38,46.49],[-123.41,46.47],[-123.45,46.45],[-123.49,46.42],[-123.43,46.4],[-123.4,46.4],[-123.14,46.37],[-123.12,46.37],[-123.11,46.39],[-123.09,46.4],[-123.09,46.41],[-123.08,46.42],[-123.02,46.4],[-122.79,46.39],[-122.77,46.38],[-122.76,46.36],[-122.65,46.34],[-122.64,46.34],[-122.48,46.33],[-121.94,46.39],[-121.67,46.67],[-121.59,46.71],[-121.57,46.71],[-121.58,46.71],[-121.62,46.77],[-121.53,46.85],[-121.55,46.85],[-121.66,46.82],[-121.68,46.79]]]},"properties":{"NAME":"Cowlitz","ABBREVN":"Cowlitz","SUBJECTO":"Cowlitz","BORDERPRECISION":1,"PARTOF":"Cowlitz"}},
{"type":"Feature","geometry":{"type":"Polygon","coordinates":[[[-118.2,35.68],[-118.55,36.54],[-118.63,36.47],[-118.63,36.44],[-118.94,36.54],[-118.87,36.46],[-118.67,36.41],[-118.66,35.87],[-118.64,35.9],[-118.58,35.84],[-118.5,35.61],[-118.2,35.68]],[[-118.67,36.41],[-118.63,36.44],[-118.63,36.43],[-118.67,36.41]]]},"properties":{"NAME":"Tübatulabal","ABBREVN":"Tübatulabal","SUBJECTO":"Tübatulabal","BORDERPRECISION":1,"PARTOF":"Tübatulabal"}},
{"type":"Feature","geometry":{"type":"Polygon","coordinates":[[[-62.78,-12.02],[-62.99,-12.26],[-62.9,-12.45],[-62.59,-12.35],[-62.58,-12.33],[-62.61,-12.34],[-62.66,-12.34],[-62.77,-12.31],[-62.82,-12.12],[-62.79,-12.04],[-62.76,-12.01],[-62.78,-12.02]]]},"properties":{"NAME":"Tupari","ABBREVN":"Tupari","SUBJECTO":"Tupari","BORDERPRECISION":1,"PARTOF":"Tupari"}},
{"type":"Feature","geometry":{"type":"Polygon","coordinates":[[[-67.95,-14.36],[-67.52,-14.59],[-67.36,-13.5],[-68.36,-13.44],[-68.42,-14.15],[-67.95,-14.36]]]},"properties":{"NAME":"Tacana","ABBREVN":"Tacana","SUBJECTO":"Tacana","BORDERPRECISION":1,"PARTOF":"Tacana"}},
{"type":"Feature","geometry":{"type":"Polygon","coordinates":[[[-117.5,33.62],[-117.47,33.66],[-117.39,33.73],[-117.36,33.75],[-117.38,33.77],[-117.43,33.74],[-117.47,33.72],[-117.52,33.65],[-117.57,33.58],[-117.62,33.48],[-117.58,33.53],[-117.5,33.62]]]},"properties":{"NAME":"Tongva","ABBREVN":"Tongva","SUBJECTO":"Tongva","BORDERPRECISION":1,"PARTOF":"Tongva"}},
{"type":"Feature","geometry":{"type":"Polygon","coordinates":[[[-104.06,19.5],[-104.2,19.6],[-104.42,19.61],[-104.41,19.3],[-104.19,19.28],[-104.06,19.5]]]},"properties":{"NAME":"Nahuas","ABBREVN":"Nahuas","SUBJECTO":"Nahuas","BORDERPRECISION":1,"PARTOF":"Nahuas"}},
{"type":"Feature","geometry":{"type":"Polygon","coordinates":[[[-79,-4.58],[-79.08,-4.55],[-79.24,-4.68],[-79.25,-4.75],[-78.64,-5.34],[-78.91,-4.78],[-79,-4.58]]]},"properties":{"NAME":"Pacamoro","ABBREVN":"Pacamoro","SUBJECTO":"Pacamoro","BORDERPRECISION":1,"PARTOF":"Pacamoro"}},
{"type":"Feature","geometry":{"type":"Polygon","coordinates":[[[-80.42,-0.57],[-80.74,-2.12],[-79.87,-2.99],[-80.42,-0.57]]]},"properties":{"NAME":"Manteño-Huancavilca","ABBREVN":"Manteño-Huancavilca","SUBJECTO":"Manteño-Huancavilca","BORDERPRECISION":1,"PARTOF":"Manteño-Huancavilca"}},
{"type":"Feature","geometry":{"type":"Polygon","coordinates":[[[-71.15,-5.3],[-71.32,-5.54],[-71.1,-5.99],[-70.86,-5.72],[-71.15,-5.3]]]},"properties":{"NAME":"Matses (Matis)","ABBREVN":"Matses (Matis)","SUBJECTO":"Matses (Matis)","BORDERPRECISION":1,"PARTOF":"Matses (Matis)"}},
{"type":"Feature","geometry":{"type":"Polygon","coordinates":[[[-68.8,55.07],[-69.51,54.81],[-69.77,54.71],[-70.2,54.5],[-70.42,54.4],[-70.44,54.37],[-70.69,54.02],[-70.97,53.44],[-71.47,51.75],[-73.48,50.54],[-73.69,50.3],[-73.78,49.96],[-73.99,49.55],[-74.09,49.37],[-74.14,49.29],[-74.05,49.25],[-74.01,49.23],[-73.81,49.18],[-72.84,47.88],[-72.41,47.78],[-72.38,47.77],[-71.97,47.74],[-71.92,47.75],[-71.55,47.77],[-71.29,47.81],[-70.85,48.34],[-70.71,48.36],[-70.68,48.34],[-70.66,48.36],[-70.5,48.34],[-70.22,48.28],[-70.12,48.25],[-70.09,48.22],[-69.9,48.19],[-69.87,48.19],[-69.83,48.17],[-66.37,50.31],[-60.14,50.41],[-58.52,51.38],[-56.11,52.61],[-56.9,52.89],[-56.96,53.16],[-56.99,53.24],[-57.3,53.12],[-59.72,53.43],[-60.12,53.52],[-61.35,53.54],[-63.98,54.16],[-65.87,54.5],[-66.87,54.68],[-67.09,54.72],[-68.55,54.98],[-68.8,55.07]]]},"properties":{"NAME":"Nitassinan (Innu)","ABBREVN":"Nitassinan (Innu)","SUBJECTO":"Nitassinan (Innu)","BORDERPRECISION":1,"PARTOF":"Nitassinan (Innu)"}},
{"type":"Feature","geometry":{"type":"Polygon","coordinates":[[[-60.73,-13.66],[-60.78,-13.51],[-61.06,-13.05],[-61.84,-13.52],[-61.85,-13.67],[-61.8,-13.65],[-61.51,-13.52],[-61.15,-13.5],[-60.9,-13.59],[-60.73,-13.66]]]},"properties":{"NAME":"Guarasugwe","ABBREVN":"Guarasugwe","SUBJECTO":"Guarasugwe","BORDERPRECISION":1,"PARTOF":"Guarasugwe"}},
{"type":"Feature","geometry":{"type":"Polygon","coordinates":[[[-121.5,47.07],[-121.47,46.94],[-121.46,46.91],[-121.53,46.85],[-121.62,46.77],[-121.58,46.71],[-121.57,46.71],[-121.5,46.7],[-121.48,46.7],[-121.43,46.69],[-121.39,46.69],[-121.35,46.68],[-121.24,46.67],[-121.22,46.67],[-121.1,46.66],[-121.03,46.54],[-121.03,46.52],[-121.03,46.46],[-121,46.3],[-120.99,46.05],[-121.03,45.92],[-121.04,45.9],[-121.04,45.86],[-121.05,45.77],[-121.07,45.65],[-121.07,45.64],[-121.07,45.62],[-120.98,45.63],[-120.9,45.63],[-120.48,45.65],[-120.2,45.73],[-120.14,45.74],[-120.12,45.75],[-120.13,45.77],[-120.14,45.8],[-119.96,45.84],[-119.86,45.86],[-119.82,45.87],[-119.69,45.93],[-119.66,45.95],[-119.59,46.06],[-119.53,46.19],[-119.53,46.2],[-119.57,46.3],[-119.57,46.36],[-119.55,46.63],[-119.52,46.62],[-119.53,46.64],[-119.49,46.71],[-119.46,46.7],[-119.39,46.69],[-119.26,46.54],[-119.22,46.41],[-119.21,46.38],[-119.22,46.32],[-118.91,46.32],[-118.6,46.58],[-118.52,46.61],[-118.43,46.61],[-118.37,46.62],[-118.22,46.6],[-118.17,46.59],[-118.13,46.59],[-118.13,46.6],[-118.11,46.72],[-118.07,46.77],[-117.8,46.92],[-117.89,47],[-118.35,47.03],[-118.75,47.02],[-118.76,47.02],[-119.07,47.01],[-119.15,47],[-119.04,47.15],[-119.11,47.54],[-119.19,47.54],[-119.42,47.54],[-119.98,47.61],[-120.2,47.69],[-120.21,47.7],[-120.24,47.71],[-120.42,47.74],[-120.56,47.79],[-120.57,47.79],[-120.64,47.83],[-120.8,47.92],[-120.91,48.03],[-120.94,48.07],[-121.06,48],[-121.12,47.88],[-121.14,47.85],[-121.15,47.84],[-121.14,47.83],[-121.1,47.79],[-121.07,47.76],[-121.06,47.75],[-121.02,47.72],[-121.23,47.29],[-121.29,47.26],[-121.36,47.23],[-121.45,47.12],[-121.5,47.07]]]},"properties":{"NAME":"Yakama","ABBREVN":"Yakama","SUBJECTO":"Yakama","BORDERPRECISION":1,"PARTOF":"Yakama"}},
{"type":"Feature","geometry":{"type":"Polygon","coordinates":[[[-89.78,14],[-89.99,13.68],[-88.78,13.3],[-88.56,13.83],[-89.06,14.06],[-89.15,14.08],[-89.41,14.32],[-89.5,14.38],[-89.52,14.39],[-89.59,14.42],[-89.72,14.14],[-89.65,14.06],[-89.62,14],[-89.61,13.99],[-89.68,13.9],[-89.78,14]]]},"properties":{"NAME":"Nahua","ABBREVN":"Nahua","SUBJECTO":"Nahua","BORDERPRECISION":1,"PARTOF":"Nahua"}},
{"type":"Feature","geometry":{"type":"Polygon","coordinates":[[[-78.82,9.22],[-78.09,8.97],[-78.26,9.14],[-78.29,9.15],[-78.46,9.25],[-78.59,9.3],[-78.7,9.32],[-78.75,9.31],[-78.82,9.22]]]},"properties":{"NAME":"Guna of Madugandí","ABBREVN":"Guna of Madugandí","SUBJECTO":"Guna of Madugandí","BORDERPRECISION":1,"PARTOF":"Guna of Madugandí"}},
{"type":"Feature","geometry":{"type":"Polygon","coordinates":[[[-47.77,-8.35],[-47,-8.78],[-46.28,-8.41],[-46.39,-7.72],[-47.37,-7.85],[-47.77,-8.35]]]},"properties":{"NAME":"Mehin","ABBREVN":"Mehin","SUBJECTO":"Mehin","BORDERPRECISION":1,"PARTOF":"Mehin"}},
{"type":"Feature","geometry":{"type":"Polygon","coordinates":[[[-85.73,11.09],[-85.98,11.65],[-86.19,11.54],[-85.73,11.09]]]},"properties":{"NAME":"Nicarao/Nahoa","ABBREVN":"Nicarao/Nahoa","SUBJECTO":"Nicarao/Nahoa","BORDERPRECISION":1,"PARTOF":"Nicarao/Nahoa"}},
{"type":"Feature","geometry":{"type":"Polygon","coordinates":[[[-59.66,13.29],[-59.65,13.32],[-59.65,13.31],[-59.66,13.3],[-59.66,13.29]]]},"properties":{"NAME":"Kalinago (Island Carib)","ABBREVN":"Kalinago (Island Carib)","SUBJECTO":"Kalinago (Island Carib)","BORDERPRECISION":1,"PARTOF":"Kalinago (Island Carib)"}},
{"type":"Feature","geometry":{"type":"Polygon","coordinates":[[[-117.93,52.28],[-118.06,52.37],[-118.08,52.38],[-118.21,52.46],[-118.3,52.51],[-118.75,52.78],[-118.8,52.81],[-118.9,52.87],[-119.26,53.08],[-119.41,53.06],[-119.52,52.96],[-119.72,52.83],[-119.73,52.82],[-119.84,52.77],[-119.93,52.73],[-119.95,52.72],[-119.97,52.71],[-120.11,52.63],[-120.11,52.62],[-120.11,52.59],[-119.67,51.62],[-118.97,50.94],[-118.91,50.91],[-118.76,50.84],[-118.72,50.83],[-118.63,50.77],[-118.52,50.69],[-118.45,50.25],[-118.53,50.09],[-118.55,50.02],[-118.56,49.94],[-118.44,49.03],[-118.36,48.98],[-118.34,48.79],[-118.27,48.69],[-118.25,48.64],[-118.24,48.6],[-118.22,48.55],[-118.22,48.53],[-118.2,48.38],[-118.19,48.21],[-118.23,48.14],[-118.24,48.14],[-118.29,48.06],[-118.29,48.05],[-118.32,47.93],[-118.29,47.77],[-118.28,47.66],[-118.28,47.64],[-118.1,47.43],[-118,47.35],[-117.92,47.27],[-117.54,47.2],[-117.23,47.13],[-117.06,47.1],[-116.76,47.04],[-115.42,46.69],[-115.37,46.68],[-114.13,46.33],[-113.9,46.35],[-113.89,46.36],[-113.55,46.41],[-113.01,46.53],[-112.68,46.74],[-112.86,46.89],[-112.92,47.25],[-113.21,47.59],[-113.34,47.74],[-113.56,48.49],[-114.23,49.05],[-114.42,49.22],[-114.59,49.37],[-114.76,49.52],[-114.83,49.98],[-114.84,50.06],[-114.85,50.16],[-115.07,50.37],[-115.09,50.38],[-115.33,50.51],[-116.95,51.36],[-117.01,51.39],[-117.34,51.56],[-118.38,52.12],[-118.49,52.17],[-118.52,52.19],[-118.42,52.2],[-117.93,52.28]]]},"properties":{"NAME":"Ktunaxa ɁamakɁis","ABBREVN":"Ktunaxa ɁamakɁis","SUBJECTO":"Ktunaxa ɁamakɁis","BORDERPRECISION":1,"PARTOF":"Ktunaxa ɁamakɁis"}},
{"type":"Feature","geometry":{"type":"Polygon","coordinates":[[[-74.78,-3.94],[-74.6,-3.93],[-74.32,-3.97],[-74.28,-3.91],[-74.27,-3.91],[-74.26,-3.8],[-74.33,-3.7],[-74.33,-3.69],[-74.6,-3.49],[-74.73,-3.44],[-74.74,-3.44],[-74.78,-3.43],[-74.9,-3.41],[-74.93,-3.4],[-75.29,-3.26],[-75.42,-3.21],[-75.52,-3.17],[-75.74,-2.89],[-75.81,-2.79],[-75.89,-2.69],[-75.9,-2.68],[-75.9,-2.67],[-76.01,-2.57],[-76.05,-2.54],[-76.06,-2.53],[-76.11,-2.5],[-76.12,-2.49],[-76.23,-2.42],[-76.24,-2.42],[-76.35,-2.37],[-76.39,-2.11],[-76.41,-2.12],[-76.55,-2.23],[-76.81,-2.27],[-76.85,-2.28],[-76.9,-2.3],[-76.94,-2.3],[-76.97,-2.32],[-76.99,-2.32],[-77,-2.32],[-77.01,-2.31],[-77.02,-2.31],[-77.02,-2.29],[-77.03,-2.29],[-77.04,-2.28],[-77.04,-2.27],[-77.05,-2.27],[-77.05,-2.26],[-77.05,-2.25],[-77.06,-2.24],[-77.05,-2.22],[-77.04,-2.22],[-77.03,-2.22],[-77.02,-2.22],[-77.01,-2.22],[-77.01,-2.21],[-77,-2.2],[-77.02,-2.14],[-77.33,-2.3],[-77.3,-2.31],[-77.64,-3.17],[-77.43,-3.39],[-77.38,-3.45],[-77.36,-3.48],[-77.24,-3.69],[-77.2,-3.94],[-77.29,-4.12],[-77.31,-4.16],[-77.32,-4.19],[-77.33,-4.19],[-77.41,-4.3],[-77.48,-4.39],[-77.54,-4.47],[-77.51,-4.64],[-77.42,-4.65],[-77.29,-4.63],[-77.09,-4.61],[-77.04,-4.61],[-76.75,-4.59],[-76.61,-4.6],[-76.57,-4.61],[-76.46,-4.62],[-76.4,-4.01],[-76.28,-3.78],[-76.15,-3.63],[-76.12,-3.57],[-76.08,-3.5],[-75.95,-3.4],[-75.69,-3.68],[-74.89,-3.96],[-74.85,-3.94],[-74.78,-3.94]]]},"properties":{"NAME":"Achuar","ABBREVN":"Achuar","SUBJECTO":"Achuar","BORDERPRECISION":1,"PARTOF":"Achuar"}},
{"type":"Feature","geometry":{"type":"Polygon","coordinates":[[[-72.7,-8.1],[-72.3,-8.8],[-72.2,-8.15],[-72.7,-8.1]]]},"properties":{"NAME":"Shawanaua","ABBREVN":"Shawanaua","SUBJECTO":"Shawanaua","BORDERPRECISION":1,"PARTOF":"Shawanaua"}},
{"type":"Feature","geometry":{"type":"Polygon","coordinates":[[[-76.51,37.23],[-76.42,37.03],[-76.29,37.14],[-76.51,37.23]]]},"properties":{"NAME":"Kecoughtan","ABBREVN":"Kecoughtan","SUBJECTO":"Kecoughtan","BORDERPRECISION":1,"PARTOF":"Kecoughtan"}},
{"type":"Feature","geometry":{"type":"Polygon","coordinates":[[[-66.21,-12.52],[-66.08,-12.5],[-65.89,-12.48],[-65.64,-12.29],[-65.45,-11.83],[-65.44,-11.81],[-65.5,-10.23],[-67.09,-11.19],[-67.09,-11.25],[-66.82,-11.2],[-66.21,-11.2],[-66.05,-11.36],[-66.05,-11.61],[-66.05,-11.69],[-66.03,-11.97],[-66.11,-12.33],[-66.19,-12.47],[-66.21,-12.52]]]},"properties":{"NAME":"Pacahuara","ABBREVN":"Pacahuara","SUBJECTO":"Pacahuara","BORDERPRECISION":1,"PARTOF":"Pacahuara"}},
{"type":"Feature","geometry":{"type":"MultiPolygon","coordinates":[[[[-71.15,42.67],[-71.29,42.65],[-71.3,42.65],[-71.53,42.62],[-71.29,42.62],[-71.15,42.67]]],[[[-72,42.55],[-72.14,42.53],[-72.09,42.53],[-72,42.55]]]]},"properties":{"NAME":"Pennacook","ABBREVN":"Pennacook","SUBJECTO":"Pennacook","BORDERPRECISION":1,"PARTOF":"Pennacook"}},
{"type":"Feature","geometry":{"type":"Polygon","coordinates":[[[-118.71,34.85],[-118.7,34.83],[-118.68,34.83],[-118.62,34.71],[-118.27,34.53],[-118.14,34.46],[-118.06,34.42],[-118.02,34.39],[-117.84,34.38],[-117.74,34.38],[-117.43,34.22],[-117.29,34.07],[-117.23,34.02],[-117.22,34.01],[-117.06,33.85],[-117.03,33.92],[-117.01,33.98],[-116.9,34],[-116.31,33.89],[-116.08,33.89],[-115.88,33.9],[-116.09,33.99],[-116.32,34.09],[-117.05,34.62],[-117.07,34.63],[-117.31,34.8],[-117.6,34.99],[-117.61,35.06],[-117.62,35.06],[-117.76,35.01],[-117.8,34.99],[-117.82,34.91],[-117.91,34.8],[-117.93,34.78],[-118.42,34.85],[-118.66,34.9],[-118.67,34.9],[-118.68,34.88],[-118.7,34.86],[-118.71,34.85]]]},"properties":{"NAME":"Yuhaviatam/Maarenga’yam (Serrano)","ABBREVN":"Yuhaviatam/Maarenga’yam (Serrano)","SUBJECTO":"Yuhaviatam/Maarenga’yam (Serrano)","BORDERPRECISION":1,"PARTOF":"Yuhaviatam/Maarenga’yam (Serrano)"}},
{"type":"Feature","geometry":{"type":"Polygon","coordinates":[[[-92.32,15.9],[-92.28,15.85],[-92.2,15.87],[-92.19,15.88],[-92.18,15.88],[-92.06,15.86],[-92.03,15.88],[-92,15.94],[-92,15.95],[-91.97,16],[-92.01,16.22],[-91.76,16.23],[-91.52,16.09],[-91.45,16.08],[-91.44,16.08],[-91.38,16.07],[-91.34,16.06],[-91.3,16.06],[-91.19,16.05],[-91.05,16.04],[-90.93,16.04],[-90.88,16.04],[-90.79,16.04],[-90.76,16.04],[-90.7,16.04],[-90.47,16.05],[-90.41,16.08],[-90.39,16.09],[-90.33,16.18],[-90.36,16.41],[-90.41,16.47],[-90.49,16.54],[-90.62,16.66],[-90.63,16.67],[-90.67,16.7],[-90.93,16.88],[-91.05,16.92],[-91.16,17.06],[-91.18,17.07],[-91.25,17.13],[-91.28,17.17],[-91.36,17.23],[-91.33,17.25],[-91.3,17.26],[-91.47,17.99],[-91.55,17.99],[-91.69,17.83],[-92.04,17.77],[-92.27,17.65],[-92.49,17.51],[-92.61,17.43],[-92.66,17.4],[-92.66,17.39],[-92.71,17.34],[-92.75,17.3],[-92.89,17.21],[-92.9,17.2],[-92.98,16.85],[-93.11,16.84],[-93.49,16.75],[-93.59,16.73],[-93.71,16.7],[-93.71,16.68],[-93.58,16.71],[-93.48,16.74],[-93.18,16.82],[-93.18,16.8],[-93.18,16.78],[-93.19,16.77],[-93.19,16.74],[-93.18,16.73],[-93.15,16.69],[-93.14,16.68],[-93.13,16.68],[-93.08,16.65],[-93.05,16.63],[-93.04,16.59],[-92.99,16.55],[-92.93,16.51],[-92.9,16.49],[-92.84,16.45],[-92.83,16.44],[-92.82,16.39],[-92.8,16.31],[-92.8,16.22],[-92.8,16.21],[-92.8,16.19],[-93.11,15.84],[-92.9,15.69],[-92.7,15.68],[-92.46,15.77],[-92.32,15.9]]]},"properties":{"NAME":"Winik Atel (Tzeltal)","ABBREVN":"Winik Atel (Tzeltal)","SUBJECTO":"Winik Atel (Tzeltal)","BORDERPRECISION":1,"PARTOF":"Winik Atel (Tzeltal)"}},
{"type":"Feature","geometry":{"type":"MultiPolygon","coordinates":[[[[-78.95,42.89],[-78.89,42.87],[-78.87,42.8],[-78.98,42.7],[-79.2,42.57],[-79.56,42.39],[-80.57,41.97],[-80.46,41.89],[-80.46,41.77],[-80.45,41.63],[-80.22,41.62],[-80.06,41.61],[-79.34,41.54],[-78.82,41.53],[-78.78,41.53],[-78.68,41.53],[-78.16,41.53],[-77.6,41.53],[-76.79,41.54],[-76.07,41.59],[-75.96,41.6],[-75.63,41.64],[-75.62,41.64],[-75.39,41.73],[-75.1,41.8],[-74.04,42.09],[-74,42.12],[-73.97,42.15],[-73.82,42.26],[-73.65,42.43],[-73.54,42.8],[-73.51,43.09],[-73.52,43.18],[-73.52,43.26],[-73.52,43.34],[-73.52,43.49],[-73.51,43.74],[-73.51,43.76],[-73.47,43.95],[-73.45,44.01],[-73.42,44.13],[-73.39,44.26],[-73.37,44.36],[-73.37,44.6],[-73.38,44.64],[-73.38,44.66],[-73.37,44.84],[-73.35,44.92],[-73.35,44.95],[-73.34,45.03],[-73.32,45.24],[-73.34,45.47],[-73.55,45.65],[-73.75,45.67],[-73.77,45.68],[-73.81,45.64],[-73.86,45.58],[-73.96,45.49],[-73.98,45.41],[-74.01,45.38],[-74.04,45.37],[-74.31,45.49],[-74.38,45.54],[-74.41,45.56],[-74.86,45.45],[-74.81,45.32],[-75.16,45.13],[-75.5,44.82],[-75.51,44.82],[-75.78,44.57],[-76.26,44.49],[-76.3,44.48],[-76.42,44.43],[-76.55,44.29],[-76.8,44.25],[-76.86,44.24],[-77.04,44.14],[-77.03,44.13],[-76.97,44.18],[-76.93,44.2],[-76.88,44.11],[-76.46,44.24],[-76.02,44.34],[-76.52,43.46],[-76.72,43.34],[-76.72,43.33],[-76.94,43.24],[-77.03,43.24],[-77.7,43.3],[-78.02,43.37],[-78.82,43.31],[-79.19,43.21],[-79.36,42.87],[-78.95,42.89]]],[[[-80.41,42.57],[-80.28,42.74],[-80.55,42.58],[-81.44,42.59],[-80.41,42.57]]]]},"properties":{"NAME":"Ho-de-no-sau-nee-ga (Haudenosaunee)","ABBREVN":"Ho-de-no-sau-nee-ga (Haudenosaunee)","SUBJECTO":"Ho-de-no-sau-nee-ga (Haudenosaunee)","BORDERPRECISION":1,"PARTOF":"Ho-de-no-sau-nee-ga (Haudenosaunee)"}},
{"type":"Feature","geometry":{"type":"Polygon","coordinates":[[[-125.39,49.53],[-125.39,49.52],[-125.37,49.48],[-125.36,49.48],[-125.37,49.49],[-125.39,49.52],[-125.39,49.53]]]},"properties":{"NAME":"We Wai Kum","ABBREVN":"We Wai Kum","SUBJECTO":"We Wai Kum","BORDERPRECISION":1,"PARTOF":"We Wai Kum"}},
{"type":"Feature","geometry":{"type":"Polygon","coordinates":[[[-124.25,48.08],[-124.31,48.08],[-124.32,48.09],[-124.38,48.1],[-124.43,48.11],[-124.73,48.12],[-124.52,47.8],[-124.48,47.73],[-124.46,47.7],[-124.45,47.69],[-124.43,47.66],[-124.39,47.69],[-124.16,47.77],[-124.05,47.79],[-123.88,47.78],[-123.73,47.78],[-123.7,47.79],[-123.72,47.79],[-123.84,47.82],[-123.96,47.92],[-124.04,47.97],[-124.22,48.05],[-124.25,48.08]]]},"properties":{"NAME":"Quileute","ABBREVN":"Quileute","SUBJECTO":"Quileute","BORDERPRECISION":1,"PARTOF":"Quileute"}},
{"type":"Feature","geometry":{"type":"MultiPolygon","coordinates":[[[[-94.24,17.44],[-94.27,17.48],[-94.31,17.47],[-94.24,17.44]]],[[[-95.11,17.52],[-95.02,17.37],[-94.9,17.36],[-94.82,17.35],[-94.75,17.38],[-94.65,17.42],[-94.6,17.44],[-94.61,17.44],[-95.11,17.55],[-95.11,17.52]]]]},"properties":{"NAME":"Popoluca (mixe-zoque)","ABBREVN":"Popoluca (mixe-zoque)","SUBJECTO":"Popoluca (mixe-zoque)","BORDERPRECISION":1,"PARTOF":"Popoluca (mixe-zoque)"}},
{"type":"Feature","geometry":{"type":"Polygon","coordinates":[[[-71.11,0.55],[-71.12,0.52],[-71.09,0.48],[-71.11,0.55]]]},"properties":{"NAME":"Muteamasa (Karapanã)","ABBREVN":"Muteamasa (Karapanã)","SUBJECTO":"Muteamasa (Karapanã)","BORDERPRECISION":1,"PARTOF":"Muteamasa (Karapanã)"}},
{"type":"Feature","geometry":{"type":"MultiPolygon","coordinates":[[[[-82.44,33.96],[-82.39,33.95],[-81.76,33.78],[-81.57,33.69],[-81.36,33.6],[-81.29,33.56],[-81.04,33.43],[-81.02,33.42],[-80.97,33.39],[-80.89,33.45],[-80.85,33.48],[-80.57,33.68],[-80.54,33.69],[-80.42,33.78],[-80.48,33.85],[-80.51,33.88],[-80.53,33.9],[-80.57,33.95],[-80.7,34.1],[-80.79,34.2],[-80.81,34.23],[-80.84,34.25],[-80.92,34.41],[-81.01,34.6],[-81.1,34.81],[-81.11,34.88],[-81.12,34.96],[-81.12,34.98],[-81.06,35.3],[-81.12,35.46],[-81.14,35.47],[-81.28,35.59],[-81.65,35.5],[-81.84,35.58],[-81.96,35.45],[-82.41,34.95],[-82.58,34.76],[-82.7,34.53],[-82.7,34.21],[-82.7,34.2],[-82.72,33.93],[-82.74,33.9],[-82.55,33.74],[-82.27,33.74],[-82.25,33.74],[-82.24,33.74],[-82.29,33.83],[-82.38,33.91],[-82.44,33.96]]],[[[-83.36,33.91],[-83.54,33.96],[-84.48,34.04],[-84.9,33.85],[-84.66,33.85],[-84.55,33.85],[-84.33,33.83],[-84.16,33.76],[-83.43,33.89],[-83.36,33.91]]],[[[-81.01,36.38],[-80.84,36.49],[-80.78,36.51],[-80.91,36.52],[-81.03,36.51],[-81.11,36.37],[-81.14,36.32],[-81.17,36.28],[-81.19,36.26],[-81.01,36.38]]]]},"properties":{"NAME":"ᏣᎳᎫᏪᏘᏱ Tsalaguwetiyi (Cherokee, East)","ABBREVN":"ᏣᎳᎫᏪᏘᏱ Tsalaguwetiyi (Cherokee, East)","SUBJECTO":"ᏣᎳᎫᏪᏘᏱ Tsalaguwetiyi (Cherokee, East)","BORDERPRECISION":1,"PARTOF":"ᏣᎳᎫᏪᏘᏱ Tsalaguwetiyi (Cherokee, East)"}},
{"type":"Feature","geometry":{"type":"Polygon","coordinates":[[[-57.68,0.85],[-57.74,0.82],[-57.74,0.81],[-57.78,0.55],[-57.74,0.27],[-57.54,-0.39],[-57.22,-0.87],[-56.99,-1.03],[-56.98,-1.04],[-56.96,-0.97],[-56.95,0.91],[-57.68,0.85]]]},"properties":{"NAME":"Purehno","ABBREVN":"Purehno","SUBJECTO":"Purehno","BORDERPRECISION":1,"PARTOF":"Purehno"}},
{"type":"Feature","geometry":{"type":"MultiPolygon","coordinates":[[[[-92.08,32.06],[-92.11,32.05],[-92.13,32.01],[-92.13,31.84],[-91.2,31.93],[-91.19,31.96],[-91.17,31.97],[-91.15,31.99],[-91.11,31.99],[-91.08,32.02],[-91.08,32.05],[-91.19,32.14],[-91.61,32.21],[-91.69,32.22],[-91.96,32.09],[-92.08,32.06]]],[[[-92.48,31.34],[-92.46,31.32],[-92.47,31.21],[-92.46,31.17],[-92.45,31.11],[-92.45,31.1],[-92.42,31.03],[-92.23,30.9],[-92.23,30.86],[-92.09,30.9],[-91.56,31.05],[-91.56,31.06],[-91.62,31.11],[-91.59,31.17],[-91.47,31.38],[-91.35,31.83],[-91.21,31.91],[-91.2,31.93],[-91.31,31.92],[-91.72,31.88],[-92.13,31.84],[-92.13,31.71],[-92.09,31.43],[-92.2,31.28],[-92.46,31.35],[-92.48,31.34]]]]},"properties":{"NAME":"Natchez","ABBREVN":"Natchez","SUBJECTO":"Natchez","BORDERPRECISION":1,"PARTOF":"Natchez"}},
{"type":"Feature","geometry":{"type":"Polygon","coordinates":[[[-170.47,66.29],[-171.49,65.83],[-170.98,65.68],[-170.47,66.29]]]},"properties":{"NAME":"Nyvukagmit (Naukan)","ABBREVN":"Nyvukagmit (Naukan)","SUBJECTO":"Nyvukagmit (Naukan)","BORDERPRECISION":1,"PARTOF":"Nyvukagmit (Naukan)"}},
{"type":"Feature","geometry":{"type":"Polygon","coordinates":[[[-82.91,8.74],[-82.86,8.8],[-82.69,9.47],[-82.74,9.47],[-82.74,9.46],[-82.77,9.46],[-82.86,9.43],[-83,9.4],[-83.26,9.45],[-83.38,9.46],[-83.4,9.46],[-83.45,9.5],[-83.47,9.47],[-83.5,9.46],[-83.53,9.45],[-83.57,9.42],[-83.66,9.28],[-83.61,9.15],[-83.53,9],[-83.55,8.83],[-83.56,8.81],[-83.37,8.84],[-83.02,8.8],[-82.93,8.76],[-82.91,8.74]]]},"properties":{"NAME":"Tjer-di/Teribe Broram","ABBREVN":"Tjer-di/Teribe Broram","SUBJECTO":"Tjer-di/Teribe Broram","BORDERPRECISION":1,"PARTOF":"Tjer-di/Teribe Broram"}},
{"type":"Feature","geometry":{"type":"Polygon","coordinates":[[[-112.44,35.29],[-112.45,35.22],[-112.45,35.19],[-112.44,35.19],[-112.41,35.22],[-112.36,35.26],[-112.31,35.31],[-112.04,35.38],[-112.1,35.63],[-112.39,35.86],[-112.49,35.9],[-112.47,35.86],[-112.43,35.47],[-112.44,35.29]]]},"properties":{"NAME":"Hopitutskwa","ABBREVN":"Hopitutskwa","SUBJECTO":"Hopitutskwa","BORDERPRECISION":1,"PARTOF":"Hopitutskwa"}},
{"type":"Feature","geometry":{"type":"Polygon","coordinates":[[[-71.01,1.14],[-71,1.12],[-70.84,0.82],[-70.83,0.8],[-70.77,0.67],[-70.75,0.65],[-70.62,0.6],[-70.59,0.58],[-70.55,0.57],[-70.53,0.56],[-70.4,0.51],[-70.32,0.48],[-70.3,0.47],[-70.24,0.47],[-70.13,0.46],[-70.08,0.46],[-70.05,0.45],[-69.98,0.45],[-69.92,0.44],[-69.85,0.44],[-69.84,0.44],[-69.81,0.44],[-69.71,0.43],[-69.61,0.42],[-69.6,0.42],[-69.55,0.43],[-69.3,0.48],[-69.29,0.48],[-69.26,0.49],[-69.11,0.52],[-68.93,0.55],[-68.89,0.56],[-68.73,0.59],[-68.7,0.6],[-68.42,0.74],[-68.17,0.87],[-67.91,1],[-67.68,1.11],[-67.43,1.36],[-67.34,1.46],[-67.17,1.66],[-67.09,1.75],[-67.01,1.85],[-66.92,2.09],[-66.85,2.31],[-66.75,2.94],[-66.75,3.23],[-66.73,3.85],[-66.84,4.05],[-67.01,4.35],[-67.21,4.44],[-67.27,4.47],[-67.39,4.53],[-68.03,4.62],[-68.2,4.57],[-68.22,4.38],[-68.22,4.05],[-68.23,4],[-68.24,3.93],[-68.29,3.64],[-68.39,3.51],[-68.44,3.44],[-68.7,3.31],[-68.94,3.24],[-68.96,3.24],[-69.76,3.19],[-70.15,2.75],[-70.59,2.78],[-70.86,2.81],[-70.93,2.83],[-70.95,2.8],[-70.96,2.7],[-70.99,2.48],[-71.08,1.85],[-71.07,1.7],[-71.03,1.18],[-71.03,1.16],[-71.01,1.14]]]},"properties":{"NAME":"Walimanai (Baniwa)","ABBREVN":"Walimanai (Baniwa)","SUBJECTO":"Walimanai (Baniwa)","BORDERPRECISION":1,"PARTOF":"Walimanai (Baniwa)"}},
{"type":"Feature","geometry":{"type":"Polygon","coordinates":[[[-71.37,41.84],[-71.78,41.86],[-71.79,41.84],[-71.78,41.84],[-71.73,41.77],[-71.75,41.67],[-71.78,41.58],[-71.79,41.48],[-71.78,41.42],[-71.79,41.42],[-71.79,41.41],[-71.81,41.39],[-71.79,41.39],[-71.5,41.42],[-71.45,41.43],[-71.37,41.84]]]},"properties":{"NAME":"Narragansett","ABBREVN":"Narragansett","SUBJECTO":"Narragansett","BORDERPRECISION":1,"PARTOF":"Narragansett"}},
{"type":"Feature","geometry":{"type":"Polygon","coordinates":[[[-84.03,11.95],[-84.1,11.93],[-84.21,11.86],[-84.24,11.84],[-84.36,11.75],[-84.8,11.27],[-84.82,11.27],[-84.75,11.14],[-84.76,11.11],[-84.77,10.95],[-84.78,10.9],[-84.81,10.82],[-84.99,10.63],[-85.03,10.59],[-85.12,10.52],[-85.29,10.4],[-85.29,10.34],[-85.28,10.34],[-84.82,10.3],[-84.69,10.33],[-84.56,10.37],[-84.27,10.57],[-84.06,10.57],[-83.99,10.51],[-83.99,10.5],[-83.96,10.48],[-83.93,10.46],[-83.79,10.23],[-83.69,10.37],[-83.4,10.5],[-83.83,11.04],[-83.91,11.25],[-83.9,11.89],[-83.92,11.6],[-83.99,11.62],[-84.03,11.63],[-84.09,11.65],[-84.1,11.68],[-84.1,11.71],[-84.08,11.82],[-84.03,11.95]]]},"properties":{"NAME":"Rama","ABBREVN":"Rama","SUBJECTO":"Rama","BORDERPRECISION":1,"PARTOF":"Rama"}},
{"type":"Feature","geometry":{"type":"Polygon","coordinates":[[[-122.78,38.96],[-122.8,38.95],[-122.83,38.93],[-122.83,38.86],[-122.83,38.85],[-122.81,38.84],[-122.78,38.83],[-122.76,38.84],[-122.56,38.79],[-122.53,38.76],[-122.52,38.77],[-122.49,38.8],[-122.52,38.97],[-122.53,38.98],[-122.55,39.01],[-122.59,39],[-122.74,38.98],[-122.78,38.96]]]},"properties":{"NAME":"Me-Wuk (Lake Miwok)","ABBREVN":"Me-Wuk (Lake Miwok)","SUBJECTO":"Me-Wuk (Lake Miwok)","BORDERPRECISION":1,"PARTOF":"Me-Wuk (Lake Miwok)"}},
{"type":"Feature","geometry":{"type":"Polygon","coordinates":[[[-79.32,33.63],[-79.23,33.49],[-79.2,33.46],[-78.9,33.7],[-78.7,33.78],[-78.63,33.81],[-78.63,33.83],[-78.73,33.82],[-78.82,33.82],[-79.1,33.83],[-79.19,33.84],[-79.33,33.81],[-79.34,33.66],[-79.32,33.63]]]},"properties":{"NAME":"Waccamaw (Woccon)","ABBREVN":"Waccamaw (Woccon)","SUBJECTO":"Waccamaw (Woccon)","BORDERPRECISION":1,"PARTOF":"Waccamaw (Woccon)"}},
{"type":"Feature","geometry":{"type":"MultiPolygon","coordinates":[[[[-63.83,-12.27],[-63.23,-12.66],[-63.21,-12.64],[-63.19,-12.63],[-63.75,-12.3],[-63.82,-12.28],[-63.83,-12.27]]],[[[-63.89,-12.22],[-64.46,-11.9],[-64.74,-12.01],[-64.65,-12.11],[-64.46,-11.9],[-63.83,-12.27],[-63.89,-12.22]]],[[[-63.05,-12.73],[-63.03,-12.77],[-62.86,-12.85],[-63.05,-12.73]]]]},"properties":{"NAME":"Wajuru","ABBREVN":"Wajuru","SUBJECTO":"Wajuru","BORDERPRECISION":1,"PARTOF":"Wajuru"}},
{"type":"Feature","geometry":{"type":"MultiPolygon","coordinates":[[[[-71.67,6.27],[-71.68,6.3],[-71.68,6.39],[-71.73,6.26],[-71.67,6.27]]],[[[-71.64,6.75],[-71.68,6.62],[-71.67,6.56],[-71.63,6.7],[-71.57,6.73],[-71.5,6.75],[-71.64,6.75]]]]},"properties":{"NAME":"Betoy","ABBREVN":"Betoy","SUBJECTO":"Betoy","BORDERPRECISION":1,"PARTOF":"Betoy"}},
{"type":"Feature","geometry":{"type":"MultiPolygon","coordinates":[[[[-127.94,54.12],[-128,54.06],[-128.02,54.07],[-128.03,54.04],[-128.02,54.02],[-128.03,54.01],[-128.05,53.99],[-128.05,53.96],[-128.08,53.84],[-127.9,53.75],[-127.74,53.58],[-127.66,53.53],[-127.63,53.54],[-127.69,53.57],[-127.73,53.6],[-127.79,53.63],[-127.83,53.71],[-127.89,53.8],[-127.92,53.94],[-127.89,54.15],[-127.94,54.12]]],[[[-127.56,54.79],[-127.46,54.94],[-127.51,55.07],[-127.53,55.14],[-127.55,55.14],[-127.58,55.14],[-127.52,54.98],[-127.57,54.89],[-127.56,54.79]]],[[[-127.65,54.78],[-127.62,54.74],[-127.6,54.72],[-127.6,54.73],[-127.59,54.75],[-127.56,54.79],[-127.63,54.78],[-127.65,54.78]]],[[[-127.52,53.46],[-127.53,53.47],[-127.55,53.48],[-127.53,53.46],[-127.52,53.46]]],[[[-127.71,54.4],[-127.65,54.58],[-127.62,54.66],[-127.68,54.62],[-127.72,54.51],[-127.72,54.45],[-127.71,54.4]]]]},"properties":{"NAME":"Wet'suwet'en Yintikh","ABBREVN":"Wet'suwet'en Yintikh","SUBJECTO":"Wet'suwet'en Yintikh","BORDERPRECISION":1,"PARTOF":"Wet'suwet'en Yintikh"}},
{"type":"Feature","geometry":{"type":"Polygon","coordinates":[[[-120.68,38.47],[-120.68,38.41],[-120.77,38.34],[-120.75,38.29],[-120.71,38.09],[-120.69,38.06],[-120.65,38.09],[-120.41,38.29],[-120.38,38.31],[-120.44,38.34],[-120.54,38.44],[-120.52,38.58],[-120.53,38.59],[-120.61,38.56],[-120.65,38.47],[-120.68,38.47]]]},"properties":{"NAME":"Me-Wuk (Northern Sierra Miwok)","ABBREVN":"Me-Wuk (Northern Sierra Miwok)","SUBJECTO":"Me-Wuk (Northern Sierra Miwok)","BORDERPRECISION":1,"PARTOF":"Me-Wuk (Northern Sierra Miwok)"}},
{"type":"Feature","geometry":{"type":"Polygon","coordinates":[[[-110.38,23.58],[-111.69,25.49],[-112.15,25.7],[-112.17,25.01],[-110.42,23.58],[-110.38,23.58]]]},"properties":{"NAME":"Guaycura","ABBREVN":"Guaycura","SUBJECTO":"Guaycura","BORDERPRECISION":1,"PARTOF":"Guaycura"}},
{"type":"Feature","geometry":{"type":"Polygon","coordinates":[[[-78.98,0.62],[-78.54,0.63],[-78.54,0.71],[-78.66,0.66],[-78.85,0.63],[-78.97,0.66],[-78.98,0.62]]]},"properties":{"NAME":"Chachi","ABBREVN":"Chachi","SUBJECTO":"Chachi","BORDERPRECISION":1,"PARTOF":"Chachi"}},
{"type":"Feature","geometry":{"type":"Polygon","coordinates":[[[-90.67,16.7],[-90.63,16.67],[-90.62,16.66],[-90.63,16.68],[-90.69,16.77],[-90.72,16.8],[-90.84,16.9],[-91,17],[-91.16,17.06],[-91.1,16.99],[-90.79,16.82],[-90.67,16.7]]]},"properties":{"NAME":"Hach Winik (Lacandon)","ABBREVN":"Hach Winik (Lacandon)","SUBJECTO":"Hach Winik (Lacandon)","BORDERPRECISION":1,"PARTOF":"Hach Winik (Lacandon)"}},
{"type":"Feature","geometry":{"type":"MultiPolygon","coordinates":[[[[-69.61,-25.01],[-69.59,-24.9],[-69.74,-24.8],[-70.4,-24.28],[-70.46,-23.93],[-70.4,-25.25],[-71.2,-28.24],[-70.55,-28.03],[-70.32,-27.7],[-70.36,-27.59],[-70.01,-25.64],[-69.62,-25.03],[-69.61,-25.03],[-69.61,-25.01]]],[[[-70.11,-21.45],[-70.04,-21.43],[-70.11,-21.15],[-70.11,-21.45]]]]},"properties":{"NAME":"Chango","ABBREVN":"Chango","SUBJECTO":"Chango","BORDERPRECISION":1,"PARTOF":"Chango"}},
{"type":"Feature","geometry":{"type":"Polygon","coordinates":[[[-92.06,30.41],[-92.06,30.42],[-92.08,30.46],[-92.05,30.55],[-92.05,30.6],[-92.05,30.61],[-92.05,30.65],[-92.23,30.83],[-92.23,30.86],[-92.23,30.9],[-92.42,31.03],[-92.45,31.1],[-92.45,31.11],[-92.46,31.17],[-92.47,31.21],[-92.46,31.32],[-92.48,31.34],[-92.68,31.22],[-93.2,31.18],[-93.34,31.17],[-93.6,31.02],[-94.06,31.2],[-94.08,31.21],[-94.18,31.17],[-94.62,31.25],[-94.8,31.18],[-94.92,31.18],[-94.93,31.12],[-94.95,31.06],[-95.21,30.68],[-95.51,30.45],[-95.53,30.43],[-95.58,30.38],[-95.6,30.36],[-95.38,30.26],[-95.32,30.23],[-95.12,30.13],[-95.08,30.11],[-94.13,30.12],[-93.72,30.12],[-93.02,30.25],[-92.54,30.23],[-92.31,30.25],[-92.18,30.25],[-92.16,30.23],[-92.12,30.25],[-92.01,30.26],[-92.03,30.31],[-92.01,30.31],[-92.03,30.33],[-92.06,30.37],[-92.06,30.41]]]},"properties":{"NAME":"Koasati (Coushatta)","ABBREVN":"Koasati (Coushatta)","SUBJECTO":"Koasati (Coushatta)","BORDERPRECISION":1,"PARTOF":"Koasati (Coushatta)"}},
{"type":"Feature","geometry":{"type":"Polygon","coordinates":[[[-52.38,-5.99],[-51.68,-5.94],[-51.97,-5.34],[-52,-5.35],[-52,-5.36],[-52.01,-5.45],[-52.09,-5.45],[-52.1,-5.45],[-52.12,-5.46],[-52.54,-5.45],[-52.55,-5.45],[-52.51,-5.56],[-52.44,-5.8],[-52.39,-5.98],[-52.38,-5.99]]]},"properties":{"NAME":"Awaeté","ABBREVN":"Awaeté","SUBJECTO":"Awaeté","BORDERPRECISION":1,"PARTOF":"Awaeté"}},
{"type":"Feature","geometry":{"type":"MultiPolygon","coordinates":[[[[-125.05,48.95],[-125.04,48.96],[-125.02,48.95],[-125.01,48.95],[-124.99,48.93],[-124.96,48.92],[-124.88,48.92],[-124.87,48.95],[-124.83,48.94],[-124.79,48.95],[-124.77,48.94],[-124.77,48.96],[-124.75,48.96],[-124.75,48.97],[-124.74,48.97],[-124.73,48.97],[-124.7,48.99],[-124.67,48.99],[-124.66,48.99],[-124.67,49],[-124.65,49.01],[-124.66,49.02],[-124.66,49.01],[-124.68,49.01],[-124.69,49],[-124.76,48.98],[-124.8,48.98],[-124.82,48.98],[-124.85,49],[-124.86,49.01],[-124.87,49.01],[-124.88,49],[-124.91,48.99],[-124.91,49.02],[-124.97,49.06],[-124.97,49.07],[-124.99,49.1],[-125,49.12],[-125.01,49.13],[-125,49.17],[-125.03,49.13],[-125.17,48.96],[-125.2,48.87],[-125.1,48.9],[-125.05,48.95]]],[[[-125.4,49.3],[-125.39,49.3],[-125.38,49.3],[-125.35,49.28],[-125.32,49.27],[-125.31,49.26],[-125.29,49.25],[-125.17,49.24],[-124.87,49.29],[-124.87,49.3],[-124.89,49.32],[-124.92,49.35],[-124.97,49.39],[-125.04,49.46],[-125.08,49.48],[-125.1,49.47],[-125.14,49.46],[-125.22,49.45],[-125.31,49.45],[-125.36,49.47],[-125.36,49.48],[-125.37,49.48],[-125.39,49.52],[-125.41,49.5],[-125.44,49.52],[-125.45,49.52],[-125.45,49.51],[-125.48,49.46],[-125.56,49.41],[-125.56,49.4],[-125.55,49.39],[-125.53,49.38],[-125.53,49.37],[-125.52,49.37],[-125.51,49.36],[-125.49,49.32],[-125.42,49.31],[-125.4,49.3]]],[[[-124.57,49.14],[-124.57,49.13],[-124.55,49.13],[-124.54,49.12],[-124.55,49.14],[-124.57,49.18],[-124.62,49.21],[-124.66,49.23],[-124.7,49.25],[-124.72,49.24],[-124.73,49.24],[-124.73,49.23],[-124.69,49.2],[-124.66,49.19],[-124.63,49.17],[-124.61,49.16],[-124.59,49.16],[-124.58,49.16],[-124.57,49.14]]]]},"properties":{"NAME":"Tseshaht","ABBREVN":"Tseshaht","SUBJECTO":"Tseshaht","BORDERPRECISION":1,"PARTOF":"Tseshaht"}},
{"type":"Feature","geometry":{"type":"Polygon","coordinates":[[[-81.41,30.07],[-81.87,30.21],[-82.67,30.09],[-83.6,30.09],[-83.63,30.1],[-83.74,30.09],[-83.85,30.1],[-83.95,30.11],[-83.96,30.11],[-83.98,30.1],[-83.98,30.09],[-83.99,30.08],[-83.49,29.69],[-82.65,28.91],[-82.72,28.44],[-82.84,27.84],[-82.62,27.53],[-82.75,27.53],[-82.75,27.52],[-82.65,27.4],[-82.58,27.31],[-82.08,26.55],[-81.08,27.23],[-80.98,27.23],[-80.73,27.24],[-80.69,27.24],[-80.59,27.25],[-80.27,27.26],[-80.24,27.26],[-80.23,27.24],[-80.61,28.56],[-81.41,30.07]]]},"properties":{"NAME":"Seminole","ABBREVN":"Seminole","SUBJECTO":"Seminole","BORDERPRECISION":1,"PARTOF":"Seminole"}},
{"type":"Feature","geometry":{"type":"MultiPolygon","coordinates":[[[[-82.06,33.52],[-81.93,33.37],[-81.95,33.45],[-82.03,33.54],[-82.06,33.52]]],[[[-81.6,33.07],[-81.62,33.08],[-81.66,33.11],[-81.61,33.06],[-81.6,33.07]]]]},"properties":{"NAME":"Westo","ABBREVN":"Westo","SUBJECTO":"Westo","BORDERPRECISION":1,"PARTOF":"Westo"}},
{"type":"Feature","geometry":{"type":"Polygon","coordinates":[[[-106.57,28.79],[-106.78,28.77],[-106.97,28.78],[-106.74,28.69],[-106.54,28.61],[-107.33,27.4],[-106.87,26.77],[-106.8,26.88],[-106.71,27.01],[-106.29,27.22],[-106.27,27.21],[-106.26,27.32],[-105.92,27.48],[-105.38,27.28],[-105.27,27.24],[-105.19,27.25],[-104.87,27.04],[-104.59,27.26],[-104.55,27.89],[-104.44,27.99],[-104.35,28.04],[-104.28,28.09],[-104.24,28.12],[-104.19,28.15],[-104.18,28.22],[-104.07,28.33],[-104.05,28.4],[-103.97,28.44],[-103.88,28.52],[-103.88,28.53],[-103.83,28.6],[-104.15,28.79],[-104.15,28.81],[-104.37,29.05],[-104.51,29.16],[-104.69,29.23],[-104.98,29.35],[-105.12,29.46],[-105.55,29.09],[-105.85,28.97],[-106.18,28.83],[-106.26,28.82],[-106.57,28.79]]]},"properties":{"NAME":"Yoli (Concho)","ABBREVN":"Yoli (Concho)","SUBJECTO":"Yoli (Concho)","BORDERPRECISION":1,"PARTOF":"Yoli (Concho)"}},
{"type":"Feature","geometry":{"type":"Polygon","coordinates":[[[-171.89,63.69],[-169.9,63.08],[-169.33,63.4],[-171.74,63.75],[-171.89,63.69]]]},"properties":{"NAME":"Sivuqaq (St. Lawrence Island) Yupik","ABBREVN":"Sivuqaq (St. Lawrence Island) Yupik","SUBJECTO":"Sivuqaq (St. Lawrence Island) Yupik","BORDERPRECISION":1,"PARTOF":"Sivuqaq (St. Lawrence Island) Yupik"}},
{"type":"Feature","geometry":{"type":"Polygon","coordinates":[[[-79.93,-4.68],[-79.67,-5.35],[-79.81,-4.76],[-79.88,-4.71],[-79.93,-4.68]]]},"properties":{"NAME":"Caxas","ABBREVN":"Caxas","SUBJECTO":"Caxas","BORDERPRECISION":1,"PARTOF":"Caxas"}},
{"type":"Feature","geometry":{"type":"Polygon","coordinates":[[[-77.63,37.2],[-77.62,37.2],[-77.63,37.27],[-77.58,37.3],[-77.64,37.42],[-79.44,38.16],[-78.59,37.13],[-78.53,37.13],[-78.52,37.15],[-78.22,37.39],[-77.77,37.23],[-77.65,37.19],[-77.64,37.19],[-77.63,37.2]]]},"properties":{"NAME":"Monacan","ABBREVN":"Monacan","SUBJECTO":"Monacan","BORDERPRECISION":1,"PARTOF":"Monacan"}},
{"type":"Feature","geometry":{"type":"MultiPolygon","coordinates":[[[[-92.93,17.59],[-92.99,17.62],[-93.05,17.8],[-93.04,17.83],[-93.09,17.92],[-93.11,17.9],[-93.87,17.17],[-93.88,17.09],[-93.91,17],[-94.02,16.82],[-94.92,16.96],[-94.21,16.61],[-94.02,16.81],[-93.87,16.89],[-93.88,16.91],[-93.82,16.96],[-93.71,16.92],[-93.55,16.82],[-93.49,16.75],[-93.11,16.84],[-92.98,16.85],[-92.9,17.2],[-92.89,17.21],[-92.9,17.24],[-92.94,17.4],[-92.95,17.49],[-92.95,17.53],[-92.95,17.54],[-92.93,17.59]]],[[[-93.48,16.74],[-93.46,16.72],[-93.36,16.66],[-93.23,16.66],[-93.19,16.67],[-93.15,16.69],[-93.18,16.73],[-93.19,16.74],[-93.19,16.77],[-93.18,16.78],[-93.18,16.8],[-93.18,16.82],[-93.48,16.74]]]]},"properties":{"NAME":"O’ de püt/Angpøn (Zoque)","ABBREVN":"O’ de püt/Angpøn (Zoque)","SUBJECTO":"O’ de püt/Angpøn (Zoque)","BORDERPRECISION":1,"PARTOF":"O’ de püt/Angpøn (Zoque)"}},
{"type":"Feature","geometry":{"type":"Polygon","coordinates":[[[-105.27,27.24],[-105.15,27.2],[-104.33,26.64],[-104.03,25.84],[-103.8,26.07],[-102.82,26.82],[-102.74,26.76],[-102.49,27.05],[-102.42,27.13],[-102.45,27.16],[-102.92,27.48],[-103.04,27.83],[-103.05,27.89],[-103.32,28.35],[-103.33,28.37],[-103.54,28.46],[-103.7,28.55],[-103.88,28.52],[-103.97,28.44],[-104.05,28.4],[-104.07,28.33],[-104.18,28.22],[-104.19,28.15],[-104.24,28.12],[-104.28,28.09],[-104.35,28.04],[-104.44,27.99],[-104.55,27.89],[-104.59,27.26],[-104.87,27.04],[-105.19,27.25],[-105.27,27.24]]]},"properties":{"NAME":"Tobosos","ABBREVN":"Tobosos","SUBJECTO":"Tobosos","BORDERPRECISION":1,"PARTOF":"Tobosos"}},
{"type":"Feature","geometry":{"type":"MultiPolygon","coordinates":[[[[-75.2,-1.9],[-75.24,-1.87],[-75.28,-1.86],[-75.29,-1.86],[-75.24,-1.88],[-75.2,-1.9]]],[[[-75,-2.03],[-75.02,-2],[-75.03,-2],[-75.05,-1.99],[-75.11,-1.95],[-75.08,-1.99],[-75.04,-2.02],[-75,-2.03]]]]},"properties":{"NAME":"Arabela","ABBREVN":"Arabela","SUBJECTO":"Arabela","BORDERPRECISION":1,"PARTOF":"Arabela"}},
{"type":"Feature","geometry":{"type":"MultiPolygon","coordinates":[[[[-75.7,9.43],[-75.23,8.64],[-74.93,8.51],[-74.84,8.45],[-74.78,8.4],[-74.77,8.55],[-74.85,8.88],[-75.6,9.6],[-75.7,9.43]]],[[[-74.64,5.51],[-74.71,5.32],[-74.73,5.32],[-74.75,5.31],[-74.77,5.3],[-74.74,5.3],[-74.66,5.35],[-74.64,5.51]]],[[[-74.95,5.23],[-74.96,5.22],[-74.99,5.21],[-75.38,4.44],[-75.36,4.44],[-75.85,3.46],[-75.93,3.31],[-75.92,3.29],[-75.84,3.46],[-75.35,4.43],[-74.95,5.23]]],[[[-74.33,-0.56],[-74.38,-0.55],[-74.44,-0.51],[-74.38,-0.55],[-74.34,-0.56],[-74.33,-0.56]]],[[[-74.73,-0.32],[-74.98,-0.16],[-75.16,-0.07],[-75.27,-0.08],[-75.11,-0.13],[-74.73,-0.32]]],[[[-75.74,0.06],[-75.73,0.05],[-75.72,0.05],[-75.63,0.02],[-75.65,0.03],[-75.69,0.05],[-75.72,0.06],[-75.78,0.08],[-75.74,0.06]]],[[[-76.38,0.28],[-76.35,0.3],[-76.27,0.31],[-76.23,0.31],[-75.87,0.12],[-76.03,0.29],[-76.04,0.3],[-76.27,0.39],[-76.34,0.36],[-76.37,0.34],[-76.52,0.26],[-76.45,0.26],[-76.38,0.28]]],[[[-76.64,0.25],[-76.81,0.24],[-77.05,0.31],[-77.11,0.32],[-77.03,0.26],[-76.86,0.24],[-76.64,0.25]]]]},"properties":{"NAME":"Emberá Katío/Eyabida","ABBREVN":"Emberá Katío/Eyabida","SUBJECTO":"Emberá Katío/Eyabida","BORDERPRECISION":1,"PARTOF":"Emberá Katío/Eyabida"}},
{"type":"Feature","geometry":{"type":"MultiPolygon","coordinates":[[[[-127.92,52.71],[-127.91,52.71],[-127.89,52.71],[-127.8,52.8],[-127.8,52.82],[-127.8,52.84],[-127.8,52.85],[-127.79,52.9],[-127.93,52.93],[-127.99,53.03],[-128.05,53.03],[-128.11,53.06],[-128.15,53.09],[-128.16,53.18],[-128.21,53.23],[-128.29,53.24],[-128.32,53.24],[-128.35,53.24],[-128.39,53.24],[-128.39,53.23],[-128.4,53.23],[-128.42,53.21],[-128.45,53.25],[-128.46,53.26],[-128.52,53.28],[-128.53,53.28],[-128.54,53.29],[-128.6,53.29],[-128.6,53.31],[-128.6,53.34],[-128.75,53.43],[-128.8,53.59],[-128.64,54.01],[-128.76,54.1],[-128.82,54.14],[-128.76,54.25],[-128.72,54.27],[-128.71,54.28],[-128.64,54.31],[-128.62,54.32],[-128.55,54.35],[-128.43,54.32],[-128.41,54.32],[-128.26,54.3],[-128.17,54.3],[-128.09,54.29],[-128.07,54.29],[-128.06,54.22],[-127.96,54.17],[-127.93,54.15],[-127.92,54.15],[-127.89,54.17],[-127.83,54.24],[-127.73,54.36],[-127.72,54.37],[-127.71,54.4],[-127.72,54.45],[-127.72,54.51],[-127.68,54.62],[-127.62,54.66],[-127.6,54.72],[-127.62,54.74],[-127.65,54.78],[-127.68,54.79],[-127.72,54.8],[-127.87,54.79],[-127.92,54.79],[-127.95,54.78],[-128.09,54.75],[-128.31,54.75],[-128.58,54.69],[-128.58,54.76],[-128.6,54.77],[-128.62,54.8],[-128.63,54.8],[-128.76,54.81],[-128.84,54.82],[-128.82,54.87],[-128.83,54.89],[-129.05,54.87],[-129.16,54.88],[-129.19,54.86],[-129.27,54.89],[-129.32,54.89],[-129.43,54.81],[-129.37,54.76],[-129.44,54.7],[-129.41,54.66],[-129.42,54.65],[-129.45,54.62],[-129.52,54.58],[-129.55,54.62],[-129.65,54.62],[-129.69,54.51],[-129.96,54.54],[-130.11,54.73],[-130.18,54.17],[-130,53.94],[-129.64,53.67],[-129.43,53.52],[-129.06,53.74],[-128.83,53.53],[-128.89,53.42],[-128.73,53.25],[-128.72,53.24],[-128.64,53.16],[-128.43,52.94],[-128.08,52.94],[-128.07,52.68],[-127.98,52.69],[-127.92,52.71]]],[[[-128.65,55.15],[-128.69,55.15],[-128.7,55.15],[-128.71,55.15],[-128.73,55.14],[-128.77,55.18],[-128.79,55.19],[-128.78,55.15],[-128.78,55.11],[-128.81,55.05],[-128.7,55.12],[-128.63,55.14],[-128.65,55.15]]]]},"properties":{"NAME":"Ts'msyen La̱xyuup (Tsimshian)","ABBREVN":"Ts'msyen La̱xyuup (Tsimshian)","SUBJECTO":"Ts'msyen La̱xyuup (Tsimshian)","BORDERPRECISION":1,"PARTOF":"Ts'msyen La̱xyuup (Tsimshian)"}},
{"type":"Feature","geometry":{"type":"Polygon","coordinates":[[[-100.59,21.85],[-100.66,21.75],[-100.66,21.56],[-100.65,21.53],[-100.6,21.52],[-100.53,21.51],[-100.4,21.49],[-99.92,21.42],[-99.62,21.24],[-99.37,21.21],[-99.04,21.27],[-99.06,21.3],[-99.11,21.31],[-99.11,21.47],[-99.2,21.64],[-99.21,21.67],[-99.28,21.72],[-99.3,21.87],[-99.32,21.95],[-99.33,22.15],[-99.34,22.16],[-99.37,22.22],[-100.15,22.56],[-100.2,22.47],[-100.13,22.43],[-100.18,21.86],[-100.38,21.69],[-100.47,21.77],[-100.5,21.8],[-100.59,21.85]]]},"properties":{"NAME":"Hi Ui (Pame/Chichimeco Jonaz)","ABBREVN":"Hi Ui (Pame/Chichimeco Jonaz)","SUBJECTO":"Hi Ui (Pame/Chichimeco Jonaz)","BORDERPRECISION":1,"PARTOF":"Hi Ui (Pame/Chichimeco Jonaz)"}},
{"type":"Feature","geometry":{"type":"Polygon","coordinates":[[[-60.05,4.09],[-60.15,3.88],[-60.19,3.87],[-60.3,3.39],[-60.32,3.29],[-60.5,2.79],[-60.66,2.63],[-60.77,2.6],[-60.62,2.43],[-60.44,2.2],[-60.03,1.93],[-59.88,1.86],[-59.77,1.88],[-59.65,1.93],[-58.88,2.51],[-58.45,2.53],[-58.38,2.53],[-58.36,2.66],[-58.32,3.45],[-58.34,3.52],[-58.37,3.63],[-58.41,3.88],[-58.52,4.12],[-58.66,4.2],[-58.73,4.24],[-59.21,4.29],[-59.3,4.31],[-59.33,4.24],[-59.48,3.86],[-59.57,3.83],[-59.58,3.84],[-59.73,3.87],[-59.88,3.94],[-59.99,4.08],[-60.05,4.09]]]},"properties":{"NAME":"Wapishana/Wapixana","ABBREVN":"Wapishana/Wapixana","SUBJECTO":"Wapishana/Wapixana","BORDERPRECISION":1,"PARTOF":"Wapishana/Wapixana"}},
{"type":"Feature","geometry":{"type":"Polygon","coordinates":[[[-78.3,1.05],[-78.44,1.17],[-78.47,1.19],[-78.51,1.2],[-78.45,0.85],[-78.49,0.77],[-78.49,0.76],[-78.46,0.65],[-78.42,0.66],[-78.44,0.73],[-78.38,0.97],[-78.31,1.03],[-78.3,1.05]]]},"properties":{"NAME":"Inkal Awá","ABBREVN":"Inkal Awá","SUBJECTO":"Inkal Awá","BORDERPRECISION":1,"PARTOF":"Inkal Awá"}},
{"type":"Feature","geometry":{"type":"MultiPolygon","coordinates":[[[[-123.73,41.57],[-123.76,41.56],[-123.75,41.56],[-123.73,41.56],[-123.73,41.57]]],[[[-123.84,41.53],[-123.87,41.52],[-123.9,41.53],[-123.94,41.6],[-123.95,41.61],[-123.93,41.56],[-123.92,41.53],[-123.91,41.52],[-123.87,41.51],[-123.84,41.52],[-123.84,41.53]]]]},"properties":{"NAME":"Tolowa Dee-ni’","ABBREVN":"Tolowa Dee-ni’","SUBJECTO":"Tolowa Dee-ni’","BORDERPRECISION":1,"PARTOF":"Tolowa Dee-ni’"}},
{"type":"Feature","geometry":{"type":"Polygon","coordinates":[[[-123.81,41.16],[-123.81,41.15],[-123.77,41.16],[-123.71,41.1],[-123.6,41.16],[-123.58,41.16],[-123.58,41.17],[-123.59,41.2],[-123.81,41.16]]]},"properties":{"NAME":"Hoopa (Reservation)","ABBREVN":"Hoopa (Reservation)","SUBJECTO":"Hoopa (Reservation)","BORDERPRECISION":1,"PARTOF":"Hoopa (Reservation)"}},
{"type":"Feature","geometry":{"type":"MultiPolygon","coordinates":[[[[-91.63,14.14],[-91.52,14.06],[-91.45,14.03],[-91.42,14.13],[-91.33,14.29],[-91.32,14.31],[-91.43,14.31],[-91.51,14.3],[-91.52,14.3],[-91.54,14.27],[-91.63,14.14]]],[[[-91.25,14.5],[-91.24,14.54],[-91.2,14.62],[-91.19,14.68],[-91.25,14.73],[-91.28,14.72],[-91.29,14.7],[-91.31,14.52],[-91.27,14.51],[-91.25,14.5]]]]},"properties":{"NAME":"Tz'utujil","ABBREVN":"Tz'utujil","SUBJECTO":"Tz'utujil","BORDERPRECISION":1,"PARTOF":"Tz'utujil"}},
{"type":"Feature","geometry":{"type":"MultiPolygon","coordinates":[[[[-54.36,3.74],[-54.38,3.61],[-54.37,3.61],[-54,3.5],[-53.91,3.47],[-53.89,3.39],[-53.89,3.3],[-53.88,3.3],[-53.81,3.74],[-54.36,3.74]]],[[[-54.33,1.31],[-54.22,1.21],[-53.82,0.58],[-54.22,0.02],[-54.66,-0.07],[-54.67,-0.06],[-54.54,-0.16],[-53.07,-0.5],[-52.92,0.16],[-54.32,1.3],[-54.33,1.31]]],[[[-55.02,0.18],[-55.03,0.2],[-55.14,0.33],[-55.25,0.57],[-55.47,0.71],[-55.61,1.15],[-55.61,1.3],[-55.63,1.44],[-55.8,1.33],[-55.93,1.27],[-56.14,1.3],[-56.17,1.31],[-56.19,1.3],[-55.03,0.19],[-55.02,0.18]]]]},"properties":{"NAME":"Aparai","ABBREVN":"Aparai","SUBJECTO":"Aparai","BORDERPRECISION":1,"PARTOF":"Aparai"}},
{"type":"Feature","geometry":{"type":"Polygon","coordinates":[[[-83.98,30.09],[-84,30.09],[-84,30.08],[-83.99,30.08],[-83.98,30.09]]]},"properties":{"NAME":"Apalachees","ABBREVN":"Apalachees","SUBJECTO":"Apalachees","BORDERPRECISION":1,"PARTOF":"Apalachees"}},
{"type":"Feature","geometry":{"type":"Polygon","coordinates":[[[-112,29.86],[-112,29.81],[-112.32,29.44],[-111.69,28.5],[-110.81,28.49],[-110.95,28.58],[-111.02,28.67],[-111.08,28.72],[-111.17,28.81],[-111.44,29.39],[-111.58,29.52],[-111.64,29.57],[-111.72,29.67],[-111.75,29.66],[-111.78,29.76],[-111.84,29.83],[-112,29.86]]]},"properties":{"NAME":"Comca’ac (Seri)","ABBREVN":"Comca’ac (Seri)","SUBJECTO":"Comca’ac (Seri)","BORDERPRECISION":1,"PARTOF":"Comca’ac (Seri)"}},
{"type":"Feature","geometry":{"type":"Polygon","coordinates":[[[-119.26,53.08],[-119.29,53.1],[-119.32,53.12],[-119.4,53.06],[-119.41,53.06],[-119.26,53.08]]]},"properties":{"NAME":"Tsuu T'ina","ABBREVN":"Tsuu T'ina","SUBJECTO":"Tsuu T'ina","BORDERPRECISION":1,"PARTOF":"Tsuu T'ina"}},
{"type":"Feature","geometry":{"type":"Polygon","coordinates":[[[-116.96,55.57],[-117.03,55.53],[-117.26,55.46],[-117.27,55.45],[-117.28,55.45],[-117.65,55.33],[-117.99,55.22],[-118.53,55.05],[-118.99,54.8],[-119.58,54.47],[-119.73,54.4],[-119.8,54.19],[-119.82,54.14],[-119.82,54.13],[-119.59,53.86],[-119.41,53.66],[-119.28,53.28],[-119.25,53.19],[-119.26,53.18],[-119.32,53.12],[-119.29,53.1],[-119.26,53.08],[-118.9,52.87],[-118.8,52.81],[-118.75,52.78],[-118.3,52.51],[-118.21,52.46],[-118.08,52.38],[-118.06,52.37],[-117.93,52.28],[-117.84,52.23],[-117.68,52.14],[-117.67,52.13],[-117.64,52.11],[-117.59,52.08],[-117.57,52.07],[-116.99,51.72],[-116.98,51.72],[-116.48,51.42],[-115.71,50.95],[-115.09,50.38],[-115.07,50.37],[-114.85,50.16],[-114.8,50.12],[-113.6,49],[-112.96,48.42],[-112.43,48.12],[-112.93,48.98],[-112.95,49.02],[-113.41,50.33],[-113.57,50.86],[-113.75,51.48],[-113.75,52.26],[-113.75,52.73],[-113.75,53.03],[-112.88,53.52],[-112.81,53.55],[-112.1,53.98],[-112.08,53.99],[-111.3,53.98],[-110.91,53.86],[-110.03,53.61],[-109.99,53.59],[-109.18,53.21],[-108.35,52.52],[-107.68,52.45],[-107.66,52.48],[-107.18,53.06],[-106.44,53.19],[-106.19,53.2],[-105.68,53.2],[-104.7,52.85],[-103.07,53.34],[-103.01,53.43],[-102.82,53.74],[-102.61,53.97],[-101.17,53.92],[-99.01,53],[-98.93,52.88],[-98.69,52.53],[-97.84,51.84],[-97.58,51.89],[-97.56,51.89],[-97.35,51.91],[-96.85,51.64],[-96.62,51.3],[-96.63,51.27],[-96.72,50.97],[-96.92,50.3],[-94.53,49.15],[-93.08,48.67],[-92.81,48.76],[-91.25,50.32],[-91.66,51.54],[-94.07,53.07],[-93.77,53.41],[-93.73,53.41],[-92.99,54.28],[-92.14,54.84],[-89.12,56.8],[-91.34,57.16],[-92.42,57.39],[-92.89,58.21],[-93.02,58.45],[-93.09,58.51],[-93.31,58.69],[-94.68,58.88],[-94.45,58.74],[-94.65,58.69],[-95.06,58.6],[-98.9,58],[-100.82,57.9],[-102.08,57.94],[-102.47,57.87],[-102.6,57.85],[-104.38,57.02],[-105.89,55.96],[-105.99,55.91],[-106.71,55.57],[-106.87,55.49],[-106.98,55.38],[-107.43,54.93],[-107.95,54.86],[-108.55,54.79],[-109.01,55.05],[-109.04,55.07],[-109.24,55.54],[-109.37,55.73],[-109.63,56.09],[-109.98,56.81],[-112.73,58.38],[-113.27,58.34],[-113.63,58.28],[-113.66,58.27],[-114.13,58.18],[-114.39,58.05],[-114.59,57.94],[-114.99,57.48],[-115.46,56.96],[-115.86,56.5],[-115.92,56.44],[-116.18,56.01],[-116.19,56.01],[-116.9,55.6],[-116.96,55.57]]]},"properties":{"NAME":"Michif Piyii (Métis)","ABBREVN":"Michif Piyii (Métis)","SUBJECTO":"Michif Piyii (Métis)","BORDERPRECISION":1,"PARTOF":"Michif Piyii (Métis)"}},
{"type":"Feature","geometry":{"type":"Polygon","coordinates":[[[-160.19,63.57],[-160.22,63.58],[-160.33,63.52],[-160.49,63.44],[-160.49,63.42],[-160.35,63.49],[-160.41,63],[-159.77,62.75],[-159.36,62.74],[-159.15,62.77],[-158,62.83],[-157.58,62.82],[-157.91,63.24],[-158.21,63.71],[-158.42,63.61],[-159.07,63.4],[-159.58,63.41],[-160.23,63.54],[-160.19,63.57]]]},"properties":{"NAME":"Holikachuk","ABBREVN":"Holikachuk","SUBJECTO":"Holikachuk","BORDERPRECISION":1,"PARTOF":"Holikachuk"}},
{"type":"Feature","geometry":{"type":"Polygon","coordinates":[[[-78.97,0.66],[-78.85,0.63],[-78.66,0.66],[-78.54,0.71],[-78.53,0.72],[-78.49,0.76],[-78.49,0.77],[-78.45,0.85],[-78.51,1.2],[-78.47,1.19],[-78.38,1.17],[-78.28,1.07],[-78.24,1.03],[-78.14,0.93],[-78.11,0.9],[-78.06,0.87],[-77.87,0.78],[-77.74,0.78],[-77.67,0.7],[-77.55,0.56],[-77.53,0.54],[-77.44,0.44],[-77.34,0.4],[-77.25,0.37],[-77.11,0.32],[-77.05,0.31],[-76.81,0.24],[-76.64,0.25],[-76.53,0.25],[-76.52,0.26],[-76.37,0.34],[-76.34,0.36],[-76.27,0.39],[-76.04,0.3],[-76.03,0.29],[-75.87,0.12],[-75.84,0.1],[-75.82,0.09],[-75.78,0.08],[-75.72,0.06],[-75.69,0.05],[-75.65,0.03],[-75.63,0.02],[-75.58,0],[-75.38,-0.09],[-75.37,-0.09],[-75.36,-0.09],[-75.35,-0.09],[-75.27,-0.08],[-75.16,-0.07],[-74.98,-0.16],[-74.73,-0.32],[-74.47,-0.49],[-74.45,-0.5],[-74.44,-0.51],[-74.38,-0.55],[-74.33,-0.56],[-74.29,-0.57],[-74.27,-0.62],[-74.22,-0.59],[-74.19,-0.58],[-74.04,-0.56],[-73.8,-0.38],[-74.46,0.05],[-74.54,0.13],[-74.78,0.36],[-74.82,0.4],[-75.17,0.73],[-75.25,0.77],[-75.25,0.82],[-75.56,0.92],[-75.84,1.06],[-76,1.13],[-76.1,1.19],[-76.14,1.59],[-76.4,1.79],[-76.47,1.95],[-76.38,2.09],[-76.37,2.1],[-76.08,2.23],[-75.96,2.32],[-75.81,2.42],[-75.78,2.48],[-75.72,2.63],[-75.73,2.7],[-75.73,2.71],[-75.73,2.72],[-75.73,2.8],[-75.82,2.91],[-75.87,2.98],[-75.92,3.29],[-75.93,3.31],[-75.93,3.34],[-75.9,3.49],[-75.87,3.61],[-75.7,4.05],[-75.51,4.45],[-75.47,4.45],[-75.26,4.99],[-74.99,5.21],[-74.96,5.22],[-74.95,5.23],[-74.77,5.3],[-74.75,5.31],[-74.73,5.32],[-74.71,5.32],[-74.64,5.51],[-74.63,5.52],[-73.81,7.11],[-73.85,7.35],[-74.45,7.89],[-74.5,7.95],[-74.56,8.06],[-74.67,8.18],[-74.75,8.36],[-74.78,8.4],[-74.84,8.45],[-74.93,8.51],[-75.23,8.64],[-75.7,9.43],[-76.56,8.85],[-76.76,8.69],[-76.84,8.56],[-76.85,8.46],[-76.96,8.02],[-77.06,8.25],[-77.22,8.45],[-77.34,8.43],[-77.4,8.47],[-77.41,8.47],[-77.42,8.48],[-77.45,8.49],[-77.66,8.57],[-77.74,8.66],[-77.75,8.67],[-77.87,8.77],[-78.02,8.8],[-78.31,8.99],[-78.5,9.06],[-78.56,9.08],[-78.69,9.14],[-78.82,9.18],[-78.88,9.17],[-78.9,9.11],[-78.92,9.07],[-78.92,8.97],[-78.86,8.95],[-78.27,7.89],[-78.07,7.54],[-77.92,7.23],[-77.92,7.22],[-77.9,7.17],[-77.33,5.13],[-77.44,4.18],[-77.42,4.12],[-77.41,4.1],[-77.8,2.58],[-79.06,1.68],[-79.14,1.17],[-79.13,1.05],[-79.12,0.91],[-79.08,0.83],[-79.04,0.73],[-78.97,0.66]]]},"properties":{"NAME":"Emberá/Eperara/Épera","ABBREVN":"Emberá/Eperara/Épera","SUBJECTO":"Emberá/Eperara/Épera","BORDERPRECISION":1,"PARTOF":"Emberá/Eperara/Épera"}},
{"type":"Feature","geometry":{"type":"Polygon","coordinates":[[[-124.36,40.33],[-124.12,40.41],[-124.17,40.43],[-124.36,40.33]]]},"properties":{"NAME":"Mattole","ABBREVN":"Mattole","SUBJECTO":"Mattole","BORDERPRECISION":1,"PARTOF":"Mattole"}},
{"type":"Feature","geometry":{"type":"Polygon","coordinates":[[[-77.39,0.38],[-77.52,0.41],[-77.53,0.53],[-77.53,0.54],[-77.55,0.56],[-77.57,0.55],[-77.65,0.5],[-77.75,0.45],[-77.8,0.37],[-77.81,0.36],[-77.82,0.33],[-77.85,0.24],[-77.86,0.23],[-77.83,0.13],[-77.48,0.01],[-77.4,0.01],[-77.39,0.02],[-77.34,0.08],[-77.31,0.15],[-77.15,0.3],[-76.76,0.16],[-76.6,0.18],[-76.45,0.25],[-76.39,0.27],[-76.38,0.28],[-76.45,0.26],[-76.52,0.26],[-76.53,0.25],[-76.64,0.25],[-76.86,0.24],[-77.03,0.26],[-77.11,0.32],[-77.25,0.37],[-77.36,0.37],[-77.39,0.38]]]},"properties":{"NAME":"A'i Cofán/Kofán","ABBREVN":"A'i Cofán/Kofán","SUBJECTO":"A'i Cofán/Kofán","BORDERPRECISION":1,"PARTOF":"A'i Cofán/Kofán"}},
{"type":"Feature","geometry":{"type":"MultiPolygon","coordinates":[[[[-80.93,38.36],[-80.82,38.42],[-80.39,38.66],[-80.29,38.72],[-80.16,38.88],[-80.15,38.89],[-80.08,39.08],[-80.07,39.11],[-80.31,38.98],[-80.37,38.92],[-80.68,38.64],[-80.71,38.62],[-80.86,38.44],[-80.93,38.36]]],[[[-87.47,36.77],[-87.48,36.7],[-87.54,36.64],[-87.75,36.66],[-87.91,36.6],[-87.95,36.6],[-88.01,36.59],[-88.62,36.55],[-88.64,36.09],[-88.49,35.5],[-88.44,35.3],[-88.19,34.5],[-88.18,34.49],[-87.9,33.97],[-87.63,33.69],[-87.56,33.62],[-87.49,33.55],[-87.45,33.55],[-87.25,33.52],[-86.79,33.47],[-86.49,33.58],[-86.11,33.72],[-86.02,33.82],[-85.86,33.97],[-85.84,34.03],[-85.65,34.6],[-85.55,34.99],[-83.92,36.06],[-82.65,36.7],[-82.2,37.14],[-81.97,37.35],[-81.82,37.48],[-81.57,37.62],[-81.35,37.74],[-81.43,37.98],[-81.45,38.03],[-81.38,38.07],[-81.3,38.13],[-81.18,38.2],[-81.05,38.29],[-80.93,38.36],[-81.23,38.23],[-81.36,38.18],[-81.8,38],[-82.07,37.96],[-82.52,37.9],[-82.62,37.89],[-83.23,37.68],[-83.59,37.71],[-83.94,37.74],[-84.86,38],[-85.45,37.61],[-85.57,37.56],[-86.18,37.28],[-86.86,36.97],[-87.28,36.84],[-87.47,36.77]]]]},"properties":{"NAME":"Shawandasse Tula (Shawanwaki/Shawnee)","ABBREVN":"Shawandasse Tula (Shawanwaki/Shawnee)","SUBJECTO":"Shawandasse Tula (Shawanwaki/Shawnee)","BORDERPRECISION":1,"PARTOF":"Shawandasse Tula (Shawanwaki/Shawnee)"}},
{"type":"Feature","geometry":{"type":"Polygon","coordinates":[[[-92.93,16.51],[-92.99,16.55],[-93.04,16.59],[-93.05,16.63],[-93.08,16.65],[-93.13,16.68],[-93.21,16.54],[-92.94,16.33],[-92.9,16.37],[-92.92,16.4],[-92.93,16.48],[-92.93,16.51]]]},"properties":{"NAME":"Chiapaneco","ABBREVN":"Chiapaneco","SUBJECTO":"Chiapaneco","BORDERPRECISION":1,"PARTOF":"Chiapaneco"}},
{"type":"Feature","geometry":{"type":"MultiPolygon","coordinates":[[[[-79.39,-4.6],[-79.39,-4.63],[-79.38,-4.65],[-79.24,-4.68],[-79.08,-4.55],[-79.1,-4.5],[-79.11,-4.51],[-79.16,-4.52],[-79.35,-4.52],[-79.35,-4.54],[-79.37,-4.59],[-79.39,-4.6]]],[[[-79.4,-4.6],[-79.39,-4.62],[-79.39,-4.6],[-79.4,-4.6]]]]},"properties":{"NAME":"Malacatos","ABBREVN":"Malacatos","SUBJECTO":"Malacatos","BORDERPRECISION":1,"PARTOF":"Malacatos"}},
{"type":"Feature","geometry":{"type":"Polygon","coordinates":[[[-114.02,45.6],[-114.19,45.48],[-114.28,45.43],[-114.48,45.32],[-114.57,45.28],[-114.76,45.18],[-114.83,45.12],[-114.96,44.98],[-115.18,44.81],[-115.27,44.76],[-115.36,44.72],[-115.64,44.57],[-116.76,44.02],[-116.65,41.46],[-115.31,41.54],[-114.9,41.53],[-114.37,41.53],[-114.31,41.53],[-114.28,41.53],[-113.66,41.67],[-113.43,41.72],[-113.39,41.7],[-113.12,41.79],[-112.59,41.77],[-111.99,41.56],[-111.84,41.51],[-110.7,40.9],[-108.87,40.98],[-108.7,41.46],[-108.83,41.85],[-108.83,41.98],[-108.84,41.99],[-109.12,41.9],[-109.34,41.9],[-109.49,42.17],[-110.13,42.33],[-110.7,42.62],[-110.94,42.97],[-111.05,43.13],[-111.05,43.3],[-111.05,43.48],[-111.09,44.02],[-111.18,44.43],[-111.33,44.75],[-111.39,44.87],[-111.4,44.9],[-111.53,45.61],[-111.48,45.75],[-111.49,45.75],[-111.81,45.88],[-112.27,46.02],[-112.94,46.04],[-113.26,45.96],[-113.72,45.83],[-113.99,45.61],[-114.02,45.6]]]},"properties":{"NAME":"Shoshone-Bannock","ABBREVN":"Shoshone-Bannock","SUBJECTO":"Shoshone-Bannock","BORDERPRECISION":1,"PARTOF":"Shoshone-Bannock"}},
{"type":"Feature","geometry":{"type":"Polygon","coordinates":[[[-94.05,16.08],[-94,16.09],[-94,16.1],[-94.01,16.3],[-94.24,16.57],[-94.21,16.61],[-94.92,16.96],[-94.91,17.1],[-94.94,17],[-94.99,17.15],[-94.99,17.16],[-95.22,17.26],[-95.49,17.52],[-95.51,17.54],[-96.11,17.62],[-96.32,17.62],[-96.37,17.57],[-96.38,17.32],[-96.38,17.28],[-96.42,16.87],[-96.75,16.43],[-96.89,16.54],[-97.07,16.69],[-97.25,16.85],[-97.46,16.94],[-97.51,16.87],[-97.59,16.75],[-97.58,16.59],[-97.57,16.58],[-97.52,16.54],[-97.36,16.37],[-97.34,16.35],[-97.26,16.03],[-97.08,15.88],[-96.33,15.75],[-95.99,15.87],[-95.97,15.88],[-95.5,16.12],[-95.13,16.3],[-94.05,16.08]]]},"properties":{"NAME":"Ben 'Zaa/Binnizá/Mén Diiste/Bene Xhon (Zapoteco)","ABBREVN":"Ben 'Zaa/Binnizá/Mén Diiste/Bene Xhon (Zapoteco)","SUBJECTO":"Ben 'Zaa/Binnizá/Mén Diiste/Bene Xhon (Zapoteco)","BORDERPRECISION":1,"PARTOF":"Ben 'Zaa/Binnizá/Mén Diiste/Bene Xhon (Zapoteco)"}},
{"type":"Feature","geometry":{"type":"Polygon","coordinates":[[[-116.6,33.37],[-116.69,33.34],[-116.71,33.35],[-116.72,33.35],[-116.78,33.29],[-116.74,33.28],[-116.64,33.26],[-116.58,33.25],[-116.54,33.28],[-116.54,33.34],[-116.57,33.37],[-116.6,33.37]]]},"properties":{"NAME":"Cupeño","ABBREVN":"Cupeño","SUBJECTO":"Cupeño","BORDERPRECISION":1,"PARTOF":"Cupeño"}},
{"type":"Feature","geometry":{"type":"Polygon","coordinates":[[[-94.91,17.1],[-94.91,17.11],[-94.99,17.15],[-94.94,17],[-94.91,17.1]]]},"properties":{"NAME":"Ayuukjä'äy (Mixe)","ABBREVN":"Ayuukjä'äy (Mixe)","SUBJECTO":"Ayuukjä'äy (Mixe)","BORDERPRECISION":1,"PARTOF":"Ayuukjä'äy (Mixe)"}},
{"type":"Feature","geometry":{"type":"MultiPolygon","coordinates":[[[[-74.28,-3.91],[-74.32,-3.97],[-74.6,-3.93],[-74.78,-3.94],[-74.74,-3.96],[-74.48,-4.39],[-74,-4.33],[-74.16,-4.02],[-74.16,-4.01],[-74.17,-4],[-74.28,-3.91]]],[[[-76.17,-2.11],[-76.18,-2.12],[-76.25,-2.19],[-76.26,-2.31],[-76.22,-2.39],[-76.16,-2.46],[-76.12,-2.49],[-76.11,-2.5],[-76.06,-2.53],[-76.05,-2.54],[-75.98,-2.57],[-75.82,-2.7],[-75.5,-3.11],[-75.42,-3.21],[-75.29,-3.26],[-74.93,-3.4],[-74.9,-3.41],[-74.78,-3.43],[-74.99,-3.18],[-75.02,-3.15],[-75.05,-3.12],[-75.13,-3.06],[-75.21,-2.99],[-75.27,-2.84],[-75.35,-2.72],[-75.44,-2.6],[-75.48,-2.54],[-75.68,-2.28],[-75.74,-2.22],[-75.77,-2.19],[-75.92,-2.14],[-75.98,-2.12],[-76.14,-2.15],[-76.16,-2.13],[-76.17,-2.13],[-76.17,-2.12],[-76.17,-2.11]]]]},"properties":{"NAME":"Kichwa del Río Tigre","ABBREVN":"Kichwa del Río Tigre","SUBJECTO":"Kichwa del Río Tigre","BORDERPRECISION":1,"PARTOF":"Kichwa del Río Tigre"}},
{"type":"Feature","geometry":{"type":"MultiPolygon","coordinates":[[[[-66.89,-16.16],[-66.92,-16.11],[-68.28,-15.76],[-67.86,-16.32],[-67.83,-16.35],[-67.4,-16.92],[-67.27,-17.1],[-67.2,-17.2],[-67.03,-17.43],[-67.06,-17.25],[-67.04,-17],[-67.02,-16.77],[-66.89,-16.16]]],[[[-69.38,-15.23],[-69.12,-15.3],[-69.06,-15.32],[-69.11,-15.26],[-69.13,-15.26],[-69.29,-15.19],[-69.38,-15.23]]],[[[-71.06,-17.25],[-71.01,-17.31],[-71.05,-17.18],[-71.06,-17.25]]]]},"properties":{"NAME":"Aymara","ABBREVN":"Aymara","SUBJECTO":"Aymara","BORDERPRECISION":1,"PARTOF":"Aymara"}},
{"type":"Feature","geometry":{"type":"MultiPolygon","coordinates":[[[[-128.81,55.19],[-128.83,55.19],[-128.84,55.19],[-128.84,55.18],[-128.83,55.18],[-128.78,55.15],[-128.79,55.19],[-128.81,55.19]]],[[[-128.81,55.11],[-128.81,55.1],[-128.82,55.1],[-128.88,55.07],[-128.89,55.05],[-128.84,55.03],[-128.81,55.05],[-128.78,55.11],[-128.78,55.15],[-128.79,55.12],[-128.81,55.11]]],[[[-129.27,54.89],[-129.19,54.86],[-129.16,54.88],[-129.27,54.89]]]]},"properties":{"NAME":"Kitsumkalum","ABBREVN":"Kitsumkalum","SUBJECTO":"Kitsumkalum","BORDERPRECISION":1,"PARTOF":"Kitsumkalum"}},
{"type":"Feature","geometry":{"type":"Polygon","coordinates":[[[-119.88,44.97],[-119.88,45],[-119.88,45.01],[-119.77,45.07],[-119.61,45.07],[-119.47,45.16],[-120.04,45.38],[-120.06,45.59],[-120.11,45.71],[-120.12,45.75],[-120.14,45.74],[-120.2,45.73],[-120.48,45.65],[-120.9,45.63],[-120.98,45.63],[-121.07,45.62],[-121.04,45.6],[-121.02,45.59],[-121.01,45.55],[-121.03,45.52],[-121.06,45.5],[-121.11,45.42],[-121.13,45.33],[-121.14,45.3],[-121.16,45.19],[-121.1,45.03],[-121.07,44.97],[-121.07,44.92],[-121.06,44.9],[-121.06,44.89],[-121.05,44.88],[-121.06,44.86],[-121.07,44.85],[-121.09,44.81],[-121.15,44.79],[-121.21,44.77],[-121.22,44.76],[-121.23,44.74],[-121.24,44.74],[-121.25,44.72],[-121.25,44.65],[-121.29,44.61],[-121.27,44.57],[-121.33,44.49],[-121.33,44.46],[-121.33,44.45],[-121.32,44.44],[-121.31,44.43],[-121.29,44.41],[-121.29,44.4],[-121.29,44.36],[-121.28,44.36],[-121.27,44.36],[-121.26,44.36],[-121.26,44.35],[-121.27,44.34],[-121.24,44.31],[-121.23,44.31],[-121.32,44.17],[-121.33,44.13],[-121.32,44.1],[-121.32,44.09],[-121.31,44.08],[-121.32,44.04],[-121.33,44.03],[-121.34,44.03],[-121.34,44.02],[-121.35,44.02],[-121.36,44.01],[-121.37,44.01],[-121.33,44.01],[-120.85,44],[-120.85,44.5],[-120.85,44.53],[-120.94,45.31],[-120.59,45.37],[-119.93,45],[-119.88,44.97]]]},"properties":{"NAME":"Confederated Tribes of Warm Springs","ABBREVN":"Confederated Tribes of Warm Springs","SUBJECTO":"Confederated Tribes of Warm Springs","BORDERPRECISION":1,"PARTOF":"Confederated Tribes of Warm Springs"}},
{"type":"Feature","geometry":{"type":"Polygon","coordinates":[[[-123.53,40.71],[-123.54,40.77],[-123.52,40.83],[-123.51,40.83],[-123.51,40.84],[-123.52,40.89],[-123.5,40.94],[-123.47,41.07],[-123.47,41.1],[-123.49,41.12],[-123.5,41.15],[-123.53,41.17],[-123.57,41.16],[-123.58,41.16],[-123.6,41.16],[-123.71,41.1],[-123.77,41.16],[-123.81,41.15],[-123.83,41.03],[-123.8,40.99],[-123.79,40.96],[-123.77,40.94],[-123.81,40.85],[-123.75,40.73],[-123.71,40.71],[-123.69,40.71],[-123.64,40.72],[-123.53,40.7],[-123.53,40.71]]]},"properties":{"NAME":"Hoopa","ABBREVN":"Hoopa","SUBJECTO":"Hoopa","BORDERPRECISION":1,"PARTOF":"Hoopa"}},
{"type":"Feature","geometry":{"type":"Polygon","coordinates":[[[-73.45,-7.49],[-73.46,-7.44],[-73.54,-7.28],[-73.61,-7.2],[-74.47,-7.8],[-73.93,-8.31],[-73.45,-7.49]]]},"properties":{"NAME":"Iskonawa","ABBREVN":"Iskonawa","SUBJECTO":"Iskonawa","BORDERPRECISION":1,"PARTOF":"Iskonawa"}},
{"type":"Feature","geometry":{"type":"MultiPolygon","coordinates":[[[[-71.94,-8.44],[-71.95,-8.45],[-71.97,-8.48],[-71.97,-8.5],[-71.95,-8.45],[-71.94,-8.44]]],[[[-71.97,-8.63],[-71.96,-8.64],[-71.93,-8.63],[-71.94,-8.63],[-71.97,-8.63]]]]},"properties":{"NAME":"Yawanawá","ABBREVN":"Yawanawá","SUBJECTO":"Yawanawá","BORDERPRECISION":1,"PARTOF":"Yawanawá"}},
{"type":"Feature","geometry":{"type":"Polygon","coordinates":[[[-97.46,16.94],[-97.25,16.85],[-97.07,16.69],[-96.89,16.54],[-96.75,16.43],[-96.42,16.87],[-96.38,17.28],[-96.38,17.32],[-96.37,17.57],[-96.32,17.62],[-96.2,17.76],[-95.86,17.86],[-95.81,17.84],[-95.62,17.75],[-95.37,17.64],[-95.26,17.71],[-95.2,17.74],[-95.08,17.87],[-94.82,18.5],[-95.08,18.7],[-95.33,18.77],[-95.35,18.77],[-95.54,18.76],[-96.01,18.93],[-96.8,20.15],[-97.22,20.76],[-97.29,20.86],[-97.32,20.91],[-97.37,20.98],[-97.48,20.97],[-97.6,20.99],[-97.67,21],[-97.87,21.05],[-97.96,21.09],[-98.13,21.15],[-98.35,21.3],[-98.52,21.46],[-98.55,21.48],[-98.74,21.77],[-98.97,21.89],[-99.07,21.86],[-99.12,21.83],[-99.15,21.81],[-99.17,21.72],[-99.15,21.62],[-99.13,21.54],[-99.08,21.34],[-99.06,21.3],[-99.04,21.27],[-99.02,21.25],[-98.95,21.2],[-98.91,21.17],[-98.12,20.63],[-98.12,20.62],[-98.1,20.61],[-98.03,20.56],[-98.02,20.56],[-97.98,20.49],[-98.05,20.39],[-98.11,20.36],[-98.19,20.33],[-98.33,20.3],[-98.45,20.38],[-98.57,20.47],[-98.98,20.79],[-99,20.8],[-99.11,20.83],[-99.12,20.84],[-99.27,20.86],[-99.72,20.47],[-99.69,20.35],[-99.69,20.32],[-99.63,20.2],[-99.78,20.04],[-99.84,19.88],[-99.84,19.87],[-99.91,19.7],[-100.03,19.59],[-100.12,19.5],[-100.19,19.31],[-100.19,19.3],[-100.25,19.13],[-100.26,19.07],[-100.27,18.97],[-100.28,18.92],[-100.27,18.71],[-100.27,18.68],[-100.24,18.59],[-100.24,18.58],[-100.21,18.51],[-100.24,18.44],[-100.23,18.42],[-100.23,18.4],[-100.25,18.26],[-100.27,18.22],[-100.33,18.08],[-100.46,17.86],[-100.74,17.73],[-101.16,17.83],[-101.39,17.98],[-101.52,18.05],[-101.59,18.09],[-101.49,17.58],[-100.41,17.06],[-99.72,16.83],[-99.8,17.37],[-99.73,17.64],[-99.72,17.65],[-99.66,17.67],[-99.46,17.66],[-99.07,17.56],[-99.07,17.51],[-99.06,17.43],[-99.09,17.13],[-99.1,17.1],[-99.14,16.74],[-99.14,16.69],[-98.86,16.6],[-98.85,16.59],[-98.82,16.58],[-98.44,16.36],[-97.57,16.99],[-97.46,16.94]]]},"properties":{"NAME":"Mexihcah (Triple Alliance)","ABBREVN":"Mexihcah (Triple Alliance)","SUBJECTO":"Mexihcah (Triple Alliance)","BORDERPRECISION":1,"PARTOF":"Mexihcah (Triple Alliance)"}},
{"type":"Feature","geometry":{"type":"Polygon","coordinates":[[[-69.86,-0.37],[-69.77,-0.45],[-69.41,-1.05],[-69.41,-1.06],[-69.4,-1.09],[-69.38,-1.17],[-69.4,-1.25],[-69.39,-1.34],[-69.39,-1.36],[-69.37,-1.36],[-69.27,-1.16],[-69.78,-0.31],[-69.87,-0.35],[-69.86,-0.37]]]},"properties":{"NAME":"Juhup-Yuju/Yuhupdëh","ABBREVN":"Juhup-Yuju/Yuhupdëh","SUBJECTO":"Juhup-Yuju/Yuhupdëh","BORDERPRECISION":1,"PARTOF":"Juhup-Yuju/Yuhupdëh"}},
{"type":"Feature","geometry":{"type":"Polygon","coordinates":[[[-89.11,16.47],[-89.11,16.49],[-88.93,16.79],[-89.22,16.55],[-89.35,16.55],[-89.21,16.45],[-89.15,16.46],[-89.11,16.47]]]},"properties":{"NAME":"Mopan","ABBREVN":"Mopan","SUBJECTO":"Mopan","BORDERPRECISION":1,"PARTOF":"Mopan"}},
{"type":"Feature","geometry":{"type":"Polygon","coordinates":[[[-120.87,38.47],[-120.85,38.45],[-120.81,38.42],[-120.8,38.41],[-120.77,38.34],[-120.68,38.41],[-120.68,38.47],[-120.78,38.47],[-120.87,38.47]]]},"properties":{"NAME":"Plains Miwok","ABBREVN":"Plains Miwok","SUBJECTO":"Plains Miwok","BORDERPRECISION":1,"PARTOF":"Plains Miwok"}},
{"type":"Feature","geometry":{"type":"Polygon","coordinates":[[[-76.69,36.96],[-76.82,36.98],[-76.91,37],[-76.96,37.01],[-77.1,37.03],[-77.17,37.04],[-77.22,37.06],[-77.24,37.06],[-77.35,37.09],[-77.58,37.17],[-77.62,37.18],[-77.64,37.19],[-77.65,37.19],[-77.77,37.23],[-78.22,37.39],[-78.52,37.15],[-78.53,37.13],[-78.76,36.74],[-78.87,36.57],[-78.95,36.44],[-79.02,36.36],[-79.09,36.29],[-79.16,36.22],[-79.26,36.12],[-79.47,35.92],[-79.55,35.85],[-79.56,35.85],[-79.57,35.85],[-79.61,35.82],[-79.67,35.75],[-80.33,35.19],[-80.35,35.17],[-80.49,35.1],[-80.51,35.08],[-80.64,34.92],[-80.72,34.79],[-80.78,34.66],[-80.79,34.64],[-80.76,34.42],[-80.76,34.41],[-80.71,34.24],[-80.7,34.22],[-80.69,34.18],[-80.67,34.14],[-80.63,34.05],[-80.57,33.95],[-80.53,33.9],[-80.51,33.89],[-80.48,33.87],[-80.42,33.82],[-80.25,33.77],[-79.95,33.74],[-79.89,33.73],[-79.42,33.8],[-79.33,33.81],[-79.19,33.84],[-79.1,33.83],[-78.82,33.82],[-78.73,33.82],[-78.63,33.83],[-78.58,33.83],[-78.56,33.83],[-78.55,33.83],[-78.38,33.87],[-77.9,33.99],[-77.69,34.26],[-77.59,34.36],[-77.48,34.48],[-77.3,34.67],[-76.43,35.03],[-76.49,35.02],[-76.62,35.03],[-76.76,34.96],[-76.95,35.03],[-77.06,35.21],[-76.85,35.04],[-76.5,35.28],[-76.86,35.49],[-77.05,35.58],[-76.58,35.58],[-76.52,35.47],[-76.14,35.38],[-76.03,35.47],[-75.88,35.69],[-75.78,35.64],[-75.76,35.67],[-75.71,35.75],[-75.73,35.88],[-75.85,36.02],[-75.93,35.97],[-76.03,35.69],[-76.09,35.72],[-76.01,35.97],[-76.07,36.05],[-76.73,35.99],[-76.68,36.06],[-76.75,36.26],[-76.71,36.35],[-76.67,36.33],[-76.7,36.16],[-76.59,36.07],[-76.51,36.06],[-76.46,36.08],[-76.37,36.14],[-76.34,36.15],[-76.44,36.24],[-76.2,36.15],[-76.21,36.34],[-75.86,36.16],[-75.79,36.14],[-75.9,36.4],[-75.96,36.44],[-75.98,36.48],[-76.04,36.57],[-75.92,36.63],[-75.89,36.64],[-75.73,36.12],[-75.59,35.9],[-75.52,35.86],[-75.91,36.77],[-75.97,36.94],[-76.33,36.94],[-76.52,36.92],[-76.68,36.96],[-76.69,36.96]]]},"properties":{"NAME":"Lumbee","ABBREVN":"Lumbee","SUBJECTO":"Lumbee","BORDERPRECISION":1,"PARTOF":"Lumbee"}},
{"type":"Feature","geometry":{"type":"MultiPolygon","coordinates":[[[[-123.11,40.13],[-123.08,40.1],[-123.08,40.09],[-123.01,39.77],[-122.22,39.58],[-122.2,39.88],[-122.14,39.89],[-122.07,39.89],[-121.96,39.87],[-121.95,39.92],[-122.11,40.12],[-122.21,40.23],[-122.21,40.27],[-122.23,40.26],[-122.22,40.24],[-122.21,40.22],[-122.21,40.21],[-122.22,40.2],[-122.23,40.19],[-122.23,40.18],[-122.72,40.12],[-122.86,40.12],[-123.01,40.11],[-123.04,40.11],[-123.06,40.11],[-123.11,40.13]]],[[[-123.18,40.19],[-123.19,40.18],[-123.18,40.18],[-123.16,40.17],[-123.18,40.19]]]]},"properties":{"NAME":"Nomlaki","ABBREVN":"Nomlaki","SUBJECTO":"Nomlaki","BORDERPRECISION":1,"PARTOF":"Nomlaki"}},
{"type":"Feature","geometry":{"type":"Polygon","coordinates":[[[-127.62,50.19],[-127.39,50.05],[-127.21,50],[-126.84,50.05],[-126.83,50.13],[-126.9,50.16],[-127.14,50.19],[-127.62,50.19]]]},"properties":{"NAME":"Ka:’yu:’k’t’h’/Che:k’tles7et’h’","ABBREVN":"Ka:’yu:’k’t’h’/Che:k’tles7et’h’","SUBJECTO":"Ka:’yu:’k’t’h’/Che:k’tles7et’h’","BORDERPRECISION":1,"PARTOF":"Ka:’yu:’k’t’h’/Che:k’tles7et’h’"}},
{"type":"Feature","geometry":{"type":"Polygon","coordinates":[[[-58.96,-24.34],[-58.77,-24.32],[-58.71,-24.32],[-58.56,-24.29],[-58.64,-24.19],[-58.81,-23.99],[-59.11,-23.8],[-59.19,-23.74],[-59.41,-23.6],[-59.49,-23.56],[-59.48,-23.67],[-59.46,-23.69],[-59.36,-23.83],[-59.31,-23.9],[-59.25,-23.99],[-59.22,-24.06],[-59.19,-24.14],[-59.18,-24.14],[-59.12,-24.27],[-58.96,-24.34]]]},"properties":{"NAME":"Enlhet-Enenlhet","ABBREVN":"Enlhet-Enenlhet","SUBJECTO":"Enlhet-Enenlhet","BORDERPRECISION":1,"PARTOF":"Enlhet-Enenlhet"}},
{"type":"Feature","geometry":{"type":"Polygon","coordinates":[[[-54.99,-4.35],[-52.81,-3.93],[-52.67,-3.4],[-54.57,-3.05],[-54.99,-4.35]]]},"properties":{"NAME":"Ukarãngmã","ABBREVN":"Ukarãngmã","SUBJECTO":"Ukarãngmã","BORDERPRECISION":1,"PARTOF":"Ukarãngmã"}},
{"type":"Feature","geometry":{"type":"Polygon","coordinates":[[[-92.2,15.87],[-92.23,15.78],[-92.25,15.71],[-91.97,15.43],[-91.82,15.36],[-91.55,15.25],[-91.53,15.24],[-91.48,15.24],[-91.47,15.23],[-91.27,15.29],[-91.23,15.37],[-91.17,15.48],[-91.16,15.52],[-91.15,15.52],[-90.8,15.44],[-90.78,15.47],[-90.89,15.52],[-90.93,15.49],[-91.03,15.76],[-91.01,15.85],[-90.93,16.04],[-91.08,16.03],[-91.19,16.05],[-91.3,16.06],[-91.34,16.06],[-91.38,16.07],[-91.44,16.08],[-91.45,16.08],[-91.52,16.09],[-91.76,16.23],[-92.01,16.22],[-91.97,16],[-92,15.95],[-92,15.94],[-92.03,15.88],[-92.06,15.86],[-92.18,15.88],[-92.19,15.88],[-92.2,15.87]]]},"properties":{"NAME":"Q'anjob'al","ABBREVN":"Q'anjob'al","SUBJECTO":"Q'anjob'al","BORDERPRECISION":1,"PARTOF":"Q'anjob'al"}},
{"type":"Feature","geometry":{"type":"Polygon","coordinates":[[[-120.12,35.54],[-120.17,35.62],[-120.21,35.67],[-120.21,35.68],[-120.21,35.7],[-120.21,35.69],[-120.31,35.93],[-120.4,35.99],[-120.78,36.32],[-121.55,36.04],[-121.08,35.56],[-120.3,35.49],[-120.17,35.52],[-120.12,35.54]]]},"properties":{"NAME":"Salinan","ABBREVN":"Salinan","SUBJECTO":"Salinan","BORDERPRECISION":1,"PARTOF":"Salinan"}},
{"type":"Feature","geometry":{"type":"Polygon","coordinates":[[[-75.92,37.57],[-76.02,37.33],[-75.87,37.28],[-75.75,37.52],[-75.92,37.57]]]},"properties":{"NAME":"Accomack","ABBREVN":"Accomack","SUBJECTO":"Accomack","BORDERPRECISION":1,"PARTOF":"Accomack"}},
{"type":"Feature","geometry":{"type":"Polygon","coordinates":[[[-94.05,16.08],[-93.98,16.03],[-94,16.1],[-94,16.09],[-94.05,16.08]]]},"properties":{"NAME":"Ikoots/Kunajts/Ikoojts (Huave)","ABBREVN":"Ikoots/Kunajts/Ikoojts (Huave)","SUBJECTO":"Ikoots/Kunajts/Ikoojts (Huave)","BORDERPRECISION":1,"PARTOF":"Ikoots/Kunajts/Ikoojts (Huave)"}},
{"type":"Feature","geometry":{"type":"Polygon","coordinates":[[[-74.03,-4.03],[-74.03,-4.04],[-73.8,-4.09],[-73.72,-4.01],[-73.7,-3.93],[-73.73,-3.99],[-73.83,-4.05],[-73.99,-4.04],[-74.03,-4.03]]]},"properties":{"NAME":"Ikitu","ABBREVN":"Ikitu","SUBJECTO":"Ikitu","BORDERPRECISION":1,"PARTOF":"Ikitu"}},
{"type":"Feature","geometry":{"type":"Polygon","coordinates":[[[-80.95,33.24],[-81.05,33.41],[-81.05,33.42],[-81.13,33.41],[-81.2,33.48],[-81.29,33.56],[-81.36,33.6],[-81.57,33.69],[-81.76,33.78],[-82.39,33.95],[-82.38,33.91],[-82.29,33.83],[-82.24,33.74],[-82.25,33.74],[-82.11,33.57],[-82.03,33.55],[-82.03,33.54],[-81.95,33.45],[-81.93,33.37],[-81.85,33.27],[-81.66,33.11],[-81.62,33.08],[-81.6,33.07],[-81.52,33.03],[-81.5,32.97],[-81.23,32.47],[-80.89,32.05],[-80.82,32.15],[-80.58,32.5],[-80.82,33.01],[-80.95,33.24]]]},"properties":{"NAME":"Yamassee","ABBREVN":"Yamassee","SUBJECTO":"Yamassee","BORDERPRECISION":1,"PARTOF":"Yamassee"}},
{"type":"Feature","geometry":{"type":"Polygon","coordinates":[[[-108.84,41.99],[-108.9,42.03],[-109.49,42.17],[-109.34,41.9],[-109.12,41.9],[-108.84,41.99]]]},"properties":{"NAME":"Apsaalooké (Crow)","ABBREVN":"Apsaalooké (Crow)","SUBJECTO":"Apsaalooké (Crow)","BORDERPRECISION":1,"PARTOF":"Apsaalooké (Crow)"}},
{"type":"Feature","geometry":{"type":"Polygon","coordinates":[[[-72.33,41.91],[-71.82,42.55],[-72.12,42.44],[-72.38,41.99],[-72.33,41.91]]]},"properties":{"NAME":"Nipmuc","ABBREVN":"Nipmuc","SUBJECTO":"Nipmuc","BORDERPRECISION":1,"PARTOF":"Nipmuc"}},
{"type":"Feature","geometry":{"type":"MultiPolygon","coordinates":[[[[-80.28,37.65],[-80.17,37.87],[-79.98,38.25],[-79.98,38.26],[-79.97,38.49],[-79.96,38.63],[-80.12,38.87],[-80.16,38.88],[-80.29,38.72],[-80.39,38.66],[-80.82,38.42],[-80.93,38.36],[-81.05,38.29],[-81.18,38.2],[-81.3,38.13],[-81.38,38.07],[-81.45,38.03],[-81.43,37.98],[-81.35,37.74],[-81.57,37.62],[-81.82,37.48],[-81.97,37.35],[-82.2,37.14],[-82.65,36.7],[-83.92,36.06],[-85.55,34.99],[-85.65,34.6],[-85.84,34.03],[-85.86,33.97],[-86.02,33.82],[-86.11,33.72],[-86.49,33.58],[-85.73,33.64],[-85.63,33.66],[-85.62,33.66],[-85.12,33.75],[-84.9,33.85],[-84.48,34.04],[-83.54,33.96],[-83.36,33.91],[-83.02,33.81],[-82.83,33.82],[-82.74,33.9],[-82.72,33.93],[-82.7,34.2],[-82.7,34.21],[-82.7,34.53],[-82.58,34.76],[-82.41,34.95],[-81.96,35.45],[-81.84,35.58],[-81.6,35.82],[-81.56,35.87],[-81.25,36.19],[-81.19,36.26],[-81.17,36.28],[-81.14,36.32],[-81.11,36.37],[-81.03,36.51],[-80.57,37.23],[-80.54,37.28],[-80.36,37.53],[-80.28,37.65]]],[[[-88.71,36.55],[-88.67,36.1],[-88.65,35.76],[-88.99,34.17],[-88.95,33.83],[-88.94,33.78],[-88.88,33.71],[-88.72,33.57],[-87.96,33.49],[-87.5,33.51],[-87.47,33.51],[-87.46,33.51],[-87.25,33.52],[-87.45,33.55],[-87.49,33.55],[-87.56,33.62],[-87.63,33.69],[-87.9,33.97],[-88.18,34.49],[-88.19,34.5],[-88.44,35.3],[-88.49,35.5],[-88.64,36.09],[-88.62,36.55],[-88.71,36.55]]]]},"properties":{"NAME":"S’atsoyaha (Yuchi)","ABBREVN":"S’atsoyaha (Yuchi)","SUBJECTO":"S’atsoyaha (Yuchi)","BORDERPRECISION":1,"PARTOF":"S’atsoyaha (Yuchi)"}},
{"type":"Feature","geometry":{"type":"Polygon","coordinates":[[[-74.58,-8.59],[-74.01,-8.34],[-73.93,-8.31],[-74.47,-7.8],[-74.56,-7.76],[-74.73,-6.28],[-75.14,-6.12],[-75.35,-6.21],[-75.45,-6.26],[-75.55,-6.75],[-75.56,-7.07],[-75.76,-8.6],[-74.9,-8.78],[-74.58,-8.59]]]},"properties":{"NAME":"Shipibo-Konibo","ABBREVN":"Shipibo-Konibo","SUBJECTO":"Shipibo-Konibo","BORDERPRECISION":1,"PARTOF":"Shipibo-Konibo"}},
{"type":"Feature","geometry":{"type":"Polygon","coordinates":[[[-70.95,0.24],[-70.97,0.19],[-71,0.16],[-70.97,0.16],[-70.92,0.21],[-70.95,0.24]]]},"properties":{"NAME":"Eduria (Taiwano)","ABBREVN":"Eduria (Taiwano)","SUBJECTO":"Eduria (Taiwano)","BORDERPRECISION":1,"PARTOF":"Eduria (Taiwano)"}},
{"type":"Feature","geometry":{"type":"MultiPolygon","coordinates":[[[[-85.41,43.41],[-85.29,42.88],[-85.18,42.64],[-85.14,42.54],[-85.04,42.34],[-85.02,42.28],[-84.28,42.06],[-84.07,42.06],[-83.4,42.06],[-83.18,42.03],[-83.19,42.06],[-83.16,42.06],[-83.15,42.05],[-83.13,42.05],[-83.04,42.02],[-83.03,42.02],[-82.99,42],[-82.69,42.02],[-82.59,42],[-82.49,42.05],[-81.99,42.29],[-81.97,42.3],[-81.73,42.42],[-81.68,42.46],[-81.44,42.59],[-80.55,42.58],[-80.28,42.74],[-80.02,42.81],[-79.64,42.85],[-79.36,42.87],[-79.19,43.21],[-79.65,43.49],[-79.15,43.77],[-77.62,44.01],[-77.08,44.13],[-76.97,44.23],[-76.98,44.21],[-77.04,44.14],[-76.86,44.24],[-76.84,44.26],[-76.42,44.43],[-76.3,44.48],[-76.26,44.49],[-75.78,44.57],[-75.51,44.82],[-75.5,44.82],[-75.16,45.13],[-74.81,45.32],[-74.86,45.45],[-74.41,45.56],[-74.38,45.54],[-74.31,45.49],[-74.04,45.37],[-74.01,45.38],[-73.98,45.41],[-73.96,45.49],[-73.86,45.58],[-73.81,45.64],[-73.77,45.68],[-73.74,45.72],[-73.45,45.77],[-73.41,45.77],[-73.44,45.79],[-73.45,45.81],[-73.81,46.16],[-73.98,46.32],[-74,46.35],[-74.13,46.48],[-74.59,46.69],[-74.89,46.64],[-74.92,46.63],[-75.41,46.54],[-75.41,46.9],[-75.59,46.93],[-75.59,46.92],[-79.6,46.76],[-82.27,46.65],[-83.67,46.59],[-84.46,46.56],[-84.47,46.65],[-84.6,46.46],[-84.56,45.99],[-83.61,46.27],[-81.74,46.1],[-81.7,46.08],[-81.58,46.05],[-81.65,46.02],[-81.59,45.99],[-81.55,45.99],[-79.93,44.99],[-79.81,44.9],[-80.09,44.77],[-80.01,44.62],[-80.07,44.52],[-80.13,44.51],[-80.14,44.51],[-80.22,44.5],[-80.43,44.56],[-80.47,44.57],[-80.68,44.72],[-81.75,43.89],[-81.81,43.32],[-82.07,43.18],[-82.35,43.02],[-82.75,43.96],[-83.74,43.62],[-83.3,44.84],[-84.63,45.75],[-84.75,45.85],[-84.74,45.88],[-84.82,45.88],[-85.56,44.82],[-85.43,43.48],[-85.41,43.41]]],[[[-93.08,48.67],[-92.87,48.6],[-91.98,48.22],[-91.9,46.89],[-88.09,49],[-86.38,48.73],[-84.41,46.9],[-84.73,50.23],[-86.92,52.86],[-87.15,53.14],[-87.18,53.15],[-92.28,52.35],[-93.73,53.41],[-93.77,53.41],[-94.07,53.07],[-91.66,51.54],[-91.25,50.32],[-92.81,48.76],[-93.08,48.67]]],[[[-86.6,45.64],[-86.64,45.62],[-86.61,45.63],[-86.6,45.64]]],[[[-76.64,48.54],[-76.62,48.62],[-76.77,48.59],[-76.73,48.57],[-76.66,48.47],[-76.64,48.54]]],[[[-76.24,47.87],[-76.1,47.66],[-76.05,47.71],[-75.95,47.84],[-76.11,47.85],[-76.24,47.87]]]]},"properties":{"NAME":"Anishinabewaki ᐊᓂᔑᓈᐯᐗᑭ","ABBREVN":"Anishinabewaki ᐊᓂᔑᓈᐯᐗᑭ","SUBJECTO":"Anishinabewaki ᐊᓂᔑᓈᐯᐗᑭ","BORDERPRECISION":1,"PARTOF":"Anishinabewaki ᐊᓂᔑᓈᐯᐗᑭ"}},
{"type":"Feature","geometry":{"type":"Polygon","coordinates":[[[-53.89,3.3],[-53.89,3.39],[-53.91,3.47],[-54,3.5],[-54.37,3.61],[-54.38,3.61],[-55.43,3.52],[-55.62,3.39],[-55.47,3.38],[-55.37,3.37],[-55,2.83],[-54.98,2.57],[-54.98,2.53],[-54.98,2.33],[-55.25,1.78],[-55.61,1.46],[-55.63,1.44],[-55.61,1.3],[-55.61,1.15],[-55.47,0.71],[-55.25,0.57],[-55.14,0.33],[-55.03,0.2],[-55.02,0.18],[-54.98,0.13],[-54.83,0.03],[-54.67,-0.06],[-54.66,-0.07],[-54.22,0.02],[-53.82,0.58],[-54.22,1.21],[-54.33,1.31],[-54.51,1.48],[-54.7,2.03],[-54,2.83],[-53.89,3.29],[-53.89,3.3]]]},"properties":{"NAME":"Wayana","ABBREVN":"Wayana","SUBJECTO":"Wayana","BORDERPRECISION":1,"PARTOF":"Wayana"}},
{"type":"Feature","geometry":{"type":"Polygon","coordinates":[[[-38.97,-15.75],[-39.06,-14.92],[-39.31,-15.05],[-38.97,-15.75]]]},"properties":{"NAME":"Tupinambá","ABBREVN":"Tupinambá","SUBJECTO":"Tupinambá","BORDERPRECISION":1,"PARTOF":"Tupinambá"}},
{"type":"Feature","geometry":{"type":"Polygon","coordinates":[[[-90.37,15.42],[-90.53,15.44],[-90.58,15.31],[-90.55,15.31],[-90.51,15.28],[-90.49,15.28],[-90.46,15.28],[-90.41,15.28],[-90.16,15.22],[-90.15,15.2],[-90.14,15.17],[-90.07,15.16],[-90.11,15.19],[-90.22,15.32],[-90.33,15.4],[-90.37,15.42]]]},"properties":{"NAME":"Poqomchi’","ABBREVN":"Poqomchi’","SUBJECTO":"Poqomchi’","BORDERPRECISION":1,"PARTOF":"Poqomchi’"}},
{"type":"Feature","geometry":{"type":"Polygon","coordinates":[[[-45.45,-19.14],[-45.41,-19.5],[-44.75,-19.48],[-45.03,-19.01],[-45.45,-19.14]]]},"properties":{"NAME":"Kaxixó","ABBREVN":"Kaxixó","SUBJECTO":"Kaxixó","BORDERPRECISION":1,"PARTOF":"Kaxixó"}},
{"type":"Feature","geometry":{"type":"Polygon","coordinates":[[[-123.87,39.7],[-123.85,39.53],[-123.53,39.64],[-123.89,39.81],[-123.87,39.7]]]},"properties":{"NAME":"Coast Yuki","ABBREVN":"Coast Yuki","SUBJECTO":"Coast Yuki","BORDERPRECISION":1,"PARTOF":"Coast Yuki"}},
{"type":"Feature","geometry":{"type":"Polygon","coordinates":[[[-39.85,-18.08],[-39.68,-18.26],[-39.78,-18.58],[-39.11,-16.74],[-39.52,-16.71],[-39.65,-16.78],[-39.62,-16.84],[-39.6,-17.19],[-39.73,-17.76],[-39.85,-18.08]]]},"properties":{"NAME":"Pataxó","ABBREVN":"Pataxó","SUBJECTO":"Pataxó","BORDERPRECISION":1,"PARTOF":"Pataxó"}},
{"type":"Feature","geometry":{"type":"Polygon","coordinates":[[[-73.49,41.61],[-73.41,41.57],[-73.29,41.49],[-73.17,41.43],[-72.99,41.51],[-72.99,41.59],[-73.05,41.74],[-73.07,41.79],[-73.09,41.84],[-73.15,42.04],[-73.02,42.42],[-73.05,42.59],[-73.14,42.66],[-73.3,42.94],[-73.36,43.07],[-73.48,43.17],[-73.52,43.18],[-73.51,43.09],[-73.54,42.8],[-73.65,42.43],[-73.82,42.26],[-73.97,42.15],[-73.95,42.15],[-73.51,42.1],[-73.47,41.82],[-73.48,41.71],[-73.49,41.64],[-73.49,41.62],[-73.49,41.61]]]},"properties":{"NAME":"Mohican","ABBREVN":"Mohican","SUBJECTO":"Mohican","BORDERPRECISION":1,"PARTOF":"Mohican"}},
{"type":"Feature","geometry":{"type":"MultiPolygon","coordinates":[[[[-93.02,58.45],[-93.05,58.5],[-93.09,58.51],[-93.02,58.45]]],[[[-92.14,54.84],[-90.79,55.18],[-88.33,54.62],[-87.18,53.15],[-87.15,53.14],[-86.92,52.86],[-84.73,50.23],[-84.41,46.9],[-84.44,46.82],[-84.47,46.74],[-84.47,46.65],[-84.46,46.56],[-83.67,46.59],[-82.27,46.65],[-79.6,46.76],[-75.59,46.92],[-75.59,46.93],[-76.1,47.66],[-76.24,47.87],[-76.28,47.92],[-76.42,48.21],[-76.43,48.41],[-76.49,48.23],[-76.66,48.47],[-76.73,48.57],[-76.77,48.59],[-76.81,48.62],[-77.03,48.73],[-77.77,49.1],[-78.66,49.55],[-79.1,50.12],[-79.2,50.25],[-79.37,50.46],[-79.6,50.74],[-79.64,50.79],[-80.05,51.29],[-80.07,51.3],[-80.57,51.64],[-82.34,52.98],[-82.23,54.91],[-82.53,55.08],[-87.47,55.91],[-88.77,56.74],[-90.44,57.14],[-91.34,57.16],[-89.12,56.8],[-92.14,54.84]]]]},"properties":{"NAME":"Cree","ABBREVN":"Cree","SUBJECTO":"Cree","BORDERPRECISION":1,"PARTOF":"Cree"}},
{"type":"Feature","geometry":{"type":"MultiPolygon","coordinates":[[[[-73.35,44.95],[-73.34,45.04],[-73.27,45.13],[-73.27,45.22],[-73.33,45.53],[-73.3,45.61],[-73.29,45.63],[-73.4,45.79],[-73.44,45.79],[-73.41,45.77],[-73.45,45.77],[-73.45,45.72],[-73.71,45.7],[-73.75,45.67],[-73.55,45.65],[-73.34,45.47],[-73.32,45.24],[-73.34,45.03],[-73.35,44.95]]],[[[-73.45,44.01],[-73.42,44.04],[-73.43,44.06],[-73.39,44.17],[-73.39,44.26],[-73.42,44.13],[-73.45,44.01]]]]},"properties":{"NAME":"Kanienʼkehá꞉ka (Mohawk)","ABBREVN":"Kanienʼkehá꞉ka (Mohawk)","SUBJECTO":"Kanienʼkehá꞉ka (Mohawk)","BORDERPRECISION":1,"PARTOF":"Kanienʼkehá꞉ka (Mohawk)"}},
{"type":"Feature","geometry":{"type":"Polygon","coordinates":[[[-64.33,-9.21],[-64.12,-9.48],[-63.18,-9.32],[-63.36,-8.97],[-64.33,-9.21]]]},"properties":{"NAME":"Yjxa","ABBREVN":"Yjxa","SUBJECTO":"Yjxa","BORDERPRECISION":1,"PARTOF":"Yjxa"}},
{"type":"Feature","geometry":{"type":"Polygon","coordinates":[[[-101.86,25.68],[-101.41,25.98],[-101.47,26.01],[-102.01,26.21],[-102.26,26.92],[-102.36,27.05],[-102.49,27.05],[-102.74,26.76],[-103.32,25.3],[-103.29,25.27],[-102.71,25.24],[-102.64,25.28],[-102.63,25.43],[-102.35,25.61],[-101.86,25.68]]]},"properties":{"NAME":"Irritilas/Lagunero","ABBREVN":"Irritilas/Lagunero","SUBJECTO":"Irritilas/Lagunero","BORDERPRECISION":1,"PARTOF":"Irritilas/Lagunero"}},
{"type":"Feature","geometry":{"type":"Polygon","coordinates":[[[-91.62,14.3],[-91.54,14.27],[-91.52,14.3],[-91.51,14.3],[-91.43,14.31],[-91.32,14.31],[-91.26,14.31],[-91.23,14.31],[-91.16,14.47],[-91.18,14.48],[-91.24,14.5],[-91.25,14.5],[-91.27,14.51],[-91.31,14.52],[-91.29,14.7],[-91.28,14.72],[-91.25,14.76],[-91.24,14.79],[-91.2,14.82],[-91.07,14.8],[-90.85,14.87],[-90.65,14.85],[-90.61,14.86],[-90.6,14.88],[-90.6,14.9],[-90.62,14.93],[-90.64,15],[-90.69,15.08],[-90.66,15.2],[-90.63,15.2],[-90.58,15.21],[-90.53,15.2],[-90.49,15.24],[-90.5,15.27],[-90.51,15.28],[-90.55,15.31],[-90.58,15.31],[-90.76,15.37],[-90.8,15.44],[-91.15,15.52],[-91.16,15.52],[-91.17,15.48],[-91.23,15.37],[-91.27,15.29],[-91.47,15.23],[-91.48,15.24],[-91.51,15.18],[-91.55,15.15],[-91.59,15.12],[-91.73,14.51],[-91.7,14.45],[-91.62,14.3]]]},"properties":{"NAME":"K'iche'","ABBREVN":"K'iche'","SUBJECTO":"K'iche'","BORDERPRECISION":1,"PARTOF":"K'iche'"}},
{"type":"Feature","geometry":{"type":"Polygon","coordinates":[[[-83.5,9.46],[-84.15,9.43],[-83.61,9.15],[-83.66,9.28],[-83.57,9.42],[-83.53,9.45],[-83.5,9.46]]]},"properties":{"NAME":"Brunka","ABBREVN":"Brunka","SUBJECTO":"Brunka","BORDERPRECISION":1,"PARTOF":"Brunka"}},
{"type":"Feature","geometry":{"type":"Polygon","coordinates":[[[-76.42,-1.57],[-76.41,-1.56],[-76.4,-1.55],[-76.39,-1.57],[-76.39,-1.58],[-76.38,-1.58],[-76.08,-0.92],[-76.14,-0.91],[-76.32,-0.74],[-76.32,-0.72],[-76.34,-0.72],[-76.36,-0.72],[-76.41,-0.74],[-76.41,-0.75],[-76.42,-0.76],[-76.43,-0.78],[-76.44,-0.78],[-76.46,-0.79],[-76.52,-0.81],[-76.59,-0.82],[-76.66,-0.89],[-76.69,-0.92],[-76.73,-0.93],[-76.97,-0.95],[-77.01,-0.93],[-77.05,-0.91],[-77.08,-0.91],[-77.12,-0.91],[-77.48,-1.11],[-77.54,-1.21],[-77.55,-1.35],[-77.52,-1.39],[-77.51,-1.4],[-77.47,-1.42],[-77.48,-1.42],[-77.39,-1.44],[-77.37,-1.44],[-77.29,-1.44],[-76.6,-1.5],[-76.59,-1.49],[-76.54,-1.52],[-76.53,-1.53],[-76.51,-1.55],[-76.47,-1.56],[-76.47,-1.55],[-76.46,-1.56],[-76.45,-1.56],[-76.43,-1.56],[-76.42,-1.56],[-76.42,-1.57]]]},"properties":{"NAME":"Waorani","ABBREVN":"Waorani","SUBJECTO":"Waorani","BORDERPRECISION":1,"PARTOF":"Waorani"}},
{"type":"Feature","geometry":{"type":"Polygon","coordinates":[[[-99.34,17.24],[-99.36,17.13],[-99.42,16.76],[-98.86,16.6],[-99.14,16.69],[-99.14,16.74],[-99.1,17.1],[-99.09,17.13],[-99.34,17.24]]]},"properties":{"NAME":"Me̱'pha̱a̱ (Tlapaneco)","ABBREVN":"Me̱'pha̱a̱ (Tlapaneco)","SUBJECTO":"Me̱'pha̱a̱ (Tlapaneco)","BORDERPRECISION":1,"PARTOF":"Me̱'pha̱a̱ (Tlapaneco)"}},
{"type":"Feature","geometry":{"type":"Polygon","coordinates":[[[-77.25,38.37],[-77.57,38.42],[-77.56,38.28],[-77.3,38.23],[-77.25,38.37]]]},"properties":{"NAME":"Patawomeck","ABBREVN":"Patawomeck","SUBJECTO":"Patawomeck","BORDERPRECISION":1,"PARTOF":"Patawomeck"}},
{"type":"Feature","geometry":{"type":"Polygon","coordinates":[[[-65.83,-32.43],[-65.83,-32.46],[-65.75,-32.57],[-65.7,-32.96],[-65.7,-32.97],[-65.51,-32.94],[-64.64,-33.34],[-64.54,-33.38],[-63.83,-33.54],[-63.81,-33.48],[-62.73,-31.62],[-62.68,-31.49],[-62.62,-31.3],[-62.5,-30.95],[-62.85,-29.9],[-63.43,-29.74],[-63.56,-29.7],[-63.76,-29.65],[-63.56,-29.65],[-64.4,-29.5],[-64.65,-29.6],[-65.92,-30.96],[-65.83,-32.43]]]},"properties":{"NAME":"Henîa-Kamiare","ABBREVN":"Henîa-Kamiare","SUBJECTO":"Henîa-Kamiare","BORDERPRECISION":1,"PARTOF":"Henîa-Kamiare"}},
{"type":"Feature","geometry":{"type":"Polygon","coordinates":[[[-77.53,37.64],[-77.13,37.62],[-77.13,37.68],[-77.52,37.77],[-77.55,37.66],[-77.53,37.64]]]},"properties":{"NAME":"Youghtanund","ABBREVN":"Youghtanund","SUBJECTO":"Youghtanund","BORDERPRECISION":1,"PARTOF":"Youghtanund"}},
{"type":"Feature","geometry":{"type":"Polygon","coordinates":[[[-105.42,35.17],[-105.29,35.19],[-104.83,35.19],[-104.77,35.83],[-105.11,35.43],[-105.42,35.17]]]},"properties":{"NAME":"Jicarilla Apache","ABBREVN":"Jicarilla Apache","SUBJECTO":"Jicarilla Apache","BORDERPRECISION":1,"PARTOF":"Jicarilla Apache"}},
{"type":"Feature","geometry":{"type":"Polygon","coordinates":[[[-90.62,14.56],[-90.61,14.61],[-90.45,14.74],[-90.56,14.89],[-90.6,14.9],[-90.6,14.88],[-90.61,14.86],[-90.65,14.85],[-90.85,14.87],[-91.07,14.8],[-91.2,14.82],[-91.24,14.79],[-91.25,14.76],[-91.28,14.72],[-91.25,14.73],[-91.19,14.68],[-91.2,14.62],[-91.24,14.54],[-91.25,14.5],[-91.24,14.5],[-91.18,14.48],[-91.16,14.47],[-91.23,14.31],[-91.26,14.31],[-91.32,14.31],[-91.33,14.29],[-91.42,14.13],[-91.45,14.03],[-91.43,14.03],[-91.24,13.95],[-90.9,13.94],[-90.92,14.39],[-90.67,14.45],[-90.66,14.44],[-90.65,14.44],[-90.64,14.45],[-90.62,14.56]]]},"properties":{"NAME":"Kaqchikel","ABBREVN":"Kaqchikel","SUBJECTO":"Kaqchikel","BORDERPRECISION":1,"PARTOF":"Kaqchikel"}},
{"type":"Feature","geometry":{"type":"Polygon","coordinates":[[[-134.63,67.68],[-134.48,67.68],[-134.52,67.7],[-134.6,67.69],[-134.63,67.68]]]},"properties":{"NAME":"Na-cho Nyak Dun","ABBREVN":"Na-cho Nyak Dun","SUBJECTO":"Na-cho Nyak Dun","BORDERPRECISION":1,"PARTOF":"Na-cho Nyak Dun"}},
{"type":"Feature","geometry":{"type":"MultiPolygon","coordinates":[[[[-78.63,33.81],[-78.62,33.81],[-78.56,33.83],[-78.58,33.83],[-78.63,33.83],[-78.63,33.81]]],[[[-79.32,33.63],[-79.38,33.57],[-79.39,33.55],[-79.41,33.48],[-79.44,33.37],[-79.31,33.27],[-79.2,33.46],[-79.23,33.49],[-79.32,33.63]]]]},"properties":{"NAME":"Chicora","ABBREVN":"Chicora","SUBJECTO":"Chicora","BORDERPRECISION":1,"PARTOF":"Chicora"}},
{"type":"Feature","geometry":{"type":"Polygon","coordinates":[[[-70.09,-13.23],[-71.49,-13.08],[-70.84,-13.26],[-70.15,-13.27],[-70.09,-13.23]]]},"properties":{"NAME":"Harakbut","ABBREVN":"Harakbut","SUBJECTO":"Harakbut","BORDERPRECISION":1,"PARTOF":"Harakbut"}},
{"type":"Feature","geometry":{"type":"Polygon","coordinates":[[[-108.56,26.77],[-108.47,26.68],[-108.38,26.53],[-108.22,26.12],[-108.31,25.91],[-108.35,25.81],[-108.23,25.77],[-108.18,26.78],[-108.52,26.81],[-108.56,26.77]]]},"properties":{"NAME":"Cahita","ABBREVN":"Cahita","SUBJECTO":"Cahita","BORDERPRECISION":1,"PARTOF":"Cahita"}},
{"type":"Feature","geometry":{"type":"Polygon","coordinates":[[[-74.78,8.4],[-74.75,8.36],[-74.67,8.18],[-74.56,8.06],[-74.5,7.95],[-74.44,8],[-74.1,8.9],[-75.59,10.03],[-75.6,9.6],[-74.85,8.88],[-74.77,8.55],[-74.78,8.4]]]},"properties":{"NAME":"Zenú","ABBREVN":"Zenú","SUBJECTO":"Zenú","BORDERPRECISION":1,"PARTOF":"Zenú"}},
{"type":"Feature","geometry":{"type":"Polygon","coordinates":[[[-76.72,37.17],[-76.75,37.16],[-76.89,37.13],[-76.99,37.1],[-76.88,37.06],[-76.84,37.01],[-76.82,36.98],[-76.69,36.96],[-76.68,36.96],[-76.52,36.92],[-76.51,37],[-76.53,37.02],[-76.55,37.03],[-76.57,37.04],[-76.65,37.14],[-76.7,37.19],[-76.72,37.17]]]},"properties":{"NAME":"Warraskoyack","ABBREVN":"Warraskoyack","SUBJECTO":"Warraskoyack","BORDERPRECISION":1,"PARTOF":"Warraskoyack"}},
{"type":"Feature","geometry":{"type":"Polygon","coordinates":[[[-159.87,63.9],[-159.79,63.89],[-159.76,63.97],[-159.65,64.05],[-159.22,64.34],[-158.88,64.83],[-158.83,64.93],[-158.9,65.48],[-158.65,65.82],[-158.16,66.51],[-157.5,66.95],[-156.6,67.57],[-155.93,67.83],[-154.74,68.28],[-154.11,68.53],[-154.06,68.55],[-151.65,68.87],[-151.43,68.9],[-149.46,68.96],[-148.79,68.88],[-148.21,69.06],[-145.43,69.22],[-143.41,68.96],[-140.98,68.66],[-140.95,68.66],[-140.94,68.66],[-140.29,68.55],[-139.46,68.42],[-137.71,68.29],[-137.4,68.26],[-137.03,68.23],[-136.58,68.19],[-136.45,68.17],[-136.33,68.16],[-133.89,68.12],[-133.85,68.22],[-133.79,68.4],[-133.79,68.41],[-133.78,68.45],[-133.99,69.51],[-136.2,68.88],[-141.16,69.6],[-143.31,70.2],[-145.27,70.12],[-149.29,70.54],[-156.9,71.35],[-160.24,70.86],[-164.07,69.06],[-166.84,68.41],[-163.74,67.22],[-168.18,65.69],[-166.59,64.73],[-162.8,64.47],[-162.56,64.6],[-160.82,63.86],[-159.87,63.9]]]},"properties":{"NAME":"Inupiat","ABBREVN":"Inupiat","SUBJECTO":"Inupiat","BORDERPRECISION":1,"PARTOF":"Inupiat"}},
{"type":"Feature","geometry":{"type":"MultiPolygon","coordinates":[[[[-123.89,50.64],[-123.9,50.63],[-123.93,50.62],[-123.96,50.6],[-123.97,50.58],[-123.94,50.62],[-123.9,50.62],[-123.89,50.64]]],[[[-123.78,50.37],[-123.73,50.37],[-123.71,50.36],[-123.72,50.38],[-123.78,50.37]]],[[[-123.83,50.39],[-123.82,50.38],[-123.82,50.39],[-123.83,50.39]]]]},"properties":{"NAME":"Lil'wat","ABBREVN":"Lil'wat","SUBJECTO":"Lil'wat","BORDERPRECISION":1,"PARTOF":"Lil'wat"}},
{"type":"Feature","geometry":{"type":"Polygon","coordinates":[[[-60.92,-10.96],[-61.45,-10.93],[-61.32,-11.26],[-60.92,-10.96]]]},"properties":{"NAME":"Surui Paiter","ABBREVN":"Surui Paiter","SUBJECTO":"Surui Paiter","BORDERPRECISION":1,"PARTOF":"Surui Paiter"}},
{"type":"Feature","geometry":{"type":"Polygon","coordinates":[[[-121.96,38.05],[-122,38.06],[-122.03,38.06],[-122.03,38.01],[-121.99,37.98],[-121.64,37.97],[-121.58,37.98],[-121.58,38],[-121.59,38.02],[-121.82,38.02],[-121.9,38.04],[-121.95,38.05],[-121.96,38.05]]]},"properties":{"NAME":"Confederated Villages of Lisjan","ABBREVN":"Confederated Villages of Lisjan","SUBJECTO":"Confederated Villages of Lisjan","BORDERPRECISION":1,"PARTOF":"Confederated Villages of Lisjan"}},
{"type":"Feature","geometry":{"type":"Polygon","coordinates":[[[-64.1,-7.26],[-64.07,-7.41],[-63.88,-7.44],[-63.84,-7.36],[-64.1,-7.26]]]},"properties":{"NAME":"Juma (Kawahib)","ABBREVN":"Juma (Kawahib)","SUBJECTO":"Juma (Kawahib)","BORDERPRECISION":1,"PARTOF":"Juma (Kawahib)"}},
{"type":"Feature","geometry":{"type":"Polygon","coordinates":[[[-108.49,25.65],[-108.77,25.5],[-108.68,25.38],[-108.32,25.48],[-108.35,25.51],[-108.49,25.65]]]},"properties":{"NAME":"Guasaves/Tamazulas","ABBREVN":"Guasaves/Tamazulas","SUBJECTO":"Guasaves/Tamazulas","BORDERPRECISION":1,"PARTOF":"Guasaves/Tamazulas"}},
{"type":"Feature","geometry":{"type":"MultiPolygon","coordinates":[[[[-101.02,27.88],[-101.5,27.71],[-102.09,27.71],[-102.15,27.71],[-102.39,27.84],[-102.62,27.95],[-102.92,28.3],[-103.14,28.3],[-103.33,28.37],[-103.32,28.35],[-103.05,27.89],[-103.04,27.83],[-102.92,27.48],[-102.45,27.16],[-102.42,27.13],[-102.36,27.05],[-102.26,26.92],[-102.01,26.21],[-101.47,26.01],[-101.41,25.98],[-100.81,25.72],[-99.8,25.63],[-99.66,25.58],[-99.4,25.49],[-99.09,25.34],[-98.48,25.1],[-97.99,24.9],[-97.66,25.07],[-97.6,25.16],[-97.62,25.16],[-97.78,25.21],[-98.26,25.35],[-98.29,25.36],[-99.11,25.83],[-99.25,25.94],[-99.29,25.97],[-99.67,26.27],[-99.71,26.3],[-100.46,27.16],[-100.71,27.48],[-100.96,27.8],[-101.02,27.88]]],[[[-94.43,29.54],[-94.56,29.81],[-94.63,29.85],[-94.88,29.99],[-95.08,30.11],[-95.12,30.13],[-95.32,30.23],[-95.38,30.26],[-95.6,30.36],[-95.66,30.38],[-95.7,30.39],[-95.71,30.39],[-95.95,30.45],[-96.08,30.47],[-96.47,30.5],[-96.63,30.53],[-96.75,30.55],[-96.95,30.57],[-97.36,30.62],[-97.55,30.66],[-97.2,30.24],[-97.18,30.22],[-97.15,29.69],[-97.11,29.42],[-97.06,29.12],[-97.05,29.04],[-97.04,28.98],[-97.03,28.9],[-96.91,28.14],[-96.83,28.16],[-96.2,28.64],[-95.6,28.8],[-94.84,29.35],[-95.06,29.68],[-94.86,29.78],[-94.6,29.55],[-94.43,29.54]]]]},"properties":{"NAME":"Coahuiltecan","ABBREVN":"Coahuiltecan","SUBJECTO":"Coahuiltecan","BORDERPRECISION":1,"PARTOF":"Coahuiltecan"}},
{"type":"Feature","geometry":{"type":"Polygon","coordinates":[[[-71.95,-5.61],[-71.91,-5.55],[-71.94,-5.16],[-72.03,-5.09],[-73.41,-5.12],[-73.19,-6.08],[-71.95,-5.61]]]},"properties":{"NAME":"Matsés (Mayoruna)","ABBREVN":"Matsés (Mayoruna)","SUBJECTO":"Matsés (Mayoruna)","BORDERPRECISION":1,"PARTOF":"Matsés (Mayoruna)"}},
{"type":"Feature","geometry":{"type":"Polygon","coordinates":[[[-102.42,21.44],[-103.56,21.99],[-103.64,21.77],[-103.73,21.49],[-103.82,21.03],[-103.96,20.89],[-104.03,20.77],[-104.07,20.66],[-104.06,20.6],[-103.93,20.72],[-103.78,20.85],[-103.48,20.84],[-103.36,20.93],[-103.31,20.95],[-103.28,20.96],[-103.29,20.95],[-103.22,20.99],[-103.17,21.01],[-103,21.15],[-102.99,21.14],[-102.59,21.28],[-102.51,21.3],[-102.42,21.44]]]},"properties":{"NAME":"Caxcan","ABBREVN":"Caxcan","SUBJECTO":"Caxcan","BORDERPRECISION":1,"PARTOF":"Caxcan"}},
{"type":"Feature","geometry":{"type":"Polygon","coordinates":[[[-75.78,0.08],[-75.82,0.09],[-75.78,0.06],[-75.74,0.06],[-75.78,0.08]]]},"properties":{"NAME":"ZioBain (Siona)","ABBREVN":"ZioBain (Siona)","SUBJECTO":"ZioBain (Siona)","BORDERPRECISION":1,"PARTOF":"ZioBain (Siona)"}},
{"type":"Feature","geometry":{"type":"Polygon","coordinates":[[[-66.84,-27.08],[-66.93,-27.04],[-68.33,-25.73],[-69.11,-25.21],[-69.07,-25.43],[-69.03,-25.59],[-68.92,-25.85],[-68.82,-26.46],[-69.76,-27.09],[-70.07,-27.39],[-70.24,-27.59],[-70.28,-27.64],[-70.32,-27.7],[-70.55,-28.03],[-71.2,-28.24],[-71.23,-29.52],[-71.68,-30.6],[-71.59,-30.47],[-70.68,-30.47],[-70.56,-30.49],[-70.5,-30.3],[-68.96,-28.59],[-66.38,-27.33],[-66.33,-27.32],[-66.84,-27.08]]]},"properties":{"NAME":"Diaguita","ABBREVN":"Diaguita","SUBJECTO":"Diaguita","BORDERPRECISION":1,"PARTOF":"Diaguita"}},
{"type":"Feature","geometry":{"type":"Polygon","coordinates":[[[-79.29,38.78],[-77.73,39.92],[-78.67,40.15],[-79.29,38.78]]]},"properties":{"NAME":"Massawomeck","ABBREVN":"Massawomeck","SUBJECTO":"Massawomeck","BORDERPRECISION":1,"PARTOF":"Massawomeck"}},
{"type":"Feature","geometry":{"type":"Polygon","coordinates":[[[-104.21,20.49],[-104.53,20.43],[-104.38,20.09],[-104.21,20.49]]]},"properties":{"NAME":"Coyutecos (Nahua)","ABBREVN":"Coyutecos (Nahua)","SUBJECTO":"Coyutecos (Nahua)","BORDERPRECISION":1,"PARTOF":"Coyutecos (Nahua)"}},
{"type":"Feature","geometry":{"type":"Polygon","coordinates":[[[-70.25,-4.65],[-70.55,-5.01],[-70.29,-5.2],[-70.07,-4.84],[-70.25,-4.65]]]},"properties":{"NAME":"Korubo","ABBREVN":"Korubo","SUBJECTO":"Korubo","BORDERPRECISION":1,"PARTOF":"Korubo"}},
{"type":"Feature","geometry":{"type":"Polygon","coordinates":[[[-54.03,-32.53],[-54.68,-32.18],[-56.29,-30.98],[-56.86,-30.28],[-56.94,-30.06],[-57.05,-29.77],[-56.77,-29.14],[-56.8,-29.13],[-59.18,-29],[-59.32,-29.05],[-59.38,-29.08],[-59.54,-29.25],[-59.65,-29.65],[-59.63,-29.98],[-59.69,-30.36],[-59.71,-30.58],[-59.71,-30.81],[-59.71,-30.86],[-59.73,-30.89],[-59.95,-31.17],[-61.45,-31.49],[-61.89,-32.57],[-61.61,-32.79],[-61.19,-32.94],[-60.72,-33.06],[-60.51,-33.12],[-60.26,-33.26],[-60.25,-33.27],[-60.06,-33.42],[-59.9,-33.52],[-59.89,-33.52],[-59.89,-33.53],[-59.4,-33.73],[-58.99,-33.89],[-58.61,-34.02],[-58.58,-34.04],[-57.57,-34.57],[-56.34,-35],[-54.07,-34.65],[-52.57,-33.02],[-53.24,-32.87],[-53.92,-32.59],[-54.03,-32.53]]]},"properties":{"NAME":"Charrúa","ABBREVN":"Charrúa","SUBJECTO":"Charrúa","BORDERPRECISION":1,"PARTOF":"Charrúa"}},
{"type":"Feature","geometry":{"type":"Polygon","coordinates":[[[-123.99,40.99],[-123.98,40.99],[-123.95,41.01],[-123.93,41],[-123.93,40.99],[-123.87,41.01],[-123.88,41.17],[-123.99,41.21],[-124,41.17],[-123.97,41.06],[-123.98,41.02],[-123.99,41.02],[-123.99,40.99]]]},"properties":{"NAME":"Chilula","ABBREVN":"Chilula","SUBJECTO":"Chilula","BORDERPRECISION":1,"PARTOF":"Chilula"}},
{"type":"Feature","geometry":{"type":"Polygon","coordinates":[[[-111.99,41.56],[-112.12,41.27],[-112.05,40.59],[-111.95,40.55],[-111.69,40.78],[-109.01,40.96],[-107.73,40.78],[-106.94,40.84],[-107.31,41.18],[-108.24,41.51],[-108.83,41.98],[-108.83,41.85],[-108.7,41.46],[-108.87,40.98],[-110.7,40.9],[-111.84,41.51],[-111.99,41.56]]]},"properties":{"NAME":"Eastern Shoshone","ABBREVN":"Eastern Shoshone","SUBJECTO":"Eastern Shoshone","BORDERPRECISION":1,"PARTOF":"Eastern Shoshone"}},
{"type":"Feature","geometry":{"type":"Polygon","coordinates":[[[-72.16,-0.44],[-72.24,-0.42],[-72.25,-0.42],[-72.21,-0.47],[-72.18,-0.8],[-72.08,-0.91],[-72.02,-0.97],[-71.89,-1.09],[-71.85,-1.11],[-71.84,-1.04],[-71.9,-0.68],[-72.02,-0.5],[-72.13,-0.44],[-72.14,-0.44],[-72.16,-0.44]]]},"properties":{"NAME":"Nonuya","ABBREVN":"Nonuya","SUBJECTO":"Nonuya","BORDERPRECISION":1,"PARTOF":"Nonuya"}},
{"type":"Feature","geometry":{"type":"Polygon","coordinates":[[[-52.55,-5.45],[-52.54,-5.45],[-52.12,-5.46],[-52.1,-5.45],[-52.09,-5.45],[-52.01,-5.45],[-52,-5.36],[-52,-5.35],[-51.97,-5.34],[-51.98,-4.97],[-52.01,-4.97],[-52.1,-4.98],[-52.22,-5.01],[-52.33,-5.02],[-52.42,-4.85],[-52.45,-4.64],[-52.51,-4.48],[-52.58,-4.67],[-52.66,-4.88],[-52.68,-5.16],[-52.62,-5.3],[-52.56,-5.44],[-52.55,-5.45]]]},"properties":{"NAME":"Bïde","ABBREVN":"Bïde","SUBJECTO":"Bïde","BORDERPRECISION":1,"PARTOF":"Bïde"}},
{"type":"Feature","geometry":{"type":"Polygon","coordinates":[[[-109.25,33.1],[-109.5,33.14],[-109.55,33.15],[-109.6,33.15],[-109.66,33.04],[-109.9,32.63],[-109.92,32.6],[-110.06,32.37],[-110.18,32.18],[-110.28,32.02],[-110.26,31.91],[-110.24,31.67],[-110.24,31.66],[-110.24,31.58],[-110.18,31.46],[-109.97,31.35],[-109.81,31.26],[-109.57,31.07],[-109.47,31.01],[-109.25,30.87],[-108.81,29.62],[-108.79,29.28],[-108.77,29.24],[-108.71,29.11],[-108.32,28.96],[-108.16,28.91],[-108.01,28.88],[-107.49,28.85],[-107.02,28.78],[-106.97,28.78],[-106.78,28.77],[-106.57,28.79],[-106.26,28.82],[-106.18,28.83],[-105.85,28.97],[-105.55,29.09],[-105.12,29.46],[-105.36,29.65],[-105.67,30.01],[-105.71,30.06],[-105.77,30.14],[-105.92,30.32],[-106.25,30.63],[-106.48,31.03],[-106.48,31.04],[-106.51,31.08],[-106.64,31.28],[-106.68,31.55],[-106.68,31.56],[-106.65,31.76],[-106.62,31.89],[-106.63,32.06],[-106.68,32.15],[-106.75,32.27],[-106.84,32.39],[-107.09,32.62],[-107.24,32.73],[-107.25,32.74],[-107.27,32.76],[-107.28,32.81],[-107.33,32.92],[-107.33,32.97],[-107.36,33.1],[-107.38,33.24],[-107.74,33.17],[-108.18,33.09],[-109.04,33.07],[-109.25,33.1]]]},"properties":{"NAME":"Chiricahua Apache","ABBREVN":"Chiricahua Apache","SUBJECTO":"Chiricahua Apache","BORDERPRECISION":1,"PARTOF":"Chiricahua Apache"}},
{"type":"Feature","geometry":{"type":"MultiPolygon","coordinates":[[[[-64.57,-8.58],[-64.55,-8.55],[-64.53,-7.7],[-64.73,-7.31],[-64.74,-7.29],[-64.58,-7.66],[-64.62,-8.06],[-64.56,-8.47],[-64.57,-8.58]]],[[[-64.76,-8.63],[-64.73,-8.65],[-64.62,-8.62],[-64.57,-8.59],[-64.76,-8.63]]],[[[-64.87,-7.38],[-64.83,-7.31],[-64.81,-7.27],[-65.19,-7.4],[-65.22,-7.41],[-64.99,-7.46],[-64.87,-7.38]]],[[[-64.74,-7.28],[-64.77,-7.24],[-64.76,-7.28],[-64.74,-7.28]]],[[[-64.82,-6.52],[-64.8,-6.86],[-64.82,-6.87],[-64.85,-7.14],[-64.78,-7.22],[-64.77,-7.24],[-64.78,-6.86],[-64.81,-6.52],[-64.84,-6.19],[-64.82,-6.52]]]]},"properties":{"NAME":"Pamoari","ABBREVN":"Pamoari","SUBJECTO":"Pamoari","BORDERPRECISION":1,"PARTOF":"Pamoari"}},
{"type":"Feature","geometry":{"type":"Polygon","coordinates":[[[-121.17,51.08],[-121.24,51.03],[-121.43,50.9],[-121.57,50.79],[-121.52,50.79],[-121.41,50.79],[-121.21,50.54],[-121.06,50.51],[-120.9,50.46],[-120.86,50.44],[-120.83,50.44],[-120.08,50.43],[-119.52,50.25],[-119.45,50.24],[-119.37,50.23],[-119.34,50.23],[-119.23,50.18],[-119.21,50.17],[-118.98,50.16],[-118.71,50.09],[-118.55,50.02],[-118.53,50.09],[-118.45,50.25],[-118.52,50.69],[-118.63,50.77],[-118.72,50.83],[-118.76,50.84],[-118.91,50.91],[-118.97,50.94],[-119.67,51.62],[-120.11,52.59],[-120.11,52.62],[-120.11,52.63],[-120.27,52.6],[-120.35,52.58],[-120.53,52.55],[-120.97,52.49],[-122.27,52.33],[-122.28,52.28],[-122.28,52.2],[-122.28,52.14],[-122.27,52.1],[-122.27,52.09],[-122.27,52.07],[-122.28,52.02],[-122.27,51.99],[-122.26,51.93],[-122.38,51.88],[-122.4,51.8],[-122.37,51.72],[-122.36,51.67],[-122.28,51.5],[-122.27,51.49],[-122.26,51.48],[-122.23,51.43],[-122.23,51.4],[-122.23,51.39],[-122.22,51.36],[-122.23,51.32],[-122.23,51.3],[-122.18,51.26],[-122.17,51.24],[-122.12,51.2],[-121.89,51.23],[-121.42,51.05],[-121.28,51.07],[-121.21,51.08],[-121.17,51.08]]]},"properties":{"NAME":"Secwepemcúl'ecw (Secwépemc)","ABBREVN":"Secwepemcúl'ecw (Secwépemc)","SUBJECTO":"Secwepemcúl'ecw (Secwépemc)","BORDERPRECISION":1,"PARTOF":"Secwepemcúl'ecw (Secwépemc)"}},
{"type":"Feature","geometry":{"type":"Polygon","coordinates":[[[-84,12.12],[-84.02,12.11],[-84.26,11.86],[-84.24,11.84],[-84.21,11.86],[-84.1,11.93],[-84.03,11.95],[-84.02,11.99],[-84,12.12]]]},"properties":{"NAME":"Kriol","ABBREVN":"Kriol","SUBJECTO":"Kriol","BORDERPRECISION":1,"PARTOF":"Kriol"}},
{"type":"Feature","geometry":{"type":"Polygon","coordinates":[[[-76.84,-2.2],[-76.84,-2.19],[-76.85,-2.19],[-76.86,-2.19],[-76.86,-2.18],[-76.86,-2.17],[-76.86,-2.16],[-76.86,-2.15],[-76.87,-2.15],[-76.87,-2.13],[-76.86,-2.13],[-76.82,-2.1],[-76.8,-2.07],[-76.8,-2.06],[-76.8,-2.05],[-76.81,-2.05],[-76.81,-2.04],[-76.82,-2.04],[-76.82,-2.03],[-76.82,-2.02],[-76.83,-2.02],[-76.83,-2.01],[-76.84,-2.01],[-77,-2.19],[-77,-2.2],[-77.01,-2.21],[-77.01,-2.22],[-77.02,-2.22],[-77.03,-2.22],[-77.04,-2.22],[-77.05,-2.22],[-77.06,-2.24],[-77.05,-2.25],[-77.05,-2.26],[-77.05,-2.27],[-77.04,-2.27],[-77.04,-2.28],[-77.03,-2.29],[-77.02,-2.29],[-77.02,-2.31],[-77.01,-2.31],[-77,-2.32],[-76.99,-2.32],[-76.97,-2.32],[-76.94,-2.3],[-76.79,-2.25],[-76.79,-2.24],[-76.8,-2.24],[-76.82,-2.23],[-76.82,-2.22],[-76.83,-2.22],[-76.83,-2.21],[-76.83,-2.2],[-76.84,-2.2]]]},"properties":{"NAME":"Andoa","ABBREVN":"Andoa","SUBJECTO":"Andoa","BORDERPRECISION":1,"PARTOF":"Andoa"}},
{"type":"Feature","geometry":{"type":"Polygon","coordinates":[[[-67.51,-14.59],[-66.82,-15.56],[-66.8,-15.47],[-67,-15.1],[-67.01,-15.1],[-67.51,-14.59]]]},"properties":{"NAME":"Mosetén","ABBREVN":"Mosetén","SUBJECTO":"Mosetén","BORDERPRECISION":1,"PARTOF":"Mosetén"}},
{"type":"Feature","geometry":{"type":"Polygon","coordinates":[[[-65.23,6.56],[-65.25,6.69],[-66.87,7.05],[-66.93,7.04],[-66.94,7.03],[-66.9,6.98],[-66.81,6.88],[-66.71,6.48],[-66.73,6.36],[-66.69,6.36],[-65.84,6.19],[-65.83,6.19],[-65.8,6.31],[-65.64,6.54],[-65.38,6.59],[-65.23,6.56]]]},"properties":{"NAME":"E'ñepá","ABBREVN":"E'ñepá","SUBJECTO":"E'ñepá","BORDERPRECISION":1,"PARTOF":"E'ñepá"}},
{"type":"Feature","geometry":{"type":"Polygon","coordinates":[[[-108.49,25.65],[-108.37,25.77],[-108.35,25.81],[-108.31,25.91],[-108.22,26.12],[-108.38,26.53],[-108.47,26.68],[-108.56,26.77],[-108.63,26.84],[-108.87,27.35],[-109.34,27.62],[-109.59,27.48],[-110,27.1],[-109.97,27.08],[-109.98,27.06],[-109.34,25.96],[-108.97,25.63],[-108.85,25.62],[-108.77,25.5],[-108.49,25.65]]]},"properties":{"NAME":"Yoreme (Mayo)","ABBREVN":"Yoreme (Mayo)","SUBJECTO":"Yoreme (Mayo)","BORDERPRECISION":1,"PARTOF":"Yoreme (Mayo)"}},
{"type":"Feature","geometry":{"type":"MultiPolygon","coordinates":[[[[-75.81,-5.34],[-75.93,-5.51],[-75.74,-5.59],[-75.62,-5.63],[-75.63,-5.62],[-75.73,-5.45],[-75.76,-5.3],[-75.81,-5.34]]],[[[-75.28,-5.96],[-75.38,-5.9],[-75.59,-5.66],[-75.52,-5.84],[-75.52,-5.91],[-75.41,-5.96],[-75.28,-5.96]]]]},"properties":{"NAME":"Chamicuro","ABBREVN":"Chamicuro","SUBJECTO":"Chamicuro","BORDERPRECISION":1,"PARTOF":"Chamicuro"}},
{"type":"Feature","geometry":{"type":"Polygon","coordinates":[[[-70.2,-54.85],[-70.66,-54.78],[-70.5,-54.92],[-70.2,-54.85]]]},"properties":{"NAME":"Yagán","ABBREVN":"Yagán","SUBJECTO":"Yagán","BORDERPRECISION":1,"PARTOF":"Yagán"}},
{"type":"Feature","geometry":{"type":"Polygon","coordinates":[[[-115.56,31.36],[-115.97,31.17],[-116.23,30.94],[-116.1,30.44],[-115.82,30.38],[-115.03,30.72],[-115.06,30.78],[-115.11,30.98],[-115.32,31.3],[-115.56,31.36]]]},"properties":{"NAME":"Kiliwa","ABBREVN":"Kiliwa","SUBJECTO":"Kiliwa","BORDERPRECISION":1,"PARTOF":"Kiliwa"}},
{"type":"Feature","geometry":{"type":"Polygon","coordinates":[[[-108.23,27.6],[-109.3,27.81],[-108.74,27.33],[-108.23,27.6]]]},"properties":{"NAME":"Guarijío/Guarijó","ABBREVN":"Guarijío/Guarijó","SUBJECTO":"Guarijío/Guarijó","BORDERPRECISION":1,"PARTOF":"Guarijío/Guarijó"}},
{"type":"Feature","geometry":{"type":"Polygon","coordinates":[[[-64.77,-12.95],[-64.98,-12.94],[-64.99,-12.96],[-65.02,-12.99],[-65.08,-13.05],[-65.12,-13.2],[-65.12,-13.22],[-65.13,-13.36],[-65.13,-13.63],[-65.11,-13.9],[-65.11,-13.92],[-65.1,-14.07],[-65.09,-14.12],[-65.09,-14.14],[-64.97,-14.38],[-64.95,-14.41],[-64.98,-15.02],[-64.89,-15.34],[-64.81,-15.6],[-64.79,-15.67],[-64.78,-15.68],[-64.77,-15.73],[-64.68,-15.79],[-64.61,-15.83],[-64.58,-15.85],[-64.52,-16.2],[-64.49,-16.52],[-64.46,-16.54],[-64.29,-16.57],[-63.99,-16.55],[-64,-15.97],[-64,-15.96],[-63.98,-15.69],[-63.96,-15.39],[-63.94,-15.31],[-63.93,-15.28],[-63.83,-14.91],[-63.4,-14.62],[-63.22,-14.51],[-63.18,-14.5],[-63.16,-14.49],[-63.21,-14.32],[-63.27,-13.92],[-63.38,-13.68],[-63.39,-13.65],[-63.51,-13.34],[-63.47,-13.33],[-64.15,-12.98],[-64.29,-12.97],[-64.77,-12.95]]]},"properties":{"NAME":"Sirionó","ABBREVN":"Sirionó","SUBJECTO":"Sirionó","BORDERPRECISION":1,"PARTOF":"Sirionó"}},
{"type":"Feature","geometry":{"type":"Polygon","coordinates":[[[-92.2,15.87],[-92.28,15.85],[-92.46,15.77],[-92.7,15.68],[-92.84,15.61],[-92.31,14.66],[-92.19,14.66],[-91.73,14.51],[-91.59,15.12],[-91.53,15.24],[-91.55,15.25],[-91.82,15.36],[-91.97,15.43],[-92.25,15.71],[-92.23,15.78],[-92.2,15.87]]]},"properties":{"NAME":"Winaq Qo’ (Mam)","ABBREVN":"Winaq Qo’ (Mam)","SUBJECTO":"Winaq Qo’ (Mam)","BORDERPRECISION":1,"PARTOF":"Winaq Qo’ (Mam)"}},
{"type":"Feature","geometry":{"type":"Polygon","coordinates":[[[-76.36,-4.95],[-76.24,-5.1],[-76.17,-5.19],[-76.15,-5.18],[-76.02,-5.15],[-75.93,-5.15],[-75.92,-5.15],[-75.84,-5.13],[-75.79,-5.12],[-76.15,-3.79],[-76.17,-3.77],[-76.13,-3.66],[-76.12,-3.57],[-76.15,-3.63],[-76.28,-3.78],[-76.4,-4.01],[-76.46,-4.62],[-76.57,-4.61],[-76.54,-4.64],[-76.42,-4.88],[-76.36,-4.95]]]},"properties":{"NAME":"Kichwa del Río Pastaza","ABBREVN":"Kichwa del Río Pastaza","SUBJECTO":"Kichwa del Río Pastaza","BORDERPRECISION":1,"PARTOF":"Kichwa del Río Pastaza"}},
{"type":"Feature","geometry":{"type":"Polygon","coordinates":[[[-97.66,25.07],[-97.99,24.9],[-98.48,25.1],[-98.81,24.75],[-99.12,24.67],[-99.44,24.59],[-99.43,24.3],[-99.43,24.17],[-99.4,23.94],[-99.52,23.71],[-99.65,23.55],[-99.71,23.48],[-99.7,23.19],[-99,23.16],[-98.38,22.7],[-97.83,22.16],[-97.74,24.73],[-97.66,25.07]]]},"properties":{"NAME":"Tamaulipeco tribes","ABBREVN":"Tamaulipeco tribes","SUBJECTO":"Tamaulipeco tribes","BORDERPRECISION":1,"PARTOF":"Tamaulipeco tribes"}},
{"type":"Feature","geometry":{"type":"MultiPolygon","coordinates":[[[[-64.7,-43.2],[-65.8,-43.38],[-65.9,-43.42],[-65.92,-43.43],[-65.69,-43.4],[-65.05,-43.33],[-64.7,-43.2]]],[[[-69.05,-43.57],[-69.19,-43.33],[-69.35,-43.05],[-69.62,-42.73],[-71.12,-42.33],[-71.24,-41.63],[-71.37,-41.61],[-71.75,-42.18],[-72,-42.74],[-70.99,-43.46],[-70.12,-43.54],[-69.05,-43.57]]],[[[-69.62,-34.69],[-68.7,-34.76],[-68.05,-34.7],[-68.01,-34.67],[-69.25,-34.67],[-69.62,-34.69]]],[[[-63.21,-33.66],[-62.39,-33.81],[-61.52,-34.11],[-60.4,-35.03],[-57.42,-36],[-58.44,-34.38],[-60.75,-33.53],[-62.71,-33.41],[-63.21,-33.66]]]]},"properties":{"NAME":"Günün a atük (Günün a küna)","ABBREVN":"Günün a atük (Günün a küna)","SUBJECTO":"Günün a atük (Günün a küna)","BORDERPRECISION":1,"PARTOF":"Günün a atük (Günün a küna)"}},
{"type":"Feature","geometry":{"type":"MultiPolygon","coordinates":[[[[-66.75,2.94],[-66.73,3.19],[-66.75,3.23],[-66.75,2.94]]],[[[-67.91,1],[-67.72,0.96],[-67.34,1.07],[-67.29,1.1],[-67.3,1.16],[-67.23,1.32],[-67.14,1.41],[-67.11,1.45],[-67.04,1.51],[-66.91,1.63],[-66.84,1.75],[-66.82,2.1],[-66.68,2.15],[-66.8,2.44],[-66.75,2.94],[-66.85,2.31],[-66.92,2.09],[-67.01,1.85],[-67.09,1.75],[-67.17,1.66],[-67.34,1.46],[-67.43,1.36],[-67.68,1.11],[-67.91,1]]]]},"properties":{"NAME":"Wakuenai/Walimanai (Kuripako)","ABBREVN":"Wakuenai/Walimanai (Kuripako)","SUBJECTO":"Wakuenai/Walimanai (Kuripako)","BORDERPRECISION":1,"PARTOF":"Wakuenai/Walimanai (Kuripako)"}},
{"type":"Feature","geometry":{"type":"MultiPolygon","coordinates":[[[[-77.73,8.71],[-77.84,8.77],[-77.9,8.81],[-78.09,8.98],[-78.09,8.97],[-78.82,9.22],[-78.82,9.18],[-78.69,9.14],[-78.56,9.08],[-78.5,9.06],[-78.31,8.99],[-78.02,8.8],[-77.87,8.77],[-77.75,8.67],[-77.74,8.66],[-77.7,8.68],[-77.68,8.68],[-77.73,8.71]]],[[[-78.9,9.11],[-78.92,9.11],[-78.96,8.99],[-78.92,8.97],[-78.92,9.07],[-78.9,9.11]]]]},"properties":{"NAME":"Emberá","ABBREVN":"Emberá","SUBJECTO":"Emberá","BORDERPRECISION":1,"PARTOF":"Emberá"}},
{"type":"Feature","geometry":{"type":"Polygon","coordinates":[[[-174.38,64.62],[-174.07,64.53],[-174.08,64.52],[-174.01,64.56],[-174.02,64.58],[-174.52,64.66],[-174.38,64.62]]]},"properties":{"NAME":"Siginygmit (Sireniki) Yupik","ABBREVN":"Siginygmit (Sireniki) Yupik","SUBJECTO":"Siginygmit (Sireniki) Yupik","BORDERPRECISION":1,"PARTOF":"Siginygmit (Sireniki) Yupik"}},
{"type":"Feature","geometry":{"type":"Polygon","coordinates":[[[-71.66,46.63],[-72.03,46.48],[-72.08,46.46],[-72.77,46.18],[-73.13,46.01],[-73.19,45.62],[-73.22,45.55],[-73.25,45.51],[-73.28,45.46],[-73.25,45.4],[-73.25,45.21],[-73.27,45.13],[-73.34,45.04],[-73.35,44.95],[-73.35,44.92],[-73.37,44.84],[-73.38,44.66],[-73.38,44.64],[-73.37,44.6],[-73.34,44.49],[-73.33,44.47],[-73.31,44.31],[-73.33,44.27],[-73.38,44.18],[-73.39,44.17],[-73.43,44.06],[-73.42,44.04],[-73.41,43.97],[-73.39,43.88],[-73.39,43.79],[-73.39,43.48],[-73.41,43.21],[-73.36,43.07],[-73.3,42.94],[-73.14,42.66],[-73.05,42.59],[-72.97,42.52],[-72.71,42.46],[-72.37,42.5],[-72.14,42.53],[-72,42.55],[-71.78,42.58],[-71.65,42.6],[-71.53,42.62],[-71.3,42.65],[-71.29,42.65],[-71.15,42.67],[-71.06,42.68],[-70.76,42.73],[-70.79,42.81],[-70.83,42.84],[-70.85,42.86],[-70.87,42.87],[-70.69,43.1],[-70.19,43.64],[-70.22,43.8],[-70.21,43.8],[-69.92,43.91],[-69.83,43.75],[-69.7,43.87],[-69.68,43.88],[-69.25,43.99],[-69.12,44.12],[-69.1,44.13],[-69.09,44.14],[-68.8,44.39],[-68.05,44.41],[-66.96,45.21],[-66.61,45.19],[-66.5,45.19],[-66.4,45.11],[-66.22,45.2],[-66.05,45.29],[-66.05,45.35],[-65.71,43.56],[-61.03,45.38],[-64.53,46.27],[-66.03,49.17],[-68.34,48.55],[-68.93,48.27],[-69.1,48.19],[-69.25,48.12],[-69.42,48],[-69.54,47.91],[-69.75,47.77],[-70.22,47.34],[-70.79,46.98],[-70.83,46.94],[-70.88,46.89],[-71.04,46.74],[-70.95,46.91],[-70.94,46.92],[-71.26,46.79],[-71.66,46.63]]]},"properties":{"NAME":"Wabanaki (Dawnland Confederacy)","ABBREVN":"Wabanaki (Dawnland Confederacy)","SUBJECTO":"Wabanaki (Dawnland Confederacy)","BORDERPRECISION":1,"PARTOF":"Wabanaki (Dawnland Confederacy)"}},
{"type":"Feature","geometry":{"type":"Polygon","coordinates":[[[-107.34,25.2],[-107.4,25.66],[-107.56,25.63],[-107.49,25.52],[-107.47,25.37],[-107.38,25.23],[-107.34,25.2]]]},"properties":{"NAME":"Pacaxes","ABBREVN":"Pacaxes","SUBJECTO":"Pacaxes","BORDERPRECISION":1,"PARTOF":"Pacaxes"}},
{"type":"Feature","geometry":{"type":"MultiPolygon","coordinates":[[[[-120.88,42.6],[-120.96,42.59],[-121.43,42.54],[-121.82,42.61],[-121.95,42.55],[-121.96,42.56],[-121.97,42.5],[-121.98,42.39],[-122.1,42.13],[-122.11,42.07],[-122.12,42.01],[-122.08,41.96],[-122.04,41.9],[-122.03,41.88],[-122.03,41.87],[-122.03,41.83],[-122.04,41.81],[-122.03,41.66],[-122.09,41.56],[-122.11,41.53],[-122.16,41.46],[-122.17,41.44],[-122.18,41.41],[-122.14,41.37],[-122.13,41.36],[-122.12,41.34],[-122.09,41.31],[-122.08,41.29],[-122.07,41.28],[-122.07,41.27],[-122.06,41.27],[-122.06,41.29],[-122.05,41.3],[-122.05,41.32],[-122.05,41.33],[-122.06,41.37],[-122.06,41.38],[-122.06,41.39],[-122.07,41.41],[-122.07,41.42],[-122.07,41.44],[-122.03,41.43],[-122.02,41.43],[-122.01,41.44],[-122,41.44],[-121.99,41.46],[-121.97,41.54],[-121.94,41.49],[-121.98,41.45],[-121.97,41.44],[-121.97,41.43],[-122,41.4],[-121.99,41.39],[-121.99,41.38],[-121.97,41.34],[-121.98,41.31],[-121.97,41.3],[-121.95,41.3],[-121.94,41.31],[-121.91,41.32],[-121.85,41.29],[-121.86,41.19],[-121.72,41.16],[-121.76,41.28],[-121.77,41.51],[-121.59,41.42],[-121.54,41.29],[-121.14,41.08],[-121.16,41.32],[-120.85,41.47],[-120.53,41.51],[-120.46,41.61],[-120.43,41.63],[-120.38,41.6],[-120.41,41.58],[-120.39,41.57],[-120.37,41.57],[-120.37,41.61],[-120.37,41.62],[-120.46,41.86],[-120.48,41.92],[-120.55,42.1],[-120.65,42.39],[-120.67,42.46],[-120.67,42.6],[-120.69,42.61],[-120.76,42.6],[-120.82,42.6],[-120.88,42.6]]],[[[-123.14,41.5],[-123.14,41.51],[-123.26,41.6],[-123.32,41.7],[-123.37,41.76],[-123.37,41.73],[-123.36,41.64],[-123.2,41.53],[-123.14,41.5]]]]},"properties":{"NAME":"Modoc","ABBREVN":"Modoc","SUBJECTO":"Modoc","BORDERPRECISION":1,"PARTOF":"Modoc"}},
{"type":"Feature","geometry":{"type":"Polygon","coordinates":[[[-40.48,-20.65],[-41.37,-20.35],[-42.76,-21.97],[-45.09,-22.48],[-45.97,-22.95],[-46.01,-22.93],[-46.42,-22.69],[-46.82,-21.41],[-48.26,-19.99],[-51.62,-19.87],[-52.4,-19.44],[-53.02,-19.09],[-54.83,-17.63],[-55.42,-17.69],[-56.12,-17.83],[-56.58,-17.93],[-57.27,-18.02],[-57.57,-17.96],[-57.86,-17.91],[-57.94,-17.85],[-57.96,-17.83],[-58.13,-17.69],[-58.79,-17.13],[-58.82,-17.07],[-59.28,-15.91],[-59.6,-15.33],[-60.24,-14.63],[-60.66,-14.47],[-61.02,-14.33],[-61.71,-14.26],[-61.79,-14.27],[-62.33,-14.31],[-62.55,-14.36],[-62.8,-14.42],[-63.16,-14.49],[-63.18,-14.5],[-63.22,-14.51],[-63.4,-14.62],[-63.83,-14.91],[-63.93,-15.28],[-63.94,-15.31],[-63.96,-15.39],[-63.98,-15.69],[-64,-15.96],[-64,-15.97],[-63.99,-16.55],[-63.99,-16.69],[-64,-16.7],[-63.99,-16.85],[-64.13,-18.54],[-64.31,-18.76],[-64.26,-18.79],[-64.61,-19.49],[-64.65,-19.7],[-64.81,-20.53],[-64.85,-20.74],[-64.95,-21.24],[-65.01,-21.57],[-65,-21.7],[-64.99,-22.58],[-65.1,-22.95],[-65.13,-23.03],[-65.14,-23.07],[-65.16,-23.14],[-65.13,-23.26],[-65.12,-23.35],[-65.11,-23.38],[-65.09,-23.46],[-65.09,-23.47],[-65.07,-23.56],[-65.06,-23.65],[-65.04,-23.75],[-65.05,-23.98],[-65.06,-24.05],[-65.08,-24.25],[-65.04,-24.3],[-65.03,-24.31],[-64.97,-24.38],[-64.69,-24.72],[-64.46,-24.67],[-64.36,-24.64],[-64.29,-24.58],[-64.21,-24.5],[-63.87,-24.17],[-63.73,-23.82],[-63.58,-23.45],[-63.54,-23.34],[-63.53,-23.33],[-63.35,-22.66],[-63.24,-22.51],[-63.23,-22.51],[-63.21,-22.49],[-62.92,-22.27],[-62.77,-22.32],[-62.75,-22.33],[-62.66,-22.36],[-62.51,-22.42],[-62.47,-22.43],[-62.25,-22.49],[-62.24,-22.49],[-61.73,-22.64],[-60.96,-22.85],[-60.2,-23.21],[-60.14,-23.24],[-59.79,-23.41],[-59.49,-23.56],[-59.41,-23.6],[-59.19,-23.74],[-59.11,-23.8],[-58.81,-23.99],[-58.64,-24.19],[-58.56,-24.29],[-58.51,-24.35],[-58.49,-24.37],[-58.3,-24.6],[-58.27,-24.63],[-57.63,-25.28],[-57.96,-26.02],[-57.92,-26.14],[-57.79,-26.53],[-56.59,-27.65],[-56.64,-28.87],[-56.77,-29.14],[-57.05,-29.77],[-56.94,-30.06],[-56.86,-30.28],[-56.29,-30.98],[-54.68,-32.18],[-54.03,-32.53],[-53.92,-32.59],[-53.24,-32.87],[-52.57,-33.02],[-52.35,-32.68],[-52.04,-31.56],[-48.94,-28.7],[-48.72,-25.43],[-46.21,-23.88],[-45.36,-23.7],[-44.56,-22.99],[-41.96,-22.92],[-40.48,-20.65]]]},"properties":{"NAME":"Tekohá (Guarani)","ABBREVN":"Tekohá (Guarani)","SUBJECTO":"Tekohá (Guarani)","BORDERPRECISION":1,"PARTOF":"Tekohá (Guarani)"}},
{"type":"Feature","geometry":{"type":"Polygon","coordinates":[[[-126.54,49.57],[-126.34,49.55],[-126.37,49.57],[-126.46,49.58],[-126.54,49.57]]]},"properties":{"NAME":"Hesquiaht","ABBREVN":"Hesquiaht","SUBJECTO":"Hesquiaht","BORDERPRECISION":1,"PARTOF":"Hesquiaht"}},
{"type":"Feature","geometry":{"type":"MultiPolygon","coordinates":[[[[-112.45,35.22],[-112.44,35.29],[-112.5,35.28],[-112.52,35.23],[-112.45,35.22]]],[[[-113.15,36.17],[-113.14,36.17],[-113.12,36.18],[-113.15,36.17]]]]},"properties":{"NAME":"Havasu Baaja (Havasupai)","ABBREVN":"Havasu Baaja (Havasupai)","SUBJECTO":"Havasu Baaja (Havasupai)","BORDERPRECISION":1,"PARTOF":"Havasu Baaja (Havasupai)"}},
{"type":"Feature","geometry":{"type":"MultiPolygon","coordinates":[[[[-75.52,-5.91],[-75.52,-5.84],[-75.59,-5.66],[-75.62,-5.63],[-75.74,-5.59],[-75.93,-5.51],[-75.95,-5.5],[-75.97,-5.47],[-76.05,-5.36],[-76.14,-5.23],[-76.17,-5.19],[-76.24,-5.1],[-76.36,-4.95],[-76.42,-4.88],[-76.54,-4.64],[-76.57,-4.61],[-76.61,-4.6],[-76.57,-4.78],[-76.72,-5.17],[-76.72,-5.2],[-76.73,-5.35],[-76.73,-5.57],[-76.76,-5.91],[-76.86,-5.97],[-76.99,-5.99],[-77.05,-5.99],[-76.88,-6.05],[-75.47,-6.12],[-75.52,-6.05],[-75.52,-5.91]]],[[[-77.31,-4.16],[-77.38,-4.18],[-77.38,-4.19],[-77.32,-4.19],[-77.31,-4.16]]]]},"properties":{"NAME":"Shawi","ABBREVN":"Shawi","SUBJECTO":"Shawi","BORDERPRECISION":1,"PARTOF":"Shawi"}},
{"type":"Feature","geometry":{"type":"Polygon","coordinates":[[[-127.27,53.05],[-127.26,53.04],[-127.26,52.97],[-127.26,52.94],[-127.25,52.86],[-127.35,52.72],[-127.71,52.39],[-127.43,52.46],[-127.31,52.23],[-128.01,51.81],[-127.92,51.8],[-127.53,51.77],[-127.49,51.77],[-126.91,51.9],[-126.76,51.9],[-126.55,51.86],[-126.52,51.86],[-126.4,51.84],[-126.08,51.84],[-126.06,51.84],[-126.07,51.87],[-126.04,51.97],[-126.05,51.99],[-126.06,52.14],[-126.14,52.21],[-126.25,52.34],[-126.28,52.35],[-126.38,52.43],[-126.3,52.6],[-126.13,52.7],[-126.2,52.75],[-126.63,52.94],[-127.27,53.05]]]},"properties":{"NAME":"Nuxalk","ABBREVN":"Nuxalk","SUBJECTO":"Nuxalk","BORDERPRECISION":1,"PARTOF":"Nuxalk"}},
{"type":"Feature","geometry":{"type":"Polygon","coordinates":[[[-125.02,48.95],[-125.03,48.95],[-125.04,48.95],[-125.05,48.95],[-125.1,48.9],[-125.2,48.87],[-125.16,48.84],[-125.1,48.8],[-124.89,48.73],[-124.73,48.94],[-124.76,48.96],[-124.75,48.96],[-124.77,48.96],[-124.77,48.94],[-124.79,48.95],[-124.83,48.94],[-124.87,48.95],[-124.88,48.92],[-124.96,48.92],[-124.99,48.93],[-125.01,48.95],[-125.02,48.95]]]},"properties":{"NAME":"Huu-ay-aht","ABBREVN":"Huu-ay-aht","SUBJECTO":"Huu-ay-aht","BORDERPRECISION":1,"PARTOF":"Huu-ay-aht"}},
{"type":"Feature","geometry":{"type":"Polygon","coordinates":[[[-76.65,37.92],[-76.47,37.75],[-76.41,37.77],[-76.39,37.81],[-76.41,37.87],[-76.44,37.88],[-76.46,37.86],[-76.56,37.86],[-76.6,37.9],[-76.63,37.93],[-76.65,37.92]]]},"properties":{"NAME":"Moraughtacund","ABBREVN":"Moraughtacund","SUBJECTO":"Moraughtacund","BORDERPRECISION":1,"PARTOF":"Moraughtacund"}},
{"type":"Feature","geometry":{"type":"Polygon","coordinates":[[[-61.47,-10.88],[-61.21,-10.64],[-61.58,-10.2],[-61.76,-10.48],[-61.74,-10.5],[-61.65,-10.61],[-61.61,-10.65],[-61.53,-10.78],[-61.51,-10.84],[-61.47,-10.88]]]},"properties":{"NAME":"Ikolen","ABBREVN":"Ikolen","SUBJECTO":"Ikolen","BORDERPRECISION":1,"PARTOF":"Ikolen"}},
{"type":"Feature","geometry":{"type":"MultiPolygon","coordinates":[[[[-75.73,2.7],[-75.72,2.7],[-75.73,2.71],[-75.73,2.7]]],[[[-77.53,0.54],[-77.53,0.53],[-77.52,0.41],[-77.39,0.38],[-77.36,0.37],[-77.25,0.37],[-77.34,0.4],[-77.44,0.44],[-77.53,0.54]]],[[[-78.3,1.05],[-78.28,1.04],[-78.15,0.92],[-78.12,0.89],[-78.06,0.87],[-78.11,0.9],[-78.14,0.93],[-78.24,1.03],[-78.28,1.07],[-78.38,1.17],[-78.47,1.19],[-78.44,1.17],[-78.3,1.05]]]]},"properties":{"NAME":"Eperara Siapidara","ABBREVN":"Eperara Siapidara","SUBJECTO":"Eperara Siapidara","BORDERPRECISION":1,"PARTOF":"Eperara Siapidara"}},
{"type":"Feature","geometry":{"type":"Polygon","coordinates":[[[-75.51,-9.57],[-74.98,-8.94],[-75.76,-8.82],[-75.51,-9.57]]]},"properties":{"NAME":"Kakataibo","ABBREVN":"Kakataibo","SUBJECTO":"Kakataibo","BORDERPRECISION":1,"PARTOF":"Kakataibo"}},
{"type":"Feature","geometry":{"type":"Polygon","coordinates":[[[-56.98,-1.04],[-56.99,-1.03],[-57.22,-0.87],[-57.54,-0.39],[-57.74,0.27],[-57.78,0.55],[-57.74,0.81],[-57.74,0.82],[-57.68,0.85],[-57.78,0.98],[-58.24,2.53],[-58.38,2.53],[-58.45,2.53],[-58.88,2.51],[-59.65,1.93],[-59.77,1.88],[-59.88,1.86],[-59.92,1.85],[-60.41,1.11],[-59.15,-0.45],[-59.05,-0.62],[-59.01,-0.69],[-58.76,-1.03],[-58.57,-1.26],[-58.5,-1.34],[-58.38,-1.47],[-57.35,-1.93],[-56.87,-1.15],[-56.98,-1.04]]]},"properties":{"NAME":"Waiwai","ABBREVN":"Waiwai","SUBJECTO":"Waiwai","BORDERPRECISION":1,"PARTOF":"Waiwai"}},
{"type":"Feature","geometry":{"type":"MultiPolygon","coordinates":[[[[-74.88,-8.89],[-75,-9.06],[-75.05,-9.21],[-75.18,-10.01],[-75.05,-10.24],[-75.04,-10.44],[-75.05,-10.54],[-74.57,-10.97],[-74.49,-11.04],[-74.48,-11.05],[-74.37,-11.15],[-74.23,-11.27],[-74.17,-11.31],[-73.47,-11.74],[-73.43,-11.76],[-73.47,-11.73],[-73.78,-11.48],[-74.02,-11.13],[-74.08,-10.76],[-74.09,-10.64],[-73.7,-10.24],[-73.53,-10.22],[-73.31,-10.2],[-73.17,-10.18],[-73.13,-10.19],[-72.85,-10.2],[-72.5,-10.21],[-72.37,-10.22],[-72.3,-10.23],[-72.2,-10.24],[-72.14,-10.24],[-72,-10.25],[-71.85,-10.19],[-71.84,-10.18],[-71.58,-10.14],[-71.54,-10.12],[-71.37,-10.05],[-71.23,-9.97],[-71.21,-9.91],[-71.18,-9.8],[-71.16,-9.51],[-71.18,-9.46],[-71.26,-9.22],[-71.42,-9.01],[-71.49,-9],[-71.74,-8.96],[-71.89,-8.98],[-72.17,-9.01],[-72.18,-9.01],[-72.48,-9.06],[-72.85,-9.02],[-72.95,-9.01],[-73.1,-8.94],[-73.25,-8.88],[-73.32,-8.85],[-73.34,-8.84],[-73.81,-8.58],[-74.71,-8.77],[-74.88,-8.89]]],[[[-73.19,-11.89],[-73.39,-11.79],[-73.4,-11.78],[-73.21,-11.98],[-73.2,-11.91],[-73.19,-11.89]]]]},"properties":{"NAME":"Ashaninka","ABBREVN":"Ashaninka","SUBJECTO":"Ashaninka","BORDERPRECISION":1,"PARTOF":"Ashaninka"}},
{"type":"Feature","geometry":{"type":"Polygon","coordinates":[[[-121.31,48.39],[-121.31,48.33],[-121.3,48.06],[-121.28,48.04],[-121.28,48.01],[-121.28,48],[-121.27,47.99],[-121.19,48],[-121.18,48],[-121.15,47.99],[-121.14,47.99],[-121.14,48],[-121.13,48],[-121.13,48.01],[-121.14,48.01],[-121.15,48.03],[-121.14,48.05],[-121.05,48.08],[-121.01,48.09],[-120.98,48.1],[-120.97,48.12],[-120.98,48.13],[-120.99,48.14],[-121.04,48.22],[-121.09,48.34],[-121.11,48.38],[-121.31,48.39]]]},"properties":{"NAME":"Sauk Suiattle","ABBREVN":"Sauk Suiattle","SUBJECTO":"Sauk Suiattle","BORDERPRECISION":1,"PARTOF":"Sauk Suiattle"}},
{"type":"Feature","geometry":{"type":"Polygon","coordinates":[[[-122.71,39.39],[-122.54,39.49],[-122.74,39.53],[-122.76,39.41],[-122.71,39.39]]]},"properties":{"NAME":"Northeastern Pomo","ABBREVN":"Northeastern Pomo","SUBJECTO":"Northeastern Pomo","BORDERPRECISION":1,"PARTOF":"Northeastern Pomo"}},
{"type":"Feature","geometry":null,"properties":{"NAME":"Karkin","ABBREVN":"Karkin","SUBJECTO":"Karkin","BORDERPRECISION":1,"PARTOF":"Karkin"}},
{"type":"Feature","geometry":{"type":"Polygon","coordinates":[[[-79.88,-4.72],[-79.88,-4.71],[-79.81,-4.76],[-79.77,-4.77],[-79.55,-4.51],[-79.69,-4.46],[-79.8,-4.5],[-79.88,-4.43],[-79.97,-4.52],[-79.96,-4.64],[-79.88,-4.72]]]},"properties":{"NAME":"Ayahuacas","ABBREVN":"Ayahuacas","SUBJECTO":"Ayahuacas","BORDERPRECISION":1,"PARTOF":"Ayahuacas"}},
{"type":"Feature","geometry":{"type":"Polygon","coordinates":[[[-55.1,47.77],[-55.96,48.76],[-58.39,49.04],[-59.16,47.67],[-55.1,47.77]]]},"properties":{"NAME":"Mi'kma'ki","ABBREVN":"Mi'kma'ki","SUBJECTO":"Mi'kma'ki","BORDERPRECISION":1,"PARTOF":"Mi'kma'ki"}},
{"type":"Feature","geometry":{"type":"MultiPolygon","coordinates":[[[[-72.96,-52.8],[-73.27,-52.85],[-73.28,-52.95],[-72.96,-52.8]]],[[[-70.91,-53.23],[-70.78,-52.91],[-70.9,-52.82],[-71.04,-52.74],[-71.71,-52.81],[-72.35,-52.78],[-71.44,-53.88],[-70.91,-53.23]]],[[[-74.3,-47.76],[-74.13,-47.68],[-74.18,-47.54],[-74.16,-47.48],[-74.38,-47.45],[-74.3,-47.76]]]]},"properties":{"NAME":"Kawashkar","ABBREVN":"Kawashkar","SUBJECTO":"Kawashkar","BORDERPRECISION":1,"PARTOF":"Kawashkar"}},
{"type":"Feature","geometry":{"type":"MultiPolygon","coordinates":[[[[-70.28,-3.17],[-70.17,-3],[-70.02,-2.8],[-70,-2.77],[-69.85,-2.64],[-69.75,-2.62],[-69.95,-2.58],[-70.1,-2.59],[-70.22,-2.59],[-70.27,-2.6],[-70.4,-2.6],[-70.53,-2.6],[-70.51,-2.65],[-70.33,-3.05],[-70.28,-3.17]]],[[[-71.74,-3.61],[-71.39,-3.66],[-70.59,-3.54],[-70.36,-3.31],[-70.33,-3.25],[-70.28,-3.18],[-70.33,-3.07],[-70.53,-2.64],[-70.54,-2.6],[-70.62,-2.61],[-70.98,-2.64],[-71.1,-2.66],[-71.12,-2.67],[-71.27,-2.7],[-71.3,-2.7],[-71.37,-2.7],[-71.68,-2.87],[-71.7,-2.88],[-71.87,-3.13],[-71.89,-3.15],[-71.9,-3.17],[-71.92,-3.21],[-71.91,-3.26],[-71.95,-3.32],[-71.96,-3.34],[-72.03,-3.37],[-72.03,-3.38],[-72.05,-3.46],[-72.09,-3.56],[-71.74,-3.61]]],[[[-69.73,-4.64],[-69.71,-4.63],[-69.95,-4.63],[-70.5,-4.54],[-70.55,-4.52],[-70.54,-4.53],[-69.97,-4.68],[-69.73,-4.64]]],[[[-71.45,-3.86],[-71.45,-3.81],[-71.44,-3.75],[-71.4,-3.67],[-71.73,-3.63],[-72.09,-3.57],[-72.1,-3.61],[-72.11,-3.87],[-72.06,-3.99],[-72.05,-4],[-71.94,-4.23],[-71.8,-4.33],[-71.39,-4.36],[-71.17,-4.33],[-71.28,-4.24],[-71.43,-3.97],[-71.45,-3.87],[-71.45,-3.86]]]]},"properties":{"NAME":"Magüta/Ticuna","ABBREVN":"Magüta/Ticuna","SUBJECTO":"Magüta/Ticuna","BORDERPRECISION":1,"PARTOF":"Magüta/Ticuna"}},
{"type":"Feature","geometry":{"type":"Polygon","coordinates":[[[-61.15,-10.66],[-60.92,-10.96],[-60.53,-10.76],[-60.51,-10.58],[-61.15,-10.66]]]},"properties":{"NAME":"Zoró/Pangyjej","ABBREVN":"Zoró/Pangyjej","SUBJECTO":"Zoró/Pangyjej","BORDERPRECISION":1,"PARTOF":"Zoró/Pangyjej"}},
{"type":"Feature","geometry":{"type":"Polygon","coordinates":[[[-38.42,-9.16],[-38.39,-9.19],[-38.36,-9.17],[-38.38,-9.14],[-38.42,-9.16]]]},"properties":{"NAME":"Kantaruré","ABBREVN":"Kantaruré","SUBJECTO":"Kantaruré","BORDERPRECISION":1,"PARTOF":"Kantaruré"}},
{"type":"Feature","geometry":{"type":"Polygon","coordinates":[[[-84.69,10.33],[-84.54,10.35],[-84.34,10.37],[-84.09,10.3],[-83.99,10.5],[-83.99,10.51],[-84.06,10.57],[-84.27,10.57],[-84.56,10.37],[-84.69,10.33]]]},"properties":{"NAME":"Bostos","ABBREVN":"Bostos","SUBJECTO":"Bostos","BORDERPRECISION":1,"PARTOF":"Bostos"}},
{"type":"Feature","geometry":{"type":"Polygon","coordinates":[[[-72.58,4.31],[-74.01,3.78],[-73.54,2.92],[-72.11,3.22],[-72.58,4.31]]]},"properties":{"NAME":"Achagua","ABBREVN":"Achagua","SUBJECTO":"Achagua","BORDERPRECISION":1,"PARTOF":"Achagua"}},
{"type":"Feature","geometry":{"type":"MultiPolygon","coordinates":[[[[-129.99,55.28],[-129.99,55.27],[-129.99,55.26],[-129.96,55.29],[-129.99,55.48],[-129.99,55.92],[-130,55.95],[-130,55.97],[-130.03,56.04],[-130.03,56.05],[-130.04,56.05],[-130.06,56.06],[-130.04,56],[-130.03,55.91],[-130.04,55.88],[-130.05,55.86],[-130.06,55.84],[-130.07,55.84],[-130.11,55.82],[-130.11,55.81],[-130.14,55.74],[-130.12,55.69],[-130.12,55.68],[-130.12,55.61],[-130.12,55.6],[-130.13,55.58],[-130.13,55.57],[-130.13,55.56],[-130.1,55.52],[-130.08,55.49],[-130.06,55.47],[-130.05,55.46],[-130.04,55.45],[-130.04,55.38],[-130.03,55.37],[-130.02,55.36],[-130,55.33],[-129.98,55.3],[-129.98,55.29],[-129.99,55.28]]],[[[-130.62,56.28],[-130.61,56.27],[-130.31,56.13],[-130.2,56.1],[-130.39,56.17],[-130.62,56.28]]],[[[-132.66,55.47],[-132.58,55.5],[-132.66,55.61],[-132.76,55.58],[-133.09,55.45],[-133.07,55.42],[-132.66,55.46],[-132.66,55.47]]]]},"properties":{"NAME":"Lingít Aaní (Tlingit)","ABBREVN":"Lingít Aaní (Tlingit)","SUBJECTO":"Lingít Aaní (Tlingit)","BORDERPRECISION":1,"PARTOF":"Lingít Aaní (Tlingit)"}},
{"type":"Feature","geometry":{"type":"MultiPolygon","coordinates":[[[[-85.19,14.03],[-84.7,13.63],[-84.57,13.15],[-84.55,13.07],[-84.54,13.06],[-84.5,12.98],[-84.35,12.82],[-84.23,12.73],[-84.2,12.72],[-84.21,12.75],[-84.31,13.02],[-84.37,13.28],[-84.44,13.36],[-84.53,13.48],[-84.44,14.18],[-84.94,14.33],[-85.01,14.19],[-85.14,14.06],[-85.19,14.03]]],[[[-85.31,14.25],[-85.36,14.23],[-85.37,14.21],[-85.36,14.22],[-85.31,14.25]]],[[[-84.89,15.13],[-84.9,15.12],[-85,15.08],[-85.13,15],[-85.19,14.93],[-85.22,14.87],[-85.23,14.85],[-85.17,14.49],[-85.2,14.41],[-85.17,14.49],[-85.13,14.58],[-84.99,14.73],[-84.81,14.82],[-84.76,14.93],[-84.8,14.97],[-84.85,15.03],[-84.89,15.13]]]]},"properties":{"NAME":"Mayangna","ABBREVN":"Mayangna","SUBJECTO":"Mayangna","BORDERPRECISION":1,"PARTOF":"Mayangna"}},
{"type":"Feature","geometry":{"type":"Polygon","coordinates":[[[-45.46,-6.43],[-44.89,-6.21],[-45.1,-5.8],[-45.46,-6.43]]]},"properties":{"NAME":"Canela Ramkokamekrá","ABBREVN":"Canela Ramkokamekrá","SUBJECTO":"Canela Ramkokamekrá","BORDERPRECISION":1,"PARTOF":"Canela Ramkokamekrá"}},
{"type":"Feature","geometry":{"type":"MultiPolygon","coordinates":[[[[-124.14,50.55],[-124.13,50.56],[-124.04,50.59],[-123.99,50.64],[-123.92,50.67],[-123.85,50.69],[-123.94,50.75],[-124,50.8],[-124.02,50.82],[-124,50.85],[-123.94,50.89],[-123.93,50.89],[-123.89,50.92],[-123.93,50.93],[-124.03,50.95],[-124.17,51.01],[-124.2,51.03],[-124.21,51.03],[-124.39,51.09],[-124.46,51.1],[-124.49,51.11],[-124.39,51.04],[-124.22,50.97],[-124.38,50.83],[-124.42,50.84],[-124.39,50.8],[-124.35,50.75],[-124.23,50.61],[-124.14,50.55]]],[[[-125.08,49.48],[-125.04,49.46],[-124.97,49.39],[-124.92,49.35],[-124.89,49.32],[-124.87,49.3],[-124.86,49.29],[-124.79,49.25],[-124.73,49.24],[-124.72,49.24],[-124.7,49.25],[-124.68,49.27],[-124.68,49.29],[-124.69,49.3],[-124.88,49.48],[-124.96,49.5],[-124.99,49.49],[-125.02,49.49],[-125.03,49.49],[-125.08,49.48]]],[[[-125.71,49.57],[-125.72,49.52],[-125.7,49.51],[-125.68,49.51],[-125.58,49.5],[-125.57,49.49],[-125.53,49.49],[-125.5,49.5],[-125.48,49.53],[-125.51,49.53],[-125.54,49.53],[-125.65,49.54],[-125.71,49.57]]],[[[-125.96,49.83],[-125.96,49.81],[-125.92,49.76],[-125.87,49.72],[-125.83,49.69],[-125.8,49.68],[-125.79,49.67],[-125.74,49.66],[-125.74,49.67],[-125.77,49.75],[-125.91,49.81],[-125.96,49.83]]],[[[-125.19,51.27],[-125.21,51.29],[-125.2,51.31],[-125.19,51.32],[-125.16,51.39],[-125.19,51.5],[-125.22,51.49],[-125.27,51.47],[-125.29,51.46],[-125.31,51.65],[-125.43,51.82],[-125.46,51.87],[-125.54,51.89],[-125.56,51.9],[-125.55,51.9],[-125.56,51.93],[-125.6,51.93],[-125.62,51.92],[-125.69,51.96],[-125.72,52.01],[-125.75,52.04],[-125.76,52.04],[-125.81,52.05],[-125.93,51.91],[-125.94,51.85],[-125.96,51.84],[-125.97,51.85],[-126.02,51.91],[-126.04,51.97],[-126.07,51.87],[-126.06,51.84],[-126.03,51.77],[-125.98,51.75],[-125.85,51.71],[-125.9,51.67],[-125.89,51.66],[-125.83,51.61],[-125.81,51.37],[-125.75,51.33],[-125.71,51.32],[-125.56,51.26],[-125.31,51.26],[-125.27,51.26],[-125.24,51.26],[-125.19,51.27]]]]},"properties":{"NAME":"We Wai Kai","ABBREVN":"We Wai Kai","SUBJECTO":"We Wai Kai","BORDERPRECISION":1,"PARTOF":"We Wai Kai"}},
{"type":"Feature","geometry":{"type":"Polygon","coordinates":[[[-46.15,-3.5],[-47.13,-3.29],[-47.05,-4.37],[-46.15,-3.5]]]},"properties":{"NAME":"Awá","ABBREVN":"Awá","SUBJECTO":"Awá","BORDERPRECISION":1,"PARTOF":"Awá"}},
{"type":"Feature","geometry":{"type":"Polygon","coordinates":[[[-44.32,-14.55],[-44.07,-15.77],[-42.97,-16.16],[-42.7,-14.75],[-44.32,-14.55]]]},"properties":{"NAME":"Xakriabá","ABBREVN":"Xakriabá","SUBJECTO":"Xakriabá","BORDERPRECISION":1,"PARTOF":"Xakriabá"}},
{"type":"Feature","geometry":{"type":"Polygon","coordinates":[[[-73.54,-7.28],[-73.46,-7.44],[-73.51,-7.32],[-73.54,-7.28]]]},"properties":{"NAME":"Nukini","ABBREVN":"Nukini","SUBJECTO":"Nukini","BORDERPRECISION":1,"PARTOF":"Nukini"}},
{"type":"Feature","geometry":{"type":"Polygon","coordinates":[[[-92.22,17.82],[-93.09,17.92],[-93.04,17.83],[-92.77,17.74],[-92.22,17.82]]]},"properties":{"NAME":"Yoko T’aan (Chontal)","ABBREVN":"Yoko T’aan (Chontal)","SUBJECTO":"Yoko T’aan (Chontal)","BORDERPRECISION":1,"PARTOF":"Yoko T’aan (Chontal)"}},
{"type":"Feature","geometry":{"type":"Polygon","coordinates":[[[-77.5,37.84],[-79.3,38.65],[-79.51,38.24],[-77.5,37.84]]]},"properties":{"NAME":"Manahoac","ABBREVN":"Manahoac","SUBJECTO":"Manahoac","BORDERPRECISION":1,"PARTOF":"Manahoac"}},
{"type":"Feature","geometry":{"type":"Polygon","coordinates":[[[-124.12,40.45],[-123.97,39.88],[-123.94,39.85],[-123.9,39.83],[-123.76,39.9],[-123.74,39.94],[-124.16,40.51],[-124.12,40.45]]]},"properties":{"NAME":"Sinkyone","ABBREVN":"Sinkyone","SUBJECTO":"Sinkyone","BORDERPRECISION":1,"PARTOF":"Sinkyone"}},
{"type":"Feature","geometry":{"type":"Polygon","coordinates":[[[-77.38,-3.45],[-77.4,-3.49],[-77.41,-3.65],[-77.31,-3.83],[-77.29,-4.03],[-77.29,-4.09],[-77.29,-4.12],[-77.2,-3.94],[-77.24,-3.69],[-77.36,-3.48],[-77.38,-3.45]]]},"properties":{"NAME":"Chapra","ABBREVN":"Chapra","SUBJECTO":"Chapra","BORDERPRECISION":1,"PARTOF":"Chapra"}},
{"type":"Feature","geometry":{"type":"Polygon","coordinates":[[[-118.35,34.41],[-118.14,34.46],[-118.27,34.53],[-118.62,34.71],[-118.68,34.83],[-118.7,34.83],[-118.72,34.76],[-118.74,34.69],[-118.73,34.69],[-118.53,34.64],[-118.42,34.55],[-118.35,34.41]]]},"properties":{"NAME":"Fernandeño Tataviam","ABBREVN":"Fernandeño Tataviam","SUBJECTO":"Fernandeño Tataviam","BORDERPRECISION":1,"PARTOF":"Fernandeño Tataviam"}},
{"type":"Feature","geometry":{"type":"Polygon","coordinates":[[[-72.09,41.37],[-72.29,41.42],[-72.33,41.42],[-72.36,41.43],[-72.09,41.37]]]},"properties":{"NAME":"Western Nehântick","ABBREVN":"Western Nehântick","SUBJECTO":"Western Nehântick","BORDERPRECISION":1,"PARTOF":"Western Nehântick"}},
{"type":"Feature","geometry":{"type":"Polygon","coordinates":[[[-76.51,37],[-76.51,37.02],[-76.54,37.03],[-76.55,37.03],[-76.53,37.02],[-76.51,37]]]},"properties":{"NAME":"Nansemond","ABBREVN":"Nansemond","SUBJECTO":"Nansemond","BORDERPRECISION":1,"PARTOF":"Nansemond"}},
{"type":"Feature","geometry":{"type":"Polygon","coordinates":[[[-80.35,35.17],[-80.48,35.22],[-80.5,35.11],[-80.51,35.08],[-80.49,35.1],[-80.35,35.17]]]},"properties":{"NAME":"Waxhaw","ABBREVN":"Waxhaw","SUBJECTO":"Waxhaw","BORDERPRECISION":1,"PARTOF":"Waxhaw"}},
{"type":"Feature","geometry":{"type":"Polygon","coordinates":[[[-121.72,46.82],[-121.65,46.83],[-121.53,46.9],[-121.46,46.91],[-121.47,46.94],[-121.5,47.07],[-121.5,47.06],[-121.71,46.91],[-121.85,46.83],[-121.82,46.83],[-121.73,46.82],[-121.72,46.82]]]},"properties":{"NAME":"Puyallup","ABBREVN":"Puyallup","SUBJECTO":"Puyallup","BORDERPRECISION":1,"PARTOF":"Puyallup"}},
{"type":"Feature","geometry":{"type":"MultiPolygon","coordinates":[[[[-74.05,49.25],[-74.05,48.86],[-75.37,49.04],[-75.67,48.95],[-75.87,48.89],[-75.89,48.62],[-75.72,48.56],[-75.85,48.2],[-76.26,48.21],[-76.13,47.89],[-75.89,47.85],[-75.36,47.56],[-75.13,47.12],[-74.94,46.65],[-74.89,46.64],[-74.59,46.69],[-74.13,46.48],[-74,46.35],[-73.91,46.32],[-73.86,46.31],[-73.84,46.3],[-73.69,46.25],[-73.3,46.52],[-72.9,46.97],[-72.62,47.53],[-72.5,47.65],[-72.41,47.78],[-72.84,47.88],[-73.81,49.18],[-74.01,49.23],[-74.05,49.25]]],[[[-73.03,46.24],[-73.02,46.2],[-72.78,46.32],[-72.45,46.41],[-72.38,46.45],[-72.39,46.45],[-72.48,46.42],[-72.83,46.38],[-73.29,46.52],[-73.68,46.24],[-73.47,46.17],[-73.03,46.24]]]]},"properties":{"NAME":"Nitaskinan (Atikamekw / Nehirowisi Aski)","ABBREVN":"Nitaskinan (Atikamekw / Nehirowisi Aski)","SUBJECTO":"Nitaskinan (Atikamekw / Nehirowisi Aski)","BORDERPRECISION":1,"PARTOF":"Nitaskinan (Atikamekw / Nehirowisi Aski)"}},
{"type":"Feature","geometry":{"type":"MultiPolygon","coordinates":[[[[-122.55,37.84],[-122.57,37.8],[-122.55,37.8],[-122.5,37.85],[-122.55,37.84]]],[[[-122.37,38.2],[-122.37,38.27],[-122.35,38.3],[-122.34,38.32],[-122.35,38.33],[-122.36,38.33],[-122.37,38.34],[-122.41,38.36],[-122.44,38.37],[-122.47,38.37],[-122.46,38.37],[-122.4,38.27],[-122.39,38.23],[-122.37,38.2]]],[[[-122.4,38.14],[-122.39,38.14],[-122.37,38.13],[-122.36,38.14],[-122.36,38.16],[-122.4,38.15],[-122.4,38.14]]],[[[-122.49,38.16],[-122.47,38.01],[-122.45,38],[-122.45,38.07],[-122.44,38.1],[-122.46,38.1],[-122.49,38.16]]]]},"properties":{"NAME":"Me-Wuk (Coast Miwok)","ABBREVN":"Me-Wuk (Coast Miwok)","SUBJECTO":"Me-Wuk (Coast Miwok)","BORDERPRECISION":1,"PARTOF":"Me-Wuk (Coast Miwok)"}},
{"type":"Feature","geometry":{"type":"Polygon","coordinates":[[[-61.93,-28.3],[-61.98,-28.44],[-62.02,-28.95],[-62.02,-28.99],[-62.09,-29.54],[-62.14,-29.94],[-62.18,-30.36],[-62.17,-30.79],[-62.24,-31.32],[-62.32,-31.35],[-62.28,-31.59],[-62.2,-33.15],[-60.72,-33.39],[-60.72,-33.06],[-61.19,-32.94],[-61.61,-32.79],[-61.89,-32.57],[-61.45,-31.49],[-59.95,-31.17],[-59.73,-30.89],[-59.71,-30.81],[-59.71,-30.58],[-59.69,-30.36],[-59.63,-29.98],[-59.65,-29.65],[-59.54,-29.25],[-59.38,-29.08],[-59.32,-29.05],[-59.18,-29],[-59.15,-28.58],[-59.04,-28.4],[-59.12,-28.37],[-59.06,-27.95],[-59.04,-27.66],[-59.72,-26.25],[-61.04,-26.08],[-61.36,-26.51],[-61.41,-26.65],[-61.52,-26.94],[-61.77,-27.79],[-61.93,-28.3]]]},"properties":{"NAME":"Moqoit","ABBREVN":"Moqoit","SUBJECTO":"Moqoit","BORDERPRECISION":1,"PARTOF":"Moqoit"}},
{"type":"Feature","geometry":{"type":"MultiPolygon","coordinates":[[[[-67.67,-8.47],[-67.97,-8.6],[-67.62,-8.22],[-67.38,-7.54],[-66.82,-7.32],[-66.8,-7.25],[-66.8,-7.16],[-66.8,-7.14],[-66.71,-7.05],[-66.69,-6.99],[-66.57,-6.81],[-66.55,-6.78],[-66.38,-6.67],[-66.29,-6.58],[-66.56,-6.51],[-66.84,-6.47],[-67.03,-6.53],[-67.39,-6.38],[-67.68,-6.04],[-67.9,-6.1],[-68.13,-6.47],[-68.2,-6.56],[-68.24,-6.6],[-68.23,-6.7],[-68.25,-6.72],[-68.31,-6.76],[-68.55,-6.99],[-68.64,-7.07],[-68.66,-7.09],[-68.66,-7.12],[-68.66,-7.16],[-68.53,-8.63],[-67.96,-8.61],[-67.7,-8.52],[-67.68,-8.49],[-67.68,-8.48],[-67.67,-8.47]]],[[[-65.31,-7.41],[-65.3,-7.41],[-65.18,-7.33],[-65.04,-7.23],[-64.98,-7.2],[-64.96,-7.19],[-64.85,-7.15],[-64.78,-7.24],[-64.81,-7.27],[-64.83,-7.31],[-64.87,-7.38],[-64.85,-7.36],[-64.81,-7.29],[-64.77,-7.28],[-64.76,-7.28],[-64.77,-7.24],[-64.78,-7.22],[-64.85,-7.14],[-64.87,-7.13],[-64.9,-7.1],[-64.92,-7.08],[-64.9,-7.08],[-64.93,-7.04],[-65.07,-6.74],[-65.09,-6.76],[-65.61,-6.94],[-65.73,-7.02],[-65.79,-7.09],[-65.82,-7.16],[-65.82,-7.18],[-65.82,-7.24],[-65.75,-7.34],[-65.63,-7.35],[-65.56,-7.39],[-65.56,-7.4],[-65.53,-7.39],[-65.31,-7.41]]]]},"properties":{"NAME":"Jamamadi","ABBREVN":"Jamamadi","SUBJECTO":"Jamamadi","BORDERPRECISION":1,"PARTOF":"Jamamadi"}},
{"type":"Feature","geometry":{"type":"MultiPolygon","coordinates":[[[[-65.13,-23.03],[-65.1,-22.95],[-64.99,-22.58],[-65,-21.7],[-65.01,-21.57],[-64.95,-21.24],[-65.08,-21.35],[-65.16,-21.69],[-65.18,-21.77],[-65.2,-22.08],[-65.13,-22.91],[-65.13,-23.03]]],[[[-65.09,-23.56],[-65.07,-23.56],[-65.09,-23.47],[-65.09,-23.56]]],[[[-67.13,-23.48],[-67.08,-23.49],[-66.32,-23.62],[-65.79,-23.71],[-65.77,-23.71],[-65.76,-23.72],[-65.51,-23.66],[-65.1,-23.56],[-65.12,-23.36],[-65.12,-23.35],[-65.13,-23.26],[-65.16,-23.14],[-65.14,-23.07],[-65.16,-22.85],[-65.22,-22.09],[-65.78,-22.11],[-65.84,-22.12],[-66.42,-22.22],[-66.78,-22.43],[-66.8,-22.44],[-66.81,-22.45],[-66.92,-22.64],[-66.92,-22.65],[-66.95,-22.74],[-67.01,-22.9],[-67.04,-23.23],[-67.13,-23.48]]],[[[-67.03,-17.43],[-67.2,-17.2],[-67.27,-17.1],[-67.4,-16.92],[-67.83,-16.35],[-67.86,-16.32],[-68.28,-15.76],[-68.72,-15.65],[-68.77,-15.6],[-69.06,-15.32],[-69.12,-15.3],[-69.38,-15.23],[-69.65,-15.33],[-69.74,-15.35],[-70.58,-16.79],[-70.79,-16.83],[-70.93,-16.89],[-71.02,-16.94],[-71.05,-16.95],[-71.07,-17.1],[-71.05,-17.18],[-71.01,-17.31],[-70.97,-17.49],[-70.81,-17.99],[-70.36,-18.45],[-70.11,-20.69],[-70.11,-21.15],[-70.04,-21.43],[-70,-21.57],[-69.63,-22.25],[-69.23,-22.67],[-69.06,-22.85],[-68.99,-22.92],[-68.65,-23.06],[-68.65,-23.07],[-68.62,-22.96],[-68.62,-22.93],[-68.65,-22.7],[-68.7,-22.14],[-68.7,-22.11],[-68.76,-21.66],[-68.99,-21.19],[-69,-21.15],[-69.12,-20.61],[-69.33,-19.82],[-69.51,-19.31],[-69.61,-19.02],[-69.63,-18.96],[-69.67,-18.83],[-69.84,-18.27],[-69.87,-18.16],[-69.83,-18.06],[-69.83,-18.04],[-69.8,-17.7],[-69.53,-17.55],[-69.12,-18.06],[-69.11,-18.09],[-69.02,-18.38],[-68.91,-18.84],[-68.56,-19.27],[-68.5,-19.32],[-68.43,-19.37],[-68.34,-19.44],[-68.18,-19.55],[-68.08,-19.61],[-68.01,-19.65],[-67.79,-19.76],[-67.68,-19.78],[-67.54,-19.57],[-67.48,-19.49],[-66.96,-19.24],[-66.78,-18.91],[-66.86,-18.79],[-66.87,-18.77],[-66.95,-18.65],[-67.06,-18.39],[-67.07,-18.06],[-67.07,-17.87],[-67,-17.6],[-67.02,-17.49],[-67.03,-17.43]]]]},"properties":{"NAME":"Uru","ABBREVN":"Uru","SUBJECTO":"Uru","BORDERPRECISION":1,"PARTOF":"Uru"}},
{"type":"Feature","geometry":{"type":"Polygon","coordinates":[[[-74.23,10.68],[-73.3,10.38],[-73.29,10.4],[-73.4,10.52],[-73.46,10.59],[-73.57,10.7],[-73.61,10.75],[-73.67,10.72],[-74.02,10.65],[-74.25,10.71],[-74.28,10.73],[-74.23,10.68]]]},"properties":{"NAME":"Ijku (Arhuaco)","ABBREVN":"Ijku (Arhuaco)","SUBJECTO":"Ijku (Arhuaco)","BORDERPRECISION":1,"PARTOF":"Ijku (Arhuaco)"}},
{"type":"Feature","geometry":{"type":"MultiPolygon","coordinates":[[[[-88.87,15.55],[-85.43,15.7],[-85.38,15.68],[-85.12,15.59],[-85.04,15.61],[-84.91,15.62],[-84.91,15.61],[-84.9,15.61],[-84.91,15.63],[-84.75,15.93],[-88.94,15.9],[-88.78,15.79],[-88.71,15.68],[-88.85,15.66],[-88.88,15.61],[-88.89,15.57],[-88.89,15.56],[-88.87,15.55]]],[[[-88.84,16.86],[-88.93,16.79],[-89.11,16.49],[-89.11,16.47],[-89.07,16.49],[-88.87,16.64],[-88.57,16.76],[-88.44,16.44],[-88.36,16.64],[-88.28,16.83],[-88.24,17.01],[-88.22,17.51],[-88.35,17.27],[-88.84,16.86]]]]},"properties":{"NAME":"Garífuna","ABBREVN":"Garífuna","SUBJECTO":"Garífuna","BORDERPRECISION":1,"PARTOF":"Garífuna"}},
{"type":"Feature","geometry":{"type":"Polygon","coordinates":[[[-76.38,-0.3],[-76.38,-0.29],[-76.38,-0.2],[-76.37,-0.12],[-76.36,-0.08],[-76.29,0.07],[-76.28,0.1],[-76.27,0.11],[-76.06,0.11],[-75.93,0.09],[-75.91,0.09],[-75.79,0.04],[-75.72,0.05],[-75.73,0.05],[-75.74,0.06],[-75.78,0.06],[-75.82,0.09],[-75.84,0.1],[-75.87,0.12],[-76.23,0.31],[-76.27,0.31],[-76.35,0.3],[-76.38,0.28],[-76.39,0.27],[-76.45,0.25],[-76.6,0.18],[-76.76,0.16],[-77.15,0.3],[-77.31,0.15],[-77.34,0.08],[-77.39,0.02],[-77.4,0.01],[-77.45,-0.06],[-77.46,-0.3],[-78.05,-1.05],[-78.05,-1.52],[-76.96,-1.63],[-76.85,-1.62],[-77.31,-1.45],[-77.39,-1.44],[-77.48,-1.42],[-77.51,-1.4],[-77.52,-1.39],[-77.55,-1.35],[-77.54,-1.21],[-77.48,-1.11],[-77.12,-0.91],[-77.08,-0.91],[-77.05,-0.91],[-77.04,-0.91],[-77.01,-0.93],[-76.97,-0.95],[-76.73,-0.93],[-76.69,-0.92],[-76.66,-0.89],[-76.59,-0.82],[-76.52,-0.81],[-76.46,-0.79],[-76.45,-0.79],[-76.42,-0.76],[-76.41,-0.75],[-76.41,-0.74],[-76.36,-0.72],[-76.34,-0.72],[-76.32,-0.72],[-76.14,-0.9],[-76.14,-0.91],[-76.08,-0.92],[-76.03,-0.92],[-75.37,-0.97],[-75.35,-0.94],[-75.45,-0.88],[-75.63,-0.69],[-76.27,-0.46],[-76.35,-0.4],[-76.38,-0.3]]]},"properties":{"NAME":"Kichwa (Amazónico)","ABBREVN":"Kichwa (Amazónico)","SUBJECTO":"Kichwa (Amazónico)","BORDERPRECISION":1,"PARTOF":"Kichwa (Amazónico)"}},
{"type":"Feature","geometry":{"type":"MultiPolygon","coordinates":[[[[-65.57,-1.89],[-65.58,-1.92],[-65.62,-2.05],[-65.91,-2.14],[-65.9,-2.14],[-65.62,-2.06],[-65.6,-2.24],[-65.59,-2.24],[-65.55,-2.11],[-65.37,-1.91],[-65.57,-1.89]]],[[[-64.81,-2.46],[-64.79,-2.42],[-64.89,-1.84],[-65.53,-1.83],[-65.56,-1.89],[-65.36,-1.91],[-64.85,-2.09],[-64.83,-2.38],[-64.81,-2.46]]],[[[-72.63,-4.37],[-72.96,-4.31],[-73.11,-4.24],[-73.13,-4.29],[-73.18,-4.41],[-73.33,-4.59],[-73.25,-4.65],[-72.64,-4.43],[-72.63,-4.37]]]]},"properties":{"NAME":"Kambeba/Omagua","ABBREVN":"Kambeba/Omagua","SUBJECTO":"Kambeba/Omagua","BORDERPRECISION":1,"PARTOF":"Kambeba/Omagua"}},
{"type":"Feature","geometry":{"type":"Polygon","coordinates":[[[-74.36,10.83],[-74.36,10.81],[-74.37,10.8],[-74.37,10.77],[-74.34,10.76],[-74.33,10.76],[-74.28,10.73],[-74.25,10.71],[-74.02,10.65],[-73.67,10.72],[-73.61,10.75],[-73.65,10.8],[-73.67,10.82],[-73.79,11.03],[-73.82,11.19],[-73.8,11.31],[-73.85,11.32],[-73.9,11.34],[-74.08,11.38],[-74.25,11.27],[-74.27,11.23],[-74.27,11.09],[-74.32,10.95],[-74.33,10.91],[-74.35,10.85],[-74.36,10.83]]]},"properties":{"NAME":"Kogui/Kaggabba","ABBREVN":"Kogui/Kaggabba","SUBJECTO":"Kogui/Kaggabba","BORDERPRECISION":1,"PARTOF":"Kogui/Kaggabba"}},
{"type":"Feature","geometry":{"type":"Polygon","coordinates":[[[-81.01,36.38],[-81.19,36.26],[-81.25,36.19],[-81.56,35.87],[-81.32,35.84],[-80.58,35.87],[-80.53,35.88],[-80.12,35.98],[-80.09,36],[-80.07,36.02],[-80.04,36.04],[-79.99,36.07],[-79.94,36.11],[-79.91,36.15],[-79.91,36.16],[-79.83,36.26],[-79.83,36.27],[-79.69,36.52],[-79.59,36.77],[-79.57,36.82],[-79.63,37.18],[-79.7,37.27],[-79.81,37.4],[-79.98,37.43],[-80.36,37.53],[-80.54,37.28],[-80.57,37.23],[-81.03,36.51],[-80.91,36.52],[-80.78,36.51],[-80.84,36.49],[-81.01,36.38]]]},"properties":{"NAME":"Tutelo","ABBREVN":"Tutelo","SUBJECTO":"Tutelo","BORDERPRECISION":1,"PARTOF":"Tutelo"}},
{"type":"Feature","geometry":{"type":"MultiPolygon","coordinates":[[[[-92.05,30.6],[-92.04,30.61],[-92.03,30.61],[-91.88,30.76],[-92.08,30.89],[-92.09,30.9],[-92.23,30.86],[-92.23,30.83],[-92.05,30.65],[-92.05,30.61],[-92.05,30.6]]],[[[-95.08,30.11],[-94.88,29.99],[-94.63,29.85],[-94.56,29.81],[-94.43,29.54],[-94.06,29.7],[-92.12,29.54],[-92.2,30],[-92.19,30.14],[-92.18,30.25],[-92.31,30.25],[-92.54,30.23],[-93.02,30.25],[-93.72,30.12],[-94.13,30.12],[-95.08,30.11]]]]},"properties":{"NAME":"Atakapa-Ishak","ABBREVN":"Atakapa-Ishak","SUBJECTO":"Atakapa-Ishak","BORDERPRECISION":1,"PARTOF":"Atakapa-Ishak"}},
{"type":"Feature","geometry":{"type":"Polygon","coordinates":[[[-77.21,38.8],[-77.25,38.7],[-77.2,38.71],[-77.19,38.72],[-77.2,38.79],[-77.2,38.8],[-77.21,38.8]]]},"properties":{"NAME":"Doeg","ABBREVN":"Doeg","SUBJECTO":"Doeg","BORDERPRECISION":1,"PARTOF":"Doeg"}},
{"type":"Feature","geometry":{"type":"Polygon","coordinates":[[[-120.88,42.6],[-120.82,42.6],[-120.76,42.6],[-120.69,42.61],[-120.67,42.6],[-120.67,42.65],[-120.78,42.79],[-120.8,43.01],[-121.38,43.25],[-121.39,43.48],[-121.37,43.55],[-121.27,43.73],[-121.33,43.8],[-121.38,43.99],[-121.39,43.99],[-121.4,43.98],[-121.41,43.97],[-121.41,43.96],[-121.42,43.95],[-121.42,43.94],[-121.41,43.94],[-121.43,43.93],[-121.44,43.92],[-121.44,43.91],[-121.45,43.9],[-121.44,43.9],[-121.45,43.89],[-121.46,43.89],[-121.46,43.88],[-121.46,43.87],[-121.44,43.86],[-121.44,43.85],[-121.45,43.82],[-121.5,43.69],[-121.51,43.68],[-121.54,43.68],[-121.54,43.67],[-121.56,43.67],[-121.57,43.66],[-121.58,43.66],[-121.6,43.57],[-121.62,43.36],[-121.73,43.26],[-121.79,43.22],[-121.79,43.18],[-121.83,43.07],[-121.84,42.99],[-121.87,42.83],[-121.94,42.67],[-121.95,42.59],[-121.96,42.56],[-121.95,42.55],[-121.82,42.61],[-121.43,42.54],[-120.96,42.59],[-120.88,42.6]]]},"properties":{"NAME":"Klamath","ABBREVN":"Klamath","SUBJECTO":"Klamath","BORDERPRECISION":1,"PARTOF":"Klamath"}},
{"type":"Feature","geometry":{"type":"Polygon","coordinates":[[[-117.5,33.62],[-117.47,33.55],[-117.49,33.49],[-117.61,33.44],[-117.5,33.33],[-116.75,33.37],[-116.76,33.38],[-116.81,33.4],[-117.04,33.59],[-117.24,33.65],[-117.36,33.75],[-117.39,33.73],[-117.47,33.66],[-117.5,33.62]]]},"properties":{"NAME":"Payómkawichum (Luiseño)","ABBREVN":"Payómkawichum (Luiseño)","SUBJECTO":"Payómkawichum (Luiseño)","BORDERPRECISION":1,"PARTOF":"Payómkawichum (Luiseño)"}},
{"type":"Feature","geometry":{"type":"Polygon","coordinates":[[[-80.89,32.05],[-81.23,32.47],[-81.5,32.97],[-81.61,33.06],[-81.66,33.11],[-81.85,33.27],[-81.93,33.37],[-82.06,33.52],[-82.11,33.57],[-82.25,33.74],[-82.27,33.74],[-82.55,33.74],[-82.74,33.9],[-82.83,33.82],[-83.02,33.81],[-83.36,33.91],[-83.43,33.89],[-84.16,33.76],[-84.33,33.83],[-84.55,33.85],[-84.66,33.85],[-84.9,33.85],[-85.12,33.75],[-85.62,33.66],[-85.63,33.66],[-85.73,33.64],[-86.49,33.58],[-86.79,33.47],[-87.25,33.52],[-87.46,33.51],[-87.47,33.51],[-87.5,33.51],[-87.5,33.39],[-87.5,33.37],[-87.5,33.32],[-87.67,33.18],[-87.68,33.16],[-87.65,33.04],[-87.61,33.04],[-87.81,32.89],[-87.82,32.86],[-87.84,32.85],[-87.82,32.56],[-87.88,32.52],[-87.89,32.52],[-87.94,32.49],[-88.03,32.44],[-88.03,32.43],[-88.02,32.38],[-88,32.28],[-88.01,32.26],[-88.01,32.25],[-88.08,32.08],[-88.1,32.05],[-88.1,32.04],[-88.1,32.02],[-88.11,31.91],[-88.09,31.76],[-88.07,31.66],[-87.96,31.55],[-87.9,31.54],[-87.9,31.45],[-87.91,31.34],[-87.93,31.28],[-87.95,31.27],[-87.96,31.06],[-87.95,31.1],[-87.96,30.99],[-87.97,31.03],[-87.97,30.62],[-87.95,30.54],[-84.32,30.09],[-84.12,30.12],[-84,30.09],[-83.98,30.09],[-83.98,30.1],[-83.96,30.11],[-83.95,30.11],[-83.85,30.1],[-83.74,30.09],[-83.63,30.1],[-82.19,30.26],[-81.74,30.32],[-81.51,30.73],[-81.3,31.29],[-81.18,31.64],[-80.89,32.05]]]},"properties":{"NAME":"Mvskoke (Muscogee / Creek)","ABBREVN":"Mvskoke (Muscogee / Creek)","SUBJECTO":"Mvskoke (Muscogee / Creek)","BORDERPRECISION":1,"PARTOF":"Mvskoke (Muscogee / Creek)"}},
{"type":"Feature","geometry":{"type":"Polygon","coordinates":[[[-116.23,30.94],[-116.48,31.32],[-116.36,31.1],[-116.23,30.94]]]},"properties":{"NAME":"Paipai (Akwa'ala)","ABBREVN":"Paipai (Akwa'ala)","SUBJECTO":"Paipai (Akwa'ala)","BORDERPRECISION":1,"PARTOF":"Paipai (Akwa'ala)"}},
{"type":"Feature","geometry":{"type":"Polygon","coordinates":[[[-112.43,29.6],[-112.32,29.44],[-112,29.81],[-112,29.86],[-112.22,29.67],[-112.43,29.6]]]},"properties":{"NAME":"Hia-Ced O'odham","ABBREVN":"Hia-Ced O'odham","SUBJECTO":"Hia-Ced O'odham","BORDERPRECISION":1,"PARTOF":"Hia-Ced O'odham"}},
{"type":"Feature","geometry":{"type":"Polygon","coordinates":[[[-105.31,22.08],[-105.07,22.07],[-104.93,22.15],[-104.81,22.26],[-104.72,22.34],[-104.65,22.41],[-104.45,22.42],[-104.37,22.43],[-104.33,22.44],[-104.23,22.51],[-104.11,22.63],[-104.04,22.71],[-103.98,22.78],[-103.88,23.63],[-103.97,24.8],[-103.97,24.86],[-103.87,24.91],[-103.97,25.21],[-104,25.74],[-104.03,25.84],[-104.33,26.64],[-105.15,27.2],[-105.27,27.24],[-105.38,27.28],[-105.92,27.48],[-106.26,27.32],[-106.27,27.21],[-106.29,26.87],[-106.6,26.41],[-106.65,26.4],[-106.93,26.33],[-107.78,26.6],[-107.94,26.48],[-107.98,26.32],[-108,26.24],[-107.82,26],[-107.45,25.74],[-107.24,25.67],[-106.91,25.54],[-106.49,25.39],[-106,24.67],[-105.79,23.89],[-105.87,23.26],[-105.89,23.19],[-105.9,23.14],[-105.97,22.85],[-105.84,22.56],[-105.51,22.16],[-105.36,22.08],[-105.34,22.08],[-105.31,22.08]]]},"properties":{"NAME":"Tepehuán","ABBREVN":"Tepehuán","SUBJECTO":"Tepehuán","BORDERPRECISION":1,"PARTOF":"Tepehuán"}},
{"type":"Feature","geometry":{"type":"MultiPolygon","coordinates":[[[[-65.56,-7.4],[-65.56,-7.39],[-65.63,-7.35],[-65.75,-7.34],[-65.82,-7.24],[-65.83,-7.27],[-65.73,-7.37],[-65.6,-7.38],[-65.58,-7.4],[-65.56,-7.4]]],[[[-65.82,-7.18],[-65.83,-7.18],[-65.83,-7.2],[-65.82,-7.24],[-65.82,-7.18]]],[[[-64.87,-7.13],[-64.87,-7.11],[-64.9,-7.08],[-64.92,-7.08],[-64.9,-7.1],[-64.87,-7.13]]],[[[-65.18,-7.33],[-65.16,-7.33],[-65.09,-7.3],[-65.01,-7.22],[-64.98,-7.2],[-65.04,-7.23],[-65.18,-7.33]]]]},"properties":{"NAME":"Jarawara","ABBREVN":"Jarawara","SUBJECTO":"Jarawara","BORDERPRECISION":1,"PARTOF":"Jarawara"}},
{"type":"Feature","geometry":{"type":"Polygon","coordinates":[[[-52.91,-11.37],[-52.91,-11.36],[-53.01,-11.43],[-53.07,-11.46],[-53.19,-11.62],[-53.22,-11.86],[-53.15,-11.96],[-53.05,-12.01],[-52.98,-12.07],[-52.97,-12.09],[-52.96,-12.07],[-52.91,-11.37]]]},"properties":{"NAME":"Kisêdjê","ABBREVN":"Kisêdjê","SUBJECTO":"Kisêdjê","BORDERPRECISION":1,"PARTOF":"Kisêdjê"}},
{"type":"Feature","geometry":{"type":"Polygon","coordinates":[[[-72.77,-7.84],[-72.76,-7.84],[-72.97,-7.53],[-72.98,-7.53],[-72.98,-7.54],[-72.99,-7.54],[-73.01,-7.55],[-73.04,-7.56],[-73.05,-7.57],[-73.04,-7.57],[-73.05,-7.57],[-73.12,-7.64],[-72.77,-7.84]]]},"properties":{"NAME":"Nawa","ABBREVN":"Nawa","SUBJECTO":"Nawa","BORDERPRECISION":1,"PARTOF":"Nawa"}},
{"type":"Feature","geometry":{"type":"Polygon","coordinates":[[[-67.29,1.1],[-67.14,1.32],[-67.14,1.41],[-67.23,1.32],[-67.3,1.16],[-67.29,1.1]]]},"properties":{"NAME":"Warekena","ABBREVN":"Warekena","SUBJECTO":"Warekena","BORDERPRECISION":1,"PARTOF":"Warekena"}},
{"type":"Feature","geometry":{"type":"MultiPolygon","coordinates":[[[[-72.18,-9.01],[-72.25,-8.97],[-72.3,-8.8],[-72.7,-8.1],[-72.75,-8.02],[-72.82,-7.96],[-73.25,-8.61],[-73.25,-8.83],[-73.25,-8.88],[-73.1,-8.94],[-72.95,-9.01],[-72.85,-9.02],[-72.48,-9.06],[-72.18,-9.01]]],[[[-72,-10.25],[-71.8,-10.25],[-71.58,-10.23],[-71.45,-10.22],[-71.42,-10.22],[-71.13,-10.15],[-71.1,-10.14],[-70.95,-10.11],[-70.87,-10.13],[-70.82,-10.14],[-70.81,-10.14],[-70.61,-10.15],[-70.48,-10.16],[-70.21,-10.26],[-69.84,-10.31],[-69.5,-10.38],[-69.27,-10.46],[-69.39,-10.13],[-69.96,-9.22],[-70.01,-9.21],[-70.09,-9.2],[-70.3,-9.22],[-70.33,-9.24],[-70.54,-9.33],[-71.08,-9.46],[-71.18,-9.46],[-71.16,-9.51],[-71.18,-9.8],[-71.21,-9.91],[-71.23,-9.97],[-71.37,-10.05],[-71.54,-10.12],[-71.58,-10.14],[-71.84,-10.18],[-71.85,-10.19],[-72,-10.25]]]]},"properties":{"NAME":"Yaminawá","ABBREVN":"Yaminawá","SUBJECTO":"Yaminawá","BORDERPRECISION":1,"PARTOF":"Yaminawá"}},
{"type":"Feature","geometry":{"type":"MultiPolygon","coordinates":[[[[-122.81,39.04],[-122.82,39.07],[-122.82,39.04],[-122.81,39.04]]],[[[-122.87,39.12],[-122.82,39.07],[-122.82,39.11],[-122.75,39.13],[-122.78,39.15],[-122.82,39.15],[-122.85,39.14],[-122.87,39.12]]]]},"properties":{"NAME":"Shigom","ABBREVN":"Shigom","SUBJECTO":"Shigom","BORDERPRECISION":1,"PARTOF":"Shigom"}},
{"type":"Feature","geometry":{"type":"Polygon","coordinates":[[[-95.69,31.98],[-95.68,31.96],[-95.29,31.36],[-94.92,31.3],[-94.62,31.25],[-94.18,31.17],[-94.08,31.21],[-94.31,31.36],[-94.33,31.37],[-94.55,31.63],[-94.57,32.23],[-94.63,32.6],[-94.8,32.33],[-94.81,32.3],[-95.28,32.13],[-95.53,32.04],[-95.69,31.98]]]},"properties":{"NAME":"Caddo","ABBREVN":"Caddo","SUBJECTO":"Caddo","BORDERPRECISION":1,"PARTOF":"Caddo"}},
{"type":"Feature","geometry":{"type":"Polygon","coordinates":[[[-80.47,41.14],[-80.17,41.12],[-79.8,41.1],[-79.7,41.22],[-79.04,41.38],[-78.82,41.53],[-79.34,41.54],[-80.06,41.61],[-80.22,41.62],[-80.33,41.56],[-80.45,41.51],[-80.46,41.26],[-80.47,41.14]]]},"properties":{"NAME":"Erie","ABBREVN":"Erie","SUBJECTO":"Erie","BORDERPRECISION":1,"PARTOF":"Erie"}},
{"type":"Feature","geometry":{"type":"Polygon","coordinates":[[[-77.32,-4.19],[-77.38,-4.19],[-77.43,-4.19],[-77.58,-4.13],[-78.28,-3.57],[-78.9,-4.76],[-78.91,-4.78],[-78.64,-5.34],[-78.46,-5.47],[-77.17,-6],[-77.05,-5.99],[-76.99,-5.99],[-76.86,-5.97],[-76.76,-5.91],[-76.73,-5.57],[-76.73,-5.35],[-76.72,-5.2],[-76.72,-5.17],[-76.57,-4.78],[-76.61,-4.6],[-76.75,-4.59],[-77.04,-4.61],[-77.09,-4.61],[-77.29,-4.63],[-77.42,-4.65],[-77.51,-4.64],[-77.54,-4.47],[-77.48,-4.39],[-77.41,-4.3],[-77.33,-4.19],[-77.32,-4.19]]]},"properties":{"NAME":"Awajún","ABBREVN":"Awajún","SUBJECTO":"Awajún","BORDERPRECISION":1,"PARTOF":"Awajún"}},
{"type":"Feature","geometry":{"type":"Polygon","coordinates":[[[-80.58,32.5],[-79.56,32.93],[-80.48,33.01],[-80.58,32.5]]]},"properties":{"NAME":"Kusso","ABBREVN":"Kusso","SUBJECTO":"Kusso","BORDERPRECISION":1,"PARTOF":"Kusso"}},
{"type":"Feature","geometry":{"type":"Polygon","coordinates":[[[-70.74,42.26],[-70.78,42.29],[-70.79,42.29],[-70.85,42.32],[-70.86,42.33],[-70.91,42.33],[-70.92,42.34],[-70.95,42.34],[-71.03,42.31],[-71.04,42.3],[-71.05,42.29],[-71.18,42.26],[-71.25,42.26],[-71.27,42.27],[-71.3,42.28],[-71.32,42.27],[-71.32,42.26],[-71.33,42.23],[-71.34,42.2],[-71.33,42.17],[-71.34,42.16],[-71.37,42.14],[-71.43,42.13],[-71.44,42.12],[-71.45,42.11],[-71.45,42.1],[-71.49,42.04],[-71.51,42.02],[-71.65,41.92],[-71.37,41.84],[-70.9,41.68],[-70.83,41.68],[-70.71,41.8],[-70.66,41.77],[-70.64,41.59],[-69.92,41.72],[-70.03,42.08],[-70.22,42.11],[-70.3,41.76],[-70.74,42.26]]]},"properties":{"NAME":"Wôpanâak (Wampanoag)","ABBREVN":"Wôpanâak (Wampanoag)","SUBJECTO":"Wôpanâak (Wampanoag)","BORDERPRECISION":1,"PARTOF":"Wôpanâak (Wampanoag)"}},
{"type":"Feature","geometry":{"type":"Polygon","coordinates":[[[-77.77,49.1],[-77.77,49.14],[-78.03,49.91],[-78.04,49.99],[-78.33,49.87],[-78.88,50.25],[-79.1,50.12],[-78.66,49.55],[-77.77,49.1]]]},"properties":{"NAME":"Abitibiwinni Aki","ABBREVN":"Abitibiwinni Aki","SUBJECTO":"Abitibiwinni Aki","BORDERPRECISION":1,"PARTOF":"Abitibiwinni Aki"}},
{"type":"Feature","geometry":{"type":"Polygon","coordinates":[[[-71.94,-5.16],[-71.91,-5.55],[-71.54,-5.35],[-71.94,-5.16]]]},"properties":{"NAME":"Kulina Pano","ABBREVN":"Kulina Pano","SUBJECTO":"Kulina Pano","BORDERPRECISION":1,"PARTOF":"Kulina Pano"}},
{"type":"Feature","geometry":{"type":"Polygon","coordinates":[[[-111.35,29.71],[-111.64,29.57],[-111.58,29.52],[-111.44,29.39],[-111.17,28.81],[-111.08,28.72],[-111.02,28.67],[-110.25,28.27],[-110.59,29.52],[-110.9,29.54],[-111.01,29.75],[-111.14,29.73],[-111.2,29.73],[-111.35,29.71]]]},"properties":{"NAME":"Lower Tohono O’odham (Lower Pima)","ABBREVN":"Lower Tohono O’odham (Lower Pima)","SUBJECTO":"Lower Tohono O’odham (Lower Pima)","BORDERPRECISION":1,"PARTOF":"Lower Tohono O’odham (Lower Pima)"}},
{"type":"Feature","geometry":{"type":"MultiPolygon","coordinates":[[[[-123.42,40.95],[-123.46,40.98],[-123.45,41.07],[-123.46,41.08],[-123.46,41.09],[-123.47,41.13],[-123.46,41.17],[-123.47,41.14],[-123.47,41.1],[-123.47,41.07],[-123.5,40.94],[-123.52,40.89],[-123.51,40.84],[-123.51,40.83],[-123.5,40.81],[-123.45,40.75],[-123.46,40.71],[-123.47,40.7],[-123.45,40.63],[-123.44,40.62],[-123.43,40.61],[-123.41,40.61],[-123.41,40.62],[-123.34,40.63],[-123.32,40.64],[-123.31,40.64],[-123.28,40.65],[-123.2,40.68],[-123.11,40.7],[-123.07,40.73],[-123.06,40.73],[-123.09,40.75],[-123.09,40.76],[-123.1,40.76],[-123.1,40.79],[-123.09,40.79],[-123.09,40.8],[-123.09,40.85],[-123.08,40.88],[-123.08,40.89],[-123.07,40.91],[-123.07,40.93],[-123.08,40.93],[-123.13,40.97],[-123.19,40.98],[-123.21,40.98],[-123.25,40.93],[-123.36,40.91],[-123.42,40.95]]],[[[-122.91,41.05],[-122.93,41.06],[-122.94,41.06],[-122.94,41.04],[-122.91,41.01],[-122.91,41.05]]]]},"properties":{"NAME":"Tsnungwe","ABBREVN":"Tsnungwe","SUBJECTO":"Tsnungwe","BORDERPRECISION":1,"PARTOF":"Tsnungwe"}},
{"type":"Feature","geometry":{"type":"Polygon","coordinates":[[[-57.64,-8.2],[-57.64,-8.25],[-57.64,-8.26],[-57.55,-8.26],[-57.51,-8.29],[-57.48,-8.26],[-56.84,-6.35],[-55.05,-4.17],[-54.74,-3.08],[-55.02,-2.78],[-55.12,-2.8],[-55.13,-2.83],[-55.2,-3.13],[-55.25,-3.42],[-55.61,-4.04],[-57.65,-5.96],[-57.77,-6.32],[-58.48,-6.69],[-58.67,-6.73],[-58.74,-7.22],[-58.59,-7.58],[-58.47,-7.87],[-58.08,-8.26],[-58.06,-8.26],[-58.07,-8.16],[-58.07,-7.88],[-57.83,-7.98],[-57.78,-8.04],[-57.73,-8.09],[-57.71,-8.12],[-57.71,-8.13],[-57.67,-8.16],[-57.64,-8.19],[-57.64,-8.2]]]},"properties":{"NAME":"Mundurukânia (Wuy jugu)","ABBREVN":"Mundurukânia (Wuy jugu)","SUBJECTO":"Mundurukânia (Wuy jugu)","BORDERPRECISION":1,"PARTOF":"Mundurukânia (Wuy jugu)"}},
{"type":"Feature","geometry":{"type":"Polygon","coordinates":[[[-50.6,-10.68],[-50.35,-13.59],[-48.87,-14.72],[-47.95,-14.43],[-48.44,-10.8],[-49.78,-10.05],[-50.6,-10.68]]]},"properties":{"NAME":"Ãwa","ABBREVN":"Ãwa","SUBJECTO":"Ãwa","BORDERPRECISION":1,"PARTOF":"Ãwa"}},
{"type":"Feature","geometry":{"type":"Polygon","coordinates":[[[-56.99,53.24],[-56.96,53.16],[-56.9,52.89],[-56.11,52.61],[-55.77,53.16],[-55.88,53.35],[-56.24,53.52],[-56.99,53.24]]]},"properties":{"NAME":"NunatuKavut","ABBREVN":"NunatuKavut","SUBJECTO":"NunatuKavut","BORDERPRECISION":1,"PARTOF":"NunatuKavut"}},
{"type":"Feature","geometry":{"type":"Polygon","coordinates":[[[-79.52,-3.67],[-79.54,-3.71],[-79.6,-3.77],[-79.83,-3.88],[-79.84,-4.07],[-79.73,-4.13],[-79.71,-4.15],[-79.58,-4.17],[-79.4,-4.16],[-79.39,-4.16],[-79.36,-4.15],[-79.35,-4.15],[-79.2,-4.04],[-79.13,-3.83],[-79.12,-3.81],[-79.08,-3.8],[-79.08,-3.67],[-79.01,-3.49],[-79.04,-3.51],[-79.03,-3.49],[-78.91,-3.22],[-78.6,-2.74],[-78.56,-2.57],[-78.55,-2.52],[-78.51,-2.3],[-78.53,-2.13],[-78.46,-1.6],[-78.43,-1.57],[-78.39,-1.59],[-78.28,-1.42],[-78.34,-1.06],[-78.42,-0.78],[-78.1,-0.22],[-78.08,-0.19],[-78.05,-0.11],[-78.03,-0.08],[-77.92,0.17],[-77.86,0.23],[-77.85,0.24],[-77.82,0.33],[-77.81,0.36],[-77.8,0.37],[-77.78,0.45],[-78.03,0.63],[-78.17,0.61],[-78.31,0.57],[-78.34,0.56],[-78.75,0.18],[-78.73,0.07],[-78.65,-0.19],[-78.69,-0.29],[-79.07,-0.57],[-79.37,-1.27],[-79.17,-2.16],[-79.18,-2.24],[-79.19,-2.3],[-79.39,-2.7],[-79.38,-2.85],[-79.41,-3.21],[-79.44,-3.33],[-79.45,-3.39],[-79.45,-3.4],[-79.45,-3.45],[-79.46,-3.53],[-79.5,-3.64],[-79.52,-3.67]]]},"properties":{"NAME":"Kichwa","ABBREVN":"Kichwa","SUBJECTO":"Kichwa","BORDERPRECISION":1,"PARTOF":"Kichwa"}},
{"type":"Feature","geometry":{"type":"Polygon","coordinates":[[[-121.52,40.1],[-121.96,39.87],[-122.07,39.89],[-122.12,39.89],[-122.14,39.89],[-122.2,39.88],[-122.19,39.88],[-122.11,39.46],[-122.1,39.46],[-121.99,39.46],[-121.95,39.46],[-121.93,39.46],[-121.94,39.49],[-121.94,39.51],[-121.92,39.58],[-121.83,39.58],[-121.81,39.52],[-121.84,39.5],[-121.9,39.49],[-121.94,39.35],[-121.66,39.26],[-121.53,39.27],[-121.42,39.31],[-121.41,39.35],[-121.28,39.45],[-121.11,39.56],[-120.91,39.73],[-121.52,40.1]]]},"properties":{"NAME":"Kojomk'awi (Konkow)","ABBREVN":"Kojomk'awi (Konkow)","SUBJECTO":"Kojomk'awi (Konkow)","BORDERPRECISION":1,"PARTOF":"Kojomk'awi (Konkow)"}},
{"type":"Feature","geometry":{"type":"MultiPolygon","coordinates":[[[[-46.94,-1.99],[-46.93,-2.05],[-46.86,-2.04],[-46.7,-2.09],[-46.57,-2.25],[-46.56,-2.27],[-46.61,-2.2],[-46.88,-1.81],[-46.94,-1.99]]],[[[-46.37,-2.48],[-46.3,-2.54],[-46.29,-3.03],[-46.4,-3.13],[-46.32,-3.18],[-46.11,-3.23],[-45.81,-3],[-46.34,-2.48],[-46.37,-2.48]]]]},"properties":{"NAME":"Ka'apor","ABBREVN":"Ka'apor","SUBJECTO":"Ka'apor","BORDERPRECISION":1,"PARTOF":"Ka'apor"}},
{"type":"Feature","geometry":{"type":"Polygon","coordinates":[[[-116.66,46.82],[-116.66,46.86],[-116.74,46.86],[-116.77,46.88],[-116.79,46.88],[-116.84,46.88],[-116.89,46.85],[-116.9,46.85],[-116.95,46.8],[-117.11,46.74],[-117.11,46.68],[-117.16,46.62],[-117.22,46.53],[-117.15,46.49],[-117.13,46.45],[-117.12,46.45],[-117.1,46.44],[-117.07,46.4],[-116.92,46.17],[-116.77,45.81],[-116.51,45.67],[-116.89,44.82],[-116.98,44.75],[-117.03,44.72],[-117.02,44.72],[-116.03,44.68],[-115.64,44.57],[-115.36,44.72],[-115.27,44.76],[-115.18,44.81],[-114.96,44.98],[-114.83,45.12],[-114.76,45.18],[-114.57,45.28],[-114.48,45.32],[-114.28,45.43],[-114.29,45.47],[-114.3,45.51],[-114.42,46.34],[-114.13,46.33],[-115.37,46.68],[-115.38,46.68],[-115.8,46.77],[-115.76,46.71],[-116.03,46.69],[-116.22,46.69],[-116.66,46.82]]]},"properties":{"NAME":"Nimiipuu (Nez Perce)","ABBREVN":"Nimiipuu (Nez Perce)","SUBJECTO":"Nimiipuu (Nez Perce)","BORDERPRECISION":1,"PARTOF":"Nimiipuu (Nez Perce)"}},
{"type":"Feature","geometry":{"type":"MultiPolygon","coordinates":[[[[-123.09,46.36],[-123.07,46.36],[-122.76,46.36],[-122.77,46.38],[-122.79,46.39],[-123.02,46.4],[-123.08,46.42],[-123.09,46.41],[-123.09,46.4],[-123.11,46.39],[-123.12,46.37],[-123.09,46.36]]],[[[-121.07,45.62],[-121.06,45.5],[-121.03,45.52],[-121.01,45.55],[-121.02,45.59],[-121.04,45.6],[-121.07,45.62]]],[[[-121.06,44.9],[-121.06,44.88],[-121.06,44.86],[-121.05,44.88],[-121.06,44.89],[-121.06,44.9]]],[[[-121.21,44.77],[-121.23,44.77],[-121.24,44.74],[-121.23,44.74],[-121.22,44.76],[-121.21,44.77]]],[[[-121.33,44.46],[-121.33,44.45],[-121.3,44.4],[-121.29,44.4],[-121.29,44.41],[-121.31,44.43],[-121.32,44.44],[-121.33,44.45],[-121.33,44.46]]],[[[-121.28,44.36],[-121.27,44.34],[-121.26,44.35],[-121.26,44.36],[-121.27,44.36],[-121.28,44.36]]],[[[-121.24,44.31],[-121.32,44.17],[-121.33,44.13],[-121.32,44.17],[-121.23,44.31],[-121.24,44.31]]],[[[-121.32,44.1],[-121.32,44.07],[-121.32,44.05],[-121.33,44.03],[-121.35,44.02],[-121.34,44.02],[-121.34,44.03],[-121.33,44.03],[-121.32,44.04],[-121.31,44.08],[-121.32,44.09],[-121.32,44.1]]],[[[-121.42,43.94],[-121.43,43.93],[-121.41,43.94],[-121.42,43.94]]],[[[-121.45,43.9],[-121.46,43.89],[-121.45,43.89],[-121.44,43.9],[-121.45,43.9]]],[[[-121.56,43.67],[-121.58,43.66],[-121.57,43.66],[-121.56,43.67]]],[[[-123.54,41.95],[-123.55,41.94],[-123.56,41.93],[-123.59,41.91],[-123.62,41.9],[-123.62,41.89],[-123.64,41.86],[-123.64,41.85],[-123.63,41.86],[-123.59,41.85],[-123.51,41.85],[-123.48,41.84],[-123.44,41.85],[-123.42,41.85],[-123.47,41.95],[-123.47,41.96],[-123.47,41.97],[-123.47,41.98],[-123.47,42.01],[-123.49,41.99],[-123.51,41.98],[-123.54,41.95]]]]},"properties":{"NAME":"Confederated Tribes of Grand Ronde","ABBREVN":"Confederated Tribes of Grand Ronde","SUBJECTO":"Confederated Tribes of Grand Ronde","BORDERPRECISION":1,"PARTOF":"Confederated Tribes of Grand Ronde"}},
{"type":"Feature","geometry":{"type":"Polygon","coordinates":[[[-122.59,39],[-122.59,39.04],[-122.61,39.06],[-122.67,39.09],[-122.74,39.13],[-122.75,39.13],[-122.82,39.11],[-122.82,39.07],[-122.81,39.04],[-122.81,39.01],[-122.81,38.96],[-122.78,38.96],[-122.74,38.98],[-122.59,39]]]},"properties":{"NAME":"Southeastern Pomo","ABBREVN":"Southeastern Pomo","SUBJECTO":"Southeastern Pomo","BORDERPRECISION":1,"PARTOF":"Southeastern Pomo"}},
{"type":"Feature","geometry":{"type":"MultiPolygon","coordinates":[[[[-79.4,-4.16],[-79.39,-4.52],[-79.39,-4.54],[-79.39,-4.6],[-79.39,-4.62],[-79.4,-4.6],[-79.43,-5.64],[-79.39,-5.69],[-79.38,-5.69],[-79.39,-4.63],[-79.39,-4.6],[-79.39,-4.53],[-79.39,-4.52],[-79.39,-4.16],[-79.4,-4.16]]],[[[-79.18,-2.24],[-79.3,-2.28],[-79.72,-3.1],[-79.49,-3.45],[-79.45,-3.45],[-79.45,-3.4],[-79.45,-3.39],[-79.44,-3.33],[-79.41,-3.21],[-79.38,-2.85],[-79.39,-2.7],[-79.19,-2.3],[-79.18,-2.24]]],[[[-79.01,-3.49],[-78.81,-3.33],[-78.53,-2.55],[-78.55,-2.52],[-78.56,-2.57],[-78.6,-2.74],[-78.91,-3.22],[-79.03,-3.49],[-79.04,-3.51],[-79.01,-3.49]]]]},"properties":{"NAME":"Kañari","ABBREVN":"Kañari","SUBJECTO":"Kañari","BORDERPRECISION":1,"PARTOF":"Kañari"}},
{"type":"Feature","geometry":{"type":"Polygon","coordinates":[[[-52.72,-13.11],[-52.78,-13.14],[-53.09,-13.32],[-53.09,-13.33],[-54.2,-14.55],[-52.95,-15.37],[-51.81,-14.84],[-50.88,-13.3],[-51.37,-11.7],[-52.72,-13.11]]]},"properties":{"NAME":"A'uwe","ABBREVN":"A'uwe","SUBJECTO":"A'uwe","BORDERPRECISION":1,"PARTOF":"A'uwe"}},
{"type":"Feature","geometry":{"type":"Polygon","coordinates":[[[-121.62,36.6],[-121.55,36.6],[-121.5,36.59],[-121.38,36.52],[-121.26,36.51],[-121.24,36.5],[-121.22,36.49],[-121.14,36.43],[-121.05,36.35],[-121.02,36.33],[-121.01,36.31],[-121,36.3],[-120.93,36.31],[-120.91,36.34],[-120.9,36.35],[-120.9,36.37],[-120.89,36.4],[-120.89,36.45],[-121.02,36.67],[-121.05,36.7],[-121.07,36.72],[-121.16,36.8],[-121.19,36.93],[-121.2,37.02],[-121.21,37.04],[-121.24,37.08],[-121.31,37.13],[-121.33,37.15],[-121.35,37.17],[-121.35,37.18],[-121.36,37.18],[-121.43,37.22],[-121.45,37.23],[-121.48,37.26],[-121.53,37.35],[-121.6,37.47],[-121.65,37.52],[-121.71,37.57],[-121.73,37.59],[-121.75,37.62],[-121.76,37.64],[-121.8,37.71],[-121.82,37.76],[-121.84,37.78],[-121.85,37.8],[-121.96,37.83],[-122.16,37.87],[-122.15,37.88],[-122.17,37.89],[-122.18,37.9],[-122.19,37.9],[-122.19,37.91],[-122.2,37.91],[-122.2,37.92],[-122.21,37.93],[-122.21,37.94],[-122.21,37.95],[-122.23,38.01],[-122.27,38.01],[-122.3,38.02],[-122.33,38.02],[-122.35,38.02],[-122.38,38.02],[-122.39,38.01],[-122.4,38.01],[-122.43,37.99],[-122.42,37.98],[-122.41,37.98],[-122.38,37.96],[-122.29,37.79],[-122.12,37.54],[-122.45,37.82],[-122.56,37.57],[-122.46,37.4],[-122.49,37.3],[-122.47,37.28],[-122.37,37.18],[-122.25,37.07],[-122.15,37.03],[-122.12,37.01],[-121.93,37.01],[-121.88,36.95],[-121.84,36.9],[-121.92,36.68],[-122,36.58],[-121.93,36.34],[-121.85,36.5],[-121.72,36.6],[-121.64,36.6],[-121.62,36.6]]]},"properties":{"NAME":"Ohlone","ABBREVN":"Ohlone","SUBJECTO":"Ohlone","BORDERPRECISION":1,"PARTOF":"Ohlone"}},
{"type":"Feature","geometry":{"type":"Polygon","coordinates":[[[-76.96,37.51],[-77.12,37.63],[-77.12,37.62],[-77.13,37.62],[-77.53,37.64],[-77.56,37.6],[-77.51,37.42],[-77.51,37.41],[-77.41,37.43],[-77.36,37.44],[-77.33,37.45],[-77.27,37.41],[-77.24,37.38],[-77.23,37.38],[-77.23,37.37],[-77.22,37.36],[-77.03,37.37],[-76.99,37.37],[-76.94,37.36],[-76.91,37.36],[-76.91,37.45],[-76.96,37.51]]]},"properties":{"NAME":"Chickahominy","ABBREVN":"Chickahominy","SUBJECTO":"Chickahominy","BORDERPRECISION":1,"PARTOF":"Chickahominy"}},
{"type":"Feature","geometry":{"type":"Polygon","coordinates":[[[-94.24,17.44],[-94.31,17.47],[-94.6,17.44],[-94.65,17.42],[-94.75,17.38],[-94.82,17.35],[-94.9,17.36],[-95.02,17.37],[-95.11,17.45],[-95.15,17.56],[-95.2,17.58],[-95.45,17.64],[-95.7,17.61],[-95.81,17.84],[-95.86,17.86],[-96.2,17.76],[-96.32,17.62],[-96.11,17.62],[-95.51,17.54],[-95.49,17.52],[-95.22,17.26],[-94.99,17.16],[-94.99,17.15],[-94.91,17.11],[-94.83,17.08],[-94.02,17.1],[-94.22,17.43],[-94.24,17.44]]]},"properties":{"NAME":"Chinantla (Tsa ju jmí’)","ABBREVN":"Chinantla (Tsa ju jmí’)","SUBJECTO":"Chinantla (Tsa ju jmí’)","BORDERPRECISION":1,"PARTOF":"Chinantla (Tsa ju jmí’)"}},
{"type":"Feature","geometry":{"type":"Polygon","coordinates":[[[-102.64,25.17],[-102.71,25.24],[-103.29,25.27],[-103.87,24.91],[-103.97,24.86],[-103.97,24.8],[-103.88,23.63],[-103.98,22.78],[-104.04,22.71],[-103.94,22.73],[-103.76,22.73],[-103.19,22.41],[-102.78,21.86],[-102.74,21.84],[-102.64,21.79],[-102.36,21.77],[-102.16,21.39],[-102.04,22.12],[-102.07,22.3],[-102.12,22.37],[-102.22,22.48],[-102.39,22.67],[-102.57,23.4],[-102.48,24.4],[-102.64,25.14],[-102.64,25.17]]]},"properties":{"NAME":"Zacateco ","ABBREVN":"Zacateco ","SUBJECTO":"Zacateco ","BORDERPRECISION":1,"PARTOF":"Zacateco "}},
{"type":"Feature","geometry":null,"properties":{"NAME":"Nahua (Michoacan)","ABBREVN":"Nahua (Michoacan)","SUBJECTO":"Nahua (Michoacan)","BORDERPRECISION":1,"PARTOF":"Nahua (Michoacan)"}},
{"type":"Feature","geometry":{"type":"Polygon","coordinates":[[[-79.71,-3.69],[-79.97,-3.57],[-79.98,-3.58],[-79.97,-3.64],[-79.97,-3.88],[-79.96,-3.87],[-79.91,-3.82],[-79.84,-3.77],[-79.71,-3.72],[-79.71,-3.69]]]},"properties":{"NAME":"Yazne","ABBREVN":"Yazne","SUBJECTO":"Yazne","BORDERPRECISION":1,"PARTOF":"Yazne"}},
{"type":"Feature","geometry":{"type":"Polygon","coordinates":[[[-72.6,-6.41],[-72.35,-6.99],[-71.98,-6.61],[-72.6,-6.41]]]},"properties":{"NAME":"Marubo","ABBREVN":"Marubo","SUBJECTO":"Marubo","BORDERPRECISION":1,"PARTOF":"Marubo"}},
{"type":"Feature","geometry":{"type":"Polygon","coordinates":[[[-85.41,43.41],[-85.43,43.48],[-85.56,44.82],[-85.59,45],[-85.74,45.01],[-86.47,43.5],[-86.3,43.6],[-85.41,43.41]]]},"properties":{"NAME":"Odawa","ABBREVN":"Odawa","SUBJECTO":"Odawa","BORDERPRECISION":1,"PARTOF":"Odawa"}},
{"type":"Feature","geometry":{"type":"Polygon","coordinates":[[[-115.15,36.31],[-115.18,36.28],[-115.33,34.87],[-115.29,34.52],[-115.22,34.33],[-115.15,34.15],[-115.14,34.13],[-115.15,34.08],[-115.16,34.02],[-115.2,33.8],[-115.55,33.69],[-115.58,33.68],[-115.61,33.67],[-115.62,33.67],[-115.68,33.73],[-115.71,33.57],[-115.41,33.38],[-115.34,33.36],[-115.19,33.3],[-115.11,33.3],[-114.85,33.29],[-114.7,33.28],[-114.69,33.28],[-114.7,33.29],[-114.7,33.34],[-114.71,33.35],[-114.7,33.39],[-114.7,33.4],[-114.67,33.41],[-114.65,33.42],[-114.58,33.49],[-114.57,33.5],[-114.55,33.53],[-114.52,33.57],[-114.52,33.62],[-114.52,33.64],[-114.52,33.66],[-114.51,33.71],[-114.5,33.76],[-114.51,33.81],[-114.51,33.83],[-114.51,33.86],[-114.51,33.87],[-114.51,33.88],[-114.49,33.97],[-114.49,33.98],[-114.44,34.06],[-114.43,34.08],[-114.42,34.08],[-114.27,34.16],[-114.23,34.18],[-114.12,34.29],[-114.12,34.3],[-114.13,34.31],[-114.2,34.36],[-114.24,34.39],[-114.36,34.48],[-114.41,34.62],[-114.48,34.73],[-114.53,34.78],[-114.64,34.91],[-114.65,34.92],[-114.63,34.98],[-114.63,35],[-114.61,35.06],[-114.61,35.07],[-114.61,35.09],[-114.59,35.12],[-114.57,35.16],[-114.55,35.19],[-114.57,35.34],[-114.66,35.54],[-114.66,35.55],[-114.67,35.61],[-114.68,35.76],[-114.69,35.81],[-114.7,35.86],[-114.7,35.88],[-114.7,35.89],[-114.76,36.07],[-114.75,36.1],[-114.74,36.12],[-114.72,36.11],[-114.68,36.13],[-114.51,36.15],[-114.38,36.11],[-114.31,36.09],[-114.31,36.08],[-114.22,36.05],[-114.18,36.02],[-113.98,36.17],[-113.98,36.19],[-113.89,36.08],[-113.85,36.05],[-113.77,35.98],[-113.75,35.98],[-113.73,35.94],[-113.71,35.92],[-113.7,35.9],[-113.7,35.88],[-113.65,35.82],[-113.64,35.83],[-113.63,35.82],[-113.57,35.82],[-113.56,35.83],[-113.53,35.79],[-113.49,35.77],[-113.47,35.76],[-113.45,35.75],[-113.44,35.76],[-113.37,35.76],[-113.35,35.77],[-113.31,35.86],[-113.31,35.88],[-113.31,35.89],[-113.32,35.96],[-113.32,35.98],[-113.33,35.98],[-113.33,36.05],[-113.31,36.1],[-113.3,36.1],[-113.27,36.09],[-113.25,36.09],[-113.22,36.09],[-113.16,36.16],[-113.15,36.17],[-113.12,36.18],[-113.14,36.19],[-113.27,36.27],[-113.75,36.56],[-113.99,37.23],[-112.69,37.74],[-112.44,37.78],[-112.54,38.2],[-112.64,38.53],[-112.72,38.79],[-112.61,39.34],[-112.65,39.32],[-112.82,39.25],[-113.14,38.76],[-114.06,38.66],[-114.28,38.52],[-114.35,38.49],[-114.28,38.31],[-114.32,38.06],[-114.35,37.93],[-114.21,37.39],[-114.76,36.67],[-115,36.46],[-115.15,36.31]]]},"properties":{"NAME":"Nuwuvi (Southern Paiute)","ABBREVN":"Nuwuvi (Southern Paiute)","SUBJECTO":"Nuwuvi (Southern Paiute)","BORDERPRECISION":1,"PARTOF":"Nuwuvi (Southern Paiute)"}},
{"type":"Feature","geometry":{"type":"Polygon","coordinates":[[[-116.91,44.02],[-117.21,44.32],[-117.03,44.72],[-116.98,44.75],[-116.89,44.82],[-116.51,45.67],[-116.77,45.81],[-116.92,46.17],[-117.07,46.4],[-117.1,46.44],[-117.12,46.45],[-117.13,46.45],[-117.15,46.49],[-117.22,46.53],[-117.24,46.55],[-117.38,46.67],[-117.5,46.73],[-117.94,46.61],[-118.08,46.6],[-118.13,46.59],[-118.17,46.59],[-118.22,46.6],[-118.37,46.62],[-118.43,46.61],[-118.52,46.61],[-118.6,46.58],[-118.91,46.32],[-119.22,46.32],[-119.21,46.38],[-119.22,46.41],[-119.26,46.54],[-119.39,46.69],[-119.46,46.7],[-119.49,46.71],[-119.53,46.64],[-119.52,46.62],[-119.52,46.56],[-119.51,46.43],[-119.51,46.36],[-119.57,46.36],[-119.57,46.3],[-119.51,46.3],[-119.53,46.2],[-119.53,46.19],[-119.59,46.06],[-119.66,45.95],[-119.69,45.93],[-119.75,45.88],[-119.82,45.87],[-119.86,45.86],[-119.96,45.84],[-120.14,45.8],[-120.13,45.77],[-120.12,45.75],[-120.11,45.71],[-120.06,45.59],[-120.04,45.38],[-119.47,45.16],[-119.61,45.07],[-119.77,45.07],[-119.88,45.01],[-119.88,45],[-119.88,44.97],[-119.87,44.97],[-119.22,44.65],[-118.44,44.36],[-118.39,44.34],[-117.2,44.06],[-116.92,44.01],[-116.91,44.02]]]},"properties":{"NAME":"Cayuse, Umatilla and Walla Walla","ABBREVN":"Cayuse, Umatilla and Walla Walla","SUBJECTO":"Cayuse, Umatilla and Walla Walla","BORDERPRECISION":1,"PARTOF":"Cayuse, Umatilla and Walla Walla"}},
{"type":"Feature","geometry":{"type":"Polygon","coordinates":[[[-101.11,21.86],[-101,21.8],[-100.85,21.63],[-100.73,21.54],[-100.65,21.53],[-100.66,21.56],[-100.66,21.75],[-100.59,21.85],[-100.7,21.91],[-100.87,21.93],[-101.06,21.88],[-101.11,21.86]]]},"properties":{"NAME":"Copuces","ABBREVN":"Copuces","SUBJECTO":"Copuces","BORDERPRECISION":1,"PARTOF":"Copuces"}},
{"type":"Feature","geometry":{"type":"MultiPolygon","coordinates":[[[[-124.31,47.46],[-124.25,47.02],[-124.24,47.02],[-124.19,47.04],[-124.31,47.46]]],[[[-123.7,47.79],[-123.73,47.78],[-123.88,47.78],[-124.05,47.79],[-124.16,47.77],[-124.39,47.69],[-124.43,47.66],[-124.44,47.66],[-124.42,47.64],[-124.35,47.52],[-124.12,47.59],[-123.87,47.61],[-123.61,47.74],[-123.68,47.78],[-123.7,47.79]]]]},"properties":{"NAME":"Quinault","ABBREVN":"Quinault","SUBJECTO":"Quinault","BORDERPRECISION":1,"PARTOF":"Quinault"}},
{"type":"Feature","geometry":{"type":"Polygon","coordinates":[[[-122.85,38.85],[-122.89,38.86],[-122.9,38.86],[-122.93,38.87],[-123.2,38.9],[-123.25,38.89],[-123.28,38.89],[-123.38,38.87],[-123.59,38.85],[-123.56,38.82],[-123.51,38.77],[-123.5,38.77],[-123.48,38.78],[-123.44,38.78],[-123.35,38.79],[-123.21,38.8],[-123.06,38.83],[-122.91,38.84],[-122.9,38.85],[-122.88,38.85],[-122.85,38.85]]]},"properties":{"NAME":"Southern Pomo","ABBREVN":"Southern Pomo","SUBJECTO":"Southern Pomo","BORDERPRECISION":1,"PARTOF":"Southern Pomo"}},
{"type":"Feature","geometry":{"type":"Polygon","coordinates":[[[-74.28,2.89],[-74.29,0.97],[-73.66,1.12],[-73.76,2.44],[-74.28,2.89]]]},"properties":{"NAME":"Tinigua","ABBREVN":"Tinigua","SUBJECTO":"Tinigua","BORDERPRECISION":1,"PARTOF":"Tinigua"}},
{"type":"Feature","geometry":{"type":"MultiPolygon","coordinates":[[[[-84.89,15.19],[-85.11,15.2],[-85.12,15.59],[-85.38,15.68],[-85.27,14.85],[-85.23,14.85],[-85.22,14.87],[-85.24,14.91],[-85.18,15.01],[-85.13,15.11],[-85.12,15.14],[-85.11,15.2],[-84.96,15.14],[-84.89,15.17],[-84.89,15.19]]],[[[-84.19,15.6],[-84.18,15.71],[-84.26,15.65],[-84.28,15.63],[-84.22,15.64],[-84.19,15.6]]]]},"properties":{"NAME":"Pech","ABBREVN":"Pech","SUBJECTO":"Pech","BORDERPRECISION":1,"PARTOF":"Pech"}},
{"type":"Feature","geometry":{"type":"Polygon","coordinates":[[[-88.64,30.39],[-88.34,30.39],[-87.98,30.59],[-87.97,30.62],[-87.97,31.03],[-87.96,31.06],[-87.95,31.27],[-87.91,31.34],[-87.9,31.45],[-87.96,31.55],[-88.07,31.66],[-88.11,31.91],[-88.1,32.02],[-88.1,32.05],[-88.08,32.08],[-88.01,32.25],[-88.01,32.26],[-88,32.28],[-88.02,32.38],[-88.04,32.41],[-88.03,32.43],[-88.03,32.44],[-87.94,32.49],[-87.91,32.52],[-87.89,32.52],[-87.88,32.52],[-87.82,32.56],[-87.84,32.85],[-87.82,32.86],[-87.81,32.89],[-87.65,33.04],[-87.68,33.16],[-87.66,33.23],[-87.62,33.24],[-87.53,33.31],[-87.5,33.37],[-87.5,33.39],[-87.5,33.51],[-87.96,33.49],[-88.72,33.57],[-88.88,33.71],[-88.94,33.78],[-88.95,33.83],[-89.89,34.19],[-89.91,34.15],[-89.98,34],[-90.33,33.49],[-90.03,32.78],[-90.25,32.62],[-90.28,32.6],[-90.33,32.55],[-90.36,32.51],[-90.36,32.43],[-90.36,32.4],[-90.35,32.4],[-90.25,32.37],[-90.13,32.31],[-90.18,32.1],[-90.27,32.03],[-90.28,32.03],[-90.29,32.02],[-90.34,32],[-90.46,32.01],[-90.48,32.01],[-90.54,32.01],[-90.79,32.02],[-90.9,32.03],[-91.07,32.05],[-91.08,32.05],[-91.08,32.02],[-91.11,31.99],[-91.15,31.99],[-91.17,31.97],[-91.19,31.96],[-91.2,31.93],[-91.21,31.91],[-91.35,31.83],[-91.47,31.38],[-91.59,31.17],[-91.62,31.11],[-91.56,31.06],[-91.56,31.05],[-91.57,31.03],[-91.62,31.02],[-91.65,30.93],[-91.2,30.43],[-91.22,30.39],[-91.22,30.38],[-91.23,30.36],[-91.21,30.34],[-91.22,30.31],[-91.11,30.2],[-91.08,30.2],[-91.05,30.2],[-90.83,30.01],[-90.76,30],[-90.66,30.04],[-90.63,30.04],[-90.56,30.04],[-90.5,30.04],[-90.49,30.03],[-90.47,30.02],[-90.41,29.98],[-90.4,29.97],[-90.39,29.96],[-90.35,29.94],[-90.3,29.95],[-90.29,29.95],[-90.25,29.97],[-90.18,29.93],[-90.14,29.94],[-90.11,29.95],[-90.11,29.91],[-90.03,29.95],[-89.95,29.88],[-89.95,29.87],[-89.99,29.84],[-90.01,29.8],[-90.02,29.76],[-89.94,29.63],[-89.89,29.61],[-89.86,29.6],[-89.83,29.59],[-89.78,29.56],[-89.67,29.47],[-89.6,29.44],[-89.53,29.36],[-89.42,29.36],[-89.19,29.08],[-89.18,29.08],[-89.05,29.12],[-89.03,29.12],[-89.05,29.13],[-89.19,29.27],[-89.38,29.87],[-88.64,30.39]],[[-91.16,30.32],[-91.17,30.32],[-91.19,30.34],[-91.18,30.34],[-91.17,30.34],[-91.15,30.32],[-91.16,30.32]]]},"properties":{"NAME":"Chahta Yakni (Choctaw)","ABBREVN":"Chahta Yakni (Choctaw)","SUBJECTO":"Chahta Yakni (Choctaw)","BORDERPRECISION":1,"PARTOF":"Chahta Yakni (Choctaw)"}},
{"type":"Feature","geometry":{"type":"Polygon","coordinates":[[[-55.51,-12.42],[-56.06,-12.44],[-55.67,-12.9],[-55.65,-14.29],[-54.93,-14.54],[-54.81,-13.92],[-55.62,-13.91],[-55.51,-12.42]]]},"properties":{"NAME":"Kurâ","ABBREVN":"Kurâ","SUBJECTO":"Kurâ","BORDERPRECISION":1,"PARTOF":"Kurâ"}},
{"type":"Feature","geometry":{"type":"MultiPolygon","coordinates":[[[[-102.45,20.82],[-102.33,21.32],[-102.59,21.28],[-102.99,21.14],[-103.1,21.01],[-103.22,20.99],[-103.29,20.95],[-103.31,20.95],[-103.36,20.93],[-103.48,20.84],[-103.34,20.83],[-102.52,20.75],[-102.5,20.75],[-102.45,20.82]]],[[[-103.96,20.89],[-103.97,20.89],[-104.05,20.85],[-104.03,20.77],[-103.96,20.89]]]]},"properties":{"NAME":"Tecuexe","ABBREVN":"Tecuexe","SUBJECTO":"Tecuexe","BORDERPRECISION":1,"PARTOF":"Tecuexe"}},
{"type":"Feature","geometry":{"type":"MultiPolygon","coordinates":[[[[-76.71,37.19],[-76.8,37.23],[-76.8,37.21],[-76.76,37.19],[-76.72,37.17],[-76.7,37.19],[-76.72,37.18],[-76.71,37.19]]],[[[-76.81,37.41],[-76.51,37.25],[-76.65,37.35],[-76.65,37.36],[-76.76,37.48],[-76.75,37.47],[-76.77,37.49],[-76.8,37.5],[-76.82,37.49],[-76.81,37.41]]]]},"properties":{"NAME":"Kiskiack","ABBREVN":"Kiskiack","SUBJECTO":"Kiskiack","BORDERPRECISION":1,"PARTOF":"Kiskiack"}},
{"type":"Feature","geometry":{"type":"Polygon","coordinates":[[[-72.45,41.98],[-72.42,41.97],[-72.38,41.93],[-72.37,41.91],[-72.37,41.96],[-72.45,41.98]]]},"properties":{"NAME":"Podunks","ABBREVN":"Podunks","SUBJECTO":"Podunks","BORDERPRECISION":1,"PARTOF":"Podunks"}},
{"type":"Feature","geometry":{"type":"Polygon","coordinates":[[[-71.18,-9.46],[-71.08,-9.46],[-70.54,-9.33],[-70.33,-9.24],[-70.3,-9.22],[-70.09,-9.2],[-70.01,-9.21],[-69.96,-8.84],[-69.84,-7.25],[-70.97,-6.84],[-71.71,-7.69],[-71.8,-8.02],[-71.79,-8.03],[-71.81,-8.15],[-71.89,-8.62],[-71.93,-8.63],[-71.96,-8.64],[-71.93,-8.81],[-71.89,-8.98],[-71.74,-8.96],[-71.49,-9],[-71.42,-9.01],[-71.26,-9.22],[-71.18,-9.46]]]},"properties":{"NAME":"Madija","ABBREVN":"Madija","SUBJECTO":"Madija","BORDERPRECISION":1,"PARTOF":"Madija"}},
{"type":"Feature","geometry":{"type":"MultiPolygon","coordinates":[[[[-72.2,-44.1],[-72.3,-44.05],[-72.32,-43.98],[-72.4,-43.96],[-72.97,-43.71],[-72.25,-44.43],[-72.3,-44.9],[-72.24,-44.99],[-72.23,-45],[-72.19,-45.25],[-72.4,-45.82],[-73.94,-47.19],[-74.14,-47.36],[-74.16,-47.48],[-74.18,-47.54],[-74.13,-47.68],[-74.3,-47.76],[-73.76,-47.77],[-73.76,-48.12],[-74.27,-49.43],[-74.24,-49.63],[-73.82,-50.46],[-73.73,-50.7],[-72.35,-52.78],[-71.71,-52.81],[-71.04,-52.74],[-70.9,-52.82],[-70.6,-52.71],[-70.57,-52.69],[-70.46,-52.68],[-70.42,-52.67],[-69.67,-52.54],[-69.48,-52.36],[-68.99,-52.43],[-68.59,-52.47],[-69.04,-50.56],[-65.78,-47.23],[-67.33,-46.53],[-65.44,-44.89],[-65.05,-43.33],[-65.69,-43.4],[-65.92,-43.43],[-66.04,-43.51],[-66.28,-43.58],[-66.49,-43.7],[-66.44,-43.8],[-66.96,-43.95],[-69.05,-43.58],[-69.05,-43.57],[-70.12,-43.54],[-70.99,-43.46],[-72,-42.74],[-71.75,-42.18],[-71.37,-41.61],[-71.39,-41.61],[-71.84,-41.58],[-72.17,-42.16],[-72.1,-42.92],[-71.57,-43.65],[-71.9,-44.31],[-72.16,-44.12],[-72.2,-44.1]]],[[[-73.24,-52.57],[-73.27,-52.85],[-72.96,-52.8],[-73.24,-52.57]]],[[[-69.41,-52.57],[-69.44,-52.59],[-69.38,-52.59],[-69.41,-52.57]]]]},"properties":{"NAME":"Aónikenk (Tehuelche)","ABBREVN":"Aónikenk (Tehuelche)","SUBJECTO":"Aónikenk (Tehuelche)","BORDERPRECISION":1,"PARTOF":"Aónikenk (Tehuelche)"}},
{"type":"Feature","geometry":{"type":"Polygon","coordinates":[[[-118.88,37.15],[-118.87,37.13],[-118.86,36.78],[-118.74,36.65],[-118.65,36.6],[-118.56,36.55],[-118.48,36.53],[-118.32,36.6],[-118.31,36.59],[-118.37,36.84],[-118.37,36.85],[-118.43,36.95],[-118.78,37.1],[-118.88,37.15]]]},"properties":{"NAME":"Eastern Mono/Monache","ABBREVN":"Eastern Mono/Monache","SUBJECTO":"Eastern Mono/Monache","BORDERPRECISION":1,"PARTOF":"Eastern Mono/Monache"}},
{"type":"Feature","geometry":{"type":"Polygon","coordinates":[[[-58.67,-6.73],[-58.48,-6.69],[-57.77,-6.32],[-57.65,-5.96],[-55.61,-4.04],[-55.25,-3.42],[-55.2,-3.13],[-55.13,-2.83],[-55.12,-2.8],[-57.55,-2.4],[-60.64,-5.42],[-58.97,-6.79],[-58.67,-6.73]]]},"properties":{"NAME":"Sataré-Mawé","ABBREVN":"Sataré-Mawé","SUBJECTO":"Sataré-Mawé","BORDERPRECISION":1,"PARTOF":"Sataré-Mawé"}},
{"type":"Feature","geometry":{"type":"Polygon","coordinates":[[[-66.93,7.04],[-67.08,7.23],[-67.12,7.24],[-67.19,7.27],[-67.45,7.23],[-67.75,6.53],[-68.81,6.45],[-69.56,7.15],[-69.69,7.13],[-69.72,7.13],[-70.1,7.12],[-71.54,7.27],[-71.55,6.91],[-71.49,6.76],[-71.5,6.75],[-71.57,6.73],[-71.63,6.7],[-71.67,6.56],[-71.68,6.55],[-71.69,6.43],[-71.68,6.39],[-71.68,6.3],[-71.67,6.27],[-71.65,6.15],[-71.63,6.14],[-71.56,6.08],[-71.37,5.98],[-70.48,5.75],[-70.89,5.43],[-71.32,4.95],[-71.43,4.88],[-71.54,4.81],[-72.1,4.34],[-71.92,3.19],[-71.48,2.91],[-71.1,2.87],[-71.04,2.85],[-71.02,2.85],[-70.93,2.83],[-70.86,2.81],[-70.59,2.78],[-70.15,2.75],[-69.76,3.19],[-68.96,3.24],[-68.94,3.24],[-68.7,3.31],[-68.44,3.44],[-68.39,3.51],[-68.29,3.64],[-68.24,3.93],[-68.23,4],[-68.22,4.05],[-68.22,4.38],[-68.2,4.57],[-68.2,4.59],[-68.2,4.63],[-68.21,4.94],[-68.09,5.29],[-67.9,5.46],[-67.64,5.59],[-67.61,5.64],[-67.58,5.72],[-67.38,6.01],[-67.29,6.18],[-67.28,6.19],[-67.25,6.24],[-67.18,6.37],[-67.17,6.41],[-67.16,6.44],[-67.14,6.52],[-67.12,6.56],[-67.1,6.61],[-67.08,6.69],[-66.98,6.93],[-66.94,7.03],[-66.93,7.04]]]},"properties":{"NAME":"Guahibo/Hiwi","ABBREVN":"Guahibo/Hiwi","SUBJECTO":"Guahibo/Hiwi","BORDERPRECISION":1,"PARTOF":"Guahibo/Hiwi"}},
{"type":"Feature","geometry":{"type":"Polygon","coordinates":[[[-127.53,55.14],[-127.51,55.07],[-127.46,54.94],[-127.37,55.08],[-127.35,55.1],[-127.33,55.11],[-127.3,55.14],[-127.27,55.17],[-127.16,55.26],[-127.14,55.29],[-127.12,55.31],[-127.02,55.48],[-127.06,55.49],[-126.99,55.6],[-126.93,55.69],[-126.92,55.74],[-126.97,55.86],[-127.08,56.09],[-127.08,56.1],[-127.07,56.59],[-127.32,56.76],[-127.79,56.7],[-127.84,56.57],[-127.86,56.53],[-127.86,56.52],[-127.78,56.05],[-127.72,55.63],[-127.55,55.2],[-127.53,55.14]]]},"properties":{"NAME":"Takla","ABBREVN":"Takla","SUBJECTO":"Takla","BORDERPRECISION":1,"PARTOF":"Takla"}},
{"type":"Feature","geometry":{"type":"Polygon","coordinates":[[[-162.59,55.25],[-161.58,55.48],[-161.81,55.78],[-162.59,55.25]]]},"properties":{"NAME":"Unangam Tanangin (Unangax̂ /Aleut)","ABBREVN":"Unangam Tanangin (Unangax̂ /Aleut)","SUBJECTO":"Unangam Tanangin (Unangax̂ /Aleut)","BORDERPRECISION":1,"PARTOF":"Unangam Tanangin (Unangax̂ /Aleut)"}},
{"type":"Feature","geometry":{"type":"MultiPolygon","coordinates":[[[[-122.89,38.86],[-122.89,38.89],[-122.85,38.85],[-122.84,38.85],[-122.83,38.86],[-122.83,38.93],[-122.8,38.95],[-122.78,38.96],[-122.81,38.96],[-122.81,39.01],[-122.81,39.04],[-122.81,39.03],[-122.86,39.03],[-122.86,39.02],[-122.87,38.99],[-122.89,38.89],[-122.9,38.86],[-122.89,38.86]]],[[[-122.47,38.37],[-122.44,38.37],[-122.41,38.36],[-122.37,38.34],[-122.36,38.33],[-122.35,38.33],[-122.32,38.33],[-122.35,38.56],[-122.38,38.61],[-122.47,38.69],[-122.5,38.71],[-122.5,38.72],[-122.51,38.73],[-122.53,38.75],[-122.53,38.76],[-122.56,38.79],[-122.76,38.84],[-122.78,38.83],[-122.8,38.83],[-122.79,38.83],[-122.76,38.81],[-122.71,38.72],[-122.62,38.66],[-122.63,38.56],[-122.51,38.44],[-122.49,38.39],[-122.47,38.37]]]]},"properties":{"NAME":"Wappo","ABBREVN":"Wappo","SUBJECTO":"Wappo","BORDERPRECISION":1,"PARTOF":"Wappo"}},
{"type":"Feature","geometry":{"type":"Polygon","coordinates":[[[-66.07,-14.61],[-66.32,-14.72],[-66.42,-14.9],[-66.5,-15.26],[-66.1,-16.11],[-65.85,-16.13],[-65.58,-16.11],[-65.46,-16.01],[-65.34,-15.9],[-65.26,-15.77],[-64.81,-15.71],[-64.78,-15.73],[-64.77,-15.73],[-64.78,-15.68],[-64.79,-15.67],[-64.81,-15.6],[-64.89,-15.34],[-64.98,-15.02],[-64.95,-14.41],[-64.97,-14.38],[-65.09,-14.14],[-65.09,-14.12],[-65.1,-14.14],[-65.12,-14.18],[-65.13,-14.18],[-65.26,-14.32],[-65.52,-14.43],[-65.57,-14.45],[-65.94,-14.56],[-66.07,-14.61]]]},"properties":{"NAME":"Mojeño","ABBREVN":"Mojeño","SUBJECTO":"Mojeño","BORDERPRECISION":1,"PARTOF":"Mojeño"}},
{"type":"Feature","geometry":{"type":"Polygon","coordinates":[[[-77.02,37.81],[-77.01,37.85],[-77,37.88],[-77.07,37.95],[-77.1,37.98],[-77.12,38],[-77.17,38.02],[-77.25,38.06],[-77.33,38.11],[-77.42,38.1],[-77.44,38.09],[-77.41,37.88],[-77.09,37.75],[-77.04,37.76],[-77.03,37.77],[-77.02,37.79],[-77.02,37.81]]]},"properties":{"NAME":"Mattaponi","ABBREVN":"Mattaponi","SUBJECTO":"Mattaponi","BORDERPRECISION":1,"PARTOF":"Mattaponi"}},
{"type":"Feature","geometry":{"type":"Polygon","coordinates":[[[-76.77,39.48],[-76.74,39.52],[-76.48,39.69],[-76.43,39.69],[-76.45,39.71],[-76.48,39.72],[-76.5,39.72],[-77.03,39.69],[-77.45,39.59],[-77.73,39.36],[-77.26,39.01],[-77.22,38.94],[-77.21,38.88],[-77.21,38.85],[-77.2,38.8],[-77.2,38.79],[-77.19,38.72],[-77.2,38.71],[-77.06,38.73],[-77.05,38.73],[-77.21,38.62],[-77.21,38.58],[-77.23,38.56],[-77.25,38.52],[-76.57,38.44],[-76.7,38.98],[-77.15,39.39],[-76.79,39.48],[-76.77,39.48]]]},"properties":{"NAME":"Piscataway","ABBREVN":"Piscataway","SUBJECTO":"Piscataway","BORDERPRECISION":1,"PARTOF":"Piscataway"}},
{"type":"Feature","geometry":{"type":"Polygon","coordinates":[[[-111.33,25.9],[-111.39,26.15],[-111.41,26.14],[-111.46,26.12],[-111.48,26.08],[-111.48,25.83],[-111.42,25.71],[-111.22,25.67],[-111.33,25.9]]]},"properties":{"NAME":"Monqui","ABBREVN":"Monqui","SUBJECTO":"Monqui","BORDERPRECISION":1,"PARTOF":"Monqui"}},
{"type":"Feature","geometry":{"type":"MultiPolygon","coordinates":[[[[-75.14,3.4],[-75.43,3.52],[-75.65,3.49],[-75.84,3.46],[-75.92,3.29],[-75.87,2.98],[-75.82,2.91],[-75.73,2.8],[-75.73,2.72],[-75.73,2.71],[-75.72,2.7],[-75.73,2.7],[-75.72,2.63],[-75.78,2.48],[-75.81,2.42],[-75.96,2.32],[-76.08,2.23],[-76.37,2.1],[-76.38,2.09],[-76.47,1.95],[-76.4,1.79],[-76.14,1.59],[-76.1,1.19],[-76,1.13],[-75.94,1.2],[-75.35,2.49],[-75.34,2.51],[-75.12,2.84],[-75,3.12],[-74.98,3.16],[-75.11,3.39],[-75.14,3.4]]],[[[-75.85,3.46],[-75.86,3.46],[-75.9,3.49],[-75.93,3.34],[-75.93,3.31],[-75.85,3.46]]]]},"properties":{"NAME":"Nasa","ABBREVN":"Nasa","SUBJECTO":"Nasa","BORDERPRECISION":1,"PARTOF":"Nasa"}},
{"type":"Feature","geometry":{"type":"Polygon","coordinates":[[[-100.23,18.4],[-100.23,18.42],[-100.24,18.44],[-101.47,18.21],[-101.59,18.09],[-101.52,18.05],[-101.39,17.98],[-101.16,17.83],[-100.74,17.73],[-100.46,17.86],[-100.33,18.08],[-100.27,18.22],[-100.29,18.27],[-100.23,18.4]]]},"properties":{"NAME":"Cuitlatec","ABBREVN":"Cuitlatec","SUBJECTO":"Cuitlatec","BORDERPRECISION":1,"PARTOF":"Cuitlatec"}},
{"type":"Feature","geometry":{"type":"Polygon","coordinates":[[[-73.25,-8.88],[-73.25,-8.83],[-73.32,-8.85],[-73.25,-8.88]]]},"properties":{"NAME":"Asheninka","ABBREVN":"Asheninka","SUBJECTO":"Asheninka","BORDERPRECISION":1,"PARTOF":"Asheninka"}},
{"type":"Feature","geometry":{"type":"Polygon","coordinates":[[[-116.44,33.22],[-116.5,33.23],[-116.57,33.25],[-116.58,33.25],[-116.64,33.26],[-116.74,33.28],[-116.78,33.29],[-116.83,33.3],[-117.35,33.02],[-117.26,32.69],[-116.7,31.6],[-116.69,31.57],[-116.58,31.4],[-116.35,31.42],[-116.22,31.62],[-116.13,31.66],[-116.05,31.68],[-116.43,31.98],[-116.28,32.6],[-116.3,32.73],[-116.43,33.19],[-116.44,33.22]]]},"properties":{"NAME":"Kumeyaay","ABBREVN":"Kumeyaay","SUBJECTO":"Kumeyaay","BORDERPRECISION":1,"PARTOF":"Kumeyaay"}},
{"type":"Feature","geometry":{"type":"Polygon","coordinates":[[[-124.66,49.02],[-124.64,49.04],[-124.61,49.11],[-124.58,49.14],[-124.57,49.14],[-124.58,49.15],[-124.6,49.16],[-124.61,49.16],[-124.63,49.17],[-124.66,49.19],[-124.69,49.2],[-124.73,49.23],[-124.73,49.24],[-124.79,49.25],[-124.86,49.29],[-124.87,49.3],[-124.87,49.29],[-125.17,49.24],[-125.29,49.25],[-125.31,49.26],[-125.32,49.27],[-125.35,49.28],[-125.38,49.3],[-125.39,49.3],[-125.4,49.3],[-125.41,49.3],[-125.46,49.3],[-125.49,49.31],[-125.54,49.33],[-125.53,49.35],[-125.52,49.37],[-125.55,49.38],[-125.57,49.41],[-125.56,49.43],[-125.54,49.45],[-125.53,49.44],[-125.53,49.47],[-125.51,49.48],[-125.5,49.48],[-125.48,49.49],[-125.46,49.51],[-125.46,49.53],[-125.47,49.53],[-125.48,49.53],[-125.5,49.5],[-125.53,49.49],[-125.57,49.49],[-125.58,49.5],[-125.68,49.51],[-125.7,49.51],[-125.72,49.52],[-125.71,49.57],[-125.72,49.6],[-125.73,49.63],[-125.74,49.66],[-125.79,49.67],[-125.8,49.68],[-125.83,49.69],[-125.87,49.72],[-125.92,49.76],[-125.96,49.81],[-125.96,49.83],[-126.02,49.85],[-126.08,49.86],[-126.34,49.88],[-126.44,49.93],[-126.46,49.93],[-126.79,50.07],[-126.82,50.04],[-125.78,49.09],[-125.46,49.17],[-125.39,49.17],[-125.3,49.17],[-125.27,49.17],[-125.1,49.17],[-125,49.17],[-125.01,49.13],[-125,49.12],[-124.99,49.1],[-124.97,49.07],[-124.97,49.06],[-124.91,49.02],[-124.91,48.99],[-124.88,49],[-124.87,49.01],[-124.86,49.01],[-124.85,49],[-124.82,48.98],[-124.8,48.98],[-124.76,48.98],[-124.69,49],[-124.68,49.01],[-124.66,49.01],[-124.66,49.02]]]},"properties":{"NAME":"nuučaan̓uuɫɁatḥ nism̓a (Nuu-chah-nulth)","ABBREVN":"nuučaan̓uuɫɁatḥ nism̓a (Nuu-chah-nulth)","SUBJECTO":"nuučaan̓uuɫɁatḥ nism̓a (Nuu-chah-nulth)","BORDERPRECISION":1,"PARTOF":"nuučaan̓uuɫɁatḥ nism̓a (Nuu-chah-nulth)"}},
{"type":"Feature","geometry":{"type":"Polygon","coordinates":[[[-117.62,33.48],[-117.63,33.46],[-117.61,33.44],[-117.49,33.49],[-117.47,33.55],[-117.5,33.62],[-117.58,33.53],[-117.62,33.48]]]},"properties":{"NAME":"Acjachemen (Juaneño)","ABBREVN":"Acjachemen (Juaneño)","SUBJECTO":"Acjachemen (Juaneño)","BORDERPRECISION":1,"PARTOF":"Acjachemen (Juaneño)"}},
{"type":"Feature","geometry":{"type":"Polygon","coordinates":[[[-123.96,40.74],[-123.96,40.75],[-123.98,40.83],[-123.87,40.88],[-123.86,40.92],[-123.87,40.94],[-123.85,40.96],[-123.88,40.97],[-123.91,40.98],[-123.93,40.99],[-123.93,41],[-123.95,41.01],[-123.98,40.99],[-123.99,40.99],[-124.03,40.99],[-124.41,40.5],[-124.36,40.33],[-124.17,40.43],[-124.16,40.5],[-124.15,40.51],[-124.18,40.52],[-124.06,40.64],[-123.99,40.71],[-123.98,40.72],[-123.96,40.74]]]},"properties":{"NAME":"Wiyot","ABBREVN":"Wiyot","SUBJECTO":"Wiyot","BORDERPRECISION":1,"PARTOF":"Wiyot"}},
{"type":"Feature","geometry":{"type":"Polygon","coordinates":[[[-87.39,13.64],[-87.33,13.76],[-87.12,14.31],[-87.54,15],[-88.52,13.83],[-87.85,13.44],[-87.74,13.7],[-87.55,13.65],[-87.43,13.61],[-87.39,13.64]]]},"properties":{"NAME":"Lenca","ABBREVN":"Lenca","SUBJECTO":"Lenca","BORDERPRECISION":1,"PARTOF":"Lenca"}},
{"type":"Feature","geometry":{"type":"MultiPolygon","coordinates":[[[[-124.13,46.65],[-124.13,46.62],[-123.97,46.59],[-123.98,46.62],[-124.02,46.68],[-124.08,46.71],[-124.14,46.74],[-124.15,46.74],[-124.14,46.76],[-124.14,46.81],[-124.17,46.94],[-124.18,46.82],[-124.15,46.74],[-124.13,46.68],[-124.13,46.67],[-124.13,46.65]]],[[[-122.3,46.65],[-122.26,46.62],[-122.14,46.62],[-122.06,46.67],[-122.12,46.68],[-122.3,46.65]]]]},"properties":{"NAME":"Chehalis","ABBREVN":"Chehalis","SUBJECTO":"Chehalis","BORDERPRECISION":1,"PARTOF":"Chehalis"}},
{"type":"Feature","geometry":{"type":"Polygon","coordinates":[[[-77.21,37.17],[-77.21,37.22],[-77.2,37.24],[-77.24,37.29],[-77.28,37.31],[-77.34,37.31],[-77.35,37.31],[-77.45,37.3],[-77.51,37.3],[-77.53,37.3],[-77.54,37.3],[-77.58,37.3],[-77.63,37.27],[-77.62,37.2],[-77.57,37.2],[-77.26,37.17],[-77.21,37.16],[-77.21,37.17]]]},"properties":{"NAME":"Appamattuck","ABBREVN":"Appamattuck","SUBJECTO":"Appamattuck","BORDERPRECISION":1,"PARTOF":"Appamattuck"}},
{"type":"Feature","geometry":{"type":"Polygon","coordinates":[[[-62.94,-26.99],[-62.9,-27.01],[-62.35,-27.72],[-62.38,-28.14],[-62.39,-28.4],[-62.32,-28.38],[-62.06,-25.59],[-62.2,-25.49],[-62.33,-25.52],[-63.2,-25.6],[-63.42,-25.57],[-63.47,-25.57],[-63.33,-25.79],[-63.06,-26.2],[-62.89,-26.71],[-62.94,-26.99]]]},"properties":{"NAME":"Vilela","ABBREVN":"Vilela","SUBJECTO":"Vilela","BORDERPRECISION":1,"PARTOF":"Vilela"}},
{"type":"Feature","geometry":{"type":"Polygon","coordinates":[[[-71.73,6.26],[-71.68,6.39],[-71.69,6.43],[-71.68,6.55],[-71.67,6.56],[-71.68,6.62],[-71.64,6.75],[-71.6,6.92],[-71.66,7.29],[-72.46,7.37],[-72.64,7.1],[-72.47,5.95],[-72.41,5.9],[-72.24,6.11],[-72.2,6.12],[-71.79,6.26],[-71.73,6.26]]]},"properties":{"NAME":"U'wa","ABBREVN":"U'wa","SUBJECTO":"U'wa","BORDERPRECISION":1,"PARTOF":"U'wa"}},
{"type":"Feature","geometry":{"type":"Polygon","coordinates":[[[-76.56,38.13],[-76.71,38.18],[-76.86,38.14],[-76.51,38.07],[-76.52,38.1],[-76.56,38.13]]]},"properties":{"NAME":"Onawmanient","ABBREVN":"Onawmanient","SUBJECTO":"Onawmanient","BORDERPRECISION":1,"PARTOF":"Onawmanient"}},
{"type":"Feature","geometry":{"type":"Polygon","coordinates":[[[-70.9,9.64],[-71.02,9.61],[-71,9.56],[-70.93,9.38],[-70.9,9.23],[-70.95,9.15],[-70.94,9.13],[-70.93,9.13],[-70.81,9.14],[-70.68,9.08],[-70.31,9.09],[-70.27,9.06],[-70.26,9],[-70.15,9.05],[-70.9,9.64]]]},"properties":{"NAME":"Cuica","ABBREVN":"Cuica","SUBJECTO":"Cuica","BORDERPRECISION":1,"PARTOF":"Cuica"}},
{"type":"Feature","geometry":{"type":"Polygon","coordinates":[[[-49.01,-4.64],[-49,-5.25],[-48.84,-5.26],[-48.74,-4.71],[-49.01,-4.64]]]},"properties":{"NAME":"Parkatejê","ABBREVN":"Parkatejê","SUBJECTO":"Parkatejê","BORDERPRECISION":1,"PARTOF":"Parkatejê"}},
{"type":"Feature","geometry":{"type":"MultiPolygon","coordinates":[[[[-120.9,36.37],[-120.9,36.35],[-120.91,36.34],[-120.86,36.35],[-120.71,36.4],[-120.74,36.43],[-120.9,36.37]]],[[[-121.28,36.4],[-121.18,36.31],[-121.18,36.32],[-121.25,36.39],[-121.28,36.4]]],[[[-121.39,36.47],[-121.4,36.47],[-121.34,36.44],[-121.39,36.47]]]]},"properties":{"NAME":"Chalon","ABBREVN":"Chalon","SUBJECTO":"Chalon","BORDERPRECISION":1,"PARTOF":"Chalon"}},
{"type":"Feature","geometry":{"type":"Polygon","coordinates":[[[-71.63,-12.98],[-71.43,-12.92],[-71.27,-12.88],[-70.95,-12.83],[-70.47,-12.85],[-70.37,-12.85],[-70.37,-12.74],[-70.28,-12.57],[-70.63,-12.59],[-72.05,-12.08],[-72.27,-12.06],[-72.63,-12.04],[-72.74,-12.03],[-73.02,-11.99],[-73.19,-11.89],[-73.2,-11.91],[-73.21,-11.98],[-72.86,-12.33],[-72.38,-12.34],[-71.98,-12.71],[-71.63,-12.98]]]},"properties":{"NAME":"Matsigenka","ABBREVN":"Matsigenka","SUBJECTO":"Matsigenka","BORDERPRECISION":1,"PARTOF":"Matsigenka"}},
{"type":"Feature","geometry":{"type":"Polygon","coordinates":[[[-123.72,39.94],[-123.76,39.9],[-123.9,39.83],[-123.89,39.81],[-123.53,39.64],[-123.51,39.66],[-123.72,39.94]]]},"properties":{"NAME":"Cahto","ABBREVN":"Cahto","SUBJECTO":"Cahto","BORDERPRECISION":1,"PARTOF":"Cahto"}},
{"type":"Feature","geometry":{"type":"Polygon","coordinates":[[[-78.08,-0.19],[-78.08,-0.18],[-78.04,-0.14],[-78.05,-0.11],[-78.08,-0.19]]]},"properties":{"NAME":"Kayambi","ABBREVN":"Kayambi","SUBJECTO":"Kayambi","BORDERPRECISION":1,"PARTOF":"Kayambi"}},
{"type":"Feature","geometry":{"type":"Polygon","coordinates":[[[-59.93,-12.67],[-59.92,-12.67],[-59.75,-12.63],[-59.51,-12.46],[-59.38,-12.39],[-59.22,-12.31],[-59.14,-12.3],[-58.96,-12.23],[-58.92,-12.22],[-58.9,-12.22],[-58.89,-12.22],[-58.87,-12.22],[-58.88,-12.26],[-58.84,-12.33],[-58.87,-12.47],[-58.91,-12.5],[-58.91,-12.54],[-58.93,-12.59],[-58.93,-12.64],[-58.94,-12.66],[-58.47,-12.04],[-58.55,-11.99],[-59.15,-11.77],[-59.34,-11.83],[-59.93,-12.67]]]},"properties":{"NAME":"Enawenê-nawê","ABBREVN":"Enawenê-nawê","SUBJECTO":"Enawenê-nawê","BORDERPRECISION":1,"PARTOF":"Enawenê-nawê"}},
{"type":"Feature","geometry":{"type":"MultiPolygon","coordinates":[[[[-123.98,48.65],[-123.97,48.65],[-123.98,48.66],[-124.04,48.67],[-124.01,48.66],[-123.99,48.65],[-123.98,48.65]]],[[[-124.53,49.12],[-124.53,49.11],[-124.53,49.1],[-124.54,49.09],[-124.54,49.07],[-124.53,49.02],[-124.52,49.01],[-124.52,49],[-124.51,49],[-124.51,48.98],[-124.53,48.97],[-124.58,48.96],[-124.59,48.96],[-124.56,48.96],[-124.53,48.96],[-124.51,48.99],[-124.51,49],[-124.53,49.04],[-124.53,49.06],[-124.53,49.08],[-124.52,49.1],[-124.53,49.11],[-124.53,49.12]]],[[[-124.06,48.68],[-124.05,48.67],[-124.04,48.67],[-124.06,48.68]]],[[[-124.07,48.7],[-124.07,48.69],[-124.07,48.7],[-124.07,48.71],[-124.08,48.71],[-124.07,48.7]]],[[[-124.18,48.74],[-124.17,48.74],[-124.15,48.73],[-124.14,48.73],[-124.13,48.73],[-124.13,48.72],[-124.11,48.72],[-124.09,48.72],[-124.11,48.72],[-124.13,48.73],[-124.17,48.74],[-124.18,48.74],[-124.19,48.74],[-124.18,48.74]]],[[[-124.38,48.77],[-124.41,48.8],[-124.39,48.78],[-124.38,48.77]]],[[[-124.6,48.95],[-124.6,48.96],[-124.61,48.96],[-124.6,48.95]]]]},"properties":{"NAME":"Quw'utsun","ABBREVN":"Quw'utsun","SUBJECTO":"Quw'utsun","BORDERPRECISION":1,"PARTOF":"Quw'utsun"}},
{"type":"Feature","geometry":{"type":"Polygon","coordinates":[[[-58.59,-11.95],[-58.55,-11.99],[-58.47,-12.04],[-58.46,-12.02],[-57.99,-12.23],[-57.91,-12.24],[-57.75,-12.17],[-57.74,-12.16],[-57.69,-11.25],[-57.68,-11.22],[-57.72,-11.2],[-57.74,-11.18],[-57.96,-11.17],[-58.41,-10.55],[-58.26,-9.51],[-58.66,-9.19],[-58.6,-9.01],[-58.56,-8.93],[-58.55,-8.9],[-58.59,-8.89],[-59.58,-10.41],[-58.99,-11.69],[-58.59,-11.95]]]},"properties":{"NAME":"Rikbaktsá","ABBREVN":"Rikbaktsá","SUBJECTO":"Rikbaktsá","BORDERPRECISION":1,"PARTOF":"Rikbaktsá"}},
{"type":"Feature","geometry":{"type":"Polygon","coordinates":[[[-109.08,35.77],[-109.6,35.77],[-110.81,35.87],[-111.11,35.94],[-111.21,35.97],[-111.59,36.09],[-111.88,36.4],[-111.89,36.4],[-111.97,36.5],[-112.32,37.27],[-112.44,37.78],[-112.69,37.74],[-113.99,37.23],[-113.75,36.56],[-113.27,36.27],[-113.14,36.19],[-113.12,36.18],[-112.89,36.06],[-112.49,35.9],[-112.39,35.86],[-112.1,35.63],[-112.04,35.38],[-112.01,35.26],[-112.01,35.24],[-111.98,35.12],[-111.97,34.94],[-111.95,34.77],[-111.94,34.64],[-111.92,34.4],[-111.91,34.26],[-111.6,33.8],[-111.39,33.58],[-111.24,33.43],[-111.19,33.41],[-111.18,33.41],[-111.07,33.38],[-110.73,33.29],[-110.29,33.17],[-110.06,33.16],[-109.98,33.16],[-109.6,33.15],[-109.55,33.15],[-109.5,33.14],[-109.25,33.1],[-109.04,33.07],[-108.18,33.09],[-107.74,33.17],[-107.38,33.24],[-107.27,33.26],[-107.11,33.29],[-106.95,33.33],[-106.09,33.8],[-105.84,34.19],[-105.76,34.32],[-105.7,34.53],[-105.65,34.71],[-105.54,35.06],[-105.42,35.17],[-105.11,35.43],[-104.77,35.83],[-104.76,35.92],[-105.05,36.15],[-105.52,36.12],[-106.45,36.01],[-107.09,35.96],[-107.15,35.96],[-107.17,35.96],[-107.66,35.98],[-108.29,35.81],[-108.96,35.76],[-109.08,35.77]]]},"properties":{"NAME":"Pueblos","ABBREVN":"Pueblos","SUBJECTO":"Pueblos","BORDERPRECISION":1,"PARTOF":"Pueblos"}},
{"type":"Feature","geometry":{"type":"Polygon","coordinates":[[[-58.95,-12.67],[-58.94,-12.66],[-58.93,-12.64],[-58.93,-12.59],[-58.91,-12.54],[-58.91,-12.5],[-58.87,-12.47],[-58.84,-12.33],[-58.88,-12.26],[-58.87,-12.22],[-58.89,-12.22],[-58.92,-12.22],[-58.96,-12.23],[-59.14,-12.3],[-59.22,-12.31],[-59.38,-12.39],[-59.51,-12.46],[-59.75,-12.63],[-59.92,-12.67],[-59.93,-12.67],[-59.94,-12.67],[-61,-12.07],[-60.92,-12.43],[-60.91,-12.47],[-60.86,-12.63],[-60.82,-12.78],[-60.4,-13.93],[-59.4,-14.71],[-58.95,-12.67]]]},"properties":{"NAME":"Nambikwara","ABBREVN":"Nambikwara","SUBJECTO":"Nambikwara","BORDERPRECISION":1,"PARTOF":"Nambikwara"}},
{"type":"Feature","geometry":{"type":"Polygon","coordinates":[[[-38.85,-10.4],[-38.77,-10.5],[-38.72,-10.45],[-38.77,-10.37],[-38.85,-10.4]]]},"properties":{"NAME":"Kaimbé","ABBREVN":"Kaimbé","SUBJECTO":"Kaimbé","BORDERPRECISION":1,"PARTOF":"Kaimbé"}},
{"type":"Feature","geometry":{"type":"MultiPolygon","coordinates":[[[[-130.03,56.58],[-129.93,56.57],[-129.72,56.54],[-129.4,56.43],[-129.37,56.57],[-129.43,56.54],[-129.64,56.59],[-129.68,56.6],[-129.82,56.61],[-130.1,56.62],[-130.12,56.61],[-130.25,56.58],[-130.39,56.55],[-130.66,56.44],[-130.69,56.38],[-130.67,56.38],[-130.2,56.58],[-130.15,56.58],[-130.03,56.58]]],[[[-128.7,56.86],[-128.79,56.83],[-128.68,56.73],[-128.43,56.75],[-128.28,56.76],[-128.18,56.76],[-128.23,56.77],[-128.43,56.84],[-128.7,56.86]]]]},"properties":{"NAME":"Tāłtān Konelīne (Tahltan)","ABBREVN":"Tāłtān Konelīne (Tahltan)","SUBJECTO":"Tāłtān Konelīne (Tahltan)","BORDERPRECISION":1,"PARTOF":"Tāłtān Konelīne (Tahltan)"}},
{"type":"Feature","geometry":{"type":"Polygon","coordinates":[[[-45.41,-5.96],[-45.86,-6.1],[-45.47,-6.42],[-45.41,-5.96]]]},"properties":{"NAME":"Canela Apanyekrá","ABBREVN":"Canela Apanyekrá","SUBJECTO":"Canela Apanyekrá","BORDERPRECISION":1,"PARTOF":"Canela Apanyekrá"}},
{"type":"Feature","geometry":{"type":"Polygon","coordinates":[[[-128.54,53.29],[-128.56,53.29],[-128.57,53.3],[-128.6,53.29],[-128.54,53.29]]]},"properties":{"NAME":"Kitasoo/Xai'xais","ABBREVN":"Kitasoo/Xai'xais","SUBJECTO":"Kitasoo/Xai'xais","BORDERPRECISION":1,"PARTOF":"Kitasoo/Xai'xais"}},
{"type":"Feature","geometry":{"type":"Polygon","coordinates":[[[-71.04,2.18],[-71.34,2.89],[-72.26,2.63],[-72.22,2.11],[-71.04,2.18]]]},"properties":{"NAME":"Nükak Makü","ABBREVN":"Nükak Makü","SUBJECTO":"Nükak Makü","BORDERPRECISION":1,"PARTOF":"Nükak Makü"}},
{"type":"Feature","geometry":{"type":"Polygon","coordinates":[[[-50.31,-3.19],[-50.24,-3.48],[-50.05,-3.46],[-50.08,-3.1],[-50.31,-3.19]]]},"properties":{"NAME":"Anambé","ABBREVN":"Anambé","SUBJECTO":"Anambé","BORDERPRECISION":1,"PARTOF":"Anambé"}},
{"type":"Feature","geometry":{"type":"Polygon","coordinates":[[[-57.23,-15.1],[-56.46,-13.6],[-59.04,-14],[-57.23,-15.1]]]},"properties":{"NAME":"Halíti","ABBREVN":"Halíti","SUBJECTO":"Halíti","BORDERPRECISION":1,"PARTOF":"Halíti"}},
{"type":"Feature","geometry":{"type":"Polygon","coordinates":[[[-89.77,14.04],[-89.74,14.05],[-89.67,14.38],[-90.3,14.46],[-90.56,14.41],[-90.65,14.44],[-90.66,14.44],[-90.67,14.45],[-90.92,14.39],[-90.9,13.94],[-90.02,13.7],[-89.93,14.01],[-89.82,14.03],[-89.77,14.04]]]},"properties":{"NAME":"Xinca","ABBREVN":"Xinca","SUBJECTO":"Xinca","BORDERPRECISION":1,"PARTOF":"Xinca"}},
{"type":"Feature","geometry":{"type":"Polygon","coordinates":[[[-121.23,47.53],[-121.16,47.55],[-121.12,47.56],[-121.13,47.57],[-121.14,47.59],[-121.14,47.67],[-121.09,47.74],[-121.09,47.75],[-121.09,47.76],[-121.11,47.77],[-121.12,47.79],[-121.1,47.79],[-121.14,47.83],[-121.16,47.84],[-121.19,47.94],[-121.15,47.98],[-121.19,48],[-121.27,47.99],[-121.28,48],[-121.28,47.98],[-121.29,47.97],[-121.3,47.97],[-121.29,47.83],[-121.26,47.71],[-121.23,47.56],[-121.23,47.53]]]},"properties":{"NAME":"Tulalip","ABBREVN":"Tulalip","SUBJECTO":"Tulalip","BORDERPRECISION":1,"PARTOF":"Tulalip"}},
{"type":"Feature","geometry":{"type":"Polygon","coordinates":[[[-59.39,-11.83],[-59.34,-11.83],[-59.15,-11.77],[-59.09,-11.69],[-59.64,-10.47],[-60.45,-10.55],[-60.51,-10.58],[-60.53,-10.76],[-60.5,-10.97],[-59.39,-11.83]]]},"properties":{"NAME":"Matetamãe/Cinta Larga","ABBREVN":"Matetamãe/Cinta Larga","SUBJECTO":"Matetamãe/Cinta Larga","BORDERPRECISION":1,"PARTOF":"Matetamãe/Cinta Larga"}},
{"type":"Feature","geometry":{"type":"Polygon","coordinates":[[[-51.65,-3.7],[-51.63,-3.7],[-51.57,-3.66],[-51.62,-3.57],[-51.61,-3.61],[-51.62,-3.65],[-51.65,-3.7]]]},"properties":{"NAME":"Arara of Volta Grande","ABBREVN":"Arara of Volta Grande","SUBJECTO":"Arara of Volta Grande","BORDERPRECISION":1,"PARTOF":"Arara of Volta Grande"}},
{"type":"Feature","geometry":{"type":"Polygon","coordinates":[[[-80.54,33.69],[-80.55,33.68],[-80.36,33.67],[-79.96,33.68],[-79.95,33.74],[-80.25,33.77],[-80.42,33.82],[-80.48,33.87],[-80.48,33.85],[-80.42,33.78],[-80.54,33.69]]]},"properties":{"NAME":"Wateree","ABBREVN":"Wateree","SUBJECTO":"Wateree","BORDERPRECISION":1,"PARTOF":"Wateree"}},
{"type":"Feature","geometry":{"type":"Polygon","coordinates":[[[-118.6,34.95],[-118.58,34.94],[-118.05,34.82],[-117.93,34.78],[-117.91,34.8],[-117.82,34.91],[-117.8,34.99],[-117.96,34.99],[-118.21,35],[-118.45,35.07],[-118.52,35.11],[-118.55,34.99],[-118.6,34.95]]]},"properties":{"NAME":"Kitanemuk","ABBREVN":"Kitanemuk","SUBJECTO":"Kitanemuk","BORDERPRECISION":1,"PARTOF":"Kitanemuk"}},
{"type":"Feature","geometry":{"type":"Polygon","coordinates":[[[-74.77,54.75],[-74.22,54.75],[-71.81,54.62],[-71.15,54.57],[-70.2,54.5],[-69.77,54.71],[-69.51,54.81],[-68.8,55.07],[-69.59,55.37],[-69.61,55.38],[-70.22,55.64],[-71.02,55.97],[-72.06,55.97],[-72.21,55.97],[-72.6,55.97],[-74,55.68],[-74.53,55.08],[-74.77,54.75]]]},"properties":{"NAME":"Nunavik","ABBREVN":"Nunavik","SUBJECTO":"Nunavik","BORDERPRECISION":1,"PARTOF":"Nunavik"}},
{"type":"Feature","geometry":{"type":"Polygon","coordinates":[[[-120.29,67.49],[-120.76,67.63],[-120.89,67.63],[-120.9,67.63],[-121.94,67.64],[-121.49,67.48],[-121.35,67.43],[-120.69,67.2],[-119.5,66.91],[-117.86,66.68],[-117.49,66.67],[-119.88,67.2],[-120.25,67.46],[-120.29,67.49]]]},"properties":{"NAME":"Sahtu Dene and Metis","ABBREVN":"Sahtu Dene and Metis","SUBJECTO":"Sahtu Dene and Metis","BORDERPRECISION":1,"PARTOF":"Sahtu Dene and Metis"}},
{"type":"Feature","geometry":{"type":"Polygon","coordinates":[[[-62.02,-28.95],[-62.12,-28.9],[-62.36,-28.93],[-62.48,-28.93],[-62.5,-28.99],[-62.68,-29.15],[-62.92,-29.37],[-63.52,-29.64],[-63.54,-29.67],[-63.56,-29.7],[-63.43,-29.74],[-62.85,-29.9],[-62.5,-30.95],[-62.62,-31.3],[-62.68,-31.49],[-62.64,-31.48],[-62.32,-31.35],[-62.24,-31.32],[-62.17,-30.79],[-62.18,-30.36],[-62.14,-29.94],[-62.09,-29.54],[-62.02,-28.99],[-62.02,-28.95]]]},"properties":{"NAME":"Sanavirones","ABBREVN":"Sanavirones","SUBJECTO":"Sanavirones","BORDERPRECISION":1,"PARTOF":"Sanavirones"}},
{"type":"Feature","geometry":{"type":"MultiPolygon","coordinates":[[[[-57.64,-8.26],[-57.67,-8.32],[-57.66,-8.37],[-57.52,-8.43],[-57.5,-8.62],[-57.3,-8.66],[-57.14,-8.48],[-57.29,-8.42],[-57.51,-8.29],[-57.55,-8.26],[-57.64,-8.26]]],[[[-58.59,-7.58],[-58.64,-7.61],[-58.55,-8.9],[-58.56,-8.93],[-58.6,-9.01],[-58.66,-9.19],[-58.26,-9.51],[-58.41,-10.55],[-57.96,-11.17],[-57.74,-11.18],[-57.77,-11.15],[-57.82,-11.03],[-57.84,-10.94],[-57.85,-10.9],[-57.85,-10.83],[-57.85,-10.79],[-57.84,-10.63],[-57.72,-10.3],[-57.43,-9.78],[-57.31,-9.56],[-57.2,-9.35],[-57.97,-9.14],[-58.04,-8.9],[-58.02,-8.57],[-58.06,-8.29],[-58.06,-8.26],[-58.08,-8.26],[-58.47,-7.87],[-58.59,-7.58]]]]},"properties":{"NAME":"Apiaká","ABBREVN":"Apiaká","SUBJECTO":"Apiaká","BORDERPRECISION":1,"PARTOF":"Apiaká"}},
{"type":"Feature","geometry":{"type":"MultiPolygon","coordinates":[[[[-117.27,46.89],[-117.41,46.73],[-117.75,46.73],[-118.12,46.6],[-118.13,46.6],[-118.13,46.59],[-118.08,46.6],[-117.94,46.61],[-117.5,46.73],[-117.38,46.67],[-117.24,46.55],[-117.22,46.53],[-117.16,46.62],[-117.11,46.68],[-117.11,46.74],[-116.95,46.8],[-116.9,46.85],[-117.06,46.87],[-117.19,46.94],[-117.26,46.89],[-117.27,46.89]]],[[[-118.77,47.06],[-119.07,47.01],[-118.76,47.02],[-118.77,47.03],[-118.77,47.06]]]]},"properties":{"NAME":"Palouse","ABBREVN":"Palouse","SUBJECTO":"Palouse","BORDERPRECISION":1,"PARTOF":"Palouse"}},
{"type":"Feature","geometry":{"type":"Polygon","coordinates":[[[-46.4,-3.13],[-46.29,-3.03],[-46.3,-2.54],[-46.37,-2.48],[-46.42,-2.44],[-46.56,-2.27],[-46.57,-2.25],[-46.7,-2.09],[-46.86,-2.04],[-46.93,-2.05],[-47.13,-2.08],[-47.17,-2.97],[-46.54,-3.17],[-46.41,-3.14],[-46.4,-3.13]]]},"properties":{"NAME":"Tenetehara (Tembé)","ABBREVN":"Tenetehara (Tembé)","SUBJECTO":"Tenetehara (Tembé)","BORDERPRECISION":1,"PARTOF":"Tenetehara (Tembé)"}},
{"type":"Feature","geometry":{"type":"Polygon","coordinates":[[[-52.79,-12.88],[-53.03,-13.03],[-53.09,-13.32],[-52.78,-13.14],[-52.79,-12.88]]]},"properties":{"NAME":"Kalapalo","ABBREVN":"Kalapalo","SUBJECTO":"Kalapalo","BORDERPRECISION":1,"PARTOF":"Kalapalo"}},
{"type":"Feature","geometry":{"type":"Polygon","coordinates":[[[-123.95,41.61],[-123.94,41.6],[-123.9,41.53],[-123.87,41.52],[-123.84,41.53],[-123.82,41.53],[-123.79,41.54],[-123.76,41.56],[-123.73,41.57],[-123.69,41.6],[-123.69,41.65],[-123.68,41.66],[-123.68,41.67],[-123.67,41.72],[-123.67,41.74],[-123.66,41.8],[-123.64,41.85],[-123.64,41.86],[-123.62,41.89],[-123.62,41.9],[-123.59,41.91],[-123.56,41.93],[-123.55,41.94],[-123.54,41.95],[-123.51,41.98],[-123.49,41.99],[-123.47,42.01],[-123.47,41.98],[-123.47,41.97],[-123.47,41.96],[-123.47,41.95],[-123.42,41.85],[-123.37,41.77],[-123.37,41.76],[-123.32,41.7],[-123.26,41.6],[-123.14,41.51],[-123.14,41.5],[-123.13,41.44],[-123.45,41.2],[-123.45,41.18],[-123.46,41.17],[-123.47,41.13],[-123.46,41.09],[-123.46,41.08],[-123.45,41.07],[-123.4,41.03],[-123.39,41.02],[-123.34,41.02],[-123.28,41.01],[-123.15,41.01],[-123.11,41.01],[-122.98,41.03],[-122.97,41.03],[-122.94,41.06],[-122.93,41.06],[-122.92,41.07],[-122.89,41.1],[-122.88,41.11],[-122.87,41.12],[-122.81,41.18],[-122.8,41.19],[-122.79,41.19],[-122.76,41.22],[-122.72,41.23],[-122.64,41.24],[-122.61,41.21],[-122.58,41.18],[-122.57,41.17],[-122.57,41.16],[-122.52,41.04],[-122.53,41.01],[-122.53,41],[-122.53,40.97],[-122.47,40.93],[-122.4,40.91],[-122.39,40.92],[-122.35,40.92],[-122.3,40.9],[-122.21,40.97],[-122.21,40.98],[-122.21,41],[-122.21,41.02],[-122.21,41.04],[-122.18,41.05],[-122.15,41.08],[-122.14,41.09],[-122.09,41.11],[-122.08,41.13],[-122.08,41.14],[-122.08,41.15],[-122.07,41.17],[-122.06,41.19],[-122.06,41.2],[-122.05,41.23],[-122.07,41.27],[-122.07,41.28],[-122.08,41.29],[-122.09,41.31],[-122.12,41.34],[-122.13,41.36],[-122.14,41.37],[-122.18,41.41],[-122.17,41.44],[-122.16,41.46],[-122.11,41.53],[-122.09,41.56],[-122.03,41.66],[-122.04,41.81],[-122.03,41.83],[-122.03,41.87],[-122.03,41.88],[-122.04,41.9],[-122.08,41.96],[-122.12,42.01],[-122.11,42.07],[-122.1,42.13],[-121.98,42.39],[-121.97,42.5],[-121.96,42.56],[-121.95,42.59],[-121.94,42.67],[-121.87,42.83],[-121.84,42.99],[-121.83,43.07],[-121.79,43.18],[-121.79,43.22],[-121.79,43.23],[-121.79,43.25],[-121.78,43.28],[-121.77,43.32],[-121.79,43.45],[-121.7,43.46],[-121.62,43.55],[-121.58,43.66],[-121.56,43.67],[-121.54,43.67],[-121.54,43.68],[-121.51,43.68],[-121.5,43.69],[-121.45,43.82],[-121.44,43.85],[-121.44,43.86],[-121.46,43.87],[-121.46,43.88],[-121.46,43.89],[-121.45,43.9],[-121.44,43.91],[-121.44,43.92],[-121.43,43.93],[-121.42,43.94],[-121.42,43.95],[-121.41,43.96],[-121.41,43.97],[-121.4,43.98],[-121.39,43.99],[-121.37,44],[-121.37,44.01],[-121.36,44.01],[-121.35,44.02],[-121.33,44.03],[-121.32,44.05],[-121.32,44.07],[-121.32,44.1],[-121.33,44.13],[-121.32,44.17],[-121.24,44.31],[-121.27,44.34],[-121.28,44.36],[-121.29,44.36],[-121.29,44.4],[-121.3,44.4],[-121.33,44.45],[-121.33,44.46],[-121.33,44.49],[-121.27,44.57],[-121.29,44.61],[-121.25,44.65],[-121.25,44.72],[-121.24,44.74],[-121.23,44.77],[-121.21,44.77],[-121.15,44.79],[-121.09,44.81],[-121.07,44.85],[-121.06,44.86],[-121.06,44.88],[-121.06,44.9],[-121.07,44.92],[-121.07,44.97],[-121.1,45.03],[-121.16,45.19],[-121.14,45.3],[-121.13,45.33],[-121.11,45.42],[-121.06,45.5],[-121.07,45.62],[-121.07,45.64],[-121.07,45.65],[-121.05,45.77],[-121.04,45.86],[-121.04,45.9],[-121.03,45.92],[-120.99,46.05],[-121,46.3],[-121.03,46.46],[-121.03,46.52],[-121.03,46.54],[-121.1,46.66],[-121.22,46.67],[-121.24,46.67],[-121.35,46.68],[-121.39,46.69],[-121.43,46.69],[-121.48,46.7],[-121.5,46.7],[-121.57,46.71],[-121.59,46.71],[-121.67,46.67],[-121.94,46.39],[-122.48,46.33],[-122.64,46.34],[-122.65,46.34],[-122.76,46.36],[-123.07,46.36],[-123.09,46.36],[-123.12,46.37],[-123.14,46.37],[-123.4,46.4],[-123.43,46.4],[-123.52,46.41],[-123.57,46.41],[-123.63,46.42],[-123.68,46.42],[-123.71,46.42],[-123.79,46.42],[-123.86,46.42],[-123.89,46.42],[-123.9,46.42],[-123.93,46.41],[-123.98,46.38],[-124.07,46.38],[-124.09,46.37],[-124.11,46.36],[-124.12,46.34],[-124.09,46.34],[-123.88,46.3],[-123.91,46.25],[-124.04,46.28],[-124.05,46.29],[-124.05,46.26],[-124.05,46.25],[-124.05,46.24],[-124.04,46.22],[-124,46.05],[-124.01,46.05],[-124.03,46.04],[-124.07,46.02],[-124.03,45.94],[-124.06,45.84],[-123.99,45.76],[-124,45.68],[-124.21,44.51],[-124.25,43.84],[-124.22,43.8],[-124.19,43.75],[-124.16,43.71],[-124.14,43.67],[-124.17,43.6],[-124.27,43.4],[-124.28,43.39],[-124.3,43.34],[-124.42,43.29],[-124.42,43.28],[-124.47,43.26],[-124.6,42.85],[-124.58,42.73],[-124.51,42.59],[-124.49,42.46],[-124.48,42.43],[-124.45,42.36],[-124.35,42.16],[-124.31,42.05],[-124.17,41.65],[-124.14,41.62],[-123.99,41.64],[-123.95,41.61]]]},"properties":{"NAME":"Confederated Tribes of Siletz Indians","ABBREVN":"Confederated Tribes of Siletz Indians","SUBJECTO":"Confederated Tribes of Siletz Indians","BORDERPRECISION":1,"PARTOF":"Confederated Tribes of Siletz Indians"}},
{"type":"Feature","geometry":{"type":"Polygon","coordinates":[[[-51.74,3.85],[-51.77,3.37],[-51.33,3.15],[-51.2,3.6],[-51.74,3.85]]]},"properties":{"NAME":"Parikwene","ABBREVN":"Parikwene","SUBJECTO":"Parikwene","BORDERPRECISION":1,"PARTOF":"Parikwene"}},
{"type":"Feature","geometry":{"type":"Polygon","coordinates":[[[-120.37,41.57],[-120.39,41.57],[-120.41,41.58],[-120.38,41.6],[-120.43,41.63],[-120.46,41.61],[-120.53,41.51],[-120.85,41.47],[-121.16,41.32],[-121.14,41.08],[-121.54,41.29],[-121.59,41.42],[-121.77,41.51],[-121.76,41.28],[-121.72,41.16],[-121.86,41.19],[-121.85,41.29],[-121.91,41.32],[-121.94,41.31],[-121.95,41.3],[-121.97,41.3],[-121.98,41.31],[-121.97,41.34],[-121.99,41.38],[-121.99,41.39],[-122,41.4],[-121.97,41.43],[-121.97,41.44],[-121.98,41.45],[-121.94,41.49],[-121.97,41.54],[-121.99,41.46],[-122,41.44],[-122.01,41.44],[-122.02,41.43],[-122.03,41.43],[-122.07,41.44],[-122.07,41.42],[-122.07,41.41],[-122.06,41.39],[-122.06,41.38],[-122.06,41.37],[-122.05,41.33],[-122.05,41.32],[-122.05,41.3],[-122.06,41.29],[-122.06,41.27],[-122.05,41.26],[-122.01,41.19],[-122.02,41.14],[-122.03,41.12],[-122.05,41.06],[-122.06,41.01],[-122.06,40.99],[-122.04,40.92],[-122.02,40.9],[-122.01,40.89],[-122,40.88],[-122,40.85],[-121.97,40.85],[-121.96,40.84],[-121.92,40.78],[-121.89,40.75],[-121.65,40.55],[-121.65,40.5],[-121.49,40.46],[-121.48,40.48],[-121.27,40.5],[-121.05,40.5],[-120.84,40.46],[-120.79,40.47],[-120.71,40.46],[-120.56,40.52],[-120.59,40.51],[-120.53,40.58],[-120.46,40.58],[-120.45,40.58],[-120.45,40.94],[-120.45,41.08],[-120.38,41.54],[-120.37,41.57]]]},"properties":{"NAME":"Pit River","ABBREVN":"Pit River","SUBJECTO":"Pit River","BORDERPRECISION":1,"PARTOF":"Pit River"}},
{"type":"Feature","geometry":{"type":"Polygon","coordinates":[[[-64.89,-11.99],[-64.61,-11.13],[-64.97,-10.18],[-65.43,-10.49],[-65.02,-11.93],[-64.89,-11.99]]]},"properties":{"NAME":"Wari’","ABBREVN":"Wari’","SUBJECTO":"Wari’","BORDERPRECISION":1,"PARTOF":"Wari’"}},
{"type":"Feature","geometry":{"type":"MultiPolygon","coordinates":[[[[-123.98,50.47],[-124,50.44],[-123.96,50.42],[-123.95,50.43],[-123.94,50.44],[-123.96,50.48],[-123.98,50.47]]],[[[-123.28,50.11],[-123.28,50.12],[-123.45,50.16],[-123.52,50.25],[-123.65,50.29],[-123.69,50.32],[-123.71,50.36],[-123.73,50.37],[-123.78,50.37],[-123.8,50.37],[-123.82,50.38],[-123.83,50.39],[-123.85,50.38],[-123.86,50.4],[-123.9,50.4],[-123.94,50.4],[-123.66,50.21],[-123.28,50.11]]]]},"properties":{"NAME":"Skwxwú7mesh-ulh Temíx̱w (Squamish)","ABBREVN":"Skwxwú7mesh-ulh Temíx̱w (Squamish)","SUBJECTO":"Skwxwú7mesh-ulh Temíx̱w (Squamish)","BORDERPRECISION":1,"PARTOF":"Skwxwú7mesh-ulh Temíx̱w (Squamish)"}},
{"type":"Feature","geometry":{"type":"Polygon","coordinates":[[[-122.05,49.48],[-122.07,49.48],[-122.11,49.49],[-122.12,49.48],[-122.11,49.47],[-122.05,49.48]]]},"properties":{"NAME":"S’ólh Téméxw (Stó:lō)","ABBREVN":"S’ólh Téméxw (Stó:lō)","SUBJECTO":"S’ólh Téméxw (Stó:lō)","BORDERPRECISION":1,"PARTOF":"S’ólh Téméxw (Stó:lō)"}},
{"type":"Feature","geometry":{"type":"Polygon","coordinates":[[[-72.55,7.63],[-72.52,7.49],[-71.58,7.52],[-70.25,8.97],[-70.26,9],[-70.27,9.06],[-70.31,9.09],[-70.68,9.08],[-70.81,9.14],[-70.93,9.13],[-70.94,9.13],[-70.97,9.12],[-70.99,9.09],[-71.09,9],[-71.48,8.84],[-71.59,8.81],[-71.57,8.77],[-71.55,8.69],[-71.55,8.54],[-72.35,7.77],[-72.5,7.65],[-72.54,7.64],[-72.55,7.63]]]},"properties":{"NAME":"Timotes","ABBREVN":"Timotes","SUBJECTO":"Timotes","BORDERPRECISION":1,"PARTOF":"Timotes"}},
{"type":"Feature","geometry":{"type":"MultiPolygon","coordinates":[[[[-67.05,6.36],[-67,6.17],[-67.01,6.09],[-66.98,6.07],[-66.87,6.1],[-66.81,6.17],[-66.81,6.18],[-66.74,6.29],[-66.73,6.36],[-66.71,6.48],[-66.81,6.88],[-66.9,6.98],[-66.94,7.03],[-66.98,6.93],[-67.08,6.69],[-67.1,6.61],[-67.12,6.56],[-67.14,6.52],[-67.16,6.44],[-67.13,6.43],[-67.06,6.42],[-67.06,6.4],[-67.05,6.36]]],[[[-67.12,7.24],[-67.31,7.52],[-69.6,7.2],[-69.72,7.13],[-69.69,7.13],[-69.56,7.15],[-68.81,6.45],[-67.75,6.53],[-67.45,7.23],[-67.19,7.27],[-67.12,7.24]]]]},"properties":{"NAME":"Yaruro/Pumé","ABBREVN":"Yaruro/Pumé","SUBJECTO":"Yaruro/Pumé","BORDERPRECISION":1,"PARTOF":"Yaruro/Pumé"}},
{"type":"Feature","geometry":{"type":"Polygon","coordinates":[[[-65.02,-12.99],[-65.03,-12.97],[-65.16,-12.76],[-65.38,-12.59],[-65.49,-12.54],[-65.57,-12.5],[-66.09,-12.57],[-66.63,-13.76],[-65.64,-14.46],[-65.57,-14.45],[-65.52,-14.43],[-65.26,-14.32],[-65.13,-14.18],[-65.12,-14.18],[-65.1,-14.14],[-65.1,-14.07],[-65.11,-13.92],[-65.11,-13.9],[-65.13,-13.63],[-65.13,-13.36],[-65.12,-13.22],[-65.12,-13.2],[-65.08,-13.05],[-65.02,-12.99]]]},"properties":{"NAME":"Movima","ABBREVN":"Movima","SUBJECTO":"Movima","BORDERPRECISION":1,"PARTOF":"Movima"}},
{"type":"Feature","geometry":{"type":"MultiPolygon","coordinates":[[[[-110.08,72.56],[-114.65,73.35],[-118.99,72.03],[-117.76,70.72],[-110.92,70.14],[-110.21,70.32],[-110.21,70.79],[-110.21,72.4],[-110.08,72.56]]],[[[-120.85,69.57],[-125.97,69.43],[-127.35,70.38],[-131.67,69.28],[-133.99,69.51],[-133.78,68.45],[-133.79,68.41],[-133.79,68.4],[-133.85,68.22],[-133.89,68.12],[-136.33,68.16],[-136.45,68.17],[-136.58,68.19],[-136.72,68.1],[-136.63,68.05],[-136.58,68.04],[-136.58,68.03],[-136.54,68.01],[-136.45,68.01],[-136.43,68.01],[-134.12,68.01],[-133.89,68.01],[-133.82,68.09],[-133.72,68.18],[-133.69,68.32],[-133.19,68.34],[-132.57,68.33],[-132.29,68.42],[-132.27,68.42],[-130.82,69.23],[-130.47,68.89],[-130.42,68.21],[-130.36,68.16],[-130.24,68.07],[-129.9,68.07],[-128.61,68.07],[-128.13,68.12],[-126.32,68.19],[-125.42,68.07],[-124.8,68.07],[-121.13,68.18],[-121.13,68.22],[-121.29,69.47],[-120.85,69.57]]],[[[-119.31,72.65],[-115.65,73.63],[-121.24,74.58],[-124.06,73.87],[-125.62,71.99],[-120.84,71.53],[-119.31,72.65]]]]},"properties":{"NAME":"Inuvialuit","ABBREVN":"Inuvialuit","SUBJECTO":"Inuvialuit","BORDERPRECISION":1,"PARTOF":"Inuvialuit"}},
{"type":"Feature","geometry":{"type":"MultiPolygon","coordinates":[[[[-121.35,37.18],[-121.38,37.24],[-121.39,37.3],[-121.44,37.41],[-121.46,37.44],[-121.48,37.47],[-121.53,37.55],[-121.6,37.62],[-121.65,37.67],[-121.74,37.76],[-121.75,37.77],[-121.85,37.8],[-121.84,37.78],[-121.82,37.76],[-121.8,37.71],[-121.76,37.64],[-121.75,37.62],[-121.73,37.59],[-121.71,37.57],[-121.65,37.52],[-121.6,37.47],[-121.53,37.35],[-121.48,37.26],[-121.45,37.23],[-121.43,37.22],[-121.36,37.18],[-121.35,37.18]]],[[[-121.38,37.99],[-121.42,38.01],[-121.46,38.01],[-121.47,38.01],[-121.49,38.01],[-121.56,37.99],[-121.58,37.98],[-121.64,37.97],[-121.99,37.98],[-122.03,38.01],[-122.03,38.06],[-122.04,38.07],[-122.05,38.08],[-122.06,38.09],[-122.06,38.1],[-122.1,38.11],[-122.11,38.11],[-122.12,38.12],[-122.16,38.14],[-122.17,38.14],[-122.21,38.16],[-122.24,38.17],[-122.33,38.13],[-122.34,38.13],[-122.35,38.13],[-122.36,38.13],[-122.37,38.13],[-122.39,38.14],[-122.4,38.14],[-122.41,38.14],[-122.42,38.14],[-122.44,38.11],[-122.44,38.1],[-122.45,38.07],[-122.45,38],[-122.43,37.99],[-122.4,38.01],[-122.39,38.01],[-122.38,38.02],[-122.35,38.02],[-122.33,38.02],[-122.3,38.02],[-122.27,38.01],[-122.23,38.01],[-122.21,37.95],[-122.21,37.94],[-122.21,37.93],[-122.2,37.92],[-122.2,37.91],[-122.19,37.91],[-122.19,37.9],[-122.18,37.9],[-122.17,37.89],[-122.15,37.88],[-122.13,37.9],[-122.06,37.95],[-121.61,37.96],[-121.57,37.97],[-121.54,37.98],[-121.5,37.98],[-121.38,37.99]]],[[[-122.45,37.82],[-122.53,37.8],[-122.57,37.74],[-122.57,37.68],[-122.56,37.57],[-122.45,37.82]]]]},"properties":{"NAME":"Muwekma","ABBREVN":"Muwekma","SUBJECTO":"Muwekma","BORDERPRECISION":1,"PARTOF":"Muwekma"}},
{"type":"Feature","geometry":{"type":"Polygon","coordinates":[[[-125.05,48.95],[-125.04,48.95],[-125.03,48.95],[-125.02,48.95],[-125.04,48.96],[-125.05,48.95]]]},"properties":{"NAME":"Uchucklesaht","ABBREVN":"Uchucklesaht","SUBJECTO":"Uchucklesaht","BORDERPRECISION":1,"PARTOF":"Uchucklesaht"}},
{"type":"Feature","geometry":{"type":"MultiPolygon","coordinates":[[[[-129.99,55.27],[-129.99,55.28],[-129.98,55.29],[-129.98,55.3],[-130,55.33],[-130.02,55.36],[-130.03,55.37],[-130.04,55.38],[-130.04,55.45],[-130.05,55.46],[-130.06,55.47],[-130.08,55.49],[-130.1,55.52],[-130.13,55.56],[-130.13,55.57],[-130.13,55.58],[-130.12,55.6],[-130.12,55.61],[-130.12,55.68],[-130.12,55.69],[-130.14,55.74],[-130.11,55.81],[-130.11,55.82],[-130.07,55.84],[-130.06,55.84],[-130.05,55.86],[-130.04,55.88],[-130.03,55.91],[-130.04,56],[-130.06,56.06],[-130.07,56.07],[-130.2,56.1],[-130.31,56.13],[-130.61,56.27],[-130.62,56.28],[-130.7,56.38],[-130.69,56.38],[-130.66,56.44],[-130.39,56.55],[-130.25,56.58],[-130.12,56.61],[-130.1,56.62],[-129.82,56.61],[-129.68,56.6],[-129.64,56.59],[-129.43,56.54],[-129.37,56.57],[-129.28,56.61],[-129.04,56.74],[-128.79,56.83],[-128.7,56.86],[-128.43,56.84],[-128.23,56.77],[-128.18,56.76],[-127.81,56.69],[-127.79,56.7],[-127.32,56.76],[-127.07,56.59],[-127.08,56.1],[-127.08,56.09],[-126.97,55.86],[-126.92,55.74],[-126.93,55.69],[-127,55.51],[-127.02,55.48],[-127.12,55.31],[-127.14,55.29],[-127.16,55.26],[-127.27,55.17],[-127.3,55.14],[-127.33,55.11],[-127.35,55.1],[-127.37,55.08],[-127.46,54.94],[-127.56,54.79],[-127.59,54.75],[-127.6,54.73],[-127.6,54.72],[-127.62,54.66],[-127.65,54.58],[-127.71,54.4],[-127.72,54.37],[-127.73,54.36],[-127.83,54.24],[-127.89,54.17],[-127.89,54.15],[-127.92,53.94],[-127.89,53.8],[-127.83,53.71],[-127.79,53.63],[-127.73,53.6],[-127.69,53.57],[-127.63,53.54],[-127.61,53.52],[-127.55,53.48],[-127.53,53.47],[-127.52,53.46],[-127.38,53.35],[-127.28,53.29],[-127.18,53.23],[-126.91,53.16],[-126.71,53.05],[-126.53,52.91],[-126.52,52.9],[-126.37,52.83],[-126.2,52.75],[-126.13,52.7],[-126.07,52.74],[-125.93,52.7],[-126.01,52.64],[-126.05,52.6],[-126.3,52.44],[-126.28,52.37],[-126.25,52.34],[-126.14,52.21],[-126.06,52.14],[-126.03,52.11],[-126.01,52.01],[-126,51.97],[-125.98,51.89],[-125.93,51.91],[-125.81,52.05],[-125.8,52.06],[-125.76,52.06],[-125.74,52.06],[-125.7,52.06],[-125.61,51.97],[-125.55,51.95],[-125.56,51.93],[-125.51,51.93],[-125.49,51.94],[-125.48,51.94],[-125.48,51.93],[-125.47,51.93],[-125.4,51.87],[-125.31,51.81],[-125.2,51.7],[-125.18,51.69],[-125.14,51.67],[-125.11,51.65],[-125.04,51.62],[-124.88,51.57],[-124.84,51.5],[-124.81,51.46],[-124.83,51.31],[-124.7,51.34],[-124.65,51.35],[-124.53,51.36],[-124.42,51.26],[-124.36,51.22],[-124.1,51.04],[-124.08,51.03],[-124.06,51.01],[-124.04,51.01],[-123.94,51],[-123.81,50.98],[-123.66,50.96],[-123.62,50.96],[-123.61,50.93],[-123.6,50.92],[-123.59,50.89],[-123.58,50.87],[-123.62,50.71],[-123.58,50.71],[-123.36,50.69],[-123.22,50.69],[-123,50.68],[-122.95,50.68],[-122.3,50.64],[-121.98,50.61],[-121.88,50.62],[-121.79,50.63],[-121.72,50.68],[-121.57,50.79],[-121.43,50.9],[-121.24,51.03],[-121.17,51.08],[-121.21,51.08],[-121.28,51.07],[-121.42,51.05],[-121.89,51.23],[-122.12,51.2],[-122.17,51.24],[-122.18,51.26],[-122.23,51.3],[-122.23,51.32],[-122.22,51.36],[-122.23,51.39],[-122.23,51.4],[-122.23,51.43],[-122.26,51.48],[-122.27,51.49],[-122.28,51.5],[-122.36,51.67],[-122.37,51.72],[-122.4,51.8],[-122.38,51.88],[-122.26,51.93],[-122.27,51.99],[-122.28,52.02],[-122.27,52.07],[-122.27,52.09],[-122.27,52.1],[-122.28,52.14],[-122.28,52.2],[-122.28,52.28],[-122.27,52.33],[-120.97,52.49],[-120.53,52.55],[-120.35,52.58],[-120.27,52.6],[-120.11,52.63],[-119.97,52.71],[-119.95,52.72],[-119.93,52.73],[-119.84,52.77],[-119.73,52.82],[-119.72,52.83],[-119.52,52.96],[-119.41,53.06],[-119.4,53.06],[-119.32,53.12],[-119.26,53.18],[-119.25,53.19],[-119.28,53.28],[-119.41,53.66],[-119.59,53.86],[-119.82,54.13],[-119.82,54.14],[-119.8,54.19],[-119.73,54.4],[-119.58,54.47],[-118.99,54.8],[-118.53,55.05],[-117.99,55.22],[-117.65,55.33],[-117.28,55.45],[-117.27,55.45],[-117.26,55.46],[-117.03,55.53],[-116.96,55.57],[-116.9,55.6],[-116.19,56.01],[-116.18,56.01],[-115.92,56.44],[-115.86,56.5],[-115.46,56.96],[-114.99,57.48],[-114.59,57.94],[-114.39,58.05],[-114.13,58.18],[-113.66,58.27],[-113.63,58.28],[-113.27,58.34],[-112.73,58.38],[-109.98,56.81],[-109.63,56.09],[-109.37,55.73],[-109.24,55.54],[-109.04,55.07],[-109.01,55.05],[-108.55,54.79],[-107.95,54.86],[-107.43,54.93],[-106.98,55.38],[-106.87,55.49],[-106.71,55.57],[-105.99,55.91],[-105.89,55.96],[-104.38,57.02],[-102.6,57.85],[-102.47,57.87],[-102.08,57.94],[-100.82,57.9],[-98.9,58],[-95.06,58.6],[-94.65,58.69],[-94.45,58.74],[-94.68,58.88],[-94.75,59.12],[-94.73,59.76],[-94.61,60.25],[-94.48,60.49],[-99.85,62.96],[-101.21,64.23],[-101.99,64.37],[-102.22,64.41],[-104.7,64.77],[-106.37,64.95],[-109.42,65.05],[-109.63,65.12],[-110.81,65.48],[-112.07,65.78],[-114.27,66.19],[-115.46,66.42],[-116.5,66.62],[-116.85,66.64],[-117.38,66.66],[-117.41,66.66],[-117.49,66.67],[-117.86,66.68],[-119.5,66.91],[-120.69,67.2],[-121.35,67.43],[-121.49,67.48],[-121.94,67.64],[-121.95,67.64],[-123.15,67.87],[-124.96,68.02],[-125.42,68.07],[-126.32,68.19],[-128.13,68.12],[-128.61,68.07],[-129.92,67.94],[-130.17,67.92],[-130.45,67.89],[-132.01,67.78],[-132.32,67.76],[-133.96,67.7],[-134.48,67.68],[-134.63,67.68],[-135.14,67.66],[-135.88,67.63],[-135.95,67.63],[-136.31,67.62],[-137.25,67.6],[-137.33,67.6],[-137.92,67.59],[-141.01,67.78],[-141.09,67.78],[-144.87,68.4],[-148.79,68.88],[-149.46,68.96],[-151.43,68.9],[-151.65,68.87],[-154.06,68.55],[-154.11,68.53],[-154.74,68.28],[-155.93,67.83],[-156.6,67.57],[-157.5,66.95],[-158.16,66.51],[-158.65,65.82],[-158.9,65.48],[-158.83,64.93],[-158.79,64.64],[-158.29,63.85],[-158.21,63.71],[-157.91,63.24],[-157.58,62.82],[-157.44,62.64],[-157.07,62.18],[-156.84,61.83],[-156.81,61.8],[-156.08,60.74],[-156.04,60.67],[-155.94,60.56],[-155.52,60.05],[-155.33,59.83],[-155.33,59.79],[-155.33,59.66],[-154.95,59.25],[-154.45,59.11],[-154.37,59.08],[-154.27,59.05],[-154.3,59.12],[-153.98,59.52],[-151.45,59.54],[-151.8,59.3],[-150.4,59.68],[-149.89,60.03],[-148.99,60.45],[-148.97,60.46],[-148.83,60.56],[-148.73,60.73],[-148.55,60.84],[-148.49,61.06],[-148.07,61.28],[-147.92,61.32],[-147.53,61.42],[-147.07,61.48],[-146.58,61.54],[-145.24,61.19],[-145.25,61.02],[-145.26,60.89],[-145.32,60.86],[-145.58,60.65],[-145.65,60.62],[-145.75,60.57],[-145.87,60.52],[-145.89,60.51],[-145.49,60.38],[-142.42,60.02],[-142.16,60.03],[-141.96,60.04],[-139.57,59.9],[-137.58,58.6],[-134.12,58.24],[-130.27,55.07],[-130,55.29],[-129.99,55.27]]],[[[-133.09,55.45],[-132.76,55.58],[-132.66,55.61],[-132.69,55.65],[-132.62,55.75],[-132.63,55.9],[-133.52,56.21],[-133.27,55.62],[-133.09,55.45]]]]},"properties":{"NAME":"Dënéndeh","ABBREVN":"Dënéndeh","SUBJECTO":"Dënéndeh","BORDERPRECISION":1,"PARTOF":"Dënéndeh"}},
{"type":"Feature","geometry":{"type":"Polygon","coordinates":[[[-50.6,-10.67],[-49.95,-10.01],[-50.59,-9.13],[-51.55,-10.51],[-50.6,-10.67]]]},"properties":{"NAME":"Apyãwa","ABBREVN":"Apyãwa","SUBJECTO":"Apyãwa","BORDERPRECISION":1,"PARTOF":"Apyãwa"}},
{"type":"Feature","geometry":{"type":"Polygon","coordinates":[[[-76.34,37.25],[-76.6,37.35],[-76.78,37.55],[-76.8,37.5],[-76.77,37.49],[-76.76,37.48],[-76.65,37.36],[-76.34,37.25]]]},"properties":{"NAME":"Werowocomoco","ABBREVN":"Werowocomoco","SUBJECTO":"Werowocomoco","BORDERPRECISION":1,"PARTOF":"Werowocomoco"}},
{"type":"Feature","geometry":{"type":"Polygon","coordinates":[[[-124.49,51.11],[-124.46,51.1],[-124.39,51.09],[-124.21,51.03],[-124.2,51.03],[-124.33,51.13],[-124.35,51.13],[-124.39,51.14],[-124.38,51.18],[-124.45,51.23],[-124.65,51.35],[-124.7,51.34],[-124.83,51.31],[-124.81,51.46],[-124.84,51.5],[-124.91,51.51],[-124.96,51.54],[-125.04,51.55],[-125.19,51.5],[-125.16,51.39],[-125.19,51.32],[-125.2,51.31],[-125.21,51.29],[-125.19,51.27],[-125.04,51.3],[-124.79,51.28],[-124.76,51.22],[-124.55,51.14],[-124.49,51.11]]]},"properties":{"NAME":"Homalco","ABBREVN":"Homalco","SUBJECTO":"Homalco","BORDERPRECISION":1,"PARTOF":"Homalco"}},
{"type":"Feature","geometry":null,"properties":{"NAME":"Nom Sus Wintu","ABBREVN":"Nom Sus Wintu","SUBJECTO":"Nom Sus Wintu","BORDERPRECISION":1,"PARTOF":"Nom Sus Wintu"}},
{"type":"Feature","geometry":{"type":"Polygon","coordinates":[[[-112.68,46.74],[-113.01,46.53],[-113.55,46.41],[-113.89,46.36],[-113.9,46.35],[-113.33,46.07],[-113.26,45.96],[-112.94,46.04],[-112.27,46.02],[-111.81,45.88],[-111.49,45.75],[-111.48,45.75],[-111.4,45.94],[-111.84,46.1],[-112.54,46.62],[-112.68,46.74]]]},"properties":{"NAME":"Salish Kootenai (Flathead)","ABBREVN":"Salish Kootenai (Flathead)","SUBJECTO":"Salish Kootenai (Flathead)","BORDERPRECISION":1,"PARTOF":"Salish Kootenai (Flathead)"}},
{"type":"Feature","geometry":{"type":"Polygon","coordinates":[[[-80.07,39.11],[-80.08,39.08],[-80.15,38.89],[-80.16,38.88],[-80.12,38.87],[-79.96,38.63],[-79.97,38.49],[-79.94,38.53],[-79.91,38.65],[-79.77,38.69],[-79.68,38.62],[-79.63,38.81],[-79.71,39.2],[-79.81,39.26],[-79.83,39.25],[-80.07,39.11]]]},"properties":{"NAME":"Calicuas","ABBREVN":"Calicuas","SUBJECTO":"Calicuas","BORDERPRECISION":1,"PARTOF":"Calicuas"}},
{"type":"Feature","geometry":{"type":"Polygon","coordinates":[[[-121.64,38.77],[-121.66,38.77],[-121.67,38.78],[-121.72,38.82],[-121.76,38.89],[-121.76,38.92],[-121.76,38.93],[-121.96,39.25],[-121.94,39.35],[-121.93,39.46],[-121.95,39.46],[-121.99,39.46],[-122.1,39.46],[-122.51,39.46],[-122.53,39.41],[-122.54,39.41],[-122.7,39.39],[-122.61,39.06],[-122.59,39.04],[-122.55,39.01],[-122.53,38.98],[-122.52,38.97],[-122.49,38.8],[-122.52,38.77],[-122.53,38.76],[-122.53,38.75],[-122.51,38.73],[-122.5,38.72],[-122.44,38.71],[-122.47,38.69],[-122.38,38.61],[-122.34,38.6],[-122.35,38.56],[-122.32,38.33],[-122.34,38.32],[-122.35,38.3],[-122.37,38.27],[-122.37,38.2],[-122.36,38.16],[-122.36,38.14],[-122.36,38.13],[-122.35,38.13],[-122.34,38.13],[-122.33,38.13],[-122.24,38.17],[-122.21,38.16],[-122.17,38.14],[-122.16,38.14],[-122.12,38.12],[-122.11,38.11],[-122.1,38.11],[-122.06,38.1],[-122.06,38.09],[-122.05,38.08],[-122.04,38.07],[-122.03,38.06],[-122,38.06],[-121.96,38.05],[-121.9,38.04],[-121.79,38.06],[-121.74,38.08],[-121.7,38.12],[-121.66,38.18],[-121.66,38.17],[-121.64,38.17],[-121.61,38.16],[-121.56,38.2],[-121.56,38.21],[-121.56,38.22],[-121.56,38.24],[-121.51,38.25],[-121.57,38.29],[-121.58,38.31],[-121.57,38.33],[-121.56,38.34],[-121.51,38.4],[-121.56,38.5],[-121.53,38.52],[-121.52,38.52],[-121.53,38.53],[-121.55,38.54],[-121.59,38.63],[-121.59,38.64],[-121.63,38.69],[-121.62,38.71],[-121.61,38.71],[-121.61,38.72],[-121.62,38.75],[-121.64,38.77]]]},"properties":{"NAME":"Patwin","ABBREVN":"Patwin","SUBJECTO":"Patwin","BORDERPRECISION":1,"PARTOF":"Patwin"}},
{"type":"Feature","geometry":{"type":"Polygon","coordinates":[[[-52.97,-9.9],[-52.87,-9.91],[-50.54,-7.67],[-51.92,-6.86],[-52.52,-6.93],[-53.18,-7.01],[-54.55,-8.78],[-53.71,-9.66],[-53.01,-9.9],[-52.98,-9.9],[-52.97,-9.9]]]},"properties":{"NAME":"Mebêngôkre (Kayapó)","ABBREVN":"Mebêngôkre (Kayapó)","SUBJECTO":"Mebêngôkre (Kayapó)","BORDERPRECISION":1,"PARTOF":"Mebêngôkre (Kayapó)"}},
{"type":"Feature","geometry":{"type":"Polygon","coordinates":[[[-121.79,43.22],[-121.73,43.26],[-121.62,43.36],[-121.6,43.57],[-121.58,43.66],[-121.62,43.55],[-121.7,43.46],[-121.79,43.45],[-121.77,43.32],[-121.78,43.28],[-121.79,43.25],[-121.79,43.23],[-121.79,43.22]]]},"properties":{"NAME":"Molalla","ABBREVN":"Molalla","SUBJECTO":"Molalla","BORDERPRECISION":1,"PARTOF":"Molalla"}},
{"type":"Feature","geometry":{"type":"MultiPolygon","coordinates":[[[[-61.98,-11.82],[-62,-11.71],[-62.2,-11.7],[-62.26,-11.72],[-62.27,-11.72],[-62.37,-11.74],[-62.48,-11.78],[-62.51,-11.8],[-62.35,-11.8],[-62.28,-11.82],[-62.26,-11.82],[-62.16,-11.88],[-62.12,-11.91],[-61.99,-11.85],[-61.98,-11.82]]],[[[-62.76,-12.01],[-62.79,-12.04],[-62.82,-12.12],[-62.77,-12.31],[-62.66,-12.34],[-62.61,-12.34],[-62.58,-12.33],[-62.57,-12.33],[-62.58,-12.31],[-62.61,-12.25],[-62.67,-12.09],[-62.68,-12],[-62.69,-11.96],[-62.67,-11.92],[-62.73,-11.97],[-62.76,-12.01]]]]},"properties":{"NAME":"Djeoromitxí","ABBREVN":"Djeoromitxí","SUBJECTO":"Djeoromitxí","BORDERPRECISION":1,"PARTOF":"Djeoromitxí"}},
{"type":"Feature","geometry":{"type":"Polygon","coordinates":[[[-59.31,-23.9],[-59.46,-23.88],[-59.59,-23.85],[-59.7,-23.75],[-59.72,-23.66],[-59.79,-23.69],[-60,-24.05],[-59.18,-24.29],[-59.19,-24.14],[-59.22,-24.06],[-59.25,-23.99],[-59.31,-23.9]]]},"properties":{"NAME":"Maká","ABBREVN":"Maká","SUBJECTO":"Maká","BORDERPRECISION":1,"PARTOF":"Maká"}},
{"type":"Feature","geometry":{"type":"Polygon","coordinates":[[[-117.71,33.53],[-117.64,33.46],[-117.63,33.46],[-117.62,33.48],[-117.57,33.58],[-117.52,33.65],[-117.47,33.72],[-117.43,33.74],[-117.38,33.77],[-117.45,33.83],[-117.45,33.97],[-117.29,34.07],[-117.43,34.22],[-117.74,34.38],[-117.84,34.38],[-118.02,34.39],[-118.06,34.42],[-118.14,34.46],[-118.35,34.41],[-118.34,34.4],[-118.32,34.37],[-118.25,34.29],[-118.21,34.21],[-118.16,34.11],[-118.12,34.08],[-118.11,34.01],[-118.5,33.98],[-118.01,33.73],[-117.71,33.53]]]},"properties":{"NAME":"Kizh","ABBREVN":"Kizh","SUBJECTO":"Kizh","BORDERPRECISION":1,"PARTOF":"Kizh"}},
{"type":"Feature","geometry":{"type":"Polygon","coordinates":[[[-78.87,36.57],[-78.88,36.57],[-78.92,36.59],[-78.87,36.85],[-78.86,37.01],[-78.83,37.07],[-78.9,37.09],[-79.46,37.29],[-79.7,37.27],[-79.63,37.18],[-79.57,36.82],[-79.59,36.77],[-79.69,36.52],[-79.83,36.27],[-79.83,36.26],[-79.91,36.16],[-79.91,36.15],[-79.94,36.11],[-79.99,36.07],[-80.04,36.04],[-80.07,36.02],[-80.09,36],[-80.08,36],[-80.04,36],[-79.98,35.99],[-79.88,35.97],[-79.8,35.95],[-79.78,35.95],[-79.49,35.92],[-79.47,35.92],[-79.26,36.12],[-79.16,36.22],[-79.09,36.29],[-79.02,36.36],[-78.95,36.44],[-78.87,36.57]]]},"properties":{"NAME":"Sappony","ABBREVN":"Sappony","SUBJECTO":"Sappony","BORDERPRECISION":1,"PARTOF":"Sappony"}},
{"type":"Feature","geometry":null,"properties":{"NAME":"Kashaya","ABBREVN":"Kashaya","SUBJECTO":"Kashaya","BORDERPRECISION":1,"PARTOF":"Kashaya"}},
{"type":"Feature","geometry":{"type":"MultiPolygon","coordinates":[[[[-83.28,41.94],[-83.18,42.03],[-83.4,42.06],[-84.07,42.06],[-84.16,42.03],[-84.53,41.97],[-84.54,41.96],[-84.11,41.95],[-83.43,41.79],[-83.39,41.86],[-83.34,41.92],[-83.28,41.94]]],[[[-82.48,41.96],[-82.03,42.22],[-81.99,42.24],[-81.97,42.3],[-81.99,42.29],[-82.49,42.05],[-82.59,42],[-82.69,42.02],[-82.48,41.96]]]]},"properties":{"NAME":"Myaamia","ABBREVN":"Myaamia","SUBJECTO":"Myaamia","BORDERPRECISION":1,"PARTOF":"Myaamia"}},
{"type":"Feature","geometry":null,"properties":{"NAME":"Aikanã","ABBREVN":"Aikanã","SUBJECTO":"Aikanã","BORDERPRECISION":1,"PARTOF":"Aikanã"}},
{"type":"Feature","geometry":{"type":"MultiPolygon","coordinates":[[[[-79.75,-5.76],[-80.16,-5.82],[-80.67,-6.35],[-79.06,-8.22],[-77.99,-10.23],[-78.23,-8.63],[-79.64,-6.19],[-79.68,-6],[-79.75,-5.76]]],[[[-72.86,-12.33],[-73.21,-11.98],[-73.4,-11.78],[-73.41,-11.77],[-73.43,-11.76],[-73.47,-11.74],[-74.17,-11.31],[-74.23,-11.27],[-74.37,-11.15],[-74.48,-11.05],[-74.49,-11.04],[-74.57,-10.97],[-75.05,-10.54],[-75.17,-10.42],[-75.64,-10.12],[-75.7,-10.42],[-75.67,-10.72],[-75.62,-10.83],[-75.56,-10.95],[-75.32,-11.16],[-75.27,-11.18],[-74.93,-11.34],[-74.77,-11.59],[-74.74,-11.63],[-74.62,-11.81],[-74.56,-11.9],[-73.76,-12.57],[-73.7,-12.55],[-73.39,-12.44],[-73.26,-12.41],[-72.89,-12.33],[-72.86,-12.33]]],[[[-77.76,-10.67],[-77.69,-10.84],[-77.71,-11.26],[-77.34,-11.51],[-76.24,-13.5],[-76.24,-14.11],[-75.23,-15.22],[-74.05,-16.04],[-72.67,-16.7],[-72.39,-16.41],[-72.3,-16.17],[-72.36,-16.1],[-74.26,-15.84],[-75.45,-14.36],[-76.24,-12.91],[-76.63,-12.53],[-77.25,-11.42],[-77.51,-10.99],[-77.6,-10.88],[-77.76,-10.67]]]]},"properties":{"NAME":"Wari","ABBREVN":"Wari","SUBJECTO":"Wari","BORDERPRECISION":1,"PARTOF":"Wari"}},
{"type":"Feature","geometry":{"type":"Polygon","coordinates":[[[-80.52,35.55],[-80.53,35.67],[-80.55,35.82],[-80.53,35.88],[-80.58,35.87],[-81.32,35.84],[-81.56,35.87],[-81.6,35.82],[-81.84,35.58],[-81.65,35.5],[-81.28,35.59],[-81.14,35.47],[-81.12,35.46],[-81.06,35.3],[-81.12,34.98],[-81.12,34.96],[-81.11,34.88],[-81.1,34.81],[-81.01,34.6],[-80.92,34.41],[-80.84,34.25],[-80.81,34.23],[-80.79,34.2],[-80.7,34.1],[-80.67,34.14],[-80.69,34.18],[-80.7,34.22],[-80.71,34.24],[-80.76,34.41],[-80.76,34.42],[-80.79,34.64],[-80.78,34.66],[-80.72,34.79],[-80.64,34.92],[-80.51,35.08],[-80.5,35.11],[-80.48,35.22],[-80.47,35.3],[-80.52,35.49],[-80.52,35.55]]]},"properties":{"NAME":"Catawba","ABBREVN":"Catawba","SUBJECTO":"Catawba","BORDERPRECISION":1,"PARTOF":"Catawba"}},
{"type":"Feature","geometry":{"type":"Polygon","coordinates":[[[-89.5,14.38],[-89.53,14.41],[-89.55,14.46],[-89.59,14.49],[-89.69,14.77],[-90.35,14.75],[-90.45,14.74],[-90.61,14.61],[-90.6,14.61],[-90.62,14.56],[-90.64,14.45],[-90.65,14.44],[-90.56,14.41],[-90.3,14.46],[-89.67,14.38],[-89.74,14.05],[-89.77,14.04],[-89.76,14.03],[-89.63,13.97],[-89.61,13.99],[-89.62,14],[-89.65,14.06],[-89.72,14.14],[-89.59,14.42],[-89.52,14.39],[-89.5,14.38]]]},"properties":{"NAME":"Poqomam","ABBREVN":"Poqomam","SUBJECTO":"Poqomam","BORDERPRECISION":1,"PARTOF":"Poqomam"}},
{"type":"Feature","geometry":{"type":"MultiPolygon","coordinates":[[[[-122.19,40.35],[-122.18,40.35],[-122.18,40.38],[-122.2,40.51],[-122.19,40.53],[-122.23,40.46],[-122.2,40.42],[-122.2,40.39],[-122.19,40.38],[-122.18,40.36],[-122.19,40.35]]],[[[-122.2,40.28],[-122.18,40.3],[-122.2,40.31],[-122.21,40.33],[-122.21,40.32],[-122.19,40.3],[-122.2,40.28]]],[[[-122.18,40.63],[-122.18,40.64],[-122.15,40.64],[-122.15,40.66],[-122.14,40.66],[-122.18,40.64],[-122.18,40.63]]],[[[-122.19,40.58],[-122.18,40.63],[-122.19,40.6],[-122.19,40.58]]]]},"properties":{"NAME":"Dau Pom Wintu","ABBREVN":"Dau Pom Wintu","SUBJECTO":"Dau Pom Wintu","BORDERPRECISION":1,"PARTOF":"Dau Pom Wintu"}},
{"type":"Feature","geometry":{"type":"Polygon","coordinates":[[[-66.08,-12.5],[-65.96,-12.52],[-65.52,-12.31],[-65.45,-11.97],[-65.45,-11.83],[-65.64,-12.29],[-65.89,-12.48],[-66.08,-12.5]]]},"properties":{"NAME":"No'iria","ABBREVN":"No'iria","SUBJECTO":"No'iria","BORDERPRECISION":1,"PARTOF":"No'iria"}},
{"type":"Feature","geometry":{"type":"MultiPolygon","coordinates":[[[[-69.7,-1.56],[-69.67,-1.6],[-69.49,-1.64],[-69.42,-1.6],[-69.39,-1.51],[-69.46,-1.5],[-69.54,-1.53],[-69.7,-1.56]]],[[[-72.25,-0.41],[-72.24,-0.4],[-72.17,-0.43],[-72.14,-0.44],[-72.13,-0.44],[-72.02,-0.5],[-71.53,-0.73],[-71.24,-0.77],[-71.23,-0.77],[-72.18,-0.42],[-72.23,-0.4],[-72.23,-0.39],[-72.22,-0.38],[-71.74,0.32],[-72.36,1.04],[-73.02,-0.07],[-72.91,-0.17],[-72.87,-0.17],[-72.47,-0.23],[-72.32,-0.32],[-72.28,-0.37],[-72.25,-0.41]]],[[[-69.4,-1.09],[-69.41,-1.06],[-69.41,-1.08],[-69.4,-1.09]]],[[[-69.38,-1.49],[-69.37,-1.36],[-69.39,-1.36],[-69.39,-1.34],[-69.4,-1.25],[-69.4,-1.35],[-69.41,-1.42],[-69.45,-1.49],[-69.38,-1.49]]]]},"properties":{"NAME":"Karijona","ABBREVN":"Karijona","SUBJECTO":"Karijona","BORDERPRECISION":1,"PARTOF":"Karijona"}},
{"type":"Feature","geometry":{"type":"MultiPolygon","coordinates":[[[[-145.87,60.52],[-145.89,60.52],[-145.89,60.51],[-145.87,60.52]]],[[[-145.32,60.86],[-145.38,60.86],[-145.48,60.87],[-145.52,60.78],[-145.57,60.68],[-145.65,60.62],[-145.58,60.65],[-145.32,60.86]]]]},"properties":{"NAME":"Eyak","ABBREVN":"Eyak","SUBJECTO":"Eyak","BORDERPRECISION":1,"PARTOF":"Eyak"}},
{"type":"Feature","geometry":{"type":"MultiPolygon","coordinates":[[[[-71.45,42.1],[-71.49,42.08],[-71.54,42.01],[-71.71,41.92],[-71.37,41.84],[-71.65,41.92],[-71.51,42.02],[-71.49,42.04],[-71.45,42.1]]],[[[-70.74,42.26],[-70.75,42.27],[-70.78,42.29],[-70.79,42.29],[-70.78,42.29],[-70.74,42.26]]]]},"properties":{"NAME":"Pokanoket","ABBREVN":"Pokanoket","SUBJECTO":"Pokanoket","BORDERPRECISION":1,"PARTOF":"Pokanoket"}},
{"type":"Feature","geometry":{"type":"Polygon","coordinates":[[[-81.41,30.07],[-81.51,30.73],[-81.74,30.32],[-82.19,30.26],[-83.63,30.1],[-83.6,30.09],[-82.67,30.09],[-81.87,30.21],[-81.41,30.07]]]},"properties":{"NAME":"Timucua","ABBREVN":"Timucua","SUBJECTO":"Timucua","BORDERPRECISION":1,"PARTOF":"Timucua"}},
{"type":"Feature","geometry":{"type":"Polygon","coordinates":[[[-124.43,48.35],[-124.68,48.39],[-124.73,48.14],[-124.41,48.12],[-124.43,48.35]]]},"properties":{"NAME":"Makah","ABBREVN":"Makah","SUBJECTO":"Makah","BORDERPRECISION":1,"PARTOF":"Makah"}},
{"type":"Feature","geometry":{"type":"MultiPolygon","coordinates":[[[[-70.15,-53.81],[-70.66,-54.78],[-70.2,-54.85],[-70.08,-54.82],[-68.38,-54.85],[-67.15,-54.91],[-66.62,-55.07],[-65.35,-54.91],[-65.9,-54.71],[-69.22,-52.69],[-69.38,-52.59],[-69.44,-52.59],[-69.8,-52.85],[-70.15,-53.81]]],[[[-70.6,-52.71],[-70.61,-52.73],[-70.42,-52.67],[-70.46,-52.68],[-70.57,-52.69],[-70.6,-52.71]]]]},"properties":{"NAME":"Selk'nam","ABBREVN":"Selk'nam","SUBJECTO":"Selk'nam","BORDERPRECISION":1,"PARTOF":"Selk'nam"}},
{"type":"Feature","geometry":{"type":"Polygon","coordinates":[[[-124.19,48.74],[-124.21,48.74],[-124.2,48.73],[-124.19,48.73],[-124.18,48.74],[-124.19,48.74]]]},"properties":{"NAME":"Á,LEṈENEȻ ȽTE (W̱SÁNEĆ)","ABBREVN":"Á,LEṈENEȻ ȽTE (W̱SÁNEĆ)","SUBJECTO":"Á,LEṈENEȻ ȽTE (W̱SÁNEĆ)","BORDERPRECISION":1,"PARTOF":"Á,LEṈENEȻ ȽTE (W̱SÁNEĆ)"}},
{"type":"Feature","geometry":{"type":"MultiPolygon","coordinates":[[[[-68.64,-7.07],[-68.68,-7.09],[-68.66,-7.11],[-68.66,-7.12],[-68.66,-7.09],[-68.64,-7.07]]],[[[-68.2,-6.56],[-68.23,-6.58],[-68.27,-6.66],[-68.24,-6.71],[-68.25,-6.72],[-68.23,-6.7],[-68.24,-6.6],[-68.2,-6.56]]],[[[-66.8,-7.16],[-66.79,-7.15],[-66.76,-7.11],[-66.62,-6.97],[-66.57,-6.88],[-66.58,-6.84],[-66.57,-6.81],[-66.69,-6.99],[-66.71,-7.05],[-66.8,-7.14],[-66.8,-7.16]]]]},"properties":{"NAME":"Deni","ABBREVN":"Deni","SUBJECTO":"Deni","BORDERPRECISION":1,"PARTOF":"Deni"}},
{"type":"Feature","geometry":{"type":"Polygon","coordinates":[[[-67.28,5.45],[-67.17,5.63],[-67.03,5.9],[-67.01,6.09],[-67,6.17],[-67.05,6.36],[-67.06,6.4],[-67.06,6.42],[-67.13,6.43],[-67.16,6.44],[-67.17,6.41],[-67.18,6.37],[-67.25,6.24],[-67.28,6.19],[-67.29,6.18],[-67.26,5.92],[-67.27,5.54],[-67.28,5.45]]]},"properties":{"NAME":"Tsase/Piapoco","ABBREVN":"Tsase/Piapoco","SUBJECTO":"Tsase/Piapoco","BORDERPRECISION":1,"PARTOF":"Tsase/Piapoco"}},
{"type":"Feature","geometry":{"type":"Polygon","coordinates":[[[-62.53,-13.91],[-62.53,-13.89],[-63.38,-13.65],[-63.39,-13.65],[-63.38,-13.68],[-63.27,-13.92],[-63.21,-14.32],[-63.16,-14.49],[-62.8,-14.42],[-62.8,-14.4],[-62.74,-14.05],[-62.62,-13.95],[-62.53,-13.91]]]},"properties":{"NAME":"Baure","ABBREVN":"Baure","SUBJECTO":"Baure","BORDERPRECISION":1,"PARTOF":"Baure"}},
{"type":"Feature","geometry":{"type":"Polygon","coordinates":[[[-72.95,41.75],[-72.92,41.76],[-72.94,41.77],[-72.94,41.79],[-72.99,41.79],[-73.07,41.79],[-73.05,41.74],[-72.99,41.75],[-72.95,41.75]]]},"properties":{"NAME":"Paugussett","ABBREVN":"Paugussett","SUBJECTO":"Paugussett","BORDERPRECISION":1,"PARTOF":"Paugussett"}},
{"type":"Feature","geometry":{"type":"MultiPolygon","coordinates":[[[[-132.66,55.47],[-132.66,55.46],[-132.64,55.45],[-132.86,55.28],[-132.17,54.85],[-132.18,55.28],[-132.55,55.45],[-132.58,55.5],[-132.66,55.47]]],[[[-133,53.65],[-132.57,53.28],[-132,53.79],[-133.05,54.07],[-133,53.65]]]]},"properties":{"NAME":"Haida Gwaii","ABBREVN":"Haida Gwaii","SUBJECTO":"Haida Gwaii","BORDERPRECISION":1,"PARTOF":"Haida Gwaii"}},
{"type":"Feature","geometry":{"type":"Polygon","coordinates":[[[-59.13,5.16],[-59.07,4.9],[-59.3,4.31],[-59.21,4.29],[-59.22,4.36],[-58.85,5.12],[-58.86,5.21],[-58.91,5.19],[-59.13,5.16]]]},"properties":{"NAME":"Patamona/Ingarikó","ABBREVN":"Patamona/Ingarikó","SUBJECTO":"Patamona/Ingarikó","BORDERPRECISION":1,"PARTOF":"Patamona/Ingarikó"}},
{"type":"Feature","geometry":{"type":"Polygon","coordinates":[[[-115.73,33.78],[-115.84,33.89],[-115.88,33.9],[-116.08,33.89],[-116.31,33.89],[-116.9,34],[-117.01,33.98],[-117.03,33.92],[-117.06,33.85],[-117.22,34.01],[-117.23,34.02],[-117.29,34.07],[-117.45,33.97],[-117.45,33.83],[-117.38,33.77],[-117.36,33.75],[-117.24,33.65],[-117.04,33.59],[-116.81,33.4],[-116.76,33.38],[-116.75,33.37],[-116.71,33.35],[-116.69,33.34],[-116.6,33.37],[-116.58,33.38],[-116.57,33.37],[-116.54,33.34],[-116.51,33.31],[-116.54,33.28],[-116.58,33.25],[-116.57,33.25],[-116.5,33.23],[-116.44,33.22],[-116.48,33.37],[-115.73,33.78]]]},"properties":{"NAME":"Cahuilla","ABBREVN":"Cahuilla","SUBJECTO":"Cahuilla","BORDERPRECISION":1,"PARTOF":"Cahuilla"}},
{"type":"Feature","geometry":{"type":"Polygon","coordinates":[[[-90.14,15.17],[-90.15,15.2],[-90.16,15.22],[-90.41,15.28],[-90.46,15.28],[-90.49,15.28],[-90.51,15.28],[-90.5,15.27],[-90.49,15.24],[-90.53,15.2],[-90.58,15.21],[-90.63,15.2],[-90.66,15.2],[-90.69,15.08],[-90.64,15],[-90.62,14.93],[-90.58,14.93],[-90.14,15.14],[-90.14,15.17]]]},"properties":{"NAME":"Achí","ABBREVN":"Achí","SUBJECTO":"Achí","BORDERPRECISION":1,"PARTOF":"Achí"}},
{"type":"Feature","geometry":{"type":"Polygon","coordinates":[[[-114.31,41.53],[-114.44,41.26],[-114.51,40.45],[-114.54,40.37],[-114.54,40.25],[-114.41,39.2],[-114.52,38.75],[-114.39,38.6],[-114.35,38.49],[-114.28,38.52],[-114.06,38.66],[-113.14,38.76],[-112.82,39.25],[-112.65,39.32],[-112.61,39.34],[-112.59,39.44],[-112.44,39.78],[-112.41,39.91],[-112.22,41.24],[-113.39,41.7],[-113.43,41.72],[-113.66,41.67],[-114.28,41.53],[-114.31,41.53]]]},"properties":{"NAME":"Goshute","ABBREVN":"Goshute","SUBJECTO":"Goshute","BORDERPRECISION":1,"PARTOF":"Goshute"}},
{"type":"Feature","geometry":{"type":"Polygon","coordinates":[[[-72.79,41.9],[-72.8,41.93],[-72.88,41.97],[-72.95,41.97],[-72.94,41.79],[-72.93,41.81],[-72.89,41.88],[-72.87,41.88],[-72.8,41.89],[-72.79,41.9]]]},"properties":{"NAME":"Massacoes","ABBREVN":"Massacoes","SUBJECTO":"Massacoes","BORDERPRECISION":1,"PARTOF":"Massacoes"}},
{"type":"Feature","geometry":{"type":"Polygon","coordinates":[[[-111.4,45.94],[-111.48,45.75],[-111.53,45.61],[-111.4,44.9],[-111.39,44.87],[-111.33,44.75],[-111.18,44.43],[-111.09,44.02],[-111.05,43.48],[-111.05,43.3],[-111.05,43.13],[-110.94,42.97],[-110.7,42.62],[-110.13,42.33],[-109.49,42.17],[-108.9,42.03],[-108.84,41.99],[-108.83,41.98],[-108.24,41.51],[-107.31,41.18],[-106.94,40.84],[-106.87,40.78],[-106.75,40.59],[-106.44,40.08],[-106.08,39.64],[-105.56,39.64],[-105.69,38.99],[-106.13,38.41],[-106.13,38.34],[-106.13,37.93],[-105.51,37.54],[-105.35,37.54],[-104.72,37.54],[-104.25,37.54],[-104.13,37.54],[-103.58,37.54],[-103.26,37.63],[-103.32,37.77],[-103.56,37.94],[-103.82,38.13],[-103.83,38.2],[-103.86,38.46],[-103.85,38.52],[-103.99,38.53],[-104.62,38.6],[-104.76,38.86],[-105.12,39.51],[-105.24,39.96],[-105.34,40.3],[-105.43,40.46],[-105.63,40.81],[-105.71,40.95],[-105.78,41.12],[-105.99,41.65],[-106.42,42.12],[-106.64,42.22],[-107.1,42.42],[-107.23,42.45],[-107.32,42.47],[-108.02,42.6],[-109.8,44.38],[-110.07,44.73],[-110.28,44.99],[-110.83,45.72],[-110.9,45.8],[-111.26,46.28],[-111.31,46.15],[-111.4,45.94]]]},"properties":{"NAME":"Cheyenne","ABBREVN":"Cheyenne","SUBJECTO":"Cheyenne","BORDERPRECISION":1,"PARTOF":"Cheyenne"}},
{"type":"Feature","geometry":{"type":"MultiPolygon","coordinates":[[[[-91.11,30.2],[-91.02,29.97],[-90.93,29.98],[-90.91,29.99],[-91.05,30.2],[-91.08,30.2],[-91.11,30.2]]],[[[-91.16,30.32],[-91.17,30.34],[-91.18,30.34],[-91.19,30.34],[-91.17,30.32],[-91.16,30.32]]],[[[-91.22,30.39],[-91.25,30.44],[-91.93,30.93],[-91.26,30.44],[-91.22,30.38],[-91.22,30.39]]]]},"properties":{"NAME":"Houma","ABBREVN":"Houma","SUBJECTO":"Houma","BORDERPRECISION":1,"PARTOF":"Houma"}},
{"type":"Feature","geometry":{"type":"Polygon","coordinates":[[[-54.65,-11.09],[-54.65,-11.07],[-54.65,-11.06],[-54.76,-10.65],[-53.57,-10.53],[-53.57,-10.62],[-53.59,-10.95],[-53.6,-11.11],[-53.78,-11.25],[-53.79,-11.31],[-53.8,-11.35],[-53.9,-11.51],[-53.99,-11.54],[-54,-11.55],[-54.04,-11.59],[-54.03,-11.91],[-54.01,-12.75],[-54.07,-12.76],[-54,-13.02],[-53.07,-13.06],[-53.03,-13.03],[-52.79,-12.88],[-52.77,-12.84],[-52.97,-12.09],[-52.98,-12.07],[-53.05,-12.01],[-53.15,-11.96],[-53.22,-11.86],[-53.19,-11.62],[-53.07,-11.46],[-53.01,-11.43],[-52.91,-11.36],[-52.89,-11.34],[-52.83,-11.22],[-52.89,-10.89],[-53.01,-10.69],[-53.08,-10.68],[-53.1,-10.67],[-53.16,-10.66],[-53.57,-10.52],[-54.76,-10.65],[-56.43,-9.39],[-56.57,-9.29],[-56.64,-9.03],[-56.67,-8.35],[-56.95,-8.25],[-57.14,-8.48],[-57.3,-8.66],[-57.5,-8.62],[-57.52,-8.43],[-57.66,-8.37],[-57.67,-8.32],[-57.64,-8.26],[-57.64,-8.25],[-57.64,-8.2],[-57.64,-8.19],[-57.67,-8.16],[-57.71,-8.13],[-57.71,-8.12],[-57.73,-8.09],[-57.78,-8.04],[-57.83,-7.98],[-58.07,-7.88],[-58.07,-8.16],[-58.06,-8.26],[-58.06,-8.29],[-58.02,-8.57],[-58.04,-8.9],[-57.97,-9.14],[-57.2,-9.35],[-57.31,-9.56],[-57.43,-9.78],[-57.72,-10.3],[-57.84,-10.63],[-57.85,-10.79],[-57.85,-10.83],[-57.85,-10.9],[-57.84,-10.94],[-57.82,-11.03],[-57.77,-11.15],[-57.74,-11.18],[-57.72,-11.2],[-57.68,-11.22],[-57.63,-11.25],[-56.08,-12.37],[-56.06,-12.44],[-55.51,-12.42],[-55.43,-12.4],[-54.66,-11.22],[-54.65,-11.09]]]},"properties":{"NAME":"Kaiabi","ABBREVN":"Kaiabi","SUBJECTO":"Kaiabi","BORDERPRECISION":1,"PARTOF":"Kaiabi"}},
{"type":"Feature","geometry":{"type":"MultiPolygon","coordinates":[[[[-148.79,68.88],[-144.87,68.4],[-141.09,67.78],[-141.01,67.78],[-137.92,67.59],[-137.33,67.6],[-137.25,67.6],[-136.31,67.62],[-135.95,67.63],[-135.88,67.63],[-135.14,67.66],[-135.25,67.67],[-135.86,67.82],[-136.05,67.87],[-136.38,67.95],[-136.45,67.97],[-136.47,67.98],[-136.54,68.01],[-136.58,68.03],[-136.63,68.05],[-136.72,68.1],[-137.03,68.23],[-137.4,68.26],[-137.71,68.29],[-139.46,68.42],[-140.29,68.55],[-140.94,68.66],[-140.95,68.66],[-140.98,68.66],[-143.41,68.96],[-145.43,69.22],[-148.21,69.06],[-148.79,68.88]]],[[[-130.17,67.92],[-130.2,68],[-130.21,68.04],[-130.24,68.07],[-130.36,68.16],[-130.42,68.21],[-130.47,68.89],[-130.82,69.23],[-132.27,68.42],[-132.29,68.42],[-132.57,68.33],[-133.19,68.34],[-133.69,68.32],[-133.72,68.18],[-133.82,68.09],[-133.89,68.01],[-133.97,67.93],[-134.05,67.85],[-133.97,67.75],[-133.96,67.7],[-132.32,67.76],[-132.01,67.78],[-130.45,67.89],[-130.17,67.92]]]]},"properties":{"NAME":"Gwich'in Nành","ABBREVN":"Gwich'in Nành","SUBJECTO":"Gwich'in Nành","BORDERPRECISION":1,"PARTOF":"Gwich'in Nành"}},
{"type":"Feature","geometry":{"type":"Polygon","coordinates":[[[-122.03,40.77],[-122.03,40.78],[-122.01,40.81],[-122,40.82],[-122,40.83],[-122,40.84],[-122,40.85],[-122,40.88],[-122.01,40.89],[-122.02,40.9],[-122.04,40.86],[-122.05,40.83],[-122.04,40.81],[-122.03,40.79],[-122.03,40.77]]]},"properties":{"NAME":"Winnimem Wintu","ABBREVN":"Winnimem Wintu","SUBJECTO":"Winnimem Wintu","BORDERPRECISION":1,"PARTOF":"Winnimem Wintu"}},
{"type":"Feature","geometry":{"type":"MultiPolygon","coordinates":[[[[-70.86,-0.31],[-70.93,-0.19],[-70.98,-0.02],[-70.99,0.02],[-71,0.07],[-70.98,0.12],[-70.97,0.15],[-70.97,0.16],[-71,0.16],[-71.1,0.16],[-71.18,-0.74],[-71.15,-0.77],[-71,-0.76],[-70.91,-0.74],[-70.81,-0.71],[-70.79,-0.68],[-70.69,-0.56],[-70.6,-0.41],[-70.58,-0.39],[-70.64,-0.36],[-70.84,-0.34],[-70.86,-0.31]]],[[[-69.41,-1.08],[-69.41,-1.06],[-69.41,-1.05],[-69.77,-0.45],[-69.86,-0.37],[-69.77,-0.57],[-69.68,-0.7],[-69.59,-0.9],[-69.55,-0.95],[-69.51,-1.01],[-69.45,-1.05],[-69.41,-1.08]]]]},"properties":{"NAME":"Tanimuka","ABBREVN":"Tanimuka","SUBJECTO":"Tanimuka","BORDERPRECISION":1,"PARTOF":"Tanimuka"}},
{"type":"Feature","geometry":{"type":"MultiPolygon","coordinates":[[[[-75.84,3.46],[-75.65,3.49],[-75.43,3.52],[-75.14,3.4],[-75.11,3.46],[-75.27,4.42],[-75.35,4.43],[-75.84,3.46]]],[[[-75.38,4.44],[-75.47,4.45],[-75.51,4.45],[-75.7,4.05],[-75.87,3.61],[-75.9,3.49],[-75.86,3.46],[-75.85,3.46],[-75.36,4.44],[-75.38,4.44]]]]},"properties":{"NAME":"Pijao","ABBREVN":"Pijao","SUBJECTO":"Pijao","BORDERPRECISION":1,"PARTOF":"Pijao"}},
{"type":"Feature","geometry":{"type":"MultiPolygon","coordinates":[[[[-73.6,-1.75],[-73.63,-1.69],[-73.7,-1.46],[-74.34,-1.09],[-74.44,-0.7],[-74.83,-0.35],[-74.95,-0.33],[-75.07,-0.27],[-75.12,-0.23],[-75.16,-0.2],[-75.23,-0.2],[-75.24,-0.2],[-75.33,-0.24],[-75.11,-0.91],[-74.56,-1.26],[-74.35,-1.75],[-74.02,-1.99],[-73.9,-2.09],[-73.81,-2.14],[-73.79,-2.16],[-73.7,-2.07],[-73.68,-2.05],[-73.68,-1.88],[-73.6,-1.75]]],[[[-75.37,-0.17],[-75.38,-0.16],[-75.38,-0.12],[-75.37,-0.09],[-75.38,-0.09],[-75.58,0],[-75.63,0.02],[-75.72,0.05],[-75.79,0.04],[-75.91,0.09],[-75.93,0.09],[-76.06,0.11],[-76.27,0.11],[-76.28,0.1],[-76.29,0.07],[-76.36,-0.08],[-76.37,-0.12],[-76.38,-0.2],[-76.38,-0.29],[-76.38,-0.3],[-76.35,-0.4],[-76.27,-0.46],[-75.63,-0.69],[-75.45,-0.88],[-75.35,-0.94],[-75.34,-0.95],[-75.29,-0.98],[-75.28,-0.98],[-75.25,-0.96],[-75.12,-0.91],[-75.34,-0.24],[-75.37,-0.19],[-75.37,-0.17]]]]},"properties":{"NAME":"Siekopa’aiInte/Aido-Pãi (Secoya)","ABBREVN":"Siekopa’aiInte/Aido-Pãi (Secoya)","SUBJECTO":"Siekopa’aiInte/Aido-Pãi (Secoya)","BORDERPRECISION":1,"PARTOF":"Siekopa’aiInte/Aido-Pãi (Secoya)"}},
{"type":"Feature","geometry":{"type":"MultiPolygon","coordinates":[[[[-128.43,54.32],[-128.55,54.35],[-128.62,54.32],[-128.59,54.31],[-128.56,54.29],[-128.55,54.28],[-128.48,54.32],[-128.43,54.32]]],[[[-128.02,54.07],[-128,54.06],[-127.98,54.1],[-127.97,54.13],[-127.92,54.13],[-127.92,54.15],[-127.93,54.15],[-127.96,54.17],[-127.97,54.13],[-128.02,54.08],[-128.02,54.07]]],[[[-128.03,54.01],[-128.02,54.02],[-128.03,54.04],[-128.03,54.01]]]]},"properties":{"NAME":"Kitselas","ABBREVN":"Kitselas","SUBJECTO":"Kitselas","BORDERPRECISION":1,"PARTOF":"Kitselas"}},
{"type":"Feature","geometry":{"type":"Polygon","coordinates":[[[-57.91,-12.24],[-58.03,-12.97],[-57.38,-12.83],[-57.75,-12.17],[-57.91,-12.24]]]},"properties":{"NAME":"Manoki","ABBREVN":"Manoki","SUBJECTO":"Manoki","BORDERPRECISION":1,"PARTOF":"Manoki"}},
{"type":"Feature","geometry":{"type":"Polygon","coordinates":[[[-74.74,11.06],[-75.34,10.73],[-74.77,10.41],[-74.74,11.06]]]},"properties":{"NAME":"Mokaná","ABBREVN":"Mokaná","SUBJECTO":"Mokaná","BORDERPRECISION":1,"PARTOF":"Mokaná"}},
{"type":"Feature","geometry":{"type":"Polygon","coordinates":[[[-58.11,-17.5],[-58.14,-17.49],[-58.16,-17.47],[-58.22,-17.42],[-58.37,-17.3],[-58.5,-17.21],[-58.8,-17.07],[-58.82,-17.07],[-58.79,-17.13],[-58.13,-17.69],[-57.96,-17.83],[-57.96,-17.81],[-57.96,-17.8],[-58.11,-17.5]]]},"properties":{"NAME":"Ayoreo","ABBREVN":"Ayoreo","SUBJECTO":"Ayoreo","BORDERPRECISION":1,"PARTOF":"Ayoreo"}},
{"type":"Feature","geometry":{"type":"Polygon","coordinates":[[[-62.06,-11.98],[-62.12,-11.91],[-62.16,-11.88],[-62.26,-11.82],[-62.28,-11.82],[-62.35,-11.8],[-62.51,-11.8],[-62.54,-11.8],[-62.66,-11.89],[-62.67,-11.92],[-62.69,-11.96],[-62.68,-12],[-62.67,-12.09],[-62.61,-12.25],[-62.58,-12.31],[-62.57,-12.33],[-62.58,-12.33],[-62.59,-12.35],[-62.49,-12.45],[-61.94,-12.81],[-61.89,-12.81],[-61.84,-12.82],[-61.79,-12.83],[-61.65,-12.77],[-61.53,-12.61],[-61.56,-12.52],[-61.57,-12.5],[-61.61,-12.41],[-62.06,-11.98]]]},"properties":{"NAME":"Makurap","ABBREVN":"Makurap","SUBJECTO":"Makurap","BORDERPRECISION":1,"PARTOF":"Makurap"}},
{"type":"Feature","geometry":{"type":"MultiPolygon","coordinates":[[[[-79.98,-4.32],[-79.98,-4.33],[-79.96,-4.37],[-79.82,-4.43],[-79.74,-4.45],[-79.7,-4.45],[-79.71,-4.46],[-79.69,-4.46],[-79.55,-4.51],[-79.5,-4.52],[-79.39,-4.52],[-79.4,-4.16],[-79.58,-4.17],[-79.71,-4.15],[-79.73,-4.13],[-79.84,-4.07],[-79.83,-3.88],[-79.6,-3.77],[-79.54,-3.71],[-79.52,-3.67],[-79.54,-3.67],[-79.67,-3.71],[-79.71,-3.69],[-79.71,-3.72],[-79.84,-3.77],[-79.91,-3.82],[-79.96,-3.87],[-79.97,-3.88],[-79.97,-3.93],[-79.98,-4.32]]],[[[-79.35,-4.52],[-79.16,-4.52],[-79.11,-4.51],[-79.1,-4.5],[-79.06,-4.46],[-79.13,-3.85],[-79.13,-3.83],[-79.2,-4.04],[-79.35,-4.15],[-79.36,-4.15],[-79.39,-4.16],[-79.39,-4.52],[-79.35,-4.52]]]]},"properties":{"NAME":"Paltas","ABBREVN":"Paltas","SUBJECTO":"Paltas","BORDERPRECISION":1,"PARTOF":"Paltas"}},
{"type":"Feature","geometry":{"type":"Polygon","coordinates":[[[-59.49,-23.56],[-59.79,-23.41],[-59.78,-23.45],[-59.72,-23.66],[-59.7,-23.75],[-59.59,-23.85],[-59.46,-23.88],[-59.31,-23.9],[-59.36,-23.83],[-59.46,-23.69],[-59.48,-23.67],[-59.49,-23.56]]]},"properties":{"NAME":"Enlhet","ABBREVN":"Enlhet","SUBJECTO":"Enlhet","BORDERPRECISION":1,"PARTOF":"Enlhet"}},
{"type":"Feature","geometry":{"type":"MultiPolygon","coordinates":[[[[-150.5,59.62],[-149.52,60.07],[-148.99,60.45],[-149.89,60.03],[-150.4,59.68],[-151.8,59.3],[-151.88,59.16],[-150.92,59.41],[-150.5,59.62]]],[[[-155.52,60.05],[-155.94,60.56],[-155.91,60.45],[-155.74,60.19],[-155.52,60.05]]]]},"properties":{"NAME":"Dena'ina Ełnena","ABBREVN":"Dena'ina Ełnena","SUBJECTO":"Dena'ina Ełnena","BORDERPRECISION":1,"PARTOF":"Dena'ina Ełnena"}},
{"type":"Feature","geometry":{"type":"Polygon","coordinates":[[[-68.39,-13.14],[-68.33,-13.26],[-67.6,-13.41],[-67.48,-13.28],[-67.4,-13.12],[-67.4,-13.08],[-67.68,-13.12],[-68.39,-13.14]]]},"properties":{"NAME":"Araona","ABBREVN":"Araona","SUBJECTO":"Araona","BORDERPRECISION":1,"PARTOF":"Araona"}},
{"type":"Feature","geometry":{"type":"MultiPolygon","coordinates":[[[[-99,29.91],[-97.92,29.97],[-97.56,30.35],[-97.57,30.66],[-97.57,30.68],[-97.58,30.95],[-97.41,31.14],[-97.28,31.28],[-97.46,31.19],[-97.49,31.16],[-97.83,30.88],[-98.08,30.68],[-99,29.91]]],[[[-103.26,37.63],[-103.58,37.54],[-104.13,37.54],[-104.25,37.54],[-104.72,37.54],[-105.35,37.54],[-105.43,37.47],[-105.52,37.3],[-105.53,37.3],[-105.58,36.84],[-105.45,36.54],[-105.41,36.44],[-105.37,36.41],[-105.05,36.15],[-104.76,35.92],[-104.77,35.83],[-104.83,35.19],[-104.84,35.05],[-104.83,34.99],[-104.66,34.21],[-104.31,33.13],[-104.24,32.89],[-104.09,32.42],[-103.19,31.95],[-103.17,31.88],[-102.9,31.18],[-102.71,30.89],[-102.54,30.76],[-102.54,31.06],[-101.77,32.35],[-101.58,32.66],[-101.54,32.73],[-101.27,33.24],[-100.86,34.02],[-100.35,34.33],[-100.05,34.51],[-99.96,34.55],[-99.89,34.58],[-100.03,34.77],[-100.06,34.81],[-100.59,35.08],[-100.99,35.1],[-101.58,35.48],[-101.91,35.82],[-102.19,36.05],[-102.22,36.07],[-102.68,36.33],[-102.74,36.36],[-103.1,36.53],[-103.01,37.04],[-103.14,37.35],[-103.26,37.63]]]]},"properties":{"NAME":"Nʉmʉnʉʉ (Comanche)","ABBREVN":"Nʉmʉnʉʉ (Comanche)","SUBJECTO":"Nʉmʉnʉʉ (Comanche)","BORDERPRECISION":1,"PARTOF":"Nʉmʉnʉʉ (Comanche)"}},
{"type":"Feature","geometry":{"type":"MultiPolygon","coordinates":[[[[-105.84,34.19],[-106.09,33.8],[-106.95,33.33],[-107.11,33.29],[-107.27,33.26],[-107.38,33.24],[-107.36,33.1],[-107.33,32.97],[-107.28,32.81],[-107.27,32.76],[-107.25,32.74],[-107.24,32.73],[-107.09,32.62],[-106.84,32.39],[-106.75,32.27],[-106.64,32.12],[-106.63,32.06],[-106.62,31.89],[-106.65,31.76],[-106.68,31.56],[-106.68,31.55],[-106.64,31.28],[-106.51,31.08],[-106.48,31.04],[-106.48,31.03],[-106.25,30.63],[-105.92,30.32],[-105.77,30.14],[-105.71,30.06],[-105.67,30.01],[-105.36,29.65],[-105.12,29.46],[-104.98,29.35],[-104.69,29.23],[-104.51,29.16],[-104.62,29.25],[-104.67,29.27],[-104.68,29.29],[-104.7,29.31],[-104.78,29.37],[-104.95,29.59],[-105,29.66],[-105.02,29.69],[-105.07,29.78],[-105.1,29.86],[-105.16,29.98],[-105.35,30.22],[-105.37,30.25],[-105.39,30.28],[-105.47,30.37],[-105.72,30.69],[-105.86,30.94],[-106.33,31.11],[-106.52,31.46],[-106.53,31.55],[-106.57,31.79],[-106.6,31.99],[-106.6,32],[-106.07,32.31],[-105.78,32.48],[-105.07,32.63],[-105.67,34.25],[-105.76,34.21],[-105.84,34.19]]],[[[-105.06,32.63],[-104.71,32.7],[-104.24,32.89],[-104.31,33.13],[-104.66,34.21],[-104.83,34.99],[-104.84,35.05],[-104.83,35.19],[-105.29,35.19],[-105.42,35.17],[-105.54,35.06],[-105.65,34.71],[-105.61,34.67],[-105.57,34.56],[-105.56,34.55],[-105.67,34.26],[-105.06,32.63]]]]},"properties":{"NAME":"Mescalero Apache","ABBREVN":"Mescalero Apache","SUBJECTO":"Mescalero Apache","BORDERPRECISION":1,"PARTOF":"Mescalero Apache"}},
{"type":"Feature","geometry":{"type":"MultiPolygon","coordinates":[[[[-127.28,53.29],[-127.31,53.26],[-127.31,53.23],[-127.28,53.21],[-126.95,53.16],[-126.61,52.95],[-126.53,52.91],[-126.71,53.05],[-126.91,53.16],[-127.18,53.23],[-127.28,53.29]]],[[[-126.93,55.69],[-126.99,55.6],[-127.06,55.49],[-127.02,55.48],[-127,55.51],[-126.93,55.69]]]]},"properties":{"NAME":"Dakeł Keyoh (ᑕᗸᒡ ᗲᘏᑋ)","ABBREVN":"Dakeł Keyoh (ᑕᗸᒡ ᗲᘏᑋ)","SUBJECTO":"Dakeł Keyoh (ᑕᗸᒡ ᗲᘏᑋ)","BORDERPRECISION":1,"PARTOF":"Dakeł Keyoh (ᑕᗸᒡ ᗲᘏᑋ)"}},
{"type":"Feature","geometry":{"type":"Polygon","coordinates":[[[-59.05,-0.62],[-59.01,-0.77],[-58.76,-1.04],[-58.62,-1.26],[-58.5,-1.34],[-58.57,-1.26],[-58.76,-1.03],[-59.01,-0.69],[-59.05,-0.62]]]},"properties":{"NAME":"Hixkaryana","ABBREVN":"Hixkaryana","SUBJECTO":"Hixkaryana","BORDERPRECISION":1,"PARTOF":"Hixkaryana"}},
{"type":"Feature","geometry":{"type":"MultiPolygon","coordinates":[[[[-80.45,41.51],[-80.33,41.56],[-80.22,41.62],[-80.45,41.63],[-80.44,41.61],[-80.45,41.51]]],[[[-76.42,44.43],[-76.84,44.26],[-76.86,44.24],[-76.8,44.25],[-76.55,44.29],[-76.42,44.43]]],[[[-81.97,42.3],[-81.99,42.24],[-82.03,42.22],[-81.84,42.29],[-81.68,42.46],[-81.73,42.42],[-81.97,42.3]]]]},"properties":{"NAME":"Mississauga","ABBREVN":"Mississauga","SUBJECTO":"Mississauga","BORDERPRECISION":1,"PARTOF":"Mississauga"}},
{"type":"Feature","geometry":{"type":"Polygon","coordinates":[[[-89.62,14.86],[-89.04,14.08],[-89.18,15.32],[-89.39,15.26],[-89.62,14.86]]]},"properties":{"NAME":"Ch'orti'","ABBREVN":"Ch'orti'","SUBJECTO":"Ch'orti'","BORDERPRECISION":1,"PARTOF":"Ch'orti'"}},
{"type":"Feature","geometry":{"type":"MultiPolygon","coordinates":[[[[-70.46,-2.47],[-70.4,-2.48],[-70.3,-2.53],[-70.26,-2.57],[-70.26,-2.46],[-70.31,-2.39],[-70.53,-2.31],[-70.51,-2.34],[-70.46,-2.47]]],[[[-75.05,-1.89],[-75.05,-1.99],[-75.03,-2],[-75.02,-2],[-75,-2.03],[-74.95,-2.12],[-74.86,-2.2],[-74.85,-2.21],[-74.81,-2.23],[-74.81,-2.28],[-74.71,-2.29],[-73.53,-3.3],[-73.79,-2.16],[-73.81,-2.14],[-73.9,-2.09],[-74.02,-1.99],[-74.35,-1.75],[-74.56,-1.26],[-75.11,-0.91],[-75.33,-0.24],[-75.24,-0.2],[-75.23,-0.2],[-75.16,-0.2],[-75.12,-0.23],[-75.07,-0.27],[-74.95,-0.33],[-74.83,-0.35],[-74.44,-0.7],[-74.34,-1.09],[-73.7,-1.46],[-73.63,-1.69],[-73.6,-1.75],[-73.58,-1.72],[-73.54,-1.55],[-73.54,-1.41],[-73.54,-1.36],[-73.58,-1.35],[-73.83,-1.22],[-73.84,-1.18],[-73.89,-1.06],[-73.96,-1],[-73.97,-1],[-74.07,-0.94],[-74.08,-0.92],[-74.13,-0.89],[-74.27,-0.62],[-74.29,-0.57],[-74.33,-0.56],[-74.34,-0.56],[-74.38,-0.55],[-74.44,-0.51],[-74.45,-0.5],[-74.47,-0.49],[-74.73,-0.32],[-75.11,-0.13],[-75.27,-0.08],[-75.35,-0.09],[-75.36,-0.09],[-75.37,-0.09],[-75.38,-0.12],[-75.38,-0.16],[-75.37,-0.17],[-75.37,-0.19],[-75.34,-0.24],[-75.12,-0.91],[-75.25,-0.96],[-75.28,-0.98],[-75.29,-0.98],[-75.29,-1.02],[-75.05,-1.89]]]]},"properties":{"NAME":"Kichwa del Río Napo","ABBREVN":"Kichwa del Río Napo","SUBJECTO":"Kichwa del Río Napo","BORDERPRECISION":1,"PARTOF":"Kichwa del Río Napo"}},
{"type":"Feature","geometry":{"type":"Polygon","coordinates":[[[-106,23.32],[-106.11,24.78],[-106.52,24.45],[-106,23.32]]]},"properties":{"NAME":"Xixime","ABBREVN":"Xixime","SUBJECTO":"Xixime","BORDERPRECISION":1,"PARTOF":"Xixime"}},
{"type":"Feature","geometry":{"type":"MultiPolygon","coordinates":[[[[-99.04,21.27],[-99.37,21.21],[-99.62,21.24],[-99.92,21.42],[-100.4,21.49],[-100.53,21.51],[-100.6,21.52],[-100.65,21.53],[-100.73,21.54],[-100.8,21.56],[-100.83,21.54],[-100.98,21.47],[-100.93,21.08],[-100.95,21],[-100.47,20.84],[-100.46,20.84],[-100.42,20.79],[-100.35,20.7],[-100.22,20.32],[-100.09,19.9],[-100.09,19.89],[-100.03,19.59],[-99.91,19.7],[-99.84,19.87],[-99.84,19.88],[-99.78,20.04],[-99.63,20.2],[-99.69,20.32],[-99.69,20.35],[-99.72,20.47],[-99.27,20.86],[-99.12,20.84],[-99.11,20.83],[-99,20.8],[-99.02,20.83],[-99.03,20.95],[-99.04,20.99],[-98.96,21.11],[-98.91,21.17],[-98.95,21.2],[-99.02,21.25],[-99.04,21.27]]],[[[-98.11,20.36],[-98.01,20.48],[-98.02,20.51],[-98.03,20.56],[-98.1,20.61],[-98.14,20.61],[-98.43,20.46],[-98.57,20.47],[-98.45,20.38],[-98.33,20.3],[-98.19,20.33],[-98.11,20.36]]]]},"properties":{"NAME":"Hñähñu (Otomí)","ABBREVN":"Hñähñu (Otomí)","SUBJECTO":"Hñähñu (Otomí)","BORDERPRECISION":1,"PARTOF":"Hñähñu (Otomí)"}},
{"type":"Feature","geometry":{"type":"Polygon","coordinates":[[[-72.85,41.29],[-72.83,41.3],[-72.51,41.33],[-72.35,41.34],[-72.39,41.39],[-72.43,41.41],[-72.45,41.43],[-72.5,41.49],[-72.54,41.51],[-72.54,41.52],[-72.55,41.54],[-72.58,41.56],[-72.64,41.57],[-72.63,41.59],[-72.63,41.6],[-72.63,41.65],[-72.63,41.67],[-72.62,41.71],[-72.66,41.72],[-72.71,41.73],[-72.76,41.75],[-72.79,41.76],[-72.8,41.76],[-72.92,41.76],[-72.95,41.75],[-72.99,41.75],[-73.05,41.74],[-72.99,41.59],[-72.99,41.51],[-73.17,41.43],[-73.29,41.49],[-73.41,41.57],[-73.49,41.61],[-73.49,41.41],[-73.45,41.29],[-73.42,41.21],[-73.41,41.19],[-73.38,41.14],[-73.35,41.15],[-73.11,41.22],[-72.92,41.27],[-72.9,41.28],[-72.85,41.29]]]},"properties":{"NAME":"Wappinger","ABBREVN":"Wappinger","SUBJECTO":"Wappinger","BORDERPRECISION":1,"PARTOF":"Wappinger"}},
{"type":"Feature","geometry":{"type":"Polygon","coordinates":[[[-90.4,29.97],[-90.43,29.98],[-90.41,29.98],[-90.47,30.02],[-90.46,30.01],[-90.49,30.03],[-90.5,30.04],[-90.58,30.04],[-90.56,30.04],[-90.63,30.04],[-90.62,30.04],[-90.66,30.04],[-90.76,30],[-90.83,30.01],[-90.91,29.99],[-90.93,29.98],[-91.02,29.97],[-92.01,30.31],[-92.03,30.31],[-92.01,30.26],[-92.12,30.25],[-92.16,30.23],[-92.19,30.14],[-92.2,30],[-92.19,30.02],[-92.18,29.96],[-91.43,29.54],[-91.24,29.32],[-90.65,29.24],[-89.27,29.06],[-89.18,29.08],[-89.19,29.08],[-89.42,29.36],[-89.53,29.36],[-89.6,29.44],[-89.67,29.47],[-89.78,29.56],[-89.83,29.59],[-89.86,29.6],[-89.89,29.61],[-89.94,29.63],[-90.02,29.76],[-90.01,29.8],[-89.99,29.84],[-89.95,29.87],[-89.95,29.88],[-90.03,29.95],[-90.11,29.91],[-90.11,29.95],[-90.14,29.94],[-90.18,29.93],[-90.25,29.97],[-90.29,29.95],[-90.3,29.95],[-90.35,29.94],[-90.39,29.96],[-90.4,29.97]]]},"properties":{"NAME":"Chitimacha","ABBREVN":"Chitimacha","SUBJECTO":"Chitimacha","BORDERPRECISION":1,"PARTOF":"Chitimacha"}},
{"type":"Feature","geometry":{"type":"MultiPolygon","coordinates":[[[[-80.57,33.95],[-80.63,34.05],[-80.67,34.14],[-80.7,34.1],[-80.57,33.95]]],[[[-80.48,33.85],[-80.48,33.87],[-80.51,33.89],[-80.53,33.9],[-80.51,33.88],[-80.48,33.85]]],[[[-80.85,33.48],[-80.76,33.51],[-80.6,33.62],[-80.56,33.66],[-80.55,33.68],[-80.54,33.69],[-80.57,33.68],[-80.85,33.48]]],[[[-81.29,33.56],[-81.2,33.48],[-81.13,33.41],[-81.05,33.42],[-81.02,33.42],[-81.04,33.43],[-81.29,33.56]]]]},"properties":{"NAME":"Congaree","ABBREVN":"Congaree","SUBJECTO":"Congaree","BORDERPRECISION":1,"PARTOF":"Congaree"}},
{"type":"Feature","geometry":{"type":"Polygon","coordinates":[[[-56.26,1.35],[-56.19,1.3],[-56.17,1.31],[-56.14,1.3],[-55.93,1.27],[-55.8,1.33],[-55.63,1.44],[-55.61,1.46],[-55.25,1.78],[-54.98,2.33],[-54.98,2.53],[-54.98,2.57],[-55,2.83],[-55.37,3.37],[-55.47,3.38],[-55.62,3.39],[-56.05,3.42],[-57.96,4.29],[-57.62,2.43],[-56.26,1.35]]]},"properties":{"NAME":"Trio/Wü tarëno","ABBREVN":"Trio/Wü tarëno","SUBJECTO":"Trio/Wü tarëno","BORDERPRECISION":1,"PARTOF":"Trio/Wü tarëno"}},
{"type":"Feature","geometry":{"type":"MultiPolygon","coordinates":[[[[-123.16,40.17],[-123.18,40.18],[-123.12,40.12],[-123.08,40.1],[-123.11,40.13],[-123.12,40.14],[-123.16,40.17]]],[[[-123.26,40.26],[-123.19,40.18],[-123.18,40.19],[-123.19,40.19],[-123.25,40.25],[-123.26,40.26]]],[[[-123.47,40.56],[-123.44,40.5],[-123.46,40.54],[-123.47,40.56]]]]},"properties":{"NAME":"Nor Rel Muk Wintu","ABBREVN":"Nor Rel Muk Wintu","SUBJECTO":"Nor Rel Muk Wintu","BORDERPRECISION":1,"PARTOF":"Nor Rel Muk Wintu"}},
{"type":"Feature","geometry":{"type":"Polygon","coordinates":[[[-72.36,41.53],[-72.33,41.53],[-72.37,41.86],[-72.37,41.96],[-72.37,41.91],[-72.38,41.93],[-72.42,41.97],[-72.45,41.98],[-72.46,41.98],[-72.51,41.99],[-72.61,41.99],[-72.65,41.96],[-72.69,41.92],[-72.7,41.91],[-72.72,41.88],[-72.73,41.88],[-72.75,41.8],[-72.76,41.78],[-72.76,41.77],[-72.76,41.75],[-72.71,41.73],[-72.66,41.72],[-72.62,41.71],[-72.63,41.67],[-72.63,41.65],[-72.63,41.6],[-72.63,41.59],[-72.64,41.57],[-72.58,41.56],[-72.55,41.54],[-72.54,41.52],[-72.54,41.51],[-72.5,41.49],[-72.45,41.43],[-72.43,41.41],[-72.42,41.42],[-72.37,41.45],[-72.36,41.53]]]},"properties":{"NAME":"Wangunks","ABBREVN":"Wangunks","SUBJECTO":"Wangunks","BORDERPRECISION":1,"PARTOF":"Wangunks"}},
{"type":"Feature","geometry":{"type":"Polygon","coordinates":[[[-72.94,10.04],[-72.99,10.1],[-73.26,10.36],[-73.27,10.37],[-73.29,10.4],[-73.3,10.38],[-73.3,10.35],[-73.52,9.85],[-73.52,9.64],[-73.5,9.64],[-73.29,9.76],[-73.16,9.85],[-72.98,9.92],[-72.94,10.02],[-72.94,10.04]]]},"properties":{"NAME":"Yukpa","ABBREVN":"Yukpa","SUBJECTO":"Yukpa","BORDERPRECISION":1,"PARTOF":"Yukpa"}},
{"type":"Feature","geometry":{"type":"Polygon","coordinates":[[[-64.29,-11.18],[-64.28,-11.19],[-64.23,-11.22],[-64.19,-11.22],[-64.15,-11.22],[-63.59,-11.85],[-63.24,-11.73],[-62.53,-11.5],[-62.68,-11.15],[-62.69,-11.13],[-62.69,-11.12],[-62.7,-11.13],[-62.73,-11.14],[-62.9,-11.15],[-62.92,-11.09],[-62.95,-11.04],[-62.96,-11.01],[-63.96,-10.51],[-64.33,-11.14],[-64.29,-11.18]]]},"properties":{"NAME":"Jupaú (Kawahib)","ABBREVN":"Jupaú (Kawahib)","SUBJECTO":"Jupaú (Kawahib)","BORDERPRECISION":1,"PARTOF":"Jupaú (Kawahib)"}},
{"type":"Feature","geometry":{"type":"Polygon","coordinates":[[[-84.2,12.72],[-84.23,12.73],[-84.35,12.82],[-84.5,12.98],[-84.54,13.06],[-84.55,13.07],[-84.55,13.01],[-84.35,12.77],[-84.2,12.71],[-84.19,12.71],[-84.2,12.72]]]},"properties":{"NAME":"Ulwas","ABBREVN":"Ulwas","SUBJECTO":"Ulwas","BORDERPRECISION":1,"PARTOF":"Ulwas"}},
{"type":"Feature","geometry":{"type":"Polygon","coordinates":[[[-80.17,37.87],[-80,38.11],[-79.66,38.61],[-79.68,38.62],[-79.77,38.69],[-79.91,38.65],[-79.94,38.53],[-79.97,38.49],[-79.98,38.26],[-79.98,38.25],[-80.17,37.87]]]},"properties":{"NAME":"Moneton","ABBREVN":"Moneton","SUBJECTO":"Moneton","BORDERPRECISION":1,"PARTOF":"Moneton"}},
{"type":"Feature","geometry":{"type":"MultiPolygon","coordinates":[[[[-87.75,36.66],[-87.54,36.64],[-87.48,36.7],[-87.47,36.77],[-87.75,36.66]]],[[[-92.03,32.24],[-91.97,32.23],[-91.69,32.22],[-91.61,32.21],[-91.19,32.14],[-91.08,32.05],[-91.07,32.05],[-90.9,32.03],[-90.79,32.02],[-90.54,32.01],[-90.48,32.01],[-90.46,32.01],[-90.34,32],[-90.29,32.02],[-90.28,32.03],[-90.27,32.03],[-90.18,32.1],[-90.13,32.31],[-90.25,32.37],[-90.35,32.4],[-90.36,32.4],[-90.36,32.43],[-90.36,32.51],[-90.33,32.55],[-90.28,32.6],[-90.25,32.62],[-90.03,32.78],[-90.33,33.49],[-89.98,34],[-89.91,34.15],[-89.89,34.19],[-89.85,34.29],[-89.77,34.52],[-89.66,34.88],[-89.59,35.58],[-88.87,36.49],[-88.76,36.54],[-89.28,36.51],[-89.67,35.94],[-89.72,35.84],[-89.74,35.79],[-90.08,35.12],[-90.58,34.43],[-90.59,34.42],[-90.77,34.17],[-90.99,33.6],[-91.17,33.61],[-91.27,33.61],[-91.78,33.94],[-92.4,33.71],[-92.13,33.38],[-92.11,33.34],[-91.98,33.1],[-91.85,32.86],[-91.87,32.64],[-92.03,32.24]]]]},"properties":{"NAME":"O-ga-xpa Ma-zhoⁿ (O-ga-xpa)","ABBREVN":"O-ga-xpa Ma-zhoⁿ (O-ga-xpa)","SUBJECTO":"O-ga-xpa Ma-zhoⁿ (O-ga-xpa)","BORDERPRECISION":1,"PARTOF":"O-ga-xpa Ma-zhoⁿ (O-ga-xpa)"}},
{"type":"Feature","geometry":{"type":"Polygon","coordinates":[[[-99.3,22.68],[-99.24,22.34],[-99.21,22.35],[-99.05,22.41],[-98.61,22.39],[-98.46,22.42],[-98.43,22.42],[-98.42,22.46],[-98.39,22.58],[-98.46,22.61],[-98.52,22.58],[-98.97,23.04],[-99.3,22.68]]]},"properties":{"NAME":"Huasteco/Teenek","ABBREVN":"Huasteco/Teenek","SUBJECTO":"Huasteco/Teenek","BORDERPRECISION":1,"PARTOF":"Huasteco/Teenek"}},
{"type":"Feature","geometry":{"type":"Polygon","coordinates":[[[-122.82,39.04],[-122.82,39.07],[-122.87,39.12],[-122.92,39.16],[-122.98,39.22],[-123.01,39.29],[-123.32,39.44],[-123.88,39.41],[-123.86,39.33],[-123.83,39.27],[-123.81,39.27],[-123.83,39.26],[-123.67,39.16],[-123.67,39.18],[-123.6,39.08],[-123.48,39.02],[-123.3,39.04],[-123.38,39.08],[-123.4,39.16],[-123.39,39.14],[-123.13,39.08],[-122.83,39.04],[-122.82,39.04]]]},"properties":{"NAME":"Northern Pomo","ABBREVN":"Northern Pomo","SUBJECTO":"Northern Pomo","BORDERPRECISION":1,"PARTOF":"Northern Pomo"}},
{"type":"Feature","geometry":{"type":"Polygon","coordinates":[[[-123.34,40.12],[-123.32,40.14],[-123.4,40.31],[-123.66,40.11],[-123.53,40.13],[-123.44,40.15],[-123.34,40.12]]]},"properties":{"NAME":"Lassik","ABBREVN":"Lassik","SUBJECTO":"Lassik","BORDERPRECISION":1,"PARTOF":"Lassik"}},
{"type":"Feature","geometry":{"type":"Polygon","coordinates":[[[-121.49,40.46],[-121.65,40.5],[-121.65,40.46],[-121.57,40.21],[-121.52,40.12],[-120.56,40.52],[-120.71,40.46],[-120.84,40.46],[-121.05,40.5],[-121.2,40.49],[-121.27,40.5],[-121.48,40.48],[-121.42,40.47],[-121.49,40.46]]]},"properties":{"NAME":"Mountain Maidu","ABBREVN":"Mountain Maidu","SUBJECTO":"Mountain Maidu","BORDERPRECISION":1,"PARTOF":"Mountain Maidu"}},
{"type":"Feature","geometry":{"type":"Polygon","coordinates":[[[-119.59,37.21],[-119.58,37.22],[-119.58,37.24],[-119.6,37.32],[-119.61,37.31],[-119.59,37.21]]]},"properties":{"NAME":"Chukchansi","ABBREVN":"Chukchansi","SUBJECTO":"Chukchansi","BORDERPRECISION":1,"PARTOF":"Chukchansi"}},
{"type":"Feature","geometry":{"type":"Polygon","coordinates":[[[-67.11,1.45],[-67.02,1.4],[-66.47,1.6],[-66.68,2.15],[-66.82,2.1],[-66.84,1.75],[-66.91,1.63],[-67.04,1.51],[-67.11,1.45]]]},"properties":{"NAME":"Baré","ABBREVN":"Baré","SUBJECTO":"Baré","BORDERPRECISION":1,"PARTOF":"Baré"}},
{"type":"Feature","geometry":{"type":"MultiPolygon","coordinates":[[[[-136.05,67.87],[-136.05,67.93],[-136.43,68.01],[-136.45,68.01],[-136.54,68.01],[-136.47,67.98],[-136.45,67.97],[-136.38,67.95],[-136.05,67.87]]],[[[-136.63,68.05],[-136.58,68.03],[-136.58,68.04],[-136.63,68.05]]]]},"properties":{"NAME":"Vuntut Gwitchin","ABBREVN":"Vuntut Gwitchin","SUBJECTO":"Vuntut Gwitchin","BORDERPRECISION":1,"PARTOF":"Vuntut Gwitchin"}},
{"type":"Feature","geometry":{"type":"MultiPolygon","coordinates":[[[[-73.75,45.67],[-73.71,45.7],[-73.45,45.72],[-73.45,45.77],[-73.74,45.72],[-73.77,45.68],[-73.75,45.67]]],[[[-76.66,48.47],[-76.49,48.23],[-76.43,48.41],[-76.43,48.47],[-76.64,48.54],[-76.66,48.47]]],[[[-76.1,47.66],[-75.59,46.93],[-75.41,46.9],[-75.41,46.54],[-74.92,46.63],[-74.93,46.63],[-74.94,46.65],[-75.13,47.12],[-75.36,47.56],[-75.89,47.85],[-76.13,47.89],[-76.28,47.92],[-76.24,47.87],[-76.11,47.85],[-75.95,47.84],[-76.05,47.71],[-76.1,47.66]]],[[[-73.45,45.81],[-73.45,45.86],[-73.7,46.13],[-73.75,46.19],[-73.76,46.2],[-73.84,46.3],[-73.86,46.31],[-73.91,46.32],[-73.98,46.32],[-73.81,46.16],[-73.45,45.81]]],[[[-76.81,48.62],[-76.77,48.72],[-76.95,48.78],[-77.03,48.73],[-76.81,48.62]]]]},"properties":{"NAME":"Omàmìwininìwag (Algonquin)","ABBREVN":"Omàmìwininìwag (Algonquin)","SUBJECTO":"Omàmìwininìwag (Algonquin)","BORDERPRECISION":1,"PARTOF":"Omàmìwininìwag (Algonquin)"}},
{"type":"Feature","geometry":{"type":"Polygon","coordinates":[[[-38.79,-8.44],[-38.68,-8.5],[-38.65,-8.4],[-38.71,-8.34],[-38.79,-8.44]]]},"properties":{"NAME":"Pankará","ABBREVN":"Pankará","SUBJECTO":"Pankará","BORDERPRECISION":1,"PARTOF":"Pankará"}},
{"type":"Feature","geometry":{"type":"MultiPolygon","coordinates":[[[[-117.75,35.6],[-117.71,35.41],[-117.62,35.06],[-117.61,35.06],[-117.6,34.99],[-117.31,34.8],[-117.07,34.63],[-117.05,34.62],[-116.32,34.09],[-116.09,33.99],[-115.88,33.9],[-115.84,33.89],[-115.73,33.78],[-115.68,33.73],[-115.62,33.67],[-115.61,33.67],[-115.58,33.68],[-115.55,33.69],[-115.2,33.8],[-115.16,34.02],[-115.15,34.08],[-115.14,34.13],[-115.15,34.15],[-115.22,34.33],[-115.29,34.52],[-115.33,34.87],[-115.18,36.28],[-115.15,36.31],[-115,36.46],[-114.76,36.67],[-114.21,37.39],[-114.35,37.93],[-114.32,38.06],[-114.28,38.31],[-114.35,38.49],[-114.39,38.6],[-114.52,38.75],[-114.41,39.2],[-114.54,40.25],[-114.54,40.37],[-114.51,40.45],[-114.52,40.66],[-116.17,41.46],[-117.49,38.82],[-117.54,38.78],[-117.54,38.63],[-117.47,38.1],[-117.41,36.77],[-117.48,36.16],[-117.51,35.9],[-117.53,35.71],[-117.64,35.58],[-117.75,35.6]]],[[[-118.37,36.85],[-118.37,36.84],[-118.31,36.59],[-118.23,36.3],[-118.11,36.15],[-118.16,36.52],[-118.17,36.55],[-118.37,36.85]]]]},"properties":{"NAME":"Newe (Western Shoshone)","ABBREVN":"Newe (Western Shoshone)","SUBJECTO":"Newe (Western Shoshone)","BORDERPRECISION":1,"PARTOF":"Newe (Western Shoshone)"}},
{"type":"Feature","geometry":{"type":"Polygon","coordinates":[[[-75.09,38.39],[-75.21,38.37],[-75.39,38.34],[-75.55,38.31],[-75.9,38.21],[-75.92,38.2],[-75.52,37.92],[-75.47,37.91],[-75.09,38.39]]]},"properties":{"NAME":"Pocomoke","ABBREVN":"Pocomoke","SUBJECTO":"Pocomoke","BORDERPRECISION":1,"PARTOF":"Pocomoke"}},
{"type":"Feature","geometry":{"type":"Polygon","coordinates":[[[-111.2,25.64],[-111.22,25.67],[-111.42,25.71],[-111.48,25.83],[-111.48,26.08],[-111.46,26.12],[-111.45,26.13],[-114.73,30.8],[-114.76,30.79],[-115.01,30.7],[-115.87,30.36],[-115.87,30.29],[-114.07,28.42],[-114.48,27.24],[-112.17,25.75],[-111.45,25.56],[-111.17,25.58],[-111.2,25.64]]]},"properties":{"NAME":"Cochimí","ABBREVN":"Cochimí","SUBJECTO":"Cochimí","BORDERPRECISION":1,"PARTOF":"Cochimí"}},
{"type":"Feature","geometry":{"type":"MultiPolygon","coordinates":[[[[-70.22,-2.59],[-70.26,-2.57],[-70.3,-2.53],[-70.4,-2.48],[-70.46,-2.47],[-70.59,-2.45],[-70.58,-2.5],[-70.53,-2.6],[-70.4,-2.6],[-70.27,-2.6],[-70.22,-2.59]]],[[[-71.1,-2.66],[-70.98,-2.64],[-70.62,-2.61],[-70.54,-2.6],[-70.59,-2.51],[-70.66,-2.6],[-70.67,-2.6],[-70.91,-2.61],[-71.03,-2.64],[-71.1,-2.66]]],[[[-71.92,-3.21],[-71.9,-3.17],[-71.93,-3.18],[-71.92,-3.21]]],[[[-72.44,-3.51],[-72.31,-3.53],[-72.09,-3.56],[-72.05,-3.46],[-72.03,-3.38],[-72.03,-3.37],[-72.06,-3.38],[-72.41,-3.29],[-72.59,-3.21],[-72.66,-3.19],[-72.73,-3.18],[-72.65,-3.24],[-72.61,-3.27],[-72.51,-3.39],[-72.48,-3.49],[-72.47,-3.51],[-72.44,-3.51]]],[[[-72.09,-3.57],[-72.47,-3.52],[-72.91,-3.68],[-73.09,-3.9],[-73.08,-3.99],[-73.08,-4.05],[-73.07,-4.12],[-73.09,-4.19],[-73.11,-4.24],[-72.96,-4.31],[-72.63,-4.37],[-72.62,-4.37],[-71.24,-4.39],[-71.1,-4.36],[-71.16,-4.34],[-71.17,-4.33],[-71.39,-4.36],[-71.8,-4.33],[-71.94,-4.23],[-72.05,-4],[-72.06,-3.99],[-72.11,-3.87],[-72.1,-3.61],[-72.09,-3.57]]]]},"properties":{"NAME":"Yihamwo (Yagua)","ABBREVN":"Yihamwo (Yagua)","SUBJECTO":"Yihamwo (Yagua)","BORDERPRECISION":1,"PARTOF":"Yihamwo (Yagua)"}},
{"type":"Feature","geometry":{"type":"Polygon","coordinates":[[[-62.27,-8.17],[-62.25,-8.16],[-62.27,-8.14],[-62.3,-8.06],[-62.3,-7.88],[-62.29,-7.82],[-62.28,-7.79],[-62.26,-7.69],[-62.23,-7.53],[-62.23,-7.52],[-62.23,-7.51],[-62.2,-7.41],[-62.18,-7.35],[-62.17,-7.31],[-62.11,-7.21],[-62.1,-7.14],[-62.09,-7.1],[-62.12,-7.03],[-62.14,-6.99],[-62.16,-6.93],[-62.84,-7.02],[-62.89,-8.05],[-62.18,-8.7],[-62.17,-8.38],[-62.27,-8.17]]]},"properties":{"NAME":"Kawahib (Parintintin)","ABBREVN":"Kawahib (Parintintin)","SUBJECTO":"Kawahib (Parintintin)","BORDERPRECISION":1,"PARTOF":"Kawahib (Parintintin)"}},
{"type":"Feature","geometry":{"type":"Polygon","coordinates":[[[-156.84,61.83],[-157.07,62.18],[-157.44,62.64],[-157.65,62.67],[-159.01,62.74],[-159.15,62.77],[-159.36,62.74],[-159.77,62.75],[-160.41,63],[-160.35,63.49],[-160.49,63.42],[-160.57,63.41],[-160.62,63.37],[-161.12,63.01],[-161.35,62.51],[-160.95,62.23],[-160.45,62.19],[-159.74,62.18],[-158.47,62.11],[-157.65,61.92],[-156.84,61.83]]]},"properties":{"NAME":"Deg Xit'an Ngan' (Deg Xit'an)","ABBREVN":"Deg Xit'an Ngan' (Deg Xit'an)","SUBJECTO":"Deg Xit'an Ngan' (Deg Xit'an)","BORDERPRECISION":1,"PARTOF":"Deg Xit'an Ngan' (Deg Xit'an)"}},
{"type":"Feature","geometry":{"type":"MultiPolygon","coordinates":[[[[-122.95,50.68],[-122.79,50.66],[-122.24,50.61],[-121.91,50.61],[-121.69,50.61],[-121.63,50.68],[-121.52,50.79],[-121.57,50.79],[-121.72,50.68],[-121.79,50.63],[-121.88,50.62],[-121.98,50.61],[-122.3,50.64],[-122.95,50.68]]],[[[-124.65,51.35],[-124.45,51.23],[-124.38,51.18],[-124.35,51.13],[-124.33,51.13],[-124.2,51.03],[-124.17,51.01],[-124.03,50.95],[-123.93,50.93],[-123.89,50.92],[-123.83,50.9],[-123.71,50.87],[-123.68,50.83],[-123.75,50.8],[-123.76,50.8],[-123.75,50.79],[-123.71,50.73],[-123.73,50.69],[-123.58,50.71],[-123.62,50.71],[-123.58,50.87],[-123.59,50.89],[-123.6,50.92],[-123.61,50.93],[-123.62,50.96],[-123.66,50.96],[-123.81,50.98],[-123.94,51],[-124.04,51.01],[-124.06,51.01],[-124.08,51.03],[-124.1,51.04],[-124.36,51.22],[-124.42,51.26],[-124.53,51.36],[-124.65,51.35]]],[[[-125.48,51.94],[-125.46,51.88],[-125.46,51.87],[-125.43,51.82],[-125.31,51.65],[-125.29,51.46],[-125.27,51.47],[-125.22,51.49],[-125.19,51.5],[-125.04,51.55],[-124.96,51.54],[-124.91,51.51],[-124.84,51.5],[-124.88,51.57],[-125.04,51.62],[-125.11,51.65],[-125.14,51.67],[-125.18,51.69],[-125.2,51.7],[-125.31,51.81],[-125.4,51.87],[-125.47,51.93],[-125.48,51.93],[-125.48,51.94]]],[[[-125.81,52.05],[-125.76,52.04],[-125.75,52.04],[-125.72,52.01],[-125.69,51.96],[-125.62,51.92],[-125.6,51.93],[-125.56,51.93],[-125.55,51.95],[-125.61,51.97],[-125.7,52.06],[-125.74,52.06],[-125.76,52.06],[-125.8,52.06],[-125.81,52.05]]],[[[-126.04,51.97],[-126.02,51.91],[-125.97,51.85],[-125.96,51.84],[-125.94,51.85],[-125.93,51.91],[-125.98,51.89],[-126,51.97],[-126.01,52.01],[-126.03,52.11],[-126.06,52.14],[-126.05,51.99],[-126.04,51.97]]],[[[-126.13,52.7],[-126.3,52.6],[-126.38,52.43],[-126.28,52.35],[-126.25,52.34],[-126.28,52.37],[-126.3,52.44],[-126.05,52.6],[-126.01,52.64],[-125.93,52.7],[-126.07,52.74],[-126.13,52.7]]]]},"properties":{"NAME":"Tŝilhqot’in Nen","ABBREVN":"Tŝilhqot’in Nen","SUBJECTO":"Tŝilhqot’in Nen","BORDERPRECISION":1,"PARTOF":"Tŝilhqot’in Nen"}},
{"type":"Feature","geometry":null,"properties":{"NAME":"Kwazá","ABBREVN":"Kwazá","SUBJECTO":"Kwazá","BORDERPRECISION":1,"PARTOF":"Kwazá"}},
{"type":"Feature","geometry":{"type":"Polygon","coordinates":[[[-69.27,-10.46],[-69.5,-10.38],[-69.84,-10.31],[-70.21,-10.26],[-70.48,-10.16],[-70.61,-10.15],[-70.81,-10.14],[-70.82,-10.14],[-70.87,-10.13],[-70.95,-10.11],[-71.1,-10.14],[-71.13,-10.15],[-71.42,-10.22],[-71.45,-10.22],[-71.58,-10.23],[-71.8,-10.25],[-72,-10.25],[-72.14,-10.24],[-72.2,-10.24],[-72.3,-10.23],[-72.37,-10.22],[-72.5,-10.21],[-72.85,-10.2],[-73.13,-10.19],[-73.17,-10.18],[-73.31,-10.2],[-73.53,-10.22],[-73.7,-10.24],[-74.09,-10.64],[-74.08,-10.76],[-74.02,-11.13],[-73.78,-11.48],[-73.47,-11.73],[-73.43,-11.76],[-73.41,-11.77],[-73.4,-11.78],[-73.39,-11.79],[-73.19,-11.89],[-73.02,-11.99],[-72.74,-12.03],[-72.63,-12.04],[-72.27,-12.06],[-72.05,-12.08],[-70.63,-12.59],[-70.28,-12.57],[-69.82,-12.55],[-69.32,-12.47],[-69.28,-12.47],[-69.23,-12.46],[-69.11,-12.41],[-68.83,-12.28],[-68.71,-12.23],[-68.72,-11.87],[-68.73,-11.66],[-68.74,-11.6],[-68.73,-11],[-69.04,-10.56],[-69.24,-10.47],[-69.27,-10.46]]]},"properties":{"NAME":"Yine","ABBREVN":"Yine","SUBJECTO":"Yine","BORDERPRECISION":1,"PARTOF":"Yine"}},
{"type":"Feature","geometry":{"type":"Polygon","coordinates":[[[-67.4,-13.08],[-67.4,-13.12],[-67.42,-13.19],[-67.25,-13.52],[-66.69,-13.56],[-66.4,-12.84],[-66.4,-12.76],[-66.59,-12.88],[-67.07,-13.03],[-67.38,-13.08],[-67.4,-13.08]]]},"properties":{"NAME":"Ecuana","ABBREVN":"Ecuana","SUBJECTO":"Ecuana","BORDERPRECISION":1,"PARTOF":"Ecuana"}},
{"type":"Feature","geometry":{"type":"Polygon","coordinates":[[[-60.85,8.14],[-60.85,8.19],[-60.54,8.6],[-61.53,9.85],[-62.38,10.01],[-62.91,10.55],[-63.16,10.43],[-62.95,9.22],[-61.4,8.16],[-61.32,8.14],[-61.17,8.15],[-60.87,8.14],[-60.85,8.14]]]},"properties":{"NAME":"Warao","ABBREVN":"Warao","SUBJECTO":"Warao","BORDERPRECISION":1,"PARTOF":"Warao"}},
{"type":"Feature","geometry":{"type":"Polygon","coordinates":[[[-64.82,-6.52],[-64.87,-6.52],[-65.07,-6.74],[-64.93,-7.04],[-64.82,-6.87],[-64.8,-6.86],[-64.82,-6.52]]]},"properties":{"NAME":"Banawá","ABBREVN":"Banawá","SUBJECTO":"Banawá","BORDERPRECISION":1,"PARTOF":"Banawá"}},
{"type":"Feature","geometry":{"type":"Polygon","coordinates":[[[-76.83,37.23],[-76.82,37.41],[-76.86,37.44],[-76.91,37.45],[-76.91,37.36],[-76.94,37.36],[-76.99,37.37],[-76.98,37.36],[-76.98,37.33],[-76.99,37.3],[-76.98,37.29],[-76.97,37.25],[-76.87,37.23],[-76.86,37.23],[-76.83,37.23]]]},"properties":{"NAME":"Paspahegh","ABBREVN":"Paspahegh","SUBJECTO":"Paspahegh","BORDERPRECISION":1,"PARTOF":"Paspahegh"}},
{"type":"Feature","geometry":{"type":"Polygon","coordinates":[[[-114.69,35.86],[-114.7,35.86],[-114.69,35.81],[-114.68,35.76],[-114.67,35.61],[-114.66,35.55],[-114.66,35.54],[-114.57,35.34],[-114.55,35.19],[-114.57,35.16],[-114.59,35.12],[-114.61,35.09],[-114.61,35.07],[-114.61,35.06],[-114.63,35],[-114.63,34.98],[-114.64,34.94],[-114.64,34.91],[-114.53,34.78],[-114.48,34.73],[-114.41,34.62],[-114.36,34.48],[-114.24,34.39],[-114.14,34.41],[-114.12,34.41],[-113.16,34.47],[-113.13,34.49],[-113.06,34.59],[-113.02,35.04],[-112.91,35.26],[-112.6,35.24],[-112.59,35.24],[-112.52,35.23],[-112.5,35.28],[-112.44,35.29],[-112.43,35.47],[-112.47,35.86],[-112.49,35.9],[-112.89,36.06],[-113.12,36.18],[-113.14,36.17],[-113.15,36.17],[-113.16,36.16],[-113.22,36.09],[-113.25,36.09],[-113.26,36.09],[-113.27,36.09],[-113.3,36.1],[-113.31,36.1],[-113.33,36.05],[-113.33,35.98],[-113.32,35.98],[-113.32,35.96],[-113.31,35.89],[-113.31,35.88],[-113.31,35.86],[-113.35,35.77],[-113.37,35.76],[-113.4,35.75],[-113.44,35.76],[-113.45,35.75],[-113.47,35.76],[-113.49,35.77],[-113.51,35.77],[-113.57,35.82],[-113.63,35.82],[-113.65,35.82],[-113.7,35.88],[-113.71,35.92],[-113.73,35.94],[-113.77,35.98],[-113.85,36.05],[-113.89,36.06],[-113.98,36.17],[-114.18,36.02],[-114.28,36.04],[-114.31,36.08],[-114.31,36.09],[-114.38,36.11],[-114.51,36.15],[-114.68,36.13],[-114.72,36.11],[-114.75,36.1],[-114.74,36.09],[-114.68,35.9],[-114.68,35.89],[-114.67,35.88],[-114.66,35.87],[-114.69,35.86]]]},"properties":{"NAME":"Hualapai","ABBREVN":"Hualapai","SUBJECTO":"Hualapai","BORDERPRECISION":1,"PARTOF":"Hualapai"}},
{"type":"Feature","geometry":{"type":"Polygon","coordinates":[[[-76.3,37.77],[-76.23,37.91],[-76.41,37.94],[-76.41,37.96],[-76.42,37.91],[-76.44,37.88],[-76.41,37.87],[-76.39,37.81],[-76.41,37.77],[-76.34,37.78],[-76.3,37.77]]]},"properties":{"NAME":"Wicocomico","ABBREVN":"Wicocomico","SUBJECTO":"Wicocomico","BORDERPRECISION":1,"PARTOF":"Wicocomico"}},
{"type":"Feature","geometry":{"type":"Polygon","coordinates":[[[-124.19,48.73],[-124.2,48.73],[-124.19,48.72],[-124.21,48.7],[-124.19,48.64],[-123.9,48.47],[-123.83,48.47],[-123.72,48.48],[-123.81,48.52],[-123.87,48.57],[-123.89,48.58],[-123.97,48.65],[-123.98,48.65],[-123.99,48.65],[-124.01,48.66],[-124.04,48.67],[-124.05,48.67],[-124.06,48.68],[-124.07,48.69],[-124.07,48.7],[-124.08,48.71],[-124.09,48.72],[-124.11,48.72],[-124.13,48.72],[-124.13,48.73],[-124.14,48.73],[-124.15,48.73],[-124.17,48.74],[-124.18,48.74],[-124.19,48.73]]]},"properties":{"NAME":"Te’mexw Treaty Association","ABBREVN":"Te’mexw Treaty Association","SUBJECTO":"Te’mexw Treaty Association","BORDERPRECISION":1,"PARTOF":"Te’mexw Treaty Association"}},
{"type":"Feature","geometry":{"type":"Polygon","coordinates":[[[-67.75,-14.54],[-67.61,-14.62],[-67.55,-14.65],[-67.53,-14.63],[-67.53,-14.59],[-67.59,-14.59],[-67.67,-14.56],[-67.75,-14.54]]]},"properties":{"NAME":"Leco","ABBREVN":"Leco","SUBJECTO":"Leco","BORDERPRECISION":1,"PARTOF":"Leco"}},
{"type":"Feature","geometry":{"type":"Polygon","coordinates":[[[-121.19,48],[-121.15,47.98],[-121.15,47.99],[-121.14,47.99],[-121.15,47.99],[-121.18,48],[-121.19,48]]]},"properties":{"NAME":"Skykomish","ABBREVN":"Skykomish","SUBJECTO":"Skykomish","BORDERPRECISION":1,"PARTOF":"Skykomish"}},
{"type":"Feature","geometry":{"type":"Polygon","coordinates":[[[-79.64,50.79],[-79.63,51.04],[-79.75,51.11],[-80.05,51.29],[-79.64,50.79]]]},"properties":{"NAME":"Moose Cree","ABBREVN":"Moose Cree","SUBJECTO":"Moose Cree","BORDERPRECISION":1,"PARTOF":"Moose Cree"}},
{"type":"Feature","geometry":{"type":"Polygon","coordinates":[[[-123.51,40.83],[-123.52,40.81],[-123.53,40.74],[-123.51,40.71],[-123.53,40.71],[-123.53,40.7],[-123.52,40.7],[-123.44,40.62],[-123.45,40.63],[-123.47,40.7],[-123.46,40.71],[-123.45,40.75],[-123.5,40.81],[-123.51,40.83]]]},"properties":{"NAME":"Chimariko (territory)","ABBREVN":"Chimariko (territory)","SUBJECTO":"Chimariko (territory)","BORDERPRECISION":1,"PARTOF":"Chimariko (territory)"}},
{"type":"Feature","geometry":{"type":"Polygon","coordinates":[[[-61.89,-12.81],[-61.89,-12.82],[-61.85,-12.84],[-61.75,-12.82],[-61.61,-12.76],[-61.53,-12.68],[-61.51,-12.58],[-61.54,-12.51],[-61.57,-12.5],[-61.56,-12.52],[-61.53,-12.61],[-61.65,-12.77],[-61.79,-12.83],[-61.84,-12.82],[-61.89,-12.81]]]},"properties":{"NAME":"Sakurabiat","ABBREVN":"Sakurabiat","SUBJECTO":"Sakurabiat","BORDERPRECISION":1,"PARTOF":"Sakurabiat"}},
{"type":"Feature","geometry":{"type":"Polygon","coordinates":[[[-85.26,12.7],[-85.15,12.81],[-85.5,13.39],[-85.79,13.4],[-85.66,13.28],[-85.45,13.12],[-85.31,12.89],[-85.26,12.7]]]},"properties":{"NAME":"Matagalpa/Cacaopera","ABBREVN":"Matagalpa/Cacaopera","SUBJECTO":"Matagalpa/Cacaopera","BORDERPRECISION":1,"PARTOF":"Matagalpa/Cacaopera"}},
{"type":"Feature","geometry":{"type":"Polygon","coordinates":[[[-91.26,18.87],[-91.5,18.18],[-91.46,18.16],[-91.49,18.06],[-91.47,17.99],[-91.3,17.26],[-91.3,17.25],[-91.28,17.24],[-91,17],[-90.84,16.9],[-90.72,16.8],[-90.69,16.77],[-90.63,16.68],[-90.44,16.57],[-90.42,16.55],[-89.96,16.54],[-89.51,16.55],[-89.35,16.55],[-89.22,16.55],[-88.93,16.79],[-88.84,16.86],[-88.35,17.27],[-88.22,17.51],[-88.3,17.64],[-87.2,21.53],[-90.42,21.06],[-91.26,18.87]]]},"properties":{"NAME":"Maya Yucateco","ABBREVN":"Maya Yucateco","SUBJECTO":"Maya Yucateco","BORDERPRECISION":1,"PARTOF":"Maya Yucateco"}},
{"type":"Feature","geometry":{"type":"Polygon","coordinates":[[[-60.85,8.14],[-60.85,8.06],[-60.86,7.91],[-60.76,7.82],[-59.46,7.38],[-59.42,7.29],[-59.31,7],[-59.28,6.51],[-59.3,6.33],[-59.34,6],[-58.52,5.69],[-58.33,5.61],[-58.27,5.51],[-58.35,5.4],[-58.06,5.2],[-56.55,5.08],[-56.29,5.11],[-56.06,5.14],[-55.46,5.16],[-55.38,5.15],[-55.14,5.11],[-53.96,5.04],[-53.1,3.29],[-52.9,0.23],[-52.86,-0.23],[-51.53,-0.44],[-51.47,-0.37],[-50.63,2.1],[-51,3.29],[-51.8,2.94],[-53.03,3.22],[-53.95,5.05],[-53.9,5.2],[-53.77,5.66],[-53.84,5.69],[-54.57,5.96],[-56.75,6],[-58.51,6.56],[-58.88,7.8],[-60.54,8.6],[-60.85,8.19],[-60.85,8.14]]]},"properties":{"NAME":"Lokono (Arawak)","ABBREVN":"Lokono (Arawak)","SUBJECTO":"Lokono (Arawak)","BORDERPRECISION":1,"PARTOF":"Lokono (Arawak)"}},
{"type":"Feature","geometry":{"type":"Polygon","coordinates":[[[-76.63,37.93],[-76.6,37.9],[-76.56,37.86],[-76.46,37.86],[-76.44,37.88],[-76.42,37.91],[-76.41,37.96],[-76.48,38.05],[-76.63,38],[-76.65,37.94],[-76.64,37.94],[-76.63,37.93]]]},"properties":{"NAME":"Sekakawon","ABBREVN":"Sekakawon","SUBJECTO":"Sekakawon","BORDERPRECISION":1,"PARTOF":"Sekakawon"}},
{"type":"Feature","geometry":{"type":"MultiPolygon","coordinates":[[[[-72.41,47.78],[-72.5,47.65],[-72.62,47.53],[-72.9,46.97],[-73.3,46.52],[-73.69,46.25],[-73.76,46.2],[-73.75,46.19],[-73.68,46.24],[-73.29,46.52],[-72.83,46.38],[-72.48,46.42],[-72.39,46.45],[-72.38,46.45],[-72.31,46.49],[-72.09,46.61],[-71.31,46.77],[-71.26,46.79],[-70.94,46.92],[-70.95,46.91],[-71.04,46.74],[-69.84,48.16],[-69.9,48.19],[-70.09,48.22],[-70.22,48.28],[-70.5,48.34],[-70.68,48.34],[-70.71,48.36],[-70.85,48.34],[-71.29,47.81],[-71.55,47.77],[-71.92,47.75],[-71.97,47.74],[-72.38,47.77],[-72.41,47.78]]],[[[-70.22,47.34],[-70.7,47.07],[-70.79,46.98],[-70.22,47.34]]]]},"properties":{"NAME":"Wendake-Nionwentsïo","ABBREVN":"Wendake-Nionwentsïo","SUBJECTO":"Wendake-Nionwentsïo","BORDERPRECISION":1,"PARTOF":"Wendake-Nionwentsïo"}},
{"type":"Feature","geometry":{"type":"Polygon","coordinates":[[[-77.21,37.17],[-77.19,37.2],[-77.01,37.3],[-77,37.3],[-76.99,37.3],[-76.98,37.33],[-76.98,37.36],[-76.99,37.37],[-77.03,37.37],[-77.22,37.36],[-77.23,37.37],[-77.23,37.38],[-77.24,37.37],[-77.26,37.35],[-77.27,37.33],[-77.29,37.33],[-77.34,37.31],[-77.28,37.31],[-77.24,37.29],[-77.2,37.24],[-77.21,37.22],[-77.21,37.17]]]},"properties":{"NAME":"Weyanock","ABBREVN":"Weyanock","SUBJECTO":"Weyanock","BORDERPRECISION":1,"PARTOF":"Weyanock"}},
{"type":"Feature","geometry":{"type":"Polygon","coordinates":[[[-48.3,-5.81],[-48.31,-5.99],[-48.74,-6.64],[-48.52,-7.1],[-48.06,-6.2],[-48.3,-5.81]]]},"properties":{"NAME":"Karajá do Norte","ABBREVN":"Karajá do Norte","SUBJECTO":"Karajá do Norte","BORDERPRECISION":1,"PARTOF":"Karajá do Norte"}},
{"type":"Feature","geometry":{"type":"MultiPolygon","coordinates":[[[[-73.39,44.26],[-73.39,44.17],[-73.38,44.18],[-73.33,44.27],[-73.31,44.31],[-73.33,44.47],[-73.34,44.49],[-73.37,44.6],[-73.37,44.36],[-73.39,44.26]]],[[[-73.52,43.18],[-73.48,43.17],[-73.36,43.07],[-73.41,43.21],[-73.39,43.48],[-73.39,43.79],[-73.39,43.88],[-73.41,43.97],[-73.42,44.04],[-73.45,44.01],[-73.47,43.95],[-73.51,43.76],[-73.51,43.74],[-73.52,43.49],[-73.52,43.34],[-73.52,43.26],[-73.52,43.18]]],[[[-71.66,46.63],[-71.26,46.79],[-71.31,46.77],[-72.09,46.61],[-72.31,46.49],[-72.38,46.45],[-72.45,46.41],[-72.78,46.32],[-73.02,46.2],[-73.07,46.17],[-73.29,45.63],[-73.3,45.61],[-73.33,45.53],[-73.27,45.22],[-73.27,45.13],[-73.25,45.21],[-73.25,45.4],[-73.28,45.46],[-73.25,45.51],[-73.22,45.55],[-73.19,45.62],[-73.13,46.01],[-72.77,46.18],[-72.08,46.46],[-72.03,46.48],[-71.66,46.63]]]]},"properties":{"NAME":"Abenaki / Abénaquis","ABBREVN":"Abenaki / Abénaquis","SUBJECTO":"Abenaki / Abénaquis","BORDERPRECISION":1,"PARTOF":"Abenaki / Abénaquis"}},
{"type":"Feature","geometry":{"type":"Polygon","coordinates":[[[-56.12,0.39],[-55.92,-0.52],[-55.45,0.28],[-56.12,0.39]]]},"properties":{"NAME":"Zo’é","ABBREVN":"Zo’é","SUBJECTO":"Zo’é","BORDERPRECISION":1,"PARTOF":"Zo’é"}},
{"type":"Feature","geometry":{"type":"Polygon","coordinates":[[[-82.74,9.47],[-83.62,10.04],[-83.68,10.05],[-83.78,9.82],[-83.7,9.79],[-83.45,9.5],[-83.4,9.46],[-83.38,9.46],[-83.26,9.45],[-83,9.4],[-82.86,9.43],[-82.77,9.46],[-82.74,9.46],[-82.74,9.47]]]},"properties":{"NAME":"Bribri","ABBREVN":"Bribri","SUBJECTO":"Bribri","BORDERPRECISION":1,"PARTOF":"Bribri"}},
{"type":"Feature","geometry":{"type":"Polygon","coordinates":[[[-79.33,-5.75],[-79.38,-5.69],[-79.39,-5.69],[-79.43,-5.64],[-79.68,-5.39],[-79.92,-5.1],[-79.97,-4.75],[-79.97,-4.67],[-79.99,-4.39],[-79.97,-4.39],[-79.98,-4.35],[-79.98,-4.33],[-79.98,-4.32],[-79.97,-3.93],[-79.97,-3.88],[-79.97,-3.64],[-79.98,-3.58],[-80.03,-3.35],[-80.05,-3.31],[-81.3,-4.33],[-81.25,-5.97],[-81.2,-6.1],[-80.67,-6.35],[-80.16,-5.82],[-79.75,-5.76],[-79.75,-5.75],[-79.65,-5.7],[-79.51,-5.7],[-79.39,-5.74],[-79.38,-5.74],[-79.37,-5.75],[-79.33,-5.75]]]},"properties":{"NAME":"Chimú","ABBREVN":"Chimú","SUBJECTO":"Chimú","BORDERPRECISION":1,"PARTOF":"Chimú"}},
{"type":"Feature","geometry":{"type":"Polygon","coordinates":[[[-111.95,40.55],[-112.03,40.47],[-112.26,40.22],[-112.37,39.96],[-112.44,39.78],[-112.59,39.44],[-112.61,39.34],[-112.72,38.79],[-112.64,38.53],[-112.54,38.2],[-112.44,37.78],[-112.32,37.27],[-111.97,36.5],[-111.89,36.4],[-111.88,36.4],[-111.59,36.09],[-111.21,35.97],[-111.11,35.94],[-110.81,35.87],[-109.6,35.77],[-109.08,35.77],[-108.96,35.76],[-108.29,35.81],[-107.66,35.98],[-107.17,35.96],[-107.15,35.96],[-107.09,35.96],[-106.45,36.01],[-105.52,36.12],[-105.05,36.15],[-105.37,36.41],[-105.41,36.44],[-105.45,36.54],[-105.58,36.84],[-105.53,37.3],[-105.52,37.3],[-105.43,37.47],[-105.35,37.54],[-105.51,37.54],[-106.13,37.93],[-106.13,38.34],[-106.13,38.41],[-105.69,38.99],[-105.56,39.64],[-106.08,39.64],[-106.44,40.08],[-106.75,40.59],[-106.87,40.78],[-106.94,40.84],[-107.73,40.78],[-109.01,40.96],[-111.69,40.78],[-111.95,40.55]]]},"properties":{"NAME":"Núu-agha-tʉvʉ-pʉ̱ (Ute)","ABBREVN":"Núu-agha-tʉvʉ-pʉ̱ (Ute)","SUBJECTO":"Núu-agha-tʉvʉ-pʉ̱ (Ute)","BORDERPRECISION":1,"PARTOF":"Núu-agha-tʉvʉ-pʉ̱ (Ute)"}},
{"type":"Feature","geometry":{"type":"Polygon","coordinates":[[[-109.92,32.6],[-109.9,32.63],[-110.04,33.11],[-110.06,33.16],[-110.29,33.17],[-110.73,33.29],[-111.07,33.38],[-111.18,33.41],[-111.19,33.41],[-111.24,33.43],[-111.39,33.58],[-111.6,33.8],[-111.91,34.26],[-111.92,34.4],[-111.94,34.64],[-111.95,34.77],[-111.97,34.94],[-111.98,35.12],[-112.01,35.24],[-112.01,35.26],[-112.04,35.38],[-112.31,35.31],[-112.36,35.26],[-112.41,35.22],[-112.44,35.19],[-112.45,35.19],[-112.56,35.09],[-112.88,34.49],[-112.95,34.28],[-112.89,34.1],[-112.83,33.97],[-112.79,33.87],[-112.69,33.87],[-112.49,33.88],[-112.31,33.81],[-111.86,33.83],[-111.75,33.75],[-111.73,33.63],[-111.72,33.61],[-111.71,33.59],[-111.69,33.55],[-111.68,33.54],[-111.64,33.51],[-111.61,33.49],[-111.21,33.34],[-111.19,33.17],[-111.15,33.13],[-111.08,33.15],[-111.07,33.15],[-111.02,33.16],[-110.95,33.14],[-110.94,33.13],[-110.91,33.09],[-110.9,33.07],[-110.9,33],[-110.92,32.93],[-110.92,32.91],[-110.91,32.85],[-110.91,32.84],[-110.91,32.8],[-110.93,32.75],[-110.93,32.72],[-110.93,32.7],[-110.97,32.65],[-110.92,32.62],[-110.91,32.62],[-110.81,32.6],[-110.62,32.65],[-110.32,32.67],[-110.19,32.67],[-109.92,32.6]]]},"properties":{"NAME":"Hohokam","ABBREVN":"Hohokam","SUBJECTO":"Hohokam","BORDERPRECISION":1,"PARTOF":"Hohokam"}},
{"type":"Feature","geometry":{"type":"MultiPolygon","coordinates":[[[[-69.16,18.53],[-68.66,18.2],[-68.37,18.58],[-69.07,19.08],[-69.9,19.51],[-69.99,19.68],[-70.29,19.65],[-71.84,19.73],[-72.75,18.51],[-70.3,18.26],[-70.09,18.41],[-69.96,18.5],[-69.16,18.53]]],[[[-61.94,10.13],[-62.04,10.06],[-61.75,10.05],[-61.21,10.12],[-61.24,10.63],[-61.94,10.13]]],[[[-80.23,27.24],[-80.24,27.26],[-80.27,27.26],[-80.59,27.25],[-80.69,27.24],[-80.73,27.24],[-80.98,27.23],[-81.08,27.23],[-82.08,26.55],[-80.87,25.19],[-80.74,25.13],[-80.45,25.21],[-80.45,25.19],[-80.44,25.15],[-80.31,25.24],[-80.31,25.36],[-80.05,26.55],[-80.06,26.72],[-80.08,26.92],[-80.13,27.07],[-80.23,27.24]]],[[[-82.18,22.37],[-77.29,20.7],[-75.6,21.01],[-80.72,23.02],[-82.06,23.14],[-83.69,22.81],[-83.39,22.22],[-82.85,22.64],[-81.88,22.67],[-82.04,22.39],[-82.18,22.37]]],[[[-63.88,10.5],[-63.16,10.43],[-62.91,10.55],[-64.24,10.49],[-63.88,10.5]]],[[[-77.77,18.51],[-77.29,17.81],[-76.43,18.12],[-77.77,18.51]]],[[[-66.81,18.51],[-67.15,17.99],[-65.97,18.03],[-65.95,18.47],[-66.81,18.51]]]]},"properties":{"NAME":"Taino","ABBREVN":"Taino","SUBJECTO":"Taino","BORDERPRECISION":1,"PARTOF":"Taino"}},
{"type":"Feature","geometry":{"type":"Polygon","coordinates":[[[-85.22,10.29],[-84.16,9.45],[-83.78,9.82],[-83.68,10.05],[-83.79,10.23],[-83.93,10.46],[-84.11,10.27],[-84.09,10.3],[-84.34,10.37],[-84.54,10.35],[-84.69,10.33],[-84.82,10.3],[-85.28,10.34],[-85.21,10.3],[-85.22,10.29]]]},"properties":{"NAME":"Huetar","ABBREVN":"Huetar","SUBJECTO":"Huetar","BORDERPRECISION":1,"PARTOF":"Huetar"}},
{"type":"Feature","geometry":{"type":"Polygon","coordinates":[[[-72.45,41.98],[-72.42,42],[-73.03,42.05],[-72.9,41.98],[-72.88,41.97],[-72.8,41.93],[-72.76,41.96],[-72.72,41.96],[-72.69,41.92],[-72.65,41.96],[-72.61,41.99],[-72.51,41.99],[-72.46,41.98],[-72.45,41.98]]]},"properties":{"NAME":"Pocumtuc","ABBREVN":"Pocumtuc","SUBJECTO":"Pocumtuc","BORDERPRECISION":1,"PARTOF":"Pocumtuc"}},
{"type":"Feature","geometry":{"type":"Polygon","coordinates":[[[-38.65,-9],[-38.76,-8.8],[-38.95,-8.82],[-38.9,-9.12],[-38.65,-9]]]},"properties":{"NAME":"Tuxá","ABBREVN":"Tuxá","SUBJECTO":"Tuxá","BORDERPRECISION":1,"PARTOF":"Tuxá"}},
{"type":"Feature","geometry":{"type":"Polygon","coordinates":[[[-87.07,14.53],[-86.17,15.44],[-87.76,15.59],[-87.57,15.04],[-87.07,14.53]]]},"properties":{"NAME":"Tolupan","ABBREVN":"Tolupan","SUBJECTO":"Tolupan","BORDERPRECISION":1,"PARTOF":"Tolupan"}},
{"type":"Feature","geometry":{"type":"Polygon","coordinates":[[[-78.53,37.13],[-78.59,37.13],[-78.74,37.13],[-78.83,37.07],[-78.86,37.01],[-78.87,36.85],[-78.92,36.59],[-78.88,36.57],[-78.87,36.57],[-78.76,36.74],[-78.53,37.13]]]},"properties":{"NAME":"Occaneechi","ABBREVN":"Occaneechi","SUBJECTO":"Occaneechi","BORDERPRECISION":1,"PARTOF":"Occaneechi"}},
{"type":"Feature","geometry":{"type":"Polygon","coordinates":[[[-66.27,-6.58],[-66.29,-6.58],[-66.38,-6.67],[-66.55,-6.78],[-66.57,-6.81],[-66.58,-6.84],[-66.57,-6.88],[-66.62,-6.97],[-66.76,-7.11],[-66.71,-7.11],[-66.34,-7.17],[-66.27,-6.58]]]},"properties":{"NAME":"Suruwaha","ABBREVN":"Suruwaha","SUBJECTO":"Suruwaha","BORDERPRECISION":1,"PARTOF":"Suruwaha"}},
{"type":"Feature","geometry":{"type":"Polygon","coordinates":[[[-65.77,-32.98],[-65.71,-32.97],[-65.7,-32.97],[-65.7,-32.96],[-65.75,-32.57],[-65.83,-32.46],[-65.83,-32.43],[-65.89,-32.37],[-67.79,-30.66],[-70.25,-30.89],[-70.34,-30.98],[-70.34,-31],[-70.39,-31.1],[-70.17,-31.43],[-69.76,-32.39],[-69.69,-33.63],[-70.06,-34.65],[-69.62,-34.69],[-69.25,-34.67],[-68.01,-34.67],[-67.15,-33.9],[-66.84,-33.4],[-66.24,-33.05],[-65.77,-32.98]]]},"properties":{"NAME":"Huarpe","ABBREVN":"Huarpe","SUBJECTO":"Huarpe","BORDERPRECISION":1,"PARTOF":"Huarpe"}},
{"type":"Feature","geometry":{"type":"MultiPolygon","coordinates":[[[[-95.81,17.84],[-95.7,17.61],[-95.45,17.64],[-95.2,17.58],[-95.15,17.56],[-95.11,17.55],[-94.61,17.44],[-94.6,17.44],[-94.31,17.47],[-94.27,17.48],[-94.24,17.44],[-94.19,17.49],[-94.42,18.26],[-94.82,18.5],[-95.08,17.87],[-95.2,17.74],[-95.26,17.71],[-95.37,17.64],[-95.62,17.75],[-95.81,17.84]]],[[[-99,20.8],[-98.98,20.79],[-98.57,20.47],[-98.43,20.46],[-98.14,20.61],[-98.1,20.61],[-98.12,20.62],[-98.12,20.63],[-98.91,21.17],[-98.96,21.11],[-99.04,20.99],[-99.03,20.95],[-99.02,20.83],[-99,20.8]]],[[[-98.03,20.56],[-98.02,20.51],[-98.01,20.48],[-98.11,20.36],[-98.05,20.39],[-97.98,20.49],[-98.02,20.56],[-98.03,20.56]]],[[[-97.37,20.98],[-97.5,21.19],[-97.79,22.05],[-98.21,22.44],[-98.33,22.41],[-98.43,22.42],[-98.46,22.42],[-98.61,22.39],[-99.05,22.41],[-99.21,22.35],[-99.24,22.34],[-99.29,22.32],[-99.34,22.16],[-99.33,22.15],[-99.32,21.95],[-99.3,21.87],[-99.28,21.72],[-99.21,21.67],[-99.2,21.64],[-99.11,21.47],[-99.11,21.31],[-99.06,21.3],[-99.08,21.34],[-99.13,21.54],[-99.15,21.62],[-99.17,21.72],[-99.15,21.81],[-99.12,21.83],[-99.07,21.86],[-98.97,21.89],[-98.74,21.77],[-98.55,21.48],[-98.52,21.46],[-98.35,21.3],[-98.13,21.15],[-97.96,21.09],[-97.87,21.05],[-97.67,21],[-97.6,20.99],[-97.48,20.97],[-97.37,20.98]]]]},"properties":{"NAME":"Nahua ( Morelos, Puebla, Tlaxcala, Veracruz, Hidalgo, San Luis Potosi)","ABBREVN":"Nahua ( Morelos, Puebla, Tlaxcala, Veracruz, Hidalgo, San Luis Potosi)","SUBJECTO":"Nahua ( Morelos, Puebla, Tlaxcala, Veracruz, Hidalgo, San Luis Potosi)","BORDERPRECISION":1,"PARTOF":"Nahua ( Morelos, Puebla, Tlaxcala, Veracruz, Hidalgo, San Luis Potosi)"}},
{"type":"Feature","geometry":{"type":"Polygon","coordinates":[[[-119.57,46.36],[-119.51,46.36],[-119.51,46.43],[-119.52,46.56],[-119.52,46.62],[-119.55,46.63],[-119.57,46.36]]]},"properties":{"NAME":"Wanapum","ABBREVN":"Wanapum","SUBJECTO":"Wanapum","BORDERPRECISION":1,"PARTOF":"Wanapum"}},
{"type":"Feature","geometry":{"type":"Polygon","coordinates":[[[-121.99,40.83],[-122,40.83],[-122,40.82],[-122.01,40.81],[-122.03,40.78],[-122.03,40.77],[-122.03,40.75],[-122.06,40.72],[-122.08,40.7],[-122.13,40.67],[-122.14,40.66],[-122.15,40.66],[-122.15,40.64],[-122.14,40.45],[-121.89,39.93],[-121.57,40.21],[-121.65,40.46],[-121.92,40.78],[-121.96,40.84],[-121.99,40.83]]]},"properties":{"NAME":"Yana","ABBREVN":"Yana","SUBJECTO":"Yana","BORDERPRECISION":1,"PARTOF":"Yana"}},
{"type":"Feature","geometry":{"type":"Polygon","coordinates":[[[-119.86,37.74],[-120.4,38.28],[-120.58,38.09],[-120.68,38.06],[-120.52,37.63],[-120.51,37.62],[-120.49,37.62],[-120.25,37.69],[-120.27,37.71],[-120.29,37.75],[-120.28,37.75],[-120.26,37.76],[-120.25,37.76],[-120.22,37.76],[-120.18,37.77],[-120.12,37.78],[-120.1,37.79],[-119.93,37.76],[-119.86,37.74]]]},"properties":{"NAME":"Me-Wuk (Central Sierra Miwok)","ABBREVN":"Me-Wuk (Central Sierra Miwok)","SUBJECTO":"Me-Wuk (Central Sierra Miwok)","BORDERPRECISION":1,"PARTOF":"Me-Wuk (Central Sierra Miwok)"}},
{"type":"Feature","geometry":{"type":"Polygon","coordinates":[[[-123.28,38.89],[-123.27,38.89],[-123.13,39.08],[-123.39,39.14],[-123.3,39.04],[-123.48,39.02],[-123.6,39.07],[-123.67,39.16],[-123.83,39.26],[-123.58,38.81],[-123.57,38.81],[-123.56,38.82],[-123.59,38.85],[-123.38,38.87],[-123.28,38.89]]]},"properties":{"NAME":"Central Pomo","ABBREVN":"Central Pomo","SUBJECTO":"Central Pomo","BORDERPRECISION":1,"PARTOF":"Central Pomo"}},
{"type":"Feature","geometry":{"type":"Polygon","coordinates":[[[-63.21,-33.66],[-63.6,-33.59],[-63.83,-33.54],[-64.54,-33.38],[-64.64,-33.34],[-65.51,-32.94],[-65.7,-32.97],[-65.71,-32.97],[-65.77,-32.98],[-66.24,-33.05],[-66.84,-33.4],[-67.15,-33.9],[-68.01,-34.67],[-68.05,-34.7],[-68.7,-34.76],[-69.62,-34.69],[-70.06,-34.65],[-69.69,-33.63],[-69.76,-32.39],[-70.17,-31.43],[-70.39,-31.1],[-70.34,-31],[-70.34,-30.98],[-70.4,-30.52],[-70.56,-30.49],[-70.68,-30.47],[-71.59,-30.47],[-71.68,-30.6],[-71.65,-31.24],[-71.62,-33.71],[-73.67,-37.5],[-73.19,-39.57],[-73.91,-40.84],[-72.63,-41.76],[-72.97,-43.71],[-72.4,-43.96],[-72.32,-43.98],[-72.3,-44.05],[-72.2,-44.1],[-72.16,-44.12],[-71.9,-44.31],[-71.57,-43.65],[-72.1,-42.92],[-72.17,-42.16],[-71.84,-41.58],[-71.39,-41.61],[-71.37,-41.61],[-71.24,-41.63],[-71.12,-42.33],[-69.62,-42.73],[-69.35,-43.05],[-69.19,-43.33],[-69.05,-43.57],[-69.05,-43.58],[-66.96,-43.95],[-66.44,-43.8],[-66.49,-43.7],[-66.28,-43.58],[-66.04,-43.51],[-65.92,-43.43],[-65.9,-43.42],[-65.8,-43.38],[-64.7,-43.2],[-64.54,-42.96],[-64.69,-42.65],[-64.94,-40.83],[-62.96,-41.14],[-61.36,-39.03],[-57.81,-38.39],[-56.7,-36.94],[-57.42,-36],[-60.4,-35.03],[-61.52,-34.11],[-62.39,-33.81],[-63.21,-33.66]]]},"properties":{"NAME":"Wallmapu (Mapuche)","ABBREVN":"Wallmapu (Mapuche)","SUBJECTO":"Wallmapu (Mapuche)","BORDERPRECISION":1,"PARTOF":"Wallmapu (Mapuche)"}},
{"type":"Feature","geometry":{"type":"Polygon","coordinates":[[[-84.82,45.88],[-84.74,45.88],[-84.7,45.96],[-84.69,45.98],[-84.56,45.99],[-84.6,46.46],[-84.98,46.7],[-85.37,46.7],[-85.67,46.67],[-86.73,46.44],[-87.65,46.81],[-88.02,46.91],[-88.25,46.86],[-88.41,46.81],[-88.46,46.92],[-87.9,47.39],[-88.3,47.4],[-89.31,46.88],[-90.53,46.6],[-90.88,46.6],[-90.8,46.81],[-91.87,46.71],[-91.9,46.89],[-91.98,48.22],[-92.87,48.6],[-93.08,48.67],[-94.53,49.15],[-96.92,50.3],[-96.72,50.97],[-96.63,51.27],[-96.62,51.3],[-96.85,51.64],[-97.35,51.91],[-97.56,51.89],[-97.58,51.89],[-97.84,51.84],[-98.69,52.53],[-98.93,52.88],[-99.01,53],[-101.17,53.92],[-102.61,53.97],[-102.82,53.74],[-103.01,53.43],[-103.07,53.34],[-104.7,52.85],[-105.68,53.2],[-106.19,53.2],[-106.44,53.19],[-107.18,53.06],[-107.66,52.48],[-107.68,52.45],[-108.35,52.52],[-109.18,53.21],[-109.99,53.59],[-110.03,53.61],[-110.91,53.86],[-111.3,53.98],[-112.08,53.99],[-112.1,53.98],[-112.81,53.55],[-112.88,53.52],[-113.75,53.03],[-113.75,52.73],[-113.75,52.26],[-113.75,51.48],[-113.57,50.86],[-113.41,50.33],[-112.95,49.02],[-112.93,48.98],[-112.43,48.12],[-112.33,47.96],[-112.04,47.46],[-111.85,47.13],[-111.62,46.74],[-111.26,46.28],[-110.9,45.8],[-110.83,45.72],[-110.28,44.99],[-110.07,44.73],[-109.8,44.38],[-108.02,42.6],[-107.32,42.47],[-107.23,42.45],[-107.1,42.42],[-106.64,42.22],[-106.42,42.12],[-105.99,41.65],[-105.78,41.12],[-105.71,40.95],[-105.63,40.81],[-105.43,40.46],[-105.34,40.3],[-105.24,39.96],[-105.12,39.51],[-104.76,38.86],[-104.62,38.6],[-103.99,38.53],[-103.85,38.52],[-103.78,38.51],[-103.01,38.34],[-102.94,38.31],[-102.7,38.21],[-102.35,38.06],[-102.23,38.01],[-101.91,37.87],[-101.89,37.86],[-101.74,37.8],[-101.12,37.83],[-100.57,37.8],[-100.51,37.8],[-100.3,37.78],[-99.97,37.75],[-99.11,38.55],[-98.51,38.39],[-98.35,38.35],[-97.77,38.02],[-97.72,37.99],[-97.67,37.9],[-97.53,37.63],[-97.41,37.41],[-97.28,37.22],[-96.93,36.69],[-96.91,36.67],[-96.84,36.61],[-96.78,36.56],[-96.72,36.51],[-96.57,36.38],[-96.32,36.16],[-96.19,36.06],[-95.86,35.76],[-95.46,35.44],[-95.25,35.27],[-95.12,35.16],[-94.54,34.93],[-94.45,34.91],[-94.19,34.88],[-94.02,34.85],[-93.31,35.05],[-92.82,35.07],[-92.74,35.07],[-91.92,34.26],[-91.06,33.89],[-91,33.86],[-90.77,34.17],[-90.59,34.42],[-90.58,34.43],[-90.08,35.12],[-89.74,35.79],[-89.72,35.84],[-89.67,35.94],[-89.28,36.51],[-89.24,36.57],[-89.13,36.73],[-89.1,36.78],[-89.1,37.04],[-89.1,37.1],[-88.95,37.19],[-88.91,37.22],[-88.89,37.23],[-88.68,37.21],[-88.66,37.2],[-88.59,37.15],[-88.56,37.12],[-88.53,37.09],[-88.51,37.08],[-88.5,37.07],[-88.49,37.08],[-88.47,37.12],[-88.43,37.16],[-88.42,37.18],[-88.26,37.4],[-88.24,37.42],[-88.18,37.5],[-88.08,37.65],[-87.97,37.79],[-87.96,37.81],[-87.93,37.84],[-87.92,37.88],[-87.75,38.25],[-87.58,38.59],[-87.49,38.8],[-87.43,38.91],[-87.13,39.68],[-87.04,39.99],[-86.96,40.26],[-86.85,40.63],[-87.22,41.63],[-87.38,41.63],[-87.55,41.77],[-87.63,41.84],[-87.65,41.97],[-87.66,41.98],[-87.68,42.02],[-87.81,42.42],[-87.86,42.96],[-87.91,43.19],[-87.86,43.36],[-87.77,43.55],[-87.76,43.58],[-87.71,43.88],[-87.56,44.13],[-87.54,44.29],[-87.49,44.44],[-87.37,44.68],[-87.72,44.7],[-87.94,44.56],[-87.99,44.67],[-87.19,45.57],[-86.72,45.87],[-86.54,45.86],[-86.68,45.7],[-86.64,45.62],[-86.6,45.64],[-86.59,45.68],[-85.55,46.06],[-85.14,46.03],[-84.82,45.88]]]},"properties":{"NAME":"Očhéthi Šakówiŋ","ABBREVN":"Očhéthi Šakówiŋ","SUBJECTO":"Očhéthi Šakówiŋ","BORDERPRECISION":1,"PARTOF":"Očhéthi Šakówiŋ"}},
{"type":"Feature","geometry":{"type":"Polygon","coordinates":[[[-123.71,40.71],[-123.75,40.73],[-123.81,40.85],[-123.77,40.94],[-123.8,40.95],[-123.84,40.96],[-123.85,40.96],[-123.87,40.94],[-123.86,40.92],[-123.87,40.88],[-123.98,40.83],[-123.96,40.75],[-123.96,40.74],[-123.93,40.65],[-123.77,40.64],[-123.72,40.71],[-123.71,40.71]]]},"properties":{"NAME":"Whilkut","ABBREVN":"Whilkut","SUBJECTO":"Whilkut","BORDERPRECISION":1,"PARTOF":"Whilkut"}},
{"type":"Feature","geometry":{"type":"Polygon","coordinates":[[[-79.39,33.55],[-79.45,33.54],[-79.53,33.45],[-79.5,33.24],[-79.31,33.27],[-79.44,33.37],[-79.41,33.48],[-79.39,33.55]]]},"properties":{"NAME":"Winyah","ABBREVN":"Winyah","SUBJECTO":"Winyah","BORDERPRECISION":1,"PARTOF":"Winyah"}},
{"type":"Feature","geometry":{"type":"Polygon","coordinates":[[[-69.53,-1.74],[-70.83,-1.68],[-70.82,-1.92],[-70.61,-2.16],[-69.53,-1.74]]]},"properties":{"NAME":"Yurí","ABBREVN":"Yurí","SUBJECTO":"Yurí","BORDERPRECISION":1,"PARTOF":"Yurí"}},
{"type":"Feature","geometry":{"type":"Polygon","coordinates":[[[-84.89,15.17],[-84.96,15.14],[-85.07,15.14],[-85.12,15.14],[-85.13,15.11],[-85.18,15.01],[-85.24,14.91],[-85.22,14.87],[-85.19,14.93],[-85.13,15],[-85,15.08],[-84.9,15.12],[-84.89,15.13],[-84.89,15.17]]]},"properties":{"NAME":"Tawahka","ABBREVN":"Tawahka","SUBJECTO":"Tawahka","BORDERPRECISION":1,"PARTOF":"Tawahka"}},
{"type":"Feature","geometry":{"type":"Polygon","coordinates":[[[-79.94,35.82],[-79.9,35.91],[-79.88,35.95],[-79.88,35.97],[-79.98,35.99],[-80.04,36],[-80.08,36],[-80.09,36],[-80.12,35.98],[-80.53,35.88],[-80.55,35.82],[-80.53,35.67],[-80.52,35.55],[-80.3,35.56],[-79.97,35.78],[-79.94,35.82]]]},"properties":{"NAME":"Keyauwee","ABBREVN":"Keyauwee","SUBJECTO":"Keyauwee","BORDERPRECISION":1,"PARTOF":"Keyauwee"}},
{"type":"Feature","geometry":{"type":"Polygon","coordinates":[[[-77.22,8.45],[-77.24,8.48],[-77.42,8.62],[-77.43,8.63],[-77.47,8.57],[-77.43,8.49],[-77.42,8.48],[-77.41,8.47],[-77.4,8.47],[-77.34,8.43],[-77.22,8.45]]]},"properties":{"NAME":"Emberá Dobidá","ABBREVN":"Emberá Dobidá","SUBJECTO":"Emberá Dobidá","BORDERPRECISION":1,"PARTOF":"Emberá Dobidá"}},
{"type":"Feature","geometry":{"type":"MultiPolygon","coordinates":[[[[-62.9,-11.15],[-62.9,-11.13],[-62.94,-11.04],[-62.95,-11.04],[-62.92,-11.09],[-62.9,-11.15]]],[[[-62.7,-11.13],[-62.72,-11.13],[-62.73,-11.14],[-62.7,-11.13]]]]},"properties":{"NAME":"Envuga (Kawahib)","ABBREVN":"Envuga (Kawahib)","SUBJECTO":"Envuga (Kawahib)","BORDERPRECISION":1,"PARTOF":"Envuga (Kawahib)"}},
{"type":"Feature","geometry":{"type":"Polygon","coordinates":[[[-64.37,-9.58],[-64.95,-9.8],[-64.48,-10.24],[-64.37,-9.58]]]},"properties":{"NAME":"Ahé (Kawahib)","ABBREVN":"Ahé (Kawahib)","SUBJECTO":"Ahé (Kawahib)","BORDERPRECISION":1,"PARTOF":"Ahé (Kawahib)"}},
{"type":"Feature","geometry":{"type":"Polygon","coordinates":[[[-104.15,28.81],[-104.15,28.79],[-103.83,28.6],[-103.88,28.53],[-103.88,28.52],[-103.7,28.55],[-103.87,28.64],[-104.13,28.8],[-104.15,28.81]]]},"properties":{"NAME":"Chiso","ABBREVN":"Chiso","SUBJECTO":"Chiso","BORDERPRECISION":1,"PARTOF":"Chiso"}},
{"type":"Feature","geometry":{"type":"Polygon","coordinates":[[[-71.07,1.7],[-71.04,1.2],[-71.03,1.18],[-71.07,1.7]]]},"properties":{"NAME":"Kubéwa/Cubeo","ABBREVN":"Kubéwa/Cubeo","SUBJECTO":"Kubéwa/Cubeo","BORDERPRECISION":1,"PARTOF":"Kubéwa/Cubeo"}},
{"type":"Feature","geometry":{"type":"MultiPolygon","coordinates":[[[[-65.05,-23.98],[-65.04,-23.75],[-65.06,-23.65],[-65.07,-23.56],[-65.09,-23.56],[-65.08,-23.68],[-65.05,-23.98]]],[[[-64.56,-26.06],[-64.52,-25.69],[-64.48,-25.39],[-64.47,-24.94],[-64.46,-24.83],[-64.46,-24.8],[-64.46,-24.67],[-64.69,-24.72],[-64.97,-24.38],[-65.03,-24.31],[-65.02,-24.38],[-64.99,-24.8],[-64.97,-25.08],[-64.95,-25.1],[-64.92,-25.15],[-64.92,-25.16],[-64.86,-25.22],[-64.83,-25.24],[-64.78,-25.3],[-64.73,-25.5],[-64.65,-25.71],[-64.63,-25.77],[-64.56,-26.06]]],[[[-70.46,-23.93],[-70.4,-24.28],[-69.74,-24.8],[-69.59,-24.9],[-69.54,-24.93],[-69.11,-25.21],[-68.33,-25.73],[-66.93,-27.04],[-66.84,-27.08],[-66.33,-27.32],[-65.87,-27.52],[-65.37,-27.56],[-65.49,-27.44],[-65.48,-27.3],[-65.47,-27.17],[-65.43,-26.9],[-65.47,-25.76],[-65.46,-25.53],[-65.43,-25.39],[-65.43,-25.38],[-65.42,-25.38],[-65.36,-25.27],[-65.25,-25.14],[-65.12,-25.09],[-65.11,-25.09],[-64.98,-25.08],[-65,-24.8],[-65.03,-24.38],[-65.04,-24.3],[-65.08,-24.25],[-65.06,-24.05],[-65.07,-23.88],[-65.09,-23.69],[-65.1,-23.56],[-65.51,-23.66],[-65.76,-23.72],[-65.77,-23.71],[-65.79,-23.71],[-66.32,-23.62],[-67.08,-23.49],[-67.13,-23.48],[-67.15,-23.53],[-67.17,-23.71],[-67.17,-23.75],[-67.18,-23.77],[-67.24,-24.02],[-67.44,-24.18],[-67.59,-24.22],[-67.68,-24.25],[-68.15,-24.54],[-68.7,-24.19],[-68.71,-24.07],[-68.73,-23.87],[-68.73,-23.8],[-68.71,-23.47],[-68.7,-23.23],[-68.65,-23.07],[-68.65,-23.06],[-68.99,-22.92],[-69.06,-22.85],[-69.23,-22.67],[-69.63,-22.25],[-70,-21.57],[-70.04,-21.43],[-70.11,-21.45],[-70.11,-21.75],[-70.46,-23.93]]]]},"properties":{"NAME":"Chichas","ABBREVN":"Chichas","SUBJECTO":"Chichas","BORDERPRECISION":1,"PARTOF":"Chichas"}},
{"type":"Feature","geometry":{"type":"MultiPolygon","coordinates":[[[[-62.45,4.2],[-62.51,4.25],[-62.86,4.66],[-63.03,4.79],[-63.08,4.58],[-63.08,4.55],[-63.07,4.55],[-63.02,4.44],[-62.81,4.21],[-62.65,4.14],[-62.55,4.19],[-62.45,4.2]]],[[[-62.12,3.66],[-62.09,3.69],[-62.1,3.71],[-62.12,3.66]]]]},"properties":{"NAME":"Yanam (Ninam)","ABBREVN":"Yanam (Ninam)","SUBJECTO":"Yanam (Ninam)","BORDERPRECISION":1,"PARTOF":"Yanam (Ninam)"}},
{"type":"Feature","geometry":{"type":"Polygon","coordinates":[[[-72.09,41.37],[-71.84,41.39],[-71.81,41.39],[-71.79,41.41],[-71.79,41.42],[-71.78,41.42],[-71.79,41.48],[-71.79,41.5],[-71.78,41.58],[-71.75,41.67],[-71.73,41.77],[-71.78,41.84],[-71.79,41.84],[-71.82,41.83],[-71.89,41.81],[-71.95,41.79],[-72.06,41.78],[-72.37,41.86],[-72.33,41.53],[-72.29,41.42],[-72.09,41.37]]]},"properties":{"NAME":"Mohegan","ABBREVN":"Mohegan","SUBJECTO":"Mohegan","BORDERPRECISION":1,"PARTOF":"Mohegan"}},
{"type":"Feature","geometry":{"type":"Polygon","coordinates":[[[-119.11,47.54],[-119.04,47.15],[-119.15,47],[-119.07,47.01],[-118.77,47.06],[-118.77,47.2],[-118.77,47.35],[-118.73,47.47],[-118.69,47.5],[-118.65,47.52],[-118.64,47.53],[-118.67,47.54],[-118.76,47.54],[-118.97,47.54],[-118.98,47.54],[-119.11,47.54]]]},"properties":{"NAME":"Moses/Columbia","ABBREVN":"Moses/Columbia","SUBJECTO":"Moses/Columbia","BORDERPRECISION":1,"PARTOF":"Moses/Columbia"}},
{"type":"Feature","geometry":{"type":"MultiPolygon","coordinates":[[[[-121.1,47.79],[-121.12,47.79],[-121.11,47.77],[-121.09,47.76],[-121.09,47.75],[-121.09,47.74],[-121.14,47.67],[-121.14,47.59],[-121.13,47.57],[-121.12,47.56],[-121.16,47.55],[-121.23,47.53],[-121.22,47.5],[-121.22,47.49],[-121.2,47.41],[-121.32,47.28],[-121.29,47.26],[-121.23,47.29],[-121.02,47.72],[-121.06,47.75],[-121.07,47.76],[-121.1,47.79]]],[[[-120.97,48.12],[-120.98,48.1],[-121.01,48.09],[-121.05,48.08],[-121.14,48.05],[-121.15,48.03],[-121.14,48.01],[-121.13,48.01],[-121.13,48],[-121.14,48],[-121.14,47.99],[-121.15,47.99],[-121.15,47.98],[-121.19,47.94],[-121.16,47.84],[-121.14,47.83],[-121.15,47.84],[-121.14,47.85],[-121.12,47.88],[-121.06,48],[-120.94,48.07],[-120.97,48.12]]]]},"properties":{"NAME":"np̓əšqʷáw̓səxʷ (Wenatchi)","ABBREVN":"np̓əšqʷáw̓səxʷ (Wenatchi)","SUBJECTO":"np̓əšqʷáw̓səxʷ (Wenatchi)","BORDERPRECISION":1,"PARTOF":"np̓əšqʷáw̓səxʷ (Wenatchi)"}},
{"type":"Feature","geometry":{"type":"Polygon","coordinates":[[[-72.7,41.91],[-72.69,41.92],[-72.74,41.9],[-72.7,41.91]]]},"properties":{"NAME":"Poquonook","ABBREVN":"Poquonook","SUBJECTO":"Poquonook","BORDERPRECISION":1,"PARTOF":"Poquonook"}},
{"type":"Feature","geometry":{"type":"Polygon","coordinates":[[[-79.1,50.12],[-78.88,50.25],[-78.33,49.87],[-78.04,49.99],[-77.76,50.11],[-76.46,49.05],[-76.62,48.62],[-76.64,48.54],[-76.43,48.47],[-76.43,48.41],[-76.42,48.21],[-76.26,48.21],[-75.85,48.2],[-75.72,48.56],[-75.89,48.62],[-75.87,48.89],[-75.67,48.95],[-75.37,49.04],[-74.05,48.86],[-74.05,49.25],[-74.14,49.29],[-74.09,49.37],[-73.99,49.55],[-73.78,49.96],[-73.69,50.3],[-73.48,50.54],[-71.47,51.75],[-70.97,53.44],[-70.69,54.02],[-70.44,54.37],[-70.42,54.4],[-70.2,54.5],[-71.15,54.57],[-71.81,54.62],[-74.22,54.75],[-74.77,54.75],[-75.06,54.37],[-76.99,53.12],[-78.84,53.28],[-79.53,51.42],[-79.34,50.84],[-79.63,51.04],[-79.64,50.79],[-79.6,50.74],[-79.37,50.46],[-79.2,50.25],[-79.1,50.12]]]},"properties":{"NAME":"Eeyou Istchee","ABBREVN":"Eeyou Istchee","SUBJECTO":"Eeyou Istchee","BORDERPRECISION":1,"PARTOF":"Eeyou Istchee"}},
{"type":"Feature","geometry":{"type":"Polygon","coordinates":[[[-63.05,-12.73],[-63.07,-12.71],[-63.19,-12.63],[-63.21,-12.64],[-63.23,-12.66],[-64.15,-12.98],[-63.47,-13.33],[-63.03,-12.77],[-63.05,-12.73]]]},"properties":{"NAME":"Itonama","ABBREVN":"Itonama","SUBJECTO":"Itonama","BORDERPRECISION":1,"PARTOF":"Itonama"}},
{"type":"Feature","geometry":{"type":"Polygon","coordinates":[[[-72.91,6.86],[-72.93,6.85],[-73.07,6.7],[-73.2,6.41],[-73.45,6.29],[-73.71,6.35],[-73.81,6.34],[-73.83,6.35],[-74.03,6.31],[-74.68,4.33],[-73.21,4.69],[-72.48,5.81],[-72.47,5.95],[-72.64,7.1],[-72.74,6.99],[-72.91,6.86]]]},"properties":{"NAME":"Muisca","ABBREVN":"Muisca","SUBJECTO":"Muisca","BORDERPRECISION":1,"PARTOF":"Muisca"}},
{"type":"Feature","geometry":{"type":"MultiPolygon","coordinates":[[[[-127.8,52.82],[-127.8,52.8],[-127.89,52.71],[-127.91,52.71],[-127.92,52.71],[-127.98,52.69],[-128.07,52.68],[-128.06,52.5],[-127.71,52.39],[-127.35,52.72],[-127.25,52.86],[-127.26,52.94],[-127.29,52.91],[-127.27,52.85],[-127.47,52.75],[-127.68,52.79],[-127.76,52.76],[-127.79,52.81],[-127.8,52.82]]],[[[-128.5,53.28],[-128.52,53.28],[-128.46,53.26],[-128.47,53.26],[-128.5,53.28]]]]},"properties":{"NAME":"Heiltsuk","ABBREVN":"Heiltsuk","SUBJECTO":"Heiltsuk","BORDERPRECISION":1,"PARTOF":"Heiltsuk"}},
{"type":"Feature","geometry":{"type":"Polygon","coordinates":[[[-61.74,-10.5],[-61.52,-10.84],[-61.51,-10.84],[-61.53,-10.78],[-61.61,-10.65],[-61.65,-10.61],[-61.74,-10.5]]]},"properties":{"NAME":"I'târap","ABBREVN":"I'târap","SUBJECTO":"I'târap","BORDERPRECISION":1,"PARTOF":"I'târap"}},
{"type":"Feature","geometry":{"type":"Polygon","coordinates":[[[-65.1,-14.07],[-65.1,-14.14],[-65.09,-14.12],[-65.1,-14.07]]]},"properties":{"NAME":"Canichana","ABBREVN":"Canichana","SUBJECTO":"Canichana","BORDERPRECISION":1,"PARTOF":"Canichana"}},
{"type":"Feature","geometry":{"type":"MultiPolygon","coordinates":[[[[-53.59,-10.95],[-53.72,-10.98],[-53.83,-11.04],[-53.89,-11.04],[-53.89,-11.01],[-54.65,-11.06],[-54.65,-11.07],[-54.65,-11.09],[-53.89,-11.06],[-53.84,-11.06],[-53.87,-11.13],[-53.89,-11.17],[-53.98,-11.46],[-53.99,-11.54],[-53.9,-11.51],[-53.8,-11.35],[-53.79,-11.31],[-53.78,-11.25],[-53.6,-11.11],[-53.59,-10.95]]],[[[-54.03,-11.91],[-54.04,-12.09],[-54.07,-12.76],[-54.01,-12.75],[-54.03,-11.91]]]]},"properties":{"NAME":"Ikpeng","ABBREVN":"Ikpeng","SUBJECTO":"Ikpeng","BORDERPRECISION":1,"PARTOF":"Ikpeng"}},
{"type":"Feature","geometry":{"type":"Polygon","coordinates":[[[-88.76,36.54],[-88.87,36.49],[-89.59,35.58],[-89.66,34.88],[-89.77,34.52],[-89.85,34.29],[-89.89,34.19],[-88.95,33.83],[-88.99,34.17],[-88.65,35.76],[-88.67,36.1],[-88.71,36.55],[-88.76,36.54]]]},"properties":{"NAME":"Chikashsha Yaki (Chickasaw)","ABBREVN":"Chikashsha Yaki (Chickasaw)","SUBJECTO":"Chikashsha Yaki (Chickasaw)","BORDERPRECISION":1,"PARTOF":"Chikashsha Yaki (Chickasaw)"}},
{"type":"Feature","geometry":{"type":"MultiPolygon","coordinates":[[[[-67.54,-1.69],[-67.46,-1.78],[-66.66,-1.79],[-66.63,-1.79],[-67.54,-1.69]]],[[[-66.48,-1.75],[-65.46,-0.77],[-67.22,-0.72],[-67.55,-1.47],[-67.54,-1.68],[-66.61,-1.78],[-66.48,-1.75]]]]},"properties":{"NAME":"Nadöb","ABBREVN":"Nadöb","SUBJECTO":"Nadöb","BORDERPRECISION":1,"PARTOF":"Nadöb"}},
{"type":"Feature","geometry":{"type":"Polygon","coordinates":[[[-66.8,-15.47],[-66.5,-14.93],[-67,-15.1],[-66.8,-15.47]]]},"properties":{"NAME":"Tsimane’","ABBREVN":"Tsimane’","SUBJECTO":"Tsimane’","BORDERPRECISION":1,"PARTOF":"Tsimane’"}},
{"type":"Feature","geometry":{"type":"Polygon","coordinates":[[[-78,9.04],[-78.09,8.98],[-77.9,8.81],[-77.77,8.83],[-78,9.04]]]},"properties":{"NAME":"Guna of Wargandí","ABBREVN":"Guna of Wargandí","SUBJECTO":"Guna of Wargandí","BORDERPRECISION":1,"PARTOF":"Guna of Wargandí"}},
{"type":"Feature","geometry":{"type":"Polygon","coordinates":[[[-62.24,-22.49],[-62.25,-22.49],[-62.24,-22.5],[-62.24,-22.49]]]},"properties":{"NAME":"Lumnanas","ABBREVN":"Lumnanas","SUBJECTO":"Lumnanas","BORDERPRECISION":1,"PARTOF":"Lumnanas"}},
{"type":"Feature","geometry":{"type":"Polygon","coordinates":[[[-73.33,-4.59],[-73.18,-4.41],[-73.13,-4.29],[-73.11,-4.24],[-73.09,-4.19],[-73.07,-4.12],[-73.08,-4.05],[-73.08,-3.99],[-73.09,-3.9],[-72.91,-3.68],[-72.47,-3.52],[-72.09,-3.57],[-71.73,-3.63],[-71.4,-3.67],[-71.44,-3.75],[-71.45,-3.81],[-71.45,-3.86],[-71.45,-3.87],[-71.43,-3.97],[-71.28,-4.24],[-71.17,-4.33],[-71.16,-4.34],[-71.1,-4.36],[-70.86,-4.44],[-70.55,-4.52],[-70.5,-4.54],[-69.95,-4.63],[-69.71,-4.63],[-69.5,-4.63],[-67.34,-3.28],[-66.07,-3.19],[-65.32,-3.47],[-64.98,-3.85],[-64.64,-3.88],[-64.63,-3.88],[-64.25,-3.83],[-63.95,-3.38],[-63.98,-3.28],[-64.05,-3.09],[-64.37,-2.8],[-64.77,-2.62],[-64.83,-2.59],[-64.9,-2.55],[-65.29,-2.34],[-65.59,-2.24],[-65.6,-2.24],[-65.9,-2.14],[-65.91,-2.14],[-66,-2.11],[-67.32,-2.04],[-69.73,-2.61],[-69.75,-2.62],[-69.85,-2.64],[-70,-2.77],[-70.02,-2.8],[-70.17,-3],[-70.28,-3.17],[-70.28,-3.18],[-70.33,-3.25],[-70.36,-3.31],[-70.59,-3.54],[-71.39,-3.66],[-71.74,-3.61],[-72.09,-3.56],[-72.31,-3.53],[-72.44,-3.51],[-72.47,-3.51],[-72.48,-3.49],[-72.51,-3.39],[-72.61,-3.27],[-72.65,-3.24],[-72.73,-3.18],[-72.75,-3.16],[-72.83,-3.14],[-72.93,-3.12],[-73.03,-3.11],[-73.15,-3.1],[-73.16,-3.09],[-73.29,-3.09],[-73.46,-3.2],[-73.51,-3.23],[-73.57,-3.47],[-73.55,-4.16],[-73.86,-4.35],[-74,-4.33],[-74.48,-4.39],[-74.63,-4.4],[-75.46,-4.78],[-75.75,-5.12],[-75.77,-5.25],[-75.76,-5.3],[-75.73,-5.45],[-75.63,-5.62],[-75.62,-5.63],[-75.59,-5.66],[-75.38,-5.9],[-75.28,-5.96],[-75.1,-6.06],[-74.64,-6.1],[-74.19,-5.81],[-74.14,-5.76],[-73.98,-5.53],[-73.94,-5.4],[-73.35,-4.61],[-73.33,-4.59]]]},"properties":{"NAME":"Inikana/Kukama Kukamiria/Kokama","ABBREVN":"Inikana/Kukama Kukamiria/Kokama","SUBJECTO":"Inikana/Kukama Kukamiria/Kokama","BORDERPRECISION":1,"PARTOF":"Inikana/Kukama Kukamiria/Kokama"}},
{"type":"Feature","geometry":{"type":"Polygon","coordinates":[[[-73.8,11.31],[-73.82,11.19],[-73.79,11.03],[-73.67,10.82],[-73.65,10.8],[-73.61,10.75],[-73.57,10.7],[-73.46,10.59],[-73.4,10.52],[-73.29,10.4],[-73.27,10.37],[-73.26,10.36],[-72.99,10.1],[-72.94,10.04],[-72.83,9.94],[-72.71,9.77],[-72.69,9.74],[-72.39,9.37],[-72.16,8.95],[-71.82,8.8],[-71.66,8.79],[-71.64,8.79],[-71.59,8.81],[-71.48,8.84],[-71.09,9],[-70.99,9.09],[-70.97,9.12],[-70.95,9.15],[-70.9,9.23],[-70.93,9.38],[-71,9.56],[-71.02,9.61],[-71.76,9.25],[-71.84,11.15],[-71.99,11.61],[-71.19,11.91],[-71.7,12.43],[-73.08,11.45],[-73.78,11.33],[-73.79,11.33],[-73.8,11.31]]]},"properties":{"NAME":"Wayúu","ABBREVN":"Wayúu","SUBJECTO":"Wayúu","BORDERPRECISION":1,"PARTOF":"Wayúu"}},
{"type":"Feature","geometry":{"type":"Polygon","coordinates":[[[-63.8,4.9],[-63.87,5.15],[-64.35,6.44],[-64.8,6.53],[-65.06,6.45],[-65.11,6.44],[-65.25,6.39],[-65.52,6.31],[-65.63,6.26],[-65.83,6.18],[-65.83,6.19],[-65.84,6.19],[-66.07,6.08],[-66.43,3.92],[-65.46,2.97],[-65.32,3],[-65.28,3.24],[-64.97,3.63],[-65.47,4.23],[-65.56,4.7],[-65.92,5.02],[-65.96,5.12],[-65.97,5.13],[-66,5.27],[-65.79,5.33],[-65.45,5.32],[-65.38,5.33],[-65.05,5.36],[-64.56,6.01],[-64.2,5.77],[-63.98,5.03],[-63.88,4.97],[-63.8,4.9]]]},"properties":{"NAME":"So'to (Yekuana)","ABBREVN":"So'to (Yekuana)","SUBJECTO":"So'to (Yekuana)","BORDERPRECISION":1,"PARTOF":"So'to (Yekuana)"}},
{"type":"Feature","geometry":{"type":"Polygon","coordinates":[[[-121.74,36.45],[-121.55,36.05],[-121.54,36.06],[-121.62,36.53],[-121.74,36.45]]]},"properties":{"NAME":"Esselen","ABBREVN":"Esselen","SUBJECTO":"Esselen","BORDERPRECISION":1,"PARTOF":"Esselen"}},
{"type":"Feature","geometry":{"type":"Polygon","coordinates":[[[-52.51,-4.48],[-52.45,-4.64],[-52.42,-4.85],[-52.33,-5.02],[-52.22,-5.01],[-52.1,-4.98],[-52.01,-4.97],[-51.98,-4.97],[-51.66,-3.75],[-51.67,-3.72],[-51.68,-3.74],[-52.27,-3.85],[-52.36,-4.02],[-52.43,-4.27],[-52.43,-4.29],[-52.5,-4.45],[-52.51,-4.48]]]},"properties":{"NAME":"Awaeté (Asurini of the Xingu)","ABBREVN":"Awaeté (Asurini of the Xingu)","SUBJECTO":"Awaeté (Asurini of the Xingu)","BORDERPRECISION":1,"PARTOF":"Awaeté (Asurini of the Xingu)"}},
{"type":"Feature","geometry":{"type":"MultiPolygon","coordinates":[[[[-62.1,-7.14],[-61.8,-6.7],[-61.71,-6.58],[-61.7,-6.57],[-61.68,-6.55],[-62.11,-6.99],[-62.14,-6.99],[-62.12,-7.03],[-62.09,-7.1],[-62.1,-7.14]]],[[[-62.23,-7.51],[-62.2,-7.46],[-62.19,-7.46],[-62.17,-7.46],[-62.18,-7.35],[-62.2,-7.41],[-62.23,-7.51]]],[[[-62.29,-7.82],[-62.28,-7.83],[-62.22,-7.86],[-62.18,-7.71],[-62.22,-7.67],[-62.23,-7.53],[-62.26,-7.69],[-62.28,-7.79],[-62.29,-7.82]]]]},"properties":{"NAME":"Hiaitsiihi","ABBREVN":"Hiaitsiihi","SUBJECTO":"Hiaitsiihi","BORDERPRECISION":1,"PARTOF":"Hiaitsiihi"}},
{"type":"Feature","geometry":{"type":"Polygon","coordinates":[[[-67.34,0.23],[-67.4,0.27],[-67.61,0.41],[-68.23,0.6],[-68.42,0.74],[-68.7,0.6],[-68.73,0.59],[-68.89,0.56],[-68.93,0.55],[-69.11,0.52],[-69.26,0.49],[-69.29,0.48],[-69.3,0.48],[-69.55,0.43],[-69.6,0.42],[-69.61,0.42],[-69.71,0.43],[-69.81,0.44],[-69.84,0.44],[-69.85,0.44],[-69.92,0.44],[-69.98,0.45],[-70.05,0.45],[-70.08,0.46],[-70.13,0.46],[-70.24,0.47],[-70.3,0.47],[-70.32,0.48],[-70.4,0.51],[-70.53,0.56],[-70.55,0.57],[-70.57,0.56],[-70.62,0.52],[-70.65,0.49],[-70.8,0.33],[-70.92,0.21],[-70.97,0.16],[-70.97,0.15],[-70.98,0.12],[-71,0.07],[-70.99,0.02],[-70.98,-0.02],[-70.93,-0.19],[-70.86,-0.31],[-70.84,-0.34],[-70.64,-0.36],[-70.58,-0.39],[-70.46,-0.29],[-70.42,-0.26],[-70.38,-0.24],[-70.27,-0.21],[-70.26,-0.22],[-70.18,-0.22],[-70.07,-0.24],[-70.06,-0.24],[-70.04,-0.25],[-69.97,-0.29],[-69.91,-0.32],[-69.87,-0.34],[-69.87,-0.35],[-69.78,-0.31],[-69.76,-0.3],[-67.75,-0.34],[-67.74,-0.34],[-67.56,-0.33],[-67.36,-0.31],[-67.25,-0.25],[-67.2,-0.14],[-67.18,-0.03],[-67.18,-0.02],[-67.17,0.07],[-67.34,0.23]]]},"properties":{"NAME":"Barasano/Panenoá","ABBREVN":"Barasano/Panenoá","SUBJECTO":"Barasano/Panenoá","BORDERPRECISION":1,"PARTOF":"Barasano/Panenoá"}},
{"type":"Feature","geometry":{"type":"Polygon","coordinates":[[[-44.86,-5.53],[-44.72,-5.35],[-44.67,-5.09],[-44.82,-4.47],[-45.01,-4.16],[-45.05,-4.11],[-45.23,-3.85],[-46.01,-3.54],[-47,-4.83],[-46.04,-6.1],[-45,-5.71],[-44.86,-5.53]]]},"properties":{"NAME":"Guajajara","ABBREVN":"Guajajara","SUBJECTO":"Guajajara","BORDERPRECISION":1,"PARTOF":"Guajajara"}},
{"type":"Feature","geometry":{"type":"Polygon","coordinates":[[[-79.88,35.97],[-79.88,35.95],[-79.9,35.91],[-79.8,35.86],[-79.57,35.85],[-79.55,35.85],[-79.47,35.92],[-79.49,35.92],[-79.78,35.95],[-79.8,35.95],[-79.88,35.97]]]},"properties":{"NAME":"Shakori","ABBREVN":"Shakori","SUBJECTO":"Shakori","BORDERPRECISION":1,"PARTOF":"Shakori"}},
{"type":"Feature","geometry":{"type":"Polygon","coordinates":[[[-64.29,-24.58],[-64.32,-24.67],[-64.37,-24.83],[-64.38,-24.86],[-64.47,-24.94],[-64.48,-25.39],[-64.52,-25.69],[-64.31,-25.63],[-64.2,-25.6],[-63.77,-25.58],[-63.47,-25.57],[-63.42,-25.57],[-63.2,-25.6],[-62.33,-25.52],[-62.2,-25.49],[-62.06,-25.59],[-61.84,-25.43],[-60.52,-24.7],[-60.75,-24.43],[-60.93,-24.15],[-61.17,-23.75],[-61.37,-23.42],[-62.07,-22.86],[-62.15,-22.69],[-62.24,-22.5],[-62.25,-22.49],[-62.47,-22.43],[-62.51,-22.42],[-62.66,-22.36],[-62.75,-22.33],[-62.77,-22.32],[-62.92,-22.27],[-63.21,-22.49],[-63.23,-22.51],[-63.24,-22.51],[-63.35,-22.66],[-63.53,-23.33],[-63.54,-23.34],[-63.58,-23.45],[-63.73,-23.82],[-63.87,-24.17],[-64.21,-24.5],[-64.29,-24.58]]]},"properties":{"NAME":"Weenhayek/Wichí","ABBREVN":"Weenhayek/Wichí","SUBJECTO":"Weenhayek/Wichí","BORDERPRECISION":1,"PARTOF":"Weenhayek/Wichí"}},
{"type":"Feature","geometry":null,"properties":{"NAME":"Matlatzinco/Tlahuica/Ocuiltec","ABBREVN":"Matlatzinco/Tlahuica/Ocuiltec","SUBJECTO":"Matlatzinco/Tlahuica/Ocuiltec","BORDERPRECISION":1,"PARTOF":"Matlatzinco/Tlahuica/Ocuiltec"}},
{"type":"Feature","geometry":{"type":"Polygon","coordinates":[[[-124.4,49.03],[-124.49,49.06],[-124.52,49.1],[-124.53,49.08],[-124.53,49.06],[-124.53,49.04],[-124.51,49],[-124.51,48.99],[-124.53,48.96],[-124.56,48.96],[-124.59,48.96],[-124.6,48.96],[-124.6,48.95],[-124.61,48.93],[-124.61,48.89],[-124.57,48.89],[-124.55,48.88],[-124.52,48.85],[-124.51,48.85],[-124.48,48.83],[-124.42,48.82],[-124.41,48.8],[-124.38,48.77],[-124.37,48.77],[-124.3,48.74],[-124.21,48.74],[-124.19,48.74],[-124.18,48.74],[-124.17,48.74],[-124.13,48.73],[-124.11,48.72],[-124.09,48.72],[-124.08,48.71],[-124.07,48.71],[-124.07,48.7],[-124.07,48.69],[-124.06,48.68],[-124.04,48.67],[-123.98,48.66],[-123.97,48.65],[-123.98,48.66],[-124.03,48.7],[-124.05,48.72],[-124.09,48.75],[-124.17,48.83],[-124.18,48.83],[-124.25,48.89],[-124.33,48.96],[-124.33,48.97],[-124.34,48.98],[-124.35,48.99],[-124.4,49.03]]]},"properties":{"NAME":"Hul'qumi'num Treaty Group","ABBREVN":"Hul'qumi'num Treaty Group","SUBJECTO":"Hul'qumi'num Treaty Group","BORDERPRECISION":1,"PARTOF":"Hul'qumi'num Treaty Group"}},
{"type":"Feature","geometry":{"type":"Polygon","coordinates":[[[-38.68,-10.59],[-38.72,-10.69],[-38.6,-10.74],[-38.53,-10.58],[-38.68,-10.59]]]},"properties":{"NAME":"Kiriri","ABBREVN":"Kiriri","SUBJECTO":"Kiriri","BORDERPRECISION":1,"PARTOF":"Kiriri"}},
{"type":"Feature","geometry":{"type":"Polygon","coordinates":[[[-39.51,-8.6],[-39.46,-8.82],[-39.32,-8.84],[-39.24,-8.64],[-39.51,-8.6]]]},"properties":{"NAME":"Tumbalalá","ABBREVN":"Tumbalalá","SUBJECTO":"Tumbalalá","BORDERPRECISION":1,"PARTOF":"Tumbalalá"}},
{"type":"Feature","geometry":{"type":"Polygon","coordinates":[[[-79.13,1.05],[-79.16,1.01],[-79.13,0.85],[-79.08,0.83],[-79.12,0.91],[-79.13,1.05]]]},"properties":{"NAME":"Épera","ABBREVN":"Épera","SUBJECTO":"Épera","BORDERPRECISION":1,"PARTOF":"Épera"}},
{"type":"Feature","geometry":{"type":"MultiPolygon","coordinates":[[[[-107.28,32.81],[-107.33,32.97],[-107.33,32.92],[-107.28,32.81]]],[[[-106.63,32.06],[-106.64,32.12],[-106.75,32.27],[-106.68,32.15],[-106.63,32.06]]]]},"properties":{"NAME":"Tampachoa (Mansos)","ABBREVN":"Tampachoa (Mansos)","SUBJECTO":"Tampachoa (Mansos)","BORDERPRECISION":1,"PARTOF":"Tampachoa (Mansos)"}},
{"type":"Feature","geometry":{"type":"Polygon","coordinates":[[[-64.5,-16.85],[-64.33,-16.85],[-64,-16.7],[-63.99,-16.69],[-63.99,-16.55],[-64.29,-16.57],[-64.46,-16.54],[-64.49,-16.52],[-64.49,-16.55],[-64.5,-16.85]]]},"properties":{"NAME":"Bia Mbyá","ABBREVN":"Bia Mbyá","SUBJECTO":"Bia Mbyá","BORDERPRECISION":1,"PARTOF":"Bia Mbyá"}},
{"type":"Feature","geometry":{"type":"Polygon","coordinates":[[[-58.49,-24.37],[-58.51,-24.35],[-58.55,-24.35],[-58.77,-24.38],[-58.79,-24.37],[-58.78,-24.39],[-58.77,-24.39],[-58.52,-24.37],[-58.49,-24.37]]]},"properties":{"NAME":"Toba-Lengua","ABBREVN":"Toba-Lengua","SUBJECTO":"Toba-Lengua","BORDERPRECISION":1,"PARTOF":"Toba-Lengua"}},
{"type":"Feature","geometry":{"type":"Polygon","coordinates":[[[-121.94,39.49],[-121.9,39.49],[-121.84,39.5],[-121.81,39.52],[-121.83,39.58],[-121.92,39.58],[-121.94,39.51],[-121.94,39.49]]]},"properties":{"NAME":"Mechoopda","ABBREVN":"Mechoopda","SUBJECTO":"Mechoopda","BORDERPRECISION":1,"PARTOF":"Mechoopda"}},
{"type":"Feature","geometry":{"type":"Polygon","coordinates":[[[-77.64,37.19],[-77.62,37.18],[-77.58,37.17],[-77.35,37.09],[-77.24,37.06],[-77.22,37.06],[-77.17,37.04],[-77.1,37.03],[-76.96,37.01],[-76.91,37],[-76.82,36.98],[-76.84,37.01],[-76.88,37.06],[-76.99,37.1],[-77,37.11],[-77.21,37.16],[-77.26,37.17],[-77.57,37.2],[-77.62,37.2],[-77.64,37.19]]]},"properties":{"NAME":"Cheroenhaka (Nottoway)","ABBREVN":"Cheroenhaka (Nottoway)","SUBJECTO":"Cheroenhaka (Nottoway)","BORDERPRECISION":1,"PARTOF":"Cheroenhaka (Nottoway)"}},
{"type":"Feature","geometry":{"type":"Polygon","coordinates":[[[-119.81,37.74],[-119.82,37.74],[-119.85,37.74],[-119.93,37.76],[-120.1,37.79],[-120.12,37.78],[-120.18,37.77],[-120.22,37.76],[-120.25,37.76],[-120.26,37.76],[-120.28,37.75],[-120.25,37.69],[-120.49,37.62],[-120.3,37.47],[-120.32,37.45],[-120.27,37.41],[-120.22,37.37],[-120.14,37.29],[-120.08,37.28],[-120.07,37.27],[-120.04,37.33],[-120.01,37.38],[-119.89,37.45],[-119.86,37.46],[-119.79,37.49],[-119.71,37.53],[-119.7,37.54],[-119.7,37.53],[-119.65,37.47],[-119.62,37.32],[-119.61,37.31],[-119.6,37.32],[-119.58,37.33],[-119.51,37.37],[-119.49,37.4],[-119.6,37.43],[-119.66,37.5],[-119.69,37.53],[-119.8,37.66],[-119.81,37.74]]]},"properties":{"NAME":"Me-Wuk (Southern Sierra Miwok)","ABBREVN":"Me-Wuk (Southern Sierra Miwok)","SUBJECTO":"Me-Wuk (Southern Sierra Miwok)","BORDERPRECISION":1,"PARTOF":"Me-Wuk (Southern Sierra Miwok)"}},
{"type":"Feature","geometry":{"type":"Polygon","coordinates":[[[-147.07,61.48],[-146,61.31],[-145.88,61.18],[-145.61,61],[-145.66,60.91],[-145.54,60.87],[-145.48,60.87],[-145.38,60.86],[-145.32,60.86],[-145.26,60.89],[-145.25,61.02],[-145.24,61.19],[-146.58,61.54],[-147.07,61.48]]]},"properties":{"NAME":"Ahtna Nenn’","ABBREVN":"Ahtna Nenn’","SUBJECTO":"Ahtna Nenn’","BORDERPRECISION":1,"PARTOF":"Ahtna Nenn’"}},
{"type":"Feature","geometry":{"type":"MultiPolygon","coordinates":[[[[-125.52,49.37],[-125.53,49.37],[-125.54,49.38],[-125.55,49.39],[-125.56,49.4],[-125.56,49.41],[-125.57,49.41],[-125.53,49.44],[-125.54,49.45],[-125.56,49.43],[-125.57,49.41],[-125.55,49.38],[-125.52,49.37],[-125.53,49.35],[-125.52,49.37]]],[[[-125.45,49.51],[-125.45,49.52],[-125.44,49.52],[-125.43,49.53],[-125.44,49.53],[-125.45,49.53],[-125.46,49.53],[-125.46,49.51],[-125.48,49.49],[-125.5,49.48],[-125.51,49.48],[-125.53,49.47],[-125.47,49.48],[-125.46,49.51],[-125.45,49.51]]],[[[-124.65,49.01],[-124.67,49],[-124.66,48.99],[-124.64,49],[-124.56,49.1],[-124.59,49.1],[-124.63,49.03],[-124.65,49.01]]],[[[-124.73,48.97],[-124.74,48.97],[-124.75,48.97],[-124.75,48.96],[-124.76,48.96],[-124.73,48.94],[-124.73,48.95],[-124.71,48.98],[-124.73,48.97]]],[[[-124.62,48.74],[-124.61,48.74],[-124.63,48.75],[-124.63,48.72],[-124.65,48.69],[-124.65,48.65],[-124.64,48.65],[-124.62,48.74]]],[[[-124.43,48.77],[-124.41,48.8],[-124.43,48.78],[-124.6,48.71],[-124.43,48.77]]],[[[-126.84,50.05],[-126.82,50.04],[-126.79,50.07],[-126.83,50.13],[-126.84,50.05]]]]},"properties":{"NAME":null,"ABBREVN":null,"SUBJECTO":null,"BORDERPRECISION":1,"PARTOF":null}},
{"type":"Feature","geometry":{"type":"Polygon","coordinates":[[[-109.93,74.95],[-109.86,74.96],[-109.86,75.25],[-109.93,74.95]]]},"properties":{"NAME":null,"ABBREVN":null,"SUBJECTO":null,"BORDERPRECISION":1,"PARTOF":null}},
{"type":"Feature","geometry":{"type":"MultiPolygon","coordinates":[[[[-174.08,64.52],[-174.07,64.53],[-174.38,64.62],[-173.72,64.38],[-174.08,64.52]]],[[[-173.12,64.67],[-171.79,65.61],[-171.56,65.79],[-170.98,65.68],[-171.49,65.83],[-170.47,66.29],[-180,68.92],[-180,67.96],[-180,66.96],[-180,65.96],[-180,65.38],[-180,65.31],[-180,65.26],[-178.12,65.48],[-174.52,64.66],[-174.02,64.58],[-174.01,64.56],[-173.12,64.67]]]]},"properties":{"NAME":null,"ABBREVN":null,"SUBJECTO":null,"BORDERPRECISION":1,"PARTOF":null}},
{"type":"Feature","geometry":{"type":"Polygon","coordinates":[[[-110.21,70.32],[-110.92,70.14],[-110.21,70.14],[-110.21,70.32]]]},"properties":{"NAME":null,"ABBREVN":null,"SUBJECTO":null,"BORDERPRECISION":1,"PARTOF":null}},
{"type":"Feature","geometry":{"type":"Polygon","coordinates":[[[-133.07,55.42],[-133.02,55.37],[-132.86,55.28],[-132.64,55.45],[-132.66,55.46],[-133.07,55.42]]]},"properties":{"NAME":null,"ABBREVN":null,"SUBJECTO":null,"BORDERPRECISION":1,"PARTOF":null}},
{"type":"Feature","geometry":{"type":"Polygon","coordinates":[[[-171.85,63.74],[-171.97,63.73],[-171.89,63.69],[-171.85,63.74]]]},"properties":{"NAME":null,"ABBREVN":null,"SUBJECTO":null,"BORDERPRECISION":1,"PARTOF":null}},
{"type":"Feature","geometry":{"type":"Polygon","coordinates":[[[-148.07,61.28],[-148.12,61.24],[-147.92,61.32],[-148.07,61.28]]]},"properties":{"NAME":null,"ABBREVN":null,"SUBJECTO":null,"BORDERPRECISION":1,"PARTOF":null}},
{"type":"Feature","geometry":{"type":"Polygon","coordinates":[[[-146,61.31],[-146.04,61.23],[-145.88,61.18],[-146,61.31]]]},"properties":{"NAME":null,"ABBREVN":null,"SUBJECTO":null,"BORDERPRECISION":1,"PARTOF":null}},
{"type":"Feature","geometry":{"type":"Polygon","coordinates":[[[-137.03,68.23],[-136.72,68.1],[-136.58,68.19],[-137.03,68.23]]]},"properties":{"NAME":null,"ABBREVN":null,"SUBJECTO":null,"BORDERPRECISION":1,"PARTOF":null}},
{"type":"Feature","geometry":{"type":"Polygon","coordinates":[[[-128.89,55],[-128.84,55.03],[-128.89,55.05],[-128.91,55.02],[-128.89,55]]]},"properties":{"NAME":null,"ABBREVN":null,"SUBJECTO":null,"BORDERPRECISION":1,"PARTOF":null}},
{"type":"Feature","geometry":{"type":"Polygon","coordinates":[[[-128.49,55.76],[-128.5,55.79],[-128.52,55.78],[-128.49,55.76]]]},"properties":{"NAME":null,"ABBREVN":null,"SUBJECTO":null,"BORDERPRECISION":1,"PARTOF":null}},
{"type":"Feature","geometry":{"type":"Polygon","coordinates":[[[-128.82,55.1],[-128.81,55.1],[-128.81,55.11],[-128.82,55.1]]]},"properties":{"NAME":null,"ABBREVN":null,"SUBJECTO":null,"BORDERPRECISION":1,"PARTOF":null}},
{"type":"Feature","geometry":null,"properties":{"NAME":null,"ABBREVN":null,"SUBJECTO":null,"BORDERPRECISION":1,"PARTOF":null}},
{"type":"Feature","geometry":{"type":"Polygon","coordinates":[[[-128.1,55.14],[-127.92,55.15],[-127.95,55.16],[-128.1,55.14]]]},"properties":{"NAME":null,"ABBREVN":null,"SUBJECTO":null,"BORDERPRECISION":1,"PARTOF":null}},
{"type":"Feature","geometry":{"type":"Polygon","coordinates":[[[-127.94,55.25],[-127.87,55.36],[-127.94,55.36],[-127.94,55.25]]]},"properties":{"NAME":null,"ABBREVN":null,"SUBJECTO":null,"BORDERPRECISION":1,"PARTOF":null}},
{"type":"Feature","geometry":{"type":"Polygon","coordinates":[[[-128.5,55.73],[-128.52,55.74],[-128.53,55.74],[-128.5,55.73]]]},"properties":{"NAME":null,"ABBREVN":null,"SUBJECTO":null,"BORDERPRECISION":1,"PARTOF":null}},
{"type":"Feature","geometry":{"type":"Polygon","coordinates":[[[-128.38,55.21],[-128.41,55.18],[-128.31,55.13],[-128.24,55.14],[-128.36,55.2],[-128.38,55.21]]]},"properties":{"NAME":null,"ABBREVN":null,"SUBJECTO":null,"BORDERPRECISION":1,"PARTOF":null}},
{"type":"Feature","geometry":{"type":"Polygon","coordinates":[[[-155.58,58.43],[-155.85,58.38],[-157.37,58.21],[-156.76,58.26],[-156.16,58.32],[-155.58,58.43]]]},"properties":{"NAME":null,"ABBREVN":null,"SUBJECTO":null,"BORDERPRECISION":1,"PARTOF":null}},
{"type":"Feature","geometry":{"type":"Polygon","coordinates":[[[-130.2,56.58],[-130.67,56.38],[-130.69,56.38],[-130.7,56.38],[-130.62,56.28],[-130.39,56.17],[-130.23,56.25],[-130.21,56.54],[-130.2,56.58]]]},"properties":{"NAME":null,"ABBREVN":null,"SUBJECTO":null,"BORDERPRECISION":1,"PARTOF":null}},
{"type":"Feature","geometry":{"type":"Polygon","coordinates":[[[-145.65,60.62],[-145.57,60.68],[-145.52,60.78],[-145.75,60.57],[-145.65,60.62]]]},"properties":{"NAME":null,"ABBREVN":null,"SUBJECTO":null,"BORDERPRECISION":1,"PARTOF":null}},
{"type":"Feature","geometry":{"type":"Polygon","coordinates":[[[-154.37,59.08],[-154.45,59.11],[-154.46,59.1],[-155.14,58.58],[-155.28,58.51],[-154.6,58.81],[-154.37,59.08]]]},"properties":{"NAME":null,"ABBREVN":null,"SUBJECTO":null,"BORDERPRECISION":1,"PARTOF":null}},
{"type":"Feature","geometry":{"type":"Polygon","coordinates":[[[-128.7,55.15],[-128.69,55.15],[-128.65,55.15],[-128.68,55.16],[-128.7,55.15]]]},"properties":{"NAME":null,"ABBREVN":null,"SUBJECTO":null,"BORDERPRECISION":1,"PARTOF":null}},
{"type":"Feature","geometry":{"type":"Polygon","coordinates":[[[-128.83,55.19],[-128.81,55.19],[-128.81,55.2],[-128.83,55.19]]]},"properties":{"NAME":null,"ABBREVN":null,"SUBJECTO":null,"BORDERPRECISION":1,"PARTOF":null}},
{"type":"Feature","geometry":{"type":"Polygon","coordinates":[[[-130.07,56.07],[-130.11,56.12],[-130.2,56.1],[-130.07,56.07]]]},"properties":{"NAME":null,"ABBREVN":null,"SUBJECTO":null,"BORDERPRECISION":1,"PARTOF":null}},
{"type":"Feature","geometry":{"type":"Polygon","coordinates":[[[-130.03,56.04],[-130,55.97],[-130,56.01],[-130.03,56.04]]]},"properties":{"NAME":null,"ABBREVN":null,"SUBJECTO":null,"BORDERPRECISION":1,"PARTOF":null}},
{"type":"Feature","geometry":null,"properties":{"NAME":null,"ABBREVN":null,"SUBJECTO":null,"BORDERPRECISION":1,"PARTOF":null}},
{"type":"Feature","geometry":null,"properties":{"NAME":null,"ABBREVN":null,"SUBJECTO":null,"BORDERPRECISION":1,"PARTOF":null}},
{"type":"Feature","geometry":null,"properties":{"NAME":null,"ABBREVN":null,"SUBJECTO":null,"BORDERPRECISION":1,"PARTOF":null}},
{"type":"Feature","geometry":null,"properties":{"NAME":null,"ABBREVN":null,"SUBJECTO":null,"BORDERPRECISION":1,"PARTOF":null}},
{"type":"Feature","geometry":null,"properties":{"NAME":null,"ABBREVN":null,"SUBJECTO":null,"BORDERPRECISION":1,"PARTOF":null}},
{"type":"Feature","geometry":null,"properties":{"NAME":null,"ABBREVN":null,"SUBJECTO":null,"BORDERPRECISION":1,"PARTOF":null}},
{"type":"Feature","geometry":null,"properties":{"NAME":null,"ABBREVN":null,"SUBJECTO":null,"BORDERPRECISION":1,"PARTOF":null}},
{"type":"Feature","geometry":null,"properties":{"NAME":null,"ABBREVN":null,"SUBJECTO":null,"BORDERPRECISION":1,"PARTOF":null}},
{"type":"Feature","geometry":null,"properties":{"NAME":null,"ABBREVN":null,"SUBJECTO":null,"BORDERPRECISION":1,"PARTOF":null}},
{"type":"Feature","geometry":null,"properties":{"NAME":null,"ABBREVN":null,"SUBJECTO":null,"BORDERPRECISION":1,"PARTOF":null}},
{"type":"Feature","geometry":null,"properties":{"NAME":null,"ABBREVN":null,"SUBJECTO":null,"BORDERPRECISION":1,"PARTOF":null}},
{"type":"Feature","geometry":null,"properties":{"NAME":null,"ABBREVN":null,"SUBJECTO":null,"BORDERPRECISION":1,"PARTOF":null}},
{"type":"Feature","geometry":null,"properties":{"NAME":null,"ABBREVN":null,"SUBJECTO":null,"BORDERPRECISION":1,"PARTOF":null}},
{"type":"Feature","geometry":null,"properties":{"NAME":null,"ABBREVN":null,"SUBJECTO":null,"BORDERPRECISION":1,"PARTOF":null}},
{"type":"Feature","geometry":null,"properties":{"NAME":null,"ABBREVN":null,"SUBJECTO":null,"BORDERPRECISION":1,"PARTOF":null}},
{"type":"Feature","geometry":null,"properties":{"NAME":null,"ABBREVN":null,"SUBJECTO":null,"BORDERPRECISION":1,"PARTOF":null}},
{"type":"Feature","geometry":null,"properties":{"NAME":null,"ABBREVN":null,"SUBJECTO":null,"BORDERPRECISION":1,"PARTOF":null}},
{"type":"Feature","geometry":null,"properties":{"NAME":null,"ABBREVN":null,"SUBJECTO":null,"BORDERPRECISION":1,"PARTOF":null}},
{"type":"Feature","geometry":null,"properties":{"NAME":null,"ABBREVN":null,"SUBJECTO":null,"BORDERPRECISION":1,"PARTOF":null}},
{"type":"Feature","geometry":null,"properties":{"NAME":null,"ABBREVN":null,"SUBJECTO":null,"BORDERPRECISION":1,"PARTOF":null}},
{"type":"Feature","geometry":null,"properties":{"NAME":null,"ABBREVN":null,"SUBJECTO":null,"BORDERPRECISION":1,"PARTOF":null}},
{"type":"Feature","geometry":null,"properties":{"NAME":null,"ABBREVN":null,"SUBJECTO":null,"BORDERPRECISION":1,"PARTOF":null}},
{"type":"Feature","geometry":null,"properties":{"NAME":null,"ABBREVN":null,"SUBJECTO":null,"BORDERPRECISION":1,"PARTOF":null}},
{"type":"Feature","geometry":null,"properties":{"NAME":null,"ABBREVN":null,"SUBJECTO":null,"BORDERPRECISION":1,"PARTOF":null}},
{"type":"Feature","geometry":null,"properties":{"NAME":null,"ABBREVN":null,"SUBJECTO":null,"BORDERPRECISION":1,"PARTOF":null}},
{"type":"Feature","geometry":null,"properties":{"NAME":null,"ABBREVN":null,"SUBJECTO":null,"BORDERPRECISION":1,"PARTOF":null}},
{"type":"Feature","geometry":null,"properties":{"NAME":null,"ABBREVN":null,"SUBJECTO":null,"BORDERPRECISION":1,"PARTOF":null}},
{"type":"Feature","geometry":null,"properties":{"NAME":null,"ABBREVN":null,"SUBJECTO":null,"BORDERPRECISION":1,"PARTOF":null}},
{"type":"Feature","geometry":{"type":"MultiPolygon","coordinates":[]},"properties":{"NAME":null,"ABBREVN":null,"SUBJECTO":null,"BORDERPRECISION":1,"PARTOF":null}},
{"type":"Feature","geometry":null,"properties":{"NAME":null,"ABBREVN":null,"SUBJECTO":null,"BORDERPRECISION":1,"PARTOF":null}},
{"type":"Feature","geometry":null,"properties":{"NAME":null,"ABBREVN":null,"SUBJECTO":null,"BORDERPRECISION":1,"PARTOF":null}},
{"type":"Feature","geometry":null,"properties":{"NAME":null,"ABBREVN":null,"SUBJECTO":null,"BORDERPRECISION":1,"PARTOF":null}},
{"type":"Feature","geometry":null,"properties":{"NAME":null,"ABBREVN":null,"SUBJECTO":null,"BORDERPRECISION":1,"PARTOF":null}},
{"type":"Feature","geometry":null,"properties":{"NAME":null,"ABBREVN":null,"SUBJECTO":null,"BORDERPRECISION":1,"PARTOF":null}},
{"type":"Feature","geometry":null,"properties":{"NAME":null,"ABBREVN":null,"SUBJECTO":null,"BORDERPRECISION":1,"PARTOF":null}},
{"type":"Feature","geometry":null,"properties":{"NAME":null,"ABBREVN":null,"SUBJECTO":null,"BORDERPRECISION":1,"PARTOF":null}},
{"type":"Feature","geometry":null,"properties":{"NAME":null,"ABBREVN":null,"SUBJECTO":null,"BORDERPRECISION":1,"PARTOF":null}},
{"type":"Feature","geometry":null,"properties":{"NAME":null,"ABBREVN":null,"SUBJECTO":null,"BORDERPRECISION":1,"PARTOF":null}},
{"type":"Feature","geometry":null,"properties":{"NAME":null,"ABBREVN":null,"SUBJECTO":null,"BORDERPRECISION":1,"PARTOF":null}},
{"type":"Feature","geometry":null,"properties":{"NAME":null,"ABBREVN":null,"SUBJECTO":null,"BORDERPRECISION":1,"PARTOF":null}},
{"type":"Feature","geometry":null,"properties":{"NAME":null,"ABBREVN":null,"SUBJECTO":null,"BORDERPRECISION":1,"PARTOF":null}},
{"type":"Feature","geometry":null,"properties":{"NAME":null,"ABBREVN":null,"SUBJECTO":null,"BORDERPRECISION":1,"PARTOF":null}},
{"type":"Feature","geometry":null,"properties":{"NAME":null,"ABBREVN":null,"SUBJECTO":null,"BORDERPRECISION":1,"PARTOF":null}},
{"type":"Feature","geometry":null,"properties":{"NAME":null,"ABBREVN":null,"SUBJECTO":null,"BORDERPRECISION":1,"PARTOF":null}},
{"type":"Feature","geometry":{"type":"Polygon","coordinates":[[[-76.81,-2.27],[-76.79,-2.25],[-76.85,-2.28],[-76.81,-2.27]]]},"properties":{"NAME":null,"ABBREVN":null,"SUBJECTO":null,"BORDERPRECISION":1,"PARTOF":null}},
{"type":"Feature","geometry":null,"properties":{"NAME":null,"ABBREVN":null,"SUBJECTO":null,"BORDERPRECISION":1,"PARTOF":null}},
{"type":"Feature","geometry":null,"properties":{"NAME":null,"ABBREVN":null,"SUBJECTO":null,"BORDERPRECISION":1,"PARTOF":null}},
{"type":"Feature","geometry":null,"properties":{"NAME":null,"ABBREVN":null,"SUBJECTO":null,"BORDERPRECISION":1,"PARTOF":null}},
{"type":"Feature","geometry":{"type":"Polygon","coordinates":[[[-75.97,-5.47],[-75.95,-5.5],[-75.93,-5.51],[-75.81,-5.34],[-75.76,-5.3],[-75.77,-5.25],[-75.75,-5.12],[-75.79,-5.12],[-75.84,-5.13],[-75.92,-5.15],[-75.9,-5.27],[-75.96,-5.36],[-75.97,-5.47]]]},"properties":{"NAME":null,"ABBREVN":null,"SUBJECTO":null,"BORDERPRECISION":1,"PARTOF":null}},
{"type":"Feature","geometry":null,"properties":{"NAME":null,"ABBREVN":null,"SUBJECTO":null,"BORDERPRECISION":1,"PARTOF":null}},
{"type":"Feature","geometry":null,"properties":{"NAME":null,"ABBREVN":null,"SUBJECTO":null,"BORDERPRECISION":1,"PARTOF":null}},
{"type":"Feature","geometry":{"type":"Polygon","coordinates":[[[-77,-2.2],[-77,-2.19],[-77.02,-2.14],[-77,-2.2]]]},"properties":{"NAME":null,"ABBREVN":null,"SUBJECTO":null,"BORDERPRECISION":1,"PARTOF":null}},
{"type":"Feature","geometry":{"type":"Polygon","coordinates":[[[-73.96,-1],[-73.89,-1.06],[-73.89,-1.04],[-73.96,-1]]]},"properties":{"NAME":null,"ABBREVN":null,"SUBJECTO":null,"BORDERPRECISION":1,"PARTOF":null}},
{"type":"Feature","geometry":{"type":"Polygon","coordinates":[[[-73.68,-2.19],[-73.7,-2.07],[-73.79,-2.16],[-73.68,-2.19]]]},"properties":{"NAME":null,"ABBREVN":null,"SUBJECTO":null,"BORDERPRECISION":1,"PARTOF":null}},
{"type":"Feature","geometry":{"type":"Polygon","coordinates":[[[-75.8,-4.64],[-75.78,-4.65],[-75.8,-4.6],[-75.84,-4.55],[-75.8,-4.64]]]},"properties":{"NAME":null,"ABBREVN":null,"SUBJECTO":null,"BORDERPRECISION":1,"PARTOF":null}},
{"type":"Feature","geometry":{"type":"Polygon","coordinates":[[[-75.45,-6.26],[-75.35,-6.21],[-75.14,-6.12],[-75.1,-6.06],[-75.28,-5.96],[-75.41,-5.96],[-75.52,-5.91],[-75.52,-6.05],[-75.47,-6.12],[-75.45,-6.2],[-75.45,-6.26]]]},"properties":{"NAME":null,"ABBREVN":null,"SUBJECTO":null,"BORDERPRECISION":1,"PARTOF":null}},
{"type":"Feature","geometry":null,"properties":{"NAME":null,"ABBREVN":null,"SUBJECTO":null,"BORDERPRECISION":1,"PARTOF":null}},
{"type":"Feature","geometry":null,"properties":{"NAME":null,"ABBREVN":null,"SUBJECTO":null,"BORDERPRECISION":1,"PARTOF":null}},
{"type":"Feature","geometry":null,"properties":{"NAME":null,"ABBREVN":null,"SUBJECTO":null,"BORDERPRECISION":1,"PARTOF":null}},
{"type":"Feature","geometry":null,"properties":{"NAME":null,"ABBREVN":null,"SUBJECTO":null,"BORDERPRECISION":1,"PARTOF":null}},
{"type":"Feature","geometry":null,"properties":{"NAME":null,"ABBREVN":null,"SUBJECTO":null,"BORDERPRECISION":1,"PARTOF":null}},
{"type":"Feature","geometry":null,"properties":{"NAME":null,"ABBREVN":null,"SUBJECTO":null,"BORDERPRECISION":1,"PARTOF":null}},
{"type":"Feature","geometry":null,"properties":{"NAME":null,"ABBREVN":null,"SUBJECTO":null,"BORDERPRECISION":1,"PARTOF":null}},
{"type":"Feature","geometry":null,"properties":{"NAME":null,"ABBREVN":null,"SUBJECTO":null,"BORDERPRECISION":1,"PARTOF":null}},
{"type":"Feature","geometry":null,"properties":{"NAME":null,"ABBREVN":null,"SUBJECTO":null,"BORDERPRECISION":1,"PARTOF":null}},
{"type":"Feature","geometry":{"type":"Polygon","coordinates":[[[-76.19,-2.11],[-76.2,-2.12],[-76.19,-2.12],[-76.19,-2.11]]]},"properties":{"NAME":null,"ABBREVN":null,"SUBJECTO":null,"BORDERPRECISION":1,"PARTOF":null}},
{"type":"Feature","geometry":{"type":"Polygon","coordinates":[[[-77.39,-1.44],[-77.31,-1.45],[-77.29,-1.44],[-77.37,-1.44],[-77.39,-1.44]]]},"properties":{"NAME":null,"ABBREVN":null,"SUBJECTO":null,"BORDERPRECISION":1,"PARTOF":null}},
{"type":"Feature","geometry":{"type":"Polygon","coordinates":[[[-75.05,-3.12],[-75.02,-3.15],[-75.07,-3.08],[-75.3,-2.67],[-75.66,-2.29],[-75.68,-2.28],[-75.48,-2.54],[-75.44,-2.6],[-75.39,-2.64],[-75.09,-3.06],[-75.05,-3.12]]]},"properties":{"NAME":null,"ABBREVN":null,"SUBJECTO":null,"BORDERPRECISION":1,"PARTOF":null}},
{"type":"Feature","geometry":null,"properties":{"NAME":null,"ABBREVN":null,"SUBJECTO":null,"BORDERPRECISION":1,"PARTOF":null}},
{"type":"Feature","geometry":null,"properties":{"NAME":null,"ABBREVN":null,"SUBJECTO":null,"BORDERPRECISION":1,"PARTOF":null}},
{"type":"Feature","geometry":null,"properties":{"NAME":null,"ABBREVN":null,"SUBJECTO":null,"BORDERPRECISION":1,"PARTOF":null}},
{"type":"Feature","geometry":null,"properties":{"NAME":null,"ABBREVN":null,"SUBJECTO":null,"BORDERPRECISION":1,"PARTOF":null}},
{"type":"Feature","geometry":{"type":"Polygon","coordinates":[[[-79.08,-3.8],[-79.12,-3.81],[-79.13,-3.83],[-79.13,-3.85],[-79.06,-4.46],[-79.1,-4.5],[-79.08,-4.55],[-79,-4.58],[-78.91,-4.78],[-78.9,-4.76],[-78.28,-3.57],[-78.24,-3.54],[-79.08,-3.8]]]},"properties":{"NAME":null,"ABBREVN":null,"SUBJECTO":null,"BORDERPRECISION":1,"PARTOF":null}},
{"type":"Feature","geometry":null,"properties":{"NAME":null,"ABBREVN":null,"SUBJECTO":null,"BORDERPRECISION":1,"PARTOF":null}},
{"type":"Feature","geometry":{"type":"Polygon","coordinates":[[[-79.97,-4.39],[-79.99,-4.39],[-79.97,-4.67],[-79.93,-4.68],[-79.88,-4.71],[-79.88,-4.72],[-79.96,-4.64],[-79.97,-4.52],[-79.88,-4.43],[-79.8,-4.5],[-79.69,-4.46],[-79.71,-4.46],[-79.85,-4.43],[-79.95,-4.4],[-79.97,-4.39]]]},"properties":{"NAME":null,"ABBREVN":null,"SUBJECTO":null,"BORDERPRECISION":1,"PARTOF":null}},
{"type":"Feature","geometry":null,"properties":{"NAME":null,"ABBREVN":null,"SUBJECTO":null,"BORDERPRECISION":1,"PARTOF":null}},
{"type":"Feature","geometry":{"type":"Polygon","coordinates":[[[-77.01,-0.93],[-77.04,-0.91],[-77.05,-0.91],[-77.01,-0.93]]]},"properties":{"NAME":null,"ABBREVN":null,"SUBJECTO":null,"BORDERPRECISION":1,"PARTOF":null}},
{"type":"Feature","geometry":{"type":"Polygon","coordinates":[[[-77.51,-1.4],[-77.48,-1.42],[-77.47,-1.42],[-77.51,-1.4]]]},"properties":{"NAME":null,"ABBREVN":null,"SUBJECTO":null,"BORDERPRECISION":1,"PARTOF":null}},
{"type":"Feature","geometry":{"type":"Polygon","coordinates":[[[-76.14,-0.91],[-76.14,-0.9],[-76.32,-0.72],[-76.32,-0.74],[-76.14,-0.91]]]},"properties":{"NAME":null,"ABBREVN":null,"SUBJECTO":null,"BORDERPRECISION":1,"PARTOF":null}},
{"type":"Feature","geometry":{"type":"Polygon","coordinates":[[[-76.42,-0.76],[-76.45,-0.79],[-76.46,-0.79],[-76.44,-0.78],[-76.43,-0.78],[-76.42,-0.76]]]},"properties":{"NAME":null,"ABBREVN":null,"SUBJECTO":null,"BORDERPRECISION":1,"PARTOF":null}},
{"type":"Feature","geometry":null,"properties":{"NAME":null,"ABBREVN":null,"SUBJECTO":null,"BORDERPRECISION":1,"PARTOF":null}},
{"type":"Feature","geometry":null,"properties":{"NAME":null,"ABBREVN":null,"SUBJECTO":null,"BORDERPRECISION":1,"PARTOF":null}},
{"type":"Feature","geometry":{"type":"MultiPolygon","coordinates":[]},"properties":{"NAME":null,"ABBREVN":null,"SUBJECTO":null,"BORDERPRECISION":1,"PARTOF":null}},
{"type":"Feature","geometry":null,"properties":{"NAME":null,"ABBREVN":null,"SUBJECTO":null,"BORDERPRECISION":1,"PARTOF":null}},
{"type":"Feature","geometry":{"type":"MultiPolygon","coordinates":[]},"properties":{"NAME":null,"ABBREVN":null,"SUBJECTO":null,"BORDERPRECISION":1,"PARTOF":null}},
{"type":"Feature","geometry":null,"properties":{"NAME":null,"ABBREVN":null,"SUBJECTO":null,"BORDERPRECISION":1,"PARTOF":null}},
{"type":"Feature","geometry":null,"properties":{"NAME":null,"ABBREVN":null,"SUBJECTO":null,"BORDERPRECISION":1,"PARTOF":null}},
{"type":"Feature","geometry":null,"properties":{"NAME":null,"ABBREVN":null,"SUBJECTO":null,"BORDERPRECISION":1,"PARTOF":null}},
{"type":"Feature","geometry":null,"properties":{"NAME":null,"ABBREVN":null,"SUBJECTO":null,"BORDERPRECISION":1,"PARTOF":null}},
{"type":"Feature","geometry":null,"properties":{"NAME":null,"ABBREVN":null,"SUBJECTO":null,"BORDERPRECISION":1,"PARTOF":null}},
{"type":"Feature","geometry":null,"properties":{"NAME":null,"ABBREVN":null,"SUBJECTO":null,"BORDERPRECISION":1,"PARTOF":null}},
{"type":"Feature","geometry":null,"properties":{"NAME":null,"ABBREVN":null,"SUBJECTO":null,"BORDERPRECISION":1,"PARTOF":null}},
{"type":"Feature","geometry":null,"properties":{"NAME":null,"ABBREVN":null,"SUBJECTO":null,"BORDERPRECISION":1,"PARTOF":null}},
{"type":"Feature","geometry":null,"properties":{"NAME":null,"ABBREVN":null,"SUBJECTO":null,"BORDERPRECISION":1,"PARTOF":null}},
{"type":"Feature","geometry":null,"properties":{"NAME":null,"ABBREVN":null,"SUBJECTO":null,"BORDERPRECISION":1,"PARTOF":null}},
{"type":"Feature","geometry":null,"properties":{"NAME":null,"ABBREVN":null,"SUBJECTO":null,"BORDERPRECISION":1,"PARTOF":null}},
{"type":"Feature","geometry":{"type":"Polygon","coordinates":[[[-76.12,-2.49],[-76.16,-2.46],[-76.18,-2.44],[-76.23,-2.42],[-76.12,-2.49]]]},"properties":{"NAME":null,"ABBREVN":null,"SUBJECTO":null,"BORDERPRECISION":1,"PARTOF":null}},
{"type":"Feature","geometry":null,"properties":{"NAME":null,"ABBREVN":null,"SUBJECTO":null,"BORDERPRECISION":1,"PARTOF":null}},
{"type":"Feature","geometry":{"type":"Polygon","coordinates":[[[-75.9,-2.68],[-75.89,-2.69],[-75.89,-2.68],[-75.9,-2.68]]]},"properties":{"NAME":null,"ABBREVN":null,"SUBJECTO":null,"BORDERPRECISION":1,"PARTOF":null}},
{"type":"Feature","geometry":null,"properties":{"NAME":null,"ABBREVN":null,"SUBJECTO":null,"BORDERPRECISION":1,"PARTOF":null}},
{"type":"Feature","geometry":{"type":"Polygon","coordinates":[[[-76.46,-1.56],[-76.47,-1.55],[-76.47,-1.56],[-76.46,-1.56]]]},"properties":{"NAME":null,"ABBREVN":null,"SUBJECTO":null,"BORDERPRECISION":1,"PARTOF":null}},
{"type":"Feature","geometry":{"type":"Polygon","coordinates":[[[-76.55,-2.23],[-76.41,-2.12],[-76.53,-2.2],[-76.55,-2.23]]]},"properties":{"NAME":null,"ABBREVN":null,"SUBJECTO":null,"BORDERPRECISION":1,"PARTOF":null}},
{"type":"Feature","geometry":{"type":"Polygon","coordinates":[[[-75.29,-1.86],[-75.28,-1.86],[-75.24,-1.87],[-75.2,-1.9],[-75.16,-1.91],[-75.13,-1.93],[-75.11,-1.95],[-75.05,-1.99],[-75.05,-1.89],[-75.29,-1.02],[-75.29,-0.98],[-75.34,-0.95],[-75.35,-0.94],[-75.37,-0.97],[-76.03,-0.92],[-76.08,-0.92],[-76.38,-1.58],[-76.39,-1.58],[-76.42,-1.63],[-76.05,-2.02],[-75.95,-2.02],[-75.84,-1.87],[-75.3,-1.86],[-75.29,-1.86]]]},"properties":{"NAME":null,"ABBREVN":null,"SUBJECTO":null,"BORDERPRECISION":1,"PARTOF":null}},
{"type":"Feature","geometry":null,"properties":{"NAME":null,"ABBREVN":null,"SUBJECTO":null,"BORDERPRECISION":1,"PARTOF":null}},
{"type":"Feature","geometry":null,"properties":{"NAME":null,"ABBREVN":null,"SUBJECTO":null,"BORDERPRECISION":1,"PARTOF":null}},
{"type":"Feature","geometry":null,"properties":{"NAME":null,"ABBREVN":null,"SUBJECTO":null,"BORDERPRECISION":1,"PARTOF":null}},
{"type":"Feature","geometry":null,"properties":{"NAME":null,"ABBREVN":null,"SUBJECTO":null,"BORDERPRECISION":1,"PARTOF":null}},
{"type":"Feature","geometry":null,"properties":{"NAME":null,"ABBREVN":null,"SUBJECTO":null,"BORDERPRECISION":1,"PARTOF":null}},
{"type":"Feature","geometry":null,"properties":{"NAME":null,"ABBREVN":null,"SUBJECTO":null,"BORDERPRECISION":1,"PARTOF":null}},
{"type":"Feature","geometry":{"type":"Polygon","coordinates":[[[-76.6,-1.93],[-76.6,-1.92],[-76.61,-1.93],[-76.6,-1.93]]]},"properties":{"NAME":null,"ABBREVN":null,"SUBJECTO":null,"BORDERPRECISION":1,"PARTOF":null}},
{"type":"Feature","geometry":null,"properties":{"NAME":null,"ABBREVN":null,"SUBJECTO":null,"BORDERPRECISION":1,"PARTOF":null}},
{"type":"Feature","geometry":null,"properties":{"NAME":null,"ABBREVN":null,"SUBJECTO":null,"BORDERPRECISION":1,"PARTOF":null}},
{"type":"Feature","geometry":null,"properties":{"NAME":null,"ABBREVN":null,"SUBJECTO":null,"BORDERPRECISION":1,"PARTOF":null}},
{"type":"Feature","geometry":null,"properties":{"NAME":null,"ABBREVN":null,"SUBJECTO":null,"BORDERPRECISION":1,"PARTOF":null}},
{"type":"Feature","geometry":null,"properties":{"NAME":null,"ABBREVN":null,"SUBJECTO":null,"BORDERPRECISION":1,"PARTOF":null}},
{"type":"Feature","geometry":null,"properties":{"NAME":null,"ABBREVN":null,"SUBJECTO":null,"BORDERPRECISION":1,"PARTOF":null}},
{"type":"Feature","geometry":null,"properties":{"NAME":null,"ABBREVN":null,"SUBJECTO":null,"BORDERPRECISION":1,"PARTOF":null}},
{"type":"Feature","geometry":null,"properties":{"NAME":null,"ABBREVN":null,"SUBJECTO":null,"BORDERPRECISION":1,"PARTOF":null}},
{"type":"Feature","geometry":null,"properties":{"NAME":null,"ABBREVN":null,"SUBJECTO":null,"BORDERPRECISION":1,"PARTOF":null}},
{"type":"Feature","geometry":null,"properties":{"NAME":null,"ABBREVN":null,"SUBJECTO":null,"BORDERPRECISION":1,"PARTOF":null}},
{"type":"Feature","geometry":null,"properties":{"NAME":null,"ABBREVN":null,"SUBJECTO":null,"BORDERPRECISION":1,"PARTOF":null}},
{"type":"Feature","geometry":null,"properties":{"NAME":null,"ABBREVN":null,"SUBJECTO":null,"BORDERPRECISION":1,"PARTOF":null}},
{"type":"Feature","geometry":null,"properties":{"NAME":null,"ABBREVN":null,"SUBJECTO":null,"BORDERPRECISION":1,"PARTOF":null}},
{"type":"Feature","geometry":{"type":"Polygon","coordinates":[[[-76.67,-1.86],[-76.66,-1.87],[-76.65,-1.87],[-76.67,-1.86]]]},"properties":{"NAME":null,"ABBREVN":null,"SUBJECTO":null,"BORDERPRECISION":1,"PARTOF":null}},
{"type":"Feature","geometry":null,"properties":{"NAME":null,"ABBREVN":null,"SUBJECTO":null,"BORDERPRECISION":1,"PARTOF":null}},
{"type":"Feature","geometry":null,"properties":{"NAME":null,"ABBREVN":null,"SUBJECTO":null,"BORDERPRECISION":1,"PARTOF":null}},
{"type":"Feature","geometry":null,"properties":{"NAME":null,"ABBREVN":null,"SUBJECTO":null,"BORDERPRECISION":1,"PARTOF":null}},
{"type":"Feature","geometry":{"type":"Polygon","coordinates":[[[-76.61,37.58],[-76.61,37.57],[-76.41,37.45],[-76.57,37.71],[-76.61,37.58]]]},"properties":{"NAME":null,"ABBREVN":null,"SUBJECTO":null,"BORDERPRECISION":1,"PARTOF":null}},
{"type":"Feature","geometry":{"type":"Polygon","coordinates":[[[-76.61,37.75],[-76.63,37.78],[-76.67,37.78],[-76.65,37.77],[-76.61,37.75]]]},"properties":{"NAME":null,"ABBREVN":null,"SUBJECTO":null,"BORDERPRECISION":1,"PARTOF":null}},
{"type":"Feature","geometry":{"type":"Polygon","coordinates":[[[-76.8,37.21],[-76.8,37.23],[-76.83,37.23],[-76.86,37.23],[-76.87,37.23],[-76.8,37.21]]]},"properties":{"NAME":null,"ABBREVN":null,"SUBJECTO":null,"BORDERPRECISION":1,"PARTOF":null}},
{"type":"Feature","geometry":{"type":"Polygon","coordinates":[[[-76.29,37.14],[-76.34,37.25],[-76.65,37.36],[-76.65,37.35],[-76.51,37.25],[-76.51,37.23],[-76.29,37.14]]]},"properties":{"NAME":null,"ABBREVN":null,"SUBJECTO":null,"BORDERPRECISION":1,"PARTOF":null}},
{"type":"Feature","geometry":{"type":"Polygon","coordinates":[[[-76.52,38.1],[-76.51,38.12],[-76.56,38.13],[-76.52,38.1]]]},"properties":{"NAME":null,"ABBREVN":null,"SUBJECTO":null,"BORDERPRECISION":1,"PARTOF":null}},
{"type":"Feature","geometry":{"type":"Polygon","coordinates":[[[-76.88,38.16],[-76.88,38.11],[-76.86,38.14],[-76.71,38.18],[-76.74,38.19],[-76.9,38.24],[-76.96,38.27],[-76.88,38.16]]]},"properties":{"NAME":null,"ABBREVN":null,"SUBJECTO":null,"BORDERPRECISION":1,"PARTOF":null}},
{"type":"Feature","geometry":{"type":"Polygon","coordinates":[[[-76.47,37.75],[-76.3,37.77],[-76.34,37.78],[-76.41,37.77],[-76.47,37.75]]]},"properties":{"NAME":null,"ABBREVN":null,"SUBJECTO":null,"BORDERPRECISION":1,"PARTOF":null}},
{"type":"Feature","geometry":{"type":"Polygon","coordinates":[[[-76.23,37.91],[-76.51,38.07],[-76.48,38.05],[-76.41,37.96],[-76.41,37.94],[-76.23,37.91]]]},"properties":{"NAME":null,"ABBREVN":null,"SUBJECTO":null,"BORDERPRECISION":1,"PARTOF":null}},
{"type":"Feature","geometry":{"type":"Polygon","coordinates":[[[-87.98,30.59],[-87.95,30.54],[-87.97,30.62],[-87.98,30.59]]]},"properties":{"NAME":null,"ABBREVN":null,"SUBJECTO":null,"BORDERPRECISION":1,"PARTOF":null}},
{"type":"Feature","geometry":null,"properties":{"NAME":null,"ABBREVN":null,"SUBJECTO":null,"BORDERPRECISION":1,"PARTOF":null}},
{"type":"Feature","geometry":null,"properties":{"NAME":null,"ABBREVN":null,"SUBJECTO":null,"BORDERPRECISION":1,"PARTOF":null}},
{"type":"Feature","geometry":{"type":"Polygon","coordinates":[[[-97.79,22.05],[-97.83,22.16],[-97.86,22.16],[-97.79,22.05]]]},"properties":{"NAME":null,"ABBREVN":null,"SUBJECTO":null,"BORDERPRECISION":1,"PARTOF":null}},
{"type":"Feature","geometry":{"type":"Polygon","coordinates":[[[-76.64,37.13],[-76.65,37.14],[-76.57,37.04],[-76.55,37.03],[-76.54,37.03],[-76.54,37.04],[-76.64,37.13]]]},"properties":{"NAME":null,"ABBREVN":null,"SUBJECTO":null,"BORDERPRECISION":1,"PARTOF":null}},
{"type":"Feature","geometry":{"type":"Polygon","coordinates":[[[-76.7,37.19],[-76.71,37.19],[-76.72,37.18],[-76.7,37.19]]]},"properties":{"NAME":null,"ABBREVN":null,"SUBJECTO":null,"BORDERPRECISION":1,"PARTOF":null}},
{"type":"Feature","geometry":{"type":"Polygon","coordinates":[[[-79.52,33.21],[-79.5,33.24],[-79.55,33.23],[-80.79,33.36],[-80.87,33.39],[-80.94,33.31],[-81.05,33.41],[-80.95,33.24],[-80.82,33.01],[-80.48,33.01],[-79.56,32.93],[-79.52,32.97],[-79.52,33.21]]]},"properties":{"NAME":null,"ABBREVN":null,"SUBJECTO":null,"BORDERPRECISION":1,"PARTOF":null}},
{"type":"Feature","geometry":{"type":"Polygon","coordinates":[[[-76.29,36.99],[-76.31,36.99],[-76.31,36.98],[-76.29,36.99]]]},"properties":{"NAME":null,"ABBREVN":null,"SUBJECTO":null,"BORDERPRECISION":1,"PARTOF":null}},
{"type":"Feature","geometry":null,"properties":{"NAME":null,"ABBREVN":null,"SUBJECTO":null,"BORDERPRECISION":1,"PARTOF":null}},
{"type":"Feature","geometry":null,"properties":{"NAME":null,"ABBREVN":null,"SUBJECTO":null,"BORDERPRECISION":1,"PARTOF":null}},
{"type":"Feature","geometry":{"type":"Polygon","coordinates":[[[-93.31,58.69],[-93.09,58.51],[-93.05,58.5],[-93.24,58.68],[-93.31,58.69]]]},"properties":{"NAME":null,"ABBREVN":null,"SUBJECTO":null,"BORDERPRECISION":1,"PARTOF":null}},
{"type":"Feature","geometry":{"type":"Polygon","coordinates":[[[-127.62,51.39],[-127.62,51.38],[-127.19,51.44],[-127.23,51.53],[-127.18,51.54],[-127.25,51.55],[-127.39,51.45],[-127.62,51.39]]]},"properties":{"NAME":null,"ABBREVN":null,"SUBJECTO":null,"BORDERPRECISION":1,"PARTOF":null}},
{"type":"Feature","geometry":{"type":"Polygon","coordinates":[[[-124.47,43.26],[-124.63,43.01],[-124.6,42.85],[-124.47,43.26]]]},"properties":{"NAME":null,"ABBREVN":null,"SUBJECTO":null,"BORDERPRECISION":1,"PARTOF":null}},
{"type":"Feature","geometry":{"type":"Polygon","coordinates":[[[-124.58,42.73],[-124.49,42.46],[-124.51,42.59],[-124.58,42.73]]]},"properties":{"NAME":null,"ABBREVN":null,"SUBJECTO":null,"BORDERPRECISION":1,"PARTOF":null}},
{"type":"Feature","geometry":{"type":"Polygon","coordinates":[[[-124.15,46.43],[-124.16,46.35],[-124.14,46.35],[-124.15,46.43]]]},"properties":{"NAME":null,"ABBREVN":null,"SUBJECTO":null,"BORDERPRECISION":1,"PARTOF":null}},
{"type":"Feature","geometry":{"type":"Polygon","coordinates":[[[-124.21,44.51],[-124.33,44.07],[-124.25,43.84],[-124.21,44.51]]]},"properties":{"NAME":null,"ABBREVN":null,"SUBJECTO":null,"BORDERPRECISION":1,"PARTOF":null}},
{"type":"Feature","geometry":{"type":"Polygon","coordinates":[[[-75.9,38.21],[-75.92,38.22],[-75.92,38.2],[-75.9,38.21]]]},"properties":{"NAME":null,"ABBREVN":null,"SUBJECTO":null,"BORDERPRECISION":1,"PARTOF":null}},
{"type":"Feature","geometry":{"type":"Polygon","coordinates":[[[-75.48,37.9],[-75.47,37.91],[-75.52,37.92],[-75.5,37.91],[-75.48,37.9]]]},"properties":{"NAME":null,"ABBREVN":null,"SUBJECTO":null,"BORDERPRECISION":1,"PARTOF":null}},
{"type":"Feature","geometry":{"type":"Polygon","coordinates":[[[-77.15,38.38],[-77.24,38.38],[-77.25,38.39],[-77.25,38.37],[-77.24,38.34],[-77.15,38.38]]]},"properties":{"NAME":null,"ABBREVN":null,"SUBJECTO":null,"BORDERPRECISION":1,"PARTOF":null}},
{"type":"Feature","geometry":{"type":"Polygon","coordinates":[[[-77.23,38.56],[-77.25,38.53],[-77.25,38.52],[-77.23,38.56]]]},"properties":{"NAME":null,"ABBREVN":null,"SUBJECTO":null,"BORDERPRECISION":1,"PARTOF":null}},
{"type":"Feature","geometry":{"type":"Polygon","coordinates":[[[-69.9,48.19],[-69.84,48.16],[-69.83,48.17],[-69.87,48.19],[-69.9,48.19]]]},"properties":{"NAME":null,"ABBREVN":null,"SUBJECTO":null,"BORDERPRECISION":1,"PARTOF":null}},
{"type":"Feature","geometry":{"type":"Polygon","coordinates":[[[-82.23,54.91],[-82.2,54.97],[-82.53,55.08],[-82.23,54.91]]]},"properties":{"NAME":null,"ABBREVN":null,"SUBJECTO":null,"BORDERPRECISION":1,"PARTOF":null}},
{"type":"Feature","geometry":{"type":"Polygon","coordinates":[[[-70.75,42.27],[-70.86,42.33],[-70.85,42.32],[-70.79,42.29],[-70.78,42.29],[-70.75,42.27]]]},"properties":{"NAME":null,"ABBREVN":null,"SUBJECTO":null,"BORDERPRECISION":1,"PARTOF":null}},
{"type":"Feature","geometry":{"type":"Polygon","coordinates":[[[-70.59,42.69],[-70.57,42.72],[-70.65,42.72],[-70.59,42.69]]]},"properties":{"NAME":null,"ABBREVN":null,"SUBJECTO":null,"BORDERPRECISION":1,"PARTOF":null}},
{"type":"Feature","geometry":{"type":"Polygon","coordinates":[[[-116.7,31.6],[-116.7,31.59],[-116.69,31.57],[-116.7,31.6]]]},"properties":{"NAME":null,"ABBREVN":null,"SUBJECTO":null,"BORDERPRECISION":1,"PARTOF":null}},
{"type":"Feature","geometry":{"type":"Polygon","coordinates":[[[-116.48,31.32],[-116.58,31.4],[-116.36,31.1],[-116.48,31.32]]]},"properties":{"NAME":null,"ABBREVN":null,"SUBJECTO":null,"BORDERPRECISION":1,"PARTOF":null}},
{"type":"Feature","geometry":{"type":"Polygon","coordinates":[[[-121.55,36.05],[-121.55,36.04],[-121.54,36.06],[-121.55,36.05]]]},"properties":{"NAME":null,"ABBREVN":null,"SUBJECTO":null,"BORDERPRECISION":1,"PARTOF":null}},
{"type":"Feature","geometry":{"type":"Polygon","coordinates":[[[-117.35,33.02],[-117.35,32.75],[-117.26,32.69],[-117.35,33.02]]]},"properties":{"NAME":null,"ABBREVN":null,"SUBJECTO":null,"BORDERPRECISION":1,"PARTOF":null}},
{"type":"Feature","geometry":{"type":"Polygon","coordinates":[[[-110.35,23.57],[-110.38,23.58],[-110.42,23.58],[-110.3,23.47],[-110.35,23.57]]]},"properties":{"NAME":null,"ABBREVN":null,"SUBJECTO":null,"BORDERPRECISION":1,"PARTOF":null}},
{"type":"Feature","geometry":{"type":"Polygon","coordinates":[[[-114.76,30.79],[-114.73,30.8],[-114.73,30.81],[-114.76,30.79]]]},"properties":{"NAME":null,"ABBREVN":null,"SUBJECTO":null,"BORDERPRECISION":1,"PARTOF":null}},
{"type":"Feature","geometry":{"type":"Polygon","coordinates":[[[-116.1,30.44],[-115.87,30.29],[-115.87,30.36],[-115.01,30.7],[-115.03,30.72],[-115.82,30.38],[-116.1,30.44]]]},"properties":{"NAME":null,"ABBREVN":null,"SUBJECTO":null,"BORDERPRECISION":1,"PARTOF":null}},
{"type":"Feature","geometry":{"type":"Polygon","coordinates":[[[-111.69,25.49],[-111.45,25.56],[-112.17,25.75],[-112.15,25.7],[-111.69,25.49]]]},"properties":{"NAME":null,"ABBREVN":null,"SUBJECTO":null,"BORDERPRECISION":1,"PARTOF":null}},
{"type":"Feature","geometry":{"type":"Polygon","coordinates":[[[-123.88,39.41],[-123.85,39.53],[-123.89,39.41],[-123.86,39.33],[-123.88,39.41]]]},"properties":{"NAME":null,"ABBREVN":null,"SUBJECTO":null,"BORDERPRECISION":1,"PARTOF":null}},
{"type":"Feature","geometry":{"type":"Polygon","coordinates":[[[-123.83,39.27],[-123.83,39.26],[-123.81,39.27],[-123.83,39.27]]]},"properties":{"NAME":null,"ABBREVN":null,"SUBJECTO":null,"BORDERPRECISION":1,"PARTOF":null}},
{"type":"Feature","geometry":{"type":"Polygon","coordinates":[[[-124.14,41.62],[-124.17,41.65],[-124.41,40.5],[-124.03,40.99],[-124.02,41],[-124.15,41.62],[-124.14,41.62]]]},"properties":{"NAME":null,"ABBREVN":null,"SUBJECTO":null,"BORDERPRECISION":1,"PARTOF":null}},
{"type":"Feature","geometry":{"type":"Polygon","coordinates":[[[-123.89,39.81],[-123.9,39.83],[-123.94,39.85],[-123.97,39.88],[-123.87,39.7],[-123.89,39.81]]]},"properties":{"NAME":null,"ABBREVN":null,"SUBJECTO":null,"BORDERPRECISION":1,"PARTOF":null}},
{"type":"Feature","geometry":null,"properties":{"NAME":null,"ABBREVN":null,"SUBJECTO":null,"BORDERPRECISION":1,"PARTOF":null}},
{"type":"Feature","geometry":{"type":"Polygon","coordinates":[[[-121.99,36.68],[-122,36.68],[-122,36.67],[-121.99,36.68]]]},"properties":{"NAME":null,"ABBREVN":null,"SUBJECTO":null,"BORDERPRECISION":1,"PARTOF":null}},
{"type":"Feature","geometry":{"type":"Polygon","coordinates":[[[-123.51,38.77],[-123.56,38.82],[-123.57,38.81],[-123.58,38.81],[-123.53,38.77],[-123.52,38.77],[-123.51,38.77]]]},"properties":{"NAME":null,"ABBREVN":null,"SUBJECTO":null,"BORDERPRECISION":1,"PARTOF":null}},
{"type":"Feature","geometry":{"type":"Polygon","coordinates":[[[-122.57,37.8],[-122.57,37.74],[-122.53,37.8],[-122.55,37.8],[-122.57,37.8]]]},"properties":{"NAME":null,"ABBREVN":null,"SUBJECTO":null,"BORDERPRECISION":1,"PARTOF":null}},
{"type":"Feature","geometry":{"type":"Polygon","coordinates":[[[-83.5,9.46],[-83.47,9.47],[-83.45,9.5],[-83.7,9.79],[-83.78,9.82],[-84.16,9.45],[-84.15,9.43],[-83.5,9.46]]]},"properties":{"NAME":null,"ABBREVN":null,"SUBJECTO":null,"BORDERPRECISION":1,"PARTOF":null}},
{"type":"Feature","geometry":{"type":"Polygon","coordinates":[[[-83.26,8.42],[-83.23,8.44],[-83.28,8.56],[-83.26,8.42]]]},"properties":{"NAME":null,"ABBREVN":null,"SUBJECTO":null,"BORDERPRECISION":1,"PARTOF":null}},
{"type":"Feature","geometry":{"type":"Polygon","coordinates":[[[-86.74,12.1],[-86.19,11.54],[-85.98,11.65],[-85.98,11.86],[-86.79,12.68],[-87.42,12.72],[-87.16,12.52],[-86.75,12.5],[-86.74,12.1]]]},"properties":{"NAME":null,"ABBREVN":null,"SUBJECTO":null,"BORDERPRECISION":1,"PARTOF":null}},
{"type":"Feature","geometry":{"type":"Polygon","coordinates":[[[-85.64,9.98],[-85.2,10.18],[-85.23,10.26],[-85.22,10.29],[-85.21,10.3],[-85.28,10.34],[-85.29,10.34],[-85.3,10.28],[-85.64,9.98]]]},"properties":{"NAME":null,"ABBREVN":null,"SUBJECTO":null,"BORDERPRECISION":1,"PARTOF":null}},
{"type":"Feature","geometry":{"type":"Polygon","coordinates":[[[-81.25,-5.97],[-81.3,-6.04],[-81.2,-6.1],[-81.25,-5.97]]]},"properties":{"NAME":null,"ABBREVN":null,"SUBJECTO":null,"BORDERPRECISION":1,"PARTOF":null}},
{"type":"Feature","geometry":{"type":"Polygon","coordinates":[[[-82.96,8.17],[-81.66,8.16],[-80.81,7.27],[-79.72,8.88],[-78.96,8.99],[-78.92,9.11],[-78.9,9.11],[-78.88,9.17],[-78.82,9.18],[-78.82,9.22],[-78.75,9.31],[-78.79,9.34],[-79.1,9.55],[-81.21,8.83],[-82.96,8.17]]]},"properties":{"NAME":null,"ABBREVN":null,"SUBJECTO":null,"BORDERPRECISION":1,"PARTOF":null}},
{"type":"Feature","geometry":{"type":"Polygon","coordinates":[[[-79.87,-2.99],[-80.05,-3.31],[-80.03,-3.35],[-79.98,-3.58],[-79.97,-3.57],[-79.71,-3.69],[-79.67,-3.71],[-79.54,-3.67],[-79.52,-3.67],[-79.5,-3.64],[-79.46,-3.53],[-79.45,-3.45],[-79.49,-3.45],[-79.72,-3.1],[-79.3,-2.28],[-79.18,-2.24],[-79.17,-2.16],[-79.37,-1.27],[-79.07,-0.57],[-78.69,-0.29],[-78.65,-0.19],[-78.73,0.07],[-78.75,0.18],[-78.34,0.56],[-78.4,0.61],[-78.42,0.66],[-78.46,0.65],[-78.49,0.76],[-78.53,0.72],[-78.54,0.71],[-78.54,0.63],[-78.98,0.62],[-78.97,0.66],[-79.04,0.73],[-79.08,0.83],[-79.13,0.85],[-79.16,1.01],[-79.13,1.05],[-79.14,1.17],[-80.09,0.82],[-80.42,-0.57],[-79.87,-2.99]],[[-79.42,-0.17],[-79.11,-0.33],[-79.41,-0.49],[-79.42,-0.17]]]},"properties":{"NAME":null,"ABBREVN":null,"SUBJECTO":null,"BORDERPRECISION":1,"PARTOF":null}},
{"type":"Feature","geometry":{"type":"Polygon","coordinates":[[[-103.76,19.73],[-104.06,19.5],[-104.19,19.28],[-104.41,19.3],[-104.42,19.61],[-104.2,19.6],[-104.28,19.96],[-104.38,20.09],[-104.53,20.43],[-104.21,20.49],[-104.17,20.5],[-104.06,20.6],[-104.07,20.66],[-104.03,20.77],[-104.05,20.85],[-103.97,20.89],[-103.96,20.89],[-103.82,21.03],[-103.73,21.49],[-103.75,21.43],[-104.21,21.17],[-104.53,21.49],[-104.68,21.82],[-104.69,21.82],[-104.74,21.71],[-104.93,21.6],[-104.96,21.48],[-105.23,21.35],[-105.67,20.35],[-103.84,18.71],[-103.76,19.73]]]},"properties":{"NAME":null,"ABBREVN":null,"SUBJECTO":null,"BORDERPRECISION":1,"PARTOF":null}},
{"type":"Feature","geometry":{"type":"Polygon","coordinates":[[[-110.04,27.1],[-109.98,27.06],[-109.97,27.08],[-110,27.1],[-110.04,27.1]]]},"properties":{"NAME":null,"ABBREVN":null,"SUBJECTO":null,"BORDERPRECISION":1,"PARTOF":null}},
{"type":"Feature","geometry":{"type":"Polygon","coordinates":[[[-106.88,23.72],[-106.82,23.65],[-106.84,23.71],[-106.88,23.72]]]},"properties":{"NAME":null,"ABBREVN":null,"SUBJECTO":null,"BORDERPRECISION":1,"PARTOF":null}},
{"type":"Feature","geometry":{"type":"Polygon","coordinates":[[[-92.9,16.37],[-92.94,16.33],[-93.21,16.54],[-93.13,16.68],[-93.14,16.68],[-93.15,16.69],[-93.19,16.67],[-93.22,16.54],[-93.57,16.69],[-93.58,16.71],[-93.71,16.68],[-93.71,16.7],[-93.59,16.73],[-93.62,16.8],[-93.87,16.89],[-94.02,16.81],[-94.21,16.61],[-94.24,16.57],[-94.01,16.3],[-94,16.1],[-93.98,16.03],[-93.06,15.32],[-93.2,15.87],[-93.11,15.84],[-92.8,16.19],[-92.8,16.21],[-92.8,16.22],[-92.86,16.33],[-92.9,16.37]]]},"properties":{"NAME":null,"ABBREVN":null,"SUBJECTO":null,"BORDERPRECISION":1,"PARTOF":null}},
{"type":"Feature","geometry":{"type":"Polygon","coordinates":[[[-91.54,14.27],[-91.62,14.3],[-91.7,14.45],[-91.73,14.51],[-92.19,14.66],[-92.31,14.66],[-91.63,14.14],[-91.54,14.27]]]},"properties":{"NAME":null,"ABBREVN":null,"SUBJECTO":null,"BORDERPRECISION":1,"PARTOF":null}},
{"type":"Feature","geometry":{"type":"Polygon","coordinates":[[[-103.72,18.57],[-103.79,18.65],[-103.75,18.59],[-103.72,18.57]]]},"properties":{"NAME":null,"ABBREVN":null,"SUBJECTO":null,"BORDERPRECISION":1,"PARTOF":null}},
{"type":"Feature","geometry":{"type":"Polygon","coordinates":[[[-99.72,17.65],[-99.73,17.64],[-99.8,17.37],[-99.72,16.83],[-99.42,16.76],[-99.36,17.13],[-99.34,17.24],[-99.44,17.29],[-99.54,17.45],[-99.72,17.65]]]},"properties":{"NAME":null,"ABBREVN":null,"SUBJECTO":null,"BORDERPRECISION":1,"PARTOF":null}},
{"type":"Feature","geometry":{"type":"Polygon","coordinates":[[[-63.83,-33.54],[-63.6,-33.59],[-62.71,-33.41],[-62.2,-33.15],[-62.28,-31.59],[-62.32,-31.35],[-62.64,-31.48],[-62.68,-31.49],[-62.73,-31.62],[-63.81,-33.48],[-63.83,-33.54]]]},"properties":{"NAME":null,"ABBREVN":null,"SUBJECTO":null,"BORDERPRECISION":1,"PARTOF":null}},
{"type":"Feature","geometry":{"type":"Polygon","coordinates":[[[-61.82,-25.49],[-61.84,-25.43],[-62.06,-25.59],[-62.32,-28.38],[-62.39,-28.4],[-62.39,-28.49],[-62.27,-28.4],[-61.77,-27.79],[-61.52,-26.94],[-61.41,-26.65],[-61.52,-26.55],[-61.82,-25.49]]]},"properties":{"NAME":null,"ABBREVN":null,"SUBJECTO":null,"BORDERPRECISION":1,"PARTOF":null}},
{"type":"Feature","geometry":{"type":"Polygon","coordinates":[[[-64.44,-24.8],[-64.37,-24.83],[-64.32,-24.67],[-64.44,-24.8]]]},"properties":{"NAME":null,"ABBREVN":null,"SUBJECTO":null,"BORDERPRECISION":1,"PARTOF":null}},
{"type":"Feature","geometry":{"type":"Polygon","coordinates":[[[-63.56,-29.7],[-63.54,-29.67],[-63.56,-29.65],[-63.76,-29.65],[-63.56,-29.7]]]},"properties":{"NAME":null,"ABBREVN":null,"SUBJECTO":null,"BORDERPRECISION":1,"PARTOF":null}},
{"type":"Feature","geometry":{"type":"Polygon","coordinates":[[[-60.08,-24.02],[-60,-24.05],[-59.79,-23.69],[-59.72,-23.66],[-59.78,-23.45],[-60.2,-23.51],[-60.29,-23.85],[-60.26,-24.03],[-60.08,-24.02]]]},"properties":{"NAME":null,"ABBREVN":null,"SUBJECTO":null,"BORDERPRECISION":1,"PARTOF":null}},
{"type":"Feature","geometry":{"type":"Polygon","coordinates":[[[-66.92,-16.11],[-66.89,-16.16],[-66.89,-16.12],[-66.92,-16.11]]]},"properties":{"NAME":null,"ABBREVN":null,"SUBJECTO":null,"BORDERPRECISION":1,"PARTOF":null}},
{"type":"Feature","geometry":{"type":"Polygon","coordinates":[[[-60.52,-24.7],[-60.52,-24.73],[-60.41,-24.73],[-60.53,-24.65],[-60.52,-24.7]]]},"properties":{"NAME":null,"ABBREVN":null,"SUBJECTO":null,"BORDERPRECISION":1,"PARTOF":null}},
{"type":"Feature","geometry":{"type":"Polygon","coordinates":[[[-59.19,-24.14],[-59.18,-24.29],[-59.09,-24.39],[-58.95,-24.34],[-58.96,-24.34],[-59.12,-24.27],[-59.18,-24.14],[-59.19,-24.14]]]},"properties":{"NAME":null,"ABBREVN":null,"SUBJECTO":null,"BORDERPRECISION":1,"PARTOF":null}},
{"type":"Feature","geometry":{"type":"Polygon","coordinates":[[[-75.95,-4.18],[-75.97,-4.07],[-75.95,-3.8],[-75.69,-3.68],[-75.95,-3.4],[-76.08,-3.5],[-76.12,-3.57],[-76.13,-3.66],[-76.17,-3.77],[-76.15,-3.79],[-75.97,-4.11],[-75.95,-4.18]]]},"properties":{"NAME":null,"ABBREVN":null,"SUBJECTO":null,"BORDERPRECISION":1,"PARTOF":null}},
{"type":"Feature","geometry":{"type":"Polygon","coordinates":[[[-58.24,-17.19],[-58.23,-17.23],[-58.22,-17.24],[-58.24,-17.19]]]},"properties":{"NAME":null,"ABBREVN":null,"SUBJECTO":null,"BORDERPRECISION":1,"PARTOF":null}},
{"type":"Feature","geometry":{"type":"Polygon","coordinates":[[[-73.68,-3.89],[-73.7,-3.93],[-73.72,-4.01],[-73.8,-4.09],[-74.03,-4.04],[-74.03,-4.03],[-74.06,-4.03],[-74.16,-4.02],[-74,-4.33],[-73.86,-4.35],[-73.55,-4.16],[-73.57,-3.47],[-73.53,-3.3],[-74.71,-2.29],[-74.81,-2.28],[-73.62,-3.47],[-73.59,-3.72],[-73.68,-3.89]]]},"properties":{"NAME":null,"ABBREVN":null,"SUBJECTO":null,"BORDERPRECISION":1,"PARTOF":null}},
{"type":"Feature","geometry":{"type":"Polygon","coordinates":[[[-74.83,-4.26],[-74.63,-4.4],[-74.48,-4.39],[-74.74,-3.96],[-74.78,-3.94],[-74.85,-3.94],[-74.89,-3.96],[-74.83,-4.26]]]},"properties":{"NAME":null,"ABBREVN":null,"SUBJECTO":null,"BORDERPRECISION":1,"PARTOF":null}},
{"type":"Feature","geometry":{"type":"Polygon","coordinates":[[[-59.71,-30.81],[-59.73,-30.89],[-59.71,-30.86],[-59.71,-30.81]]]},"properties":{"NAME":null,"ABBREVN":null,"SUBJECTO":null,"BORDERPRECISION":1,"PARTOF":null}},
{"type":"Feature","geometry":{"type":"Polygon","coordinates":[[[-59.04,-28.4],[-59.15,-28.58],[-59.18,-29],[-56.8,-29.13],[-56.77,-29.14],[-56.64,-28.87],[-56.59,-27.65],[-57.79,-26.53],[-58.11,-26.32],[-59.04,-28.4]]]},"properties":{"NAME":null,"ABBREVN":null,"SUBJECTO":null,"BORDERPRECISION":1,"PARTOF":null}},
{"type":"Feature","geometry":null,"properties":{"NAME":null,"ABBREVN":null,"SUBJECTO":null,"BORDERPRECISION":1,"PARTOF":null}},
{"type":"Feature","geometry":{"type":"MultiPolygon","coordinates":[]},"properties":{"NAME":null,"ABBREVN":null,"SUBJECTO":null,"BORDERPRECISION":1,"PARTOF":null}},
{"type":"Feature","geometry":null,"properties":{"NAME":null,"ABBREVN":null,"SUBJECTO":null,"BORDERPRECISION":1,"PARTOF":null}},
{"type":"Feature","geometry":{"type":"Polygon","coordinates":[[[-67.95,-14.36],[-68.42,-14.15],[-68.53,-14.09],[-68.76,-13.47],[-68.4,-13.41],[-68.36,-13.44],[-68.33,-13.26],[-68.39,-13.14],[-68.42,-13.14],[-69.51,-13.19],[-70.09,-13.23],[-70.15,-13.27],[-70.01,-13.44],[-68.1,-14.37],[-67.95,-14.36]]]},"properties":{"NAME":null,"ABBREVN":null,"SUBJECTO":null,"BORDERPRECISION":1,"PARTOF":null}},
{"type":"Feature","geometry":{"type":"Polygon","coordinates":[[[-72.99,-7.54],[-72.98,-7.54],[-72.99,-7.53],[-72.99,-7.54]]]},"properties":{"NAME":null,"ABBREVN":null,"SUBJECTO":null,"BORDERPRECISION":1,"PARTOF":null}},
{"type":"Feature","geometry":{"type":"Polygon","coordinates":[[[-77.2,-8.09],[-77.64,-7.01],[-77.58,-7.52],[-77.38,-8.01],[-77.2,-8.09]]]},"properties":{"NAME":null,"ABBREVN":null,"SUBJECTO":null,"BORDERPRECISION":1,"PARTOF":null}},
{"type":"Feature","geometry":{"type":"Polygon","coordinates":[[[-71.22,-1.46],[-71.36,-1.61],[-71.15,-1.78],[-70.82,-1.92],[-70.83,-1.68],[-70.84,-1.54],[-71.06,-1.48],[-71.22,-1.46]]]},"properties":{"NAME":null,"ABBREVN":null,"SUBJECTO":null,"BORDERPRECISION":1,"PARTOF":null}},
{"type":"Feature","geometry":{"type":"Polygon","coordinates":[[[-74.9,-8.78],[-74.89,-8.89],[-74.88,-8.89],[-74.71,-8.77],[-74.58,-8.59],[-74.9,-8.78]]]},"properties":{"NAME":null,"ABBREVN":null,"SUBJECTO":null,"BORDERPRECISION":1,"PARTOF":null}},
{"type":"Feature","geometry":{"type":"Polygon","coordinates":[[[-76.76,-8.65],[-76.88,-8.7],[-75.67,-9.82],[-75.54,-9.71],[-75.51,-9.57],[-75.76,-8.82],[-75.76,-8.6],[-75.56,-7.07],[-75.55,-6.75],[-76.76,-8.65]]]},"properties":{"NAME":null,"ABBREVN":null,"SUBJECTO":null,"BORDERPRECISION":1,"PARTOF":null}},
{"type":"Feature","geometry":{"type":"Polygon","coordinates":[[[-64.31,-18.76],[-64.13,-18.54],[-63.99,-16.85],[-64,-16.7],[-64.33,-16.85],[-64.5,-16.85],[-64.5,-16.87],[-64.31,-18.76]]]},"properties":{"NAME":null,"ABBREVN":null,"SUBJECTO":null,"BORDERPRECISION":1,"PARTOF":null}},
{"type":"Feature","geometry":{"type":"Polygon","coordinates":[[[-66.8,-15.47],[-66.82,-15.56],[-66.82,-15.61],[-66.76,-15.49],[-66.8,-15.47]]]},"properties":{"NAME":null,"ABBREVN":null,"SUBJECTO":null,"BORDERPRECISION":1,"PARTOF":null}},
{"type":"Feature","geometry":{"type":"Polygon","coordinates":[[[-70.91,-13.35],[-70.84,-13.26],[-71.49,-13.08],[-71.38,-13.18],[-70.91,-13.35]]]},"properties":{"NAME":null,"ABBREVN":null,"SUBJECTO":null,"BORDERPRECISION":1,"PARTOF":null}},
{"type":"Feature","geometry":{"type":"Polygon","coordinates":[[[-69.61,-25.01],[-69.54,-24.93],[-69.59,-24.9],[-69.61,-25.01]]]},"properties":{"NAME":null,"ABBREVN":null,"SUBJECTO":null,"BORDERPRECISION":1,"PARTOF":null}},
{"type":"Feature","geometry":{"type":"Polygon","coordinates":[[[-72.4,-45.82],[-72.35,-45.67],[-72.53,-45.93],[-72.4,-45.82]]]},"properties":{"NAME":null,"ABBREVN":null,"SUBJECTO":null,"BORDERPRECISION":1,"PARTOF":null}},
{"type":"Feature","geometry":{"type":"Polygon","coordinates":[[[-66.07,-14.61],[-65.94,-14.56],[-65.57,-14.45],[-65.64,-14.46],[-66.63,-13.76],[-66.69,-13.56],[-67.25,-13.52],[-67.36,-13.5],[-67.52,-14.59],[-67.51,-14.59],[-67.01,-15.1],[-67,-15.1],[-66.5,-14.93],[-66.42,-14.89],[-66.32,-14.72],[-66.22,-14.63],[-66.07,-14.61]]]},"properties":{"NAME":null,"ABBREVN":null,"SUBJECTO":null,"BORDERPRECISION":1,"PARTOF":null}},
{"type":"Feature","geometry":{"type":"Polygon","coordinates":[[[-65.13,-27.87],[-65.29,-27.65],[-65.31,-27.63],[-65.37,-27.56],[-65.87,-27.52],[-66.33,-27.32],[-66.38,-27.33],[-68.96,-28.59],[-70.5,-30.3],[-70.56,-30.49],[-70.4,-30.52],[-70.34,-30.98],[-70.25,-30.89],[-67.79,-30.66],[-65.89,-32.37],[-65.83,-32.43],[-65.92,-30.96],[-64.65,-29.6],[-64.4,-29.5],[-65.14,-27.92],[-65.13,-27.87]]]},"properties":{"NAME":null,"ABBREVN":null,"SUBJECTO":null,"BORDERPRECISION":1,"PARTOF":null}},
{"type":"Feature","geometry":{"type":"Polygon","coordinates":[[[-72.23,-45],[-72.24,-45.03],[-72.19,-45.25],[-72.23,-45]]]},"properties":{"NAME":null,"ABBREVN":null,"SUBJECTO":null,"BORDERPRECISION":1,"PARTOF":null}},
{"type":"Feature","geometry":{"type":"Polygon","coordinates":[[[-69.75,-2.62],[-69.73,-2.61],[-67.32,-2.04],[-66,-2.11],[-65.91,-2.14],[-65.62,-2.05],[-65.58,-1.92],[-65.57,-1.89],[-66.63,-1.79],[-66.66,-1.79],[-67.46,-1.78],[-69.42,-1.6],[-69.49,-1.64],[-69.53,-1.74],[-70.61,-2.16],[-70.31,-2.39],[-70.26,-2.46],[-70.26,-2.57],[-70.22,-2.59],[-70.1,-2.59],[-69.95,-2.58],[-69.75,-2.62]]]},"properties":{"NAME":null,"ABBREVN":null,"SUBJECTO":null,"BORDERPRECISION":1,"PARTOF":null}},
{"type":"Feature","geometry":{"type":"Polygon","coordinates":[[[-67.74,-0.34],[-67.75,-0.34],[-69.76,-0.3],[-69.78,-0.31],[-69.27,-1.16],[-69.37,-1.36],[-69.38,-1.49],[-67.55,-1.47],[-67.22,-0.72],[-67.18,-0.66],[-67.7,-0.43],[-67.74,-0.34]]]},"properties":{"NAME":null,"ABBREVN":null,"SUBJECTO":null,"BORDERPRECISION":1,"PARTOF":null}},
{"type":"Feature","geometry":{"type":"Polygon","coordinates":[[[-58.55,-11.99],[-58.59,-11.95],[-58.99,-11.69],[-59.09,-11.69],[-59.15,-11.77],[-58.55,-11.99]]]},"properties":{"NAME":null,"ABBREVN":null,"SUBJECTO":null,"BORDERPRECISION":1,"PARTOF":null}},
{"type":"Feature","geometry":{"type":"Polygon","coordinates":[[[-65.9,-2.14],[-65.6,-2.24],[-65.62,-2.06],[-65.9,-2.14]]]},"properties":{"NAME":null,"ABBREVN":null,"SUBJECTO":null,"BORDERPRECISION":1,"PARTOF":null}},
{"type":"Feature","geometry":{"type":"Polygon","coordinates":[[[-74.16,-47.48],[-74.14,-47.36],[-73.94,-47.19],[-74.02,-47.18],[-74.38,-47.45],[-74.16,-47.48]]]},"properties":{"NAME":null,"ABBREVN":null,"SUBJECTO":null,"BORDERPRECISION":1,"PARTOF":null}},
{"type":"Feature","geometry":{"type":"Polygon","coordinates":[[[-70.78,-52.91],[-70.61,-52.73],[-70.6,-52.71],[-70.9,-52.82],[-70.78,-52.91]]]},"properties":{"NAME":null,"ABBREVN":null,"SUBJECTO":null,"BORDERPRECISION":1,"PARTOF":null}},
{"type":"Feature","geometry":{"type":"Polygon","coordinates":[[[-66.45,5.9],[-66.07,6.08],[-65.84,6.19],[-66.69,6.36],[-66.73,6.36],[-66.74,6.29],[-66.81,6.18],[-66.77,6.15],[-66.45,5.9]]]},"properties":{"NAME":null,"ABBREVN":null,"SUBJECTO":null,"BORDERPRECISION":1,"PARTOF":null}},
{"type":"Feature","geometry":{"type":"Polygon","coordinates":[[[-71.99,-16.55],[-72.39,-16.41],[-72.67,-16.7],[-70.81,-17.99],[-70.97,-17.49],[-71.01,-17.31],[-71.06,-17.25],[-71.05,-17.18],[-71.07,-17.1],[-71.21,-17.04],[-71.99,-16.55]]]},"properties":{"NAME":null,"ABBREVN":null,"SUBJECTO":null,"BORDERPRECISION":1,"PARTOF":null}},
{"type":"Feature","geometry":{"type":"Polygon","coordinates":[[[-74.13,-0.89],[-74.14,-0.79],[-74.19,-0.58],[-74.22,-0.59],[-74.27,-0.62],[-74.13,-0.89]]]},"properties":{"NAME":null,"ABBREVN":null,"SUBJECTO":null,"BORDERPRECISION":1,"PARTOF":null}},
{"type":"Feature","geometry":{"type":"Polygon","coordinates":[[[-71.53,-0.73],[-72.02,-0.5],[-71.9,-0.68],[-71.82,-0.81],[-71.82,-0.8],[-71.53,-0.73]]]},"properties":{"NAME":null,"ABBREVN":null,"SUBJECTO":null,"BORDERPRECISION":1,"PARTOF":null}},
{"type":"Feature","geometry":{"type":"Polygon","coordinates":[[[-72.16,-0.44],[-72.14,-0.44],[-72.17,-0.43],[-72.16,-0.44]]]},"properties":{"NAME":null,"ABBREVN":null,"SUBJECTO":null,"BORDERPRECISION":1,"PARTOF":null}},
{"type":"Feature","geometry":{"type":"Polygon","coordinates":[[[-76.92,-6.11],[-76.88,-6.05],[-77.05,-5.99],[-77.17,-6],[-78.46,-5.47],[-78.64,-5.34],[-79.25,-4.75],[-79.24,-4.68],[-79.38,-4.65],[-78.85,-5.84],[-78.38,-5.97],[-78.19,-6.03],[-78.18,-6.01],[-77.87,-5.94],[-77.58,-6.35],[-77.61,-6.37],[-77.6,-6.39],[-77.65,-6.9],[-77.64,-6.98],[-77.19,-8.09],[-77.18,-8.1],[-76.97,-8.33],[-76.95,-8.36],[-76.92,-6.11]]]},"properties":{"NAME":null,"ABBREVN":null,"SUBJECTO":null,"BORDERPRECISION":1,"PARTOF":null}},
{"type":"Feature","geometry":{"type":"Polygon","coordinates":[[[-54.27,-15.12],[-54.2,-14.55],[-53.09,-13.33],[-53.09,-13.32],[-53.03,-13.03],[-53.07,-13.06],[-54,-13.02],[-54.07,-12.76],[-54.04,-12.09],[-54.03,-11.91],[-54.04,-11.59],[-54,-11.55],[-53.99,-11.54],[-53.98,-11.46],[-53.89,-11.17],[-54.66,-11.22],[-55.43,-12.4],[-55.51,-12.42],[-55.62,-13.91],[-54.81,-13.92],[-54.93,-14.54],[-55.65,-14.29],[-55.67,-12.9],[-56.06,-12.44],[-56.08,-12.37],[-57.63,-11.25],[-57.68,-11.22],[-57.69,-11.25],[-57.74,-12.16],[-57.75,-12.17],[-57.38,-12.83],[-58.03,-12.97],[-57.91,-12.24],[-57.99,-12.23],[-58.46,-12.02],[-58.47,-12.04],[-58.94,-12.66],[-58.95,-12.67],[-59.4,-14.71],[-59.21,-14.88],[-58.34,-16.39],[-58.27,-16.36],[-56.49,-15.61],[-54.27,-15.12]],[[-57.23,-15.1],[-59.04,-14],[-56.46,-13.6],[-57.23,-15.1]]]},"properties":{"NAME":null,"ABBREVN":null,"SUBJECTO":null,"BORDERPRECISION":1,"PARTOF":null}},
{"type":"Feature","geometry":{"type":"Polygon","coordinates":[[[-78.51,-2.3],[-78.55,-2.52],[-78.53,-2.55],[-78.81,-3.33],[-79.01,-3.49],[-79.08,-3.67],[-78.75,-3.38],[-78.15,-1.61],[-78.05,-1.52],[-78.05,-1.05],[-77.46,-0.3],[-77.45,-0.06],[-77.4,0.01],[-77.48,0.01],[-77.83,0.13],[-77.86,0.23],[-77.92,0.17],[-78.03,-0.08],[-78.05,-0.11],[-78.04,-0.14],[-78.08,-0.18],[-78.08,-0.19],[-78.1,-0.22],[-78.42,-0.78],[-78.34,-1.06],[-78.28,-1.42],[-78.39,-1.59],[-78.49,-2.26],[-78.51,-2.3]]]},"properties":{"NAME":null,"ABBREVN":null,"SUBJECTO":null,"BORDERPRECISION":1,"PARTOF":null}},
{"type":"Feature","geometry":{"type":"Polygon","coordinates":[[[-77.33,-2.3],[-77.32,-2.34],[-77.3,-2.31],[-77.33,-2.3]]]},"properties":{"NAME":null,"ABBREVN":null,"SUBJECTO":null,"BORDERPRECISION":1,"PARTOF":null}},
{"type":"Feature","geometry":{"type":"Polygon","coordinates":[[[-77.83,9.09],[-78.27,9.39],[-78.99,9.53],[-77.83,9.09]]]},"properties":{"NAME":null,"ABBREVN":null,"SUBJECTO":null,"BORDERPRECISION":1,"PARTOF":null}},
{"type":"Feature","geometry":{"type":"Polygon","coordinates":[[[-81.24,8.84],[-81.44,8.86],[-81.35,8.84],[-81.24,8.84]]]},"properties":{"NAME":null,"ABBREVN":null,"SUBJECTO":null,"BORDERPRECISION":1,"PARTOF":null}},
{"type":"Feature","geometry":{"type":"Polygon","coordinates":[[[-72.91,6.86],[-72.74,6.99],[-72.64,7.1],[-72.46,7.37],[-72.52,7.49],[-72.55,7.63],[-72.67,7.6],[-73.73,8.32],[-73.63,9.58],[-73.52,9.64],[-73.52,9.85],[-73.3,10.35],[-73.3,10.38],[-74.23,10.68],[-74.28,10.73],[-74.33,10.76],[-74.34,10.76],[-74.37,10.77],[-74.37,10.8],[-74.36,10.81],[-74.36,10.82],[-74.36,10.83],[-74.35,10.85],[-74.33,10.91],[-74.74,11.06],[-74.77,10.41],[-75.34,10.73],[-75.59,10.03],[-74.1,8.9],[-74.44,8],[-74.5,7.95],[-74.45,7.89],[-73.85,7.35],[-73.81,7.11],[-74.63,5.52],[-74.64,5.51],[-74.66,5.35],[-74.74,5.3],[-75.27,4.42],[-75.11,3.46],[-75.14,3.4],[-75.11,3.39],[-74.98,3.16],[-75,3.12],[-74.98,2.99],[-75.23,2.53],[-75.34,2.51],[-75.35,2.49],[-75.94,1.2],[-76,1.13],[-75.84,1.06],[-75.56,0.92],[-75.25,0.82],[-74.4,0.53],[-74.4,0.48],[-74.28,0.3],[-73.07,-0.17],[-73.02,-0.07],[-72.36,1.04],[-71.74,0.32],[-72.22,-0.38],[-72.23,-0.39],[-72.18,-0.42],[-71.23,-0.77],[-71.21,-0.77],[-71.18,-0.74],[-71.1,0.16],[-71,0.16],[-70.97,0.19],[-70.95,0.24],[-71.03,0.34],[-71.09,0.48],[-71.12,0.52],[-71.11,0.55],[-71.13,0.61],[-71.05,1.13],[-71.01,1.14],[-71.03,1.16],[-71.03,1.18],[-71.04,1.2],[-71.07,1.7],[-71.08,1.85],[-71.04,2.18],[-72.22,2.11],[-72.26,2.63],[-71.34,2.89],[-71.48,2.91],[-71.92,3.19],[-72.11,3.22],[-73.54,2.92],[-74.01,3.78],[-72.58,4.31],[-72.1,4.34],[-71.54,4.81],[-71.9,4.98],[-72.43,5.87],[-72.41,5.9],[-72.47,5.95],[-72.48,5.81],[-73.21,4.69],[-74.68,4.33],[-74.03,6.31],[-73.83,6.35],[-72.99,6.93],[-72.91,6.86]],[[-74.28,2.89],[-73.76,2.44],[-73.66,1.12],[-74.29,0.97],[-74.28,2.89]]]},"properties":{"NAME":null,"ABBREVN":null,"SUBJECTO":null,"BORDERPRECISION":1,"PARTOF":null}},
{"type":"Feature","geometry":{"type":"Polygon","coordinates":[[[-77.58,8.8],[-77.68,8.96],[-77.76,9.03],[-77.58,8.8]]]},"properties":{"NAME":null,"ABBREVN":null,"SUBJECTO":null,"BORDERPRECISION":1,"PARTOF":null}},
{"type":"Feature","geometry":{"type":"Polygon","coordinates":[[[-84.28,15.63],[-84.26,15.65],[-84.18,15.71],[-84.75,15.93],[-84.91,15.63],[-84.89,15.64],[-84.39,15.62],[-84.28,15.63]]]},"properties":{"NAME":null,"ABBREVN":null,"SUBJECTO":null,"BORDERPRECISION":1,"PARTOF":null}},
{"type":"Feature","geometry":{"type":"Polygon","coordinates":[[[-91.5,18.18],[-91.26,18.87],[-90.42,21.06],[-91.7,18.82],[-94.42,18.26],[-94.19,17.49],[-94.24,17.44],[-94.22,17.43],[-94.02,17.1],[-94.83,17.08],[-94.91,17.11],[-94.91,17.1],[-94.92,16.96],[-94.02,16.82],[-93.91,17],[-93.88,17.09],[-93.87,17.17],[-93.11,17.9],[-93.09,17.92],[-92.22,17.82],[-92.19,17.83],[-92.04,17.81],[-91.8,17.81],[-91.71,17.84],[-91.61,18.1],[-91.5,18.18]]]},"properties":{"NAME":null,"ABBREVN":null,"SUBJECTO":null,"BORDERPRECISION":1,"PARTOF":null}},
{"type":"Feature","geometry":{"type":"Polygon","coordinates":[[[-81.53,8.9],[-81.67,9.06],[-81.69,9.04],[-81.53,8.9]]]},"properties":{"NAME":null,"ABBREVN":null,"SUBJECTO":null,"BORDERPRECISION":1,"PARTOF":null}},
{"type":"Feature","geometry":{"type":"Polygon","coordinates":[[[-82.16,9.02],[-83.4,10.5],[-83.69,10.37],[-83.79,10.23],[-83.68,10.05],[-83.62,10.04],[-82.74,9.47],[-82.69,9.47],[-82.86,8.8],[-82.91,8.74],[-82.88,8.73],[-82.16,9.02]]]},"properties":{"NAME":null,"ABBREVN":null,"SUBJECTO":null,"BORDERPRECISION":1,"PARTOF":null}},
{"type":"Feature","geometry":{"type":"Polygon","coordinates":[[[-51.47,-0.37],[-49.88,1.21],[-50.63,2.1],[-51.47,-0.37]]]},"properties":{"NAME":null,"ABBREVN":null,"SUBJECTO":null,"BORDERPRECISION":1,"PARTOF":null}},
{"type":"Feature","geometry":{"type":"Polygon","coordinates":[[[-53.9,5.2],[-53.95,5.05],[-53.03,3.22],[-51.8,2.94],[-51,3.29],[-51.21,4.07],[-51.71,4.23],[-52.6,5.12],[-53.51,5.12],[-53.9,5.2]],[[-51.74,3.85],[-51.2,3.6],[-51.33,3.15],[-51.77,3.37],[-51.74,3.85]]]},"properties":{"NAME":null,"ABBREVN":null,"SUBJECTO":null,"BORDERPRECISION":1,"PARTOF":null}},
{"type":"Feature","geometry":{"type":"Polygon","coordinates":[[[-59.89,-33.53],[-59.89,-33.52],[-59.9,-33.52],[-60.04,-33.46],[-60.21,-33.31],[-60.25,-33.27],[-60.26,-33.26],[-60.51,-33.12],[-60.72,-33.39],[-60.75,-33.53],[-58.44,-34.38],[-57.57,-34.57],[-58.58,-34.04],[-58.61,-34.02],[-58.64,-34.03],[-59.64,-33.71],[-59.79,-33.57],[-59.89,-33.53]]]},"properties":{"NAME":null,"ABBREVN":null,"SUBJECTO":null,"BORDERPRECISION":1,"PARTOF":null}},
{"type":"Feature","geometry":{"type":"Polygon","coordinates":[[[-64.98,-12.94],[-64.77,-12.95],[-64.29,-12.97],[-64.15,-12.98],[-63.23,-12.66],[-63.83,-12.27],[-64.46,-11.9],[-64.65,-12.11],[-64.67,-12.12],[-65.06,-11.94],[-65.02,-11.93],[-65.43,-10.49],[-64.97,-10.18],[-64.61,-11.13],[-64.89,-11.99],[-64.85,-12],[-64.78,-12.02],[-64.74,-12.01],[-64.46,-11.9],[-63.89,-12.22],[-63.59,-11.87],[-63.59,-11.85],[-64.15,-11.22],[-64.19,-11.22],[-64.21,-11.22],[-64.29,-11.19],[-64.29,-11.18],[-64.33,-11.14],[-63.96,-10.51],[-62.96,-11.01],[-62.95,-11.04],[-62.94,-11.04],[-62.9,-11.13],[-62.9,-11.15],[-62.73,-11.14],[-62.72,-11.13],[-62.7,-11.13],[-62.69,-11.12],[-62.69,-11.13],[-62.68,-11.15],[-62.53,-11.5],[-63.24,-11.73],[-63.2,-11.76],[-63.75,-12.3],[-63.19,-12.63],[-63.07,-12.71],[-63.05,-12.73],[-62.86,-12.85],[-63.03,-12.77],[-63.47,-13.33],[-63.51,-13.34],[-63.39,-13.65],[-63.38,-13.65],[-62.53,-13.89],[-62.53,-13.91],[-62.28,-13.82],[-61.85,-13.67],[-61.84,-13.52],[-61.06,-13.05],[-60.78,-13.51],[-60.73,-13.66],[-60.65,-13.7],[-60.45,-13.9],[-60.4,-13.93],[-60.82,-12.78],[-60.86,-12.63],[-61.05,-12.66],[-60.86,-12.63],[-60.91,-12.47],[-60.92,-12.43],[-61.26,-12.38],[-61,-12.07],[-59.94,-12.67],[-59.93,-12.67],[-59.34,-11.83],[-59.39,-11.83],[-60.5,-10.97],[-60.53,-10.76],[-60.92,-10.96],[-61.32,-11.26],[-61.45,-10.93],[-61.47,-10.88],[-61.51,-10.84],[-61.52,-10.84],[-61.74,-10.5],[-61.76,-10.48],[-61.58,-10.2],[-61.21,-10.64],[-61.15,-10.66],[-60.51,-10.58],[-60.45,-10.55],[-59.64,-10.47],[-59.58,-10.41],[-58.59,-8.89],[-58.55,-8.9],[-58.64,-7.61],[-58.59,-7.58],[-58.74,-7.22],[-58.97,-6.79],[-60.64,-5.42],[-57.55,-2.4],[-55.12,-2.8],[-55.02,-2.78],[-54.74,-3.08],[-54.57,-3.05],[-52.67,-3.4],[-52.45,-3.47],[-51.97,-3.22],[-51.63,-3.54],[-51.62,-3.57],[-51.57,-3.66],[-51.63,-3.7],[-51.65,-3.7],[-51.67,-3.72],[-51.66,-3.75],[-51.98,-4.97],[-51.97,-5.34],[-51.68,-5.94],[-52.38,-5.99],[-52.38,-6],[-52.48,-6.66],[-51.92,-6.86],[-50.54,-7.67],[-52.87,-9.91],[-53.01,-10.69],[-52.89,-10.89],[-52.83,-11.22],[-52.89,-11.34],[-52.91,-11.36],[-52.91,-11.37],[-52.96,-12.07],[-52.97,-12.09],[-52.77,-12.84],[-52.79,-12.88],[-52.78,-13.14],[-52.72,-13.11],[-51.37,-11.7],[-50.88,-13.3],[-51.81,-14.84],[-52.95,-15.37],[-52.98,-15.38],[-49.82,-16.83],[-49.19,-18.23],[-51.99,-19.36],[-51.62,-19.87],[-48.26,-19.99],[-46.82,-21.41],[-46.42,-22.69],[-46.01,-22.93],[-45.94,-22.87],[-44.58,-20.73],[-42.05,-18.41],[-41.76,-18.15],[-41.77,-17.95],[-41.43,-16.76],[-39.78,-16.59],[-39.65,-16.78],[-39.52,-16.71],[-39.11,-16.74],[-38.97,-15.75],[-39.31,-15.05],[-39.06,-14.92],[-39.07,-13.72],[-37.19,-10.84],[-35.6,-9.63],[-34.89,-7.61],[-35.46,-5.27],[-37.18,-4.95],[-40.23,-2.85],[-44.22,-2.78],[-44.8,-1.74],[-47.24,-0.68],[-49.22,-2.11],[-50.64,-1.88],[-51.53,-0.44],[-52.86,-0.23],[-53.07,-0.5],[-54.54,-0.16],[-54.67,-0.06],[-54.83,0.03],[-54.98,0.13],[-55.02,0.18],[-55.03,0.19],[-56.19,1.3],[-56.26,1.35],[-57.62,2.43],[-57.96,4.29],[-56.05,3.42],[-55.62,3.39],[-55.43,3.52],[-54.38,3.61],[-54.36,3.74],[-53.81,3.74],[-53.88,3.3],[-53.89,3.3],[-53.89,3.29],[-54,2.83],[-54.7,2.03],[-54.51,1.48],[-54.33,1.31],[-54.32,1.3],[-52.92,0.16],[-52.9,0.23],[-53.1,3.29],[-53.96,5.04],[-55.14,5.11],[-55.37,5.05],[-55.79,3.92],[-55.93,4.28],[-55.65,5.06],[-55.69,5.09],[-56.26,5.09],[-56.29,5.11],[-56.55,5.08],[-58.06,5.2],[-58.35,5.4],[-58.67,5.28],[-58.86,5.21],[-58.85,5.12],[-59.22,4.36],[-59.21,4.29],[-58.73,4.24],[-58.66,4.2],[-58.54,4.17],[-58.34,3.87],[-58.31,3.54],[-58.34,3.52],[-58.32,3.45],[-58.36,2.66],[-58.38,2.53],[-58.24,2.53],[-57.78,0.98],[-57.68,0.85],[-56.95,0.91],[-56.96,-0.97],[-56.98,-1.04],[-56.87,-1.15],[-57.35,-1.93],[-58.38,-1.47],[-58.5,-1.34],[-58.62,-1.26],[-58.76,-1.04],[-59.01,-0.77],[-59.05,-0.62],[-59.15,-0.45],[-60.41,1.11],[-59.92,1.85],[-59.88,1.86],[-60.03,1.93],[-60.44,2.2],[-60.62,2.43],[-60.77,2.6],[-60.88,2.57],[-62.08,3.68],[-62.09,3.69],[-62.12,3.66],[-62.14,3.64],[-61.61,1.76],[-64.77,0.64],[-65.76,1.08],[-65.34,2.84],[-65.32,3],[-65.46,2.97],[-66.43,3.92],[-66.44,4.17],[-66.79,4.08],[-66.84,4.05],[-66.73,3.85],[-66.75,3.23],[-66.73,3.19],[-66.75,2.94],[-66.8,2.44],[-66.68,2.15],[-66.47,1.6],[-67.02,1.4],[-67.11,1.45],[-67.14,1.41],[-67.14,1.32],[-67.29,1.1],[-67.34,1.07],[-67.72,0.96],[-67.91,1],[-68.17,0.87],[-68.23,0.6],[-67.61,0.41],[-67.4,0.27],[-67.34,0.27],[-67.33,0.25],[-67.34,0.23],[-67.17,0.07],[-67.18,-0.02],[-67.18,-0.03],[-67.17,-0.04],[-65.43,-0.68],[-65.46,-0.77],[-66.48,-1.75],[-65.53,-1.83],[-64.89,-1.84],[-64.79,-2.42],[-64.37,-2.8],[-64.05,-3.09],[-63.98,-3.28],[-63.77,-3.38],[-64.42,-4.04],[-64.63,-3.88],[-64.64,-3.88],[-64.98,-3.85],[-65.32,-3.47],[-66.07,-3.19],[-67.34,-3.28],[-69.5,-4.63],[-69.71,-4.63],[-69.73,-4.64],[-69.97,-4.68],[-70.54,-4.53],[-70.55,-4.52],[-70.86,-4.44],[-71.1,-4.36],[-71.24,-4.39],[-72.62,-4.37],[-72.63,-4.37],[-72.64,-4.43],[-73.25,-4.65],[-73.33,-4.59],[-73.35,-4.61],[-73.94,-5.4],[-73.98,-5.53],[-73.58,-6.15],[-73.94,-6.89],[-74.68,-6.54],[-74.14,-5.76],[-74.19,-5.81],[-74.64,-6.1],[-74.73,-6.28],[-74.56,-7.76],[-74.47,-7.8],[-73.61,-7.2],[-73.54,-7.28],[-73.51,-7.32],[-73.46,-7.44],[-73.45,-7.49],[-73.93,-8.31],[-74.01,-8.34],[-73.81,-8.58],[-73.34,-8.84],[-73.32,-8.85],[-73.25,-8.83],[-73.25,-8.61],[-72.82,-7.96],[-72.75,-8.02],[-72.7,-8.1],[-72.2,-8.15],[-72.3,-8.8],[-72.25,-8.97],[-72.18,-9.01],[-72.17,-9.01],[-71.89,-8.98],[-71.93,-8.81],[-71.96,-8.64],[-71.97,-8.63],[-71.98,-8.64],[-72.01,-8.62],[-71.99,-8.53],[-71.97,-8.5],[-71.97,-8.48],[-71.95,-8.45],[-71.94,-8.44],[-71.9,-8.38],[-71.94,-8.15],[-71.8,-8.02],[-71.71,-7.69],[-70.97,-6.84],[-69.84,-7.25],[-69.96,-8.84],[-70.01,-9.21],[-69.96,-9.22],[-69.39,-10.13],[-69.27,-10.46],[-69.24,-10.47],[-69.04,-10.56],[-68.73,-11],[-68.74,-11.6],[-68.19,-11.49],[-67.33,-11.3],[-67.09,-11.25],[-67.09,-11.19],[-65.5,-10.23],[-65.44,-11.81],[-65.45,-11.83],[-65.45,-11.97],[-65.52,-12.31],[-65.96,-12.52],[-66.09,-12.57],[-65.57,-12.5],[-65.49,-12.54],[-65.39,-12.49],[-64.98,-12.94]],[[-48.32,-9.21],[-47.8,-9.18],[-47.69,-9.98],[-48.29,-10.07],[-48.32,-9.21]],[[-44.86,-5.53],[-45,-5.71],[-45.1,-5.8],[-44.89,-6.21],[-45.46,-6.43],[-45.47,-6.42],[-45.86,-6.1],[-46.04,-6.1],[-47,-4.83],[-47.05,-4.37],[-47.13,-3.29],[-47.17,-2.97],[-47.13,-2.08],[-46.93,-2.05],[-46.94,-1.99],[-46.88,-1.81],[-46.61,-2.2],[-46.56,-2.27],[-46.42,-2.44],[-46.37,-2.48],[-46.34,-2.48],[-45.81,-3],[-46.11,-3.23],[-46.15,-3.5],[-46.01,-3.54],[-45.23,-3.85],[-45.05,-4.11],[-44.97,-4.1],[-44.53,-4.44],[-44.51,-5.18],[-44.79,-5.52],[-44.86,-5.53]],[[-65.82,-7.18],[-65.82,-7.16],[-65.79,-7.09],[-65.73,-7.02],[-65.61,-6.94],[-65.09,-6.76],[-65.07,-6.74],[-64.87,-6.52],[-64.82,-6.52],[-64.84,-6.19],[-64.81,-6.52],[-64.78,-6.86],[-64.77,-7.24],[-64.74,-7.28],[-64.74,-7.29],[-64.73,-7.31],[-64.53,-7.7],[-64.55,-8.55],[-64.57,-8.58],[-64.57,-8.59],[-64.62,-8.62],[-64.73,-8.65],[-64.76,-8.63],[-64.84,-8.64],[-67.24,-9.4],[-67.7,-8.52],[-67.96,-8.61],[-68.53,-8.63],[-68.66,-7.16],[-68.66,-7.12],[-68.66,-7.11],[-68.68,-7.09],[-68.64,-7.07],[-68.55,-6.99],[-68.31,-6.76],[-68.25,-6.72],[-68.24,-6.71],[-68.27,-6.66],[-68.23,-6.58],[-68.2,-6.56],[-68.13,-6.47],[-67.9,-6.1],[-67.68,-6.04],[-67.39,-6.38],[-67.03,-6.53],[-66.84,-6.47],[-66.56,-6.51],[-66.29,-6.58],[-66.27,-6.58],[-66.34,-7.17],[-66.71,-7.11],[-66.76,-7.11],[-66.79,-7.15],[-66.8,-7.16],[-66.8,-7.25],[-66.82,-7.32],[-66.79,-7.32],[-65.69,-7.4],[-65.6,-7.38],[-65.73,-7.37],[-65.83,-7.27],[-65.82,-7.24],[-65.83,-7.2],[-65.83,-7.18],[-65.82,-7.18]],[[-47.01,-5.71],[-46.72,-6.03],[-47.14,-6.07],[-47.01,-5.71]],[[-66.44,-9.25],[-65.51,-9.04],[-65.6,-9.71],[-66.44,-9.25]],[[-39.7,-15.58],[-39.78,-15.15],[-39.6,-15.22],[-39.7,-15.58]],[[-38.72,-9.54],[-38.59,-9.27],[-38.13,-9.2],[-38.62,-9.55],[-38.72,-9.54]],[[-47.95,-6.09],[-48.06,-6.2],[-48.52,-7.1],[-48.74,-6.64],[-48.31,-5.99],[-48.3,-5.81],[-48.5,-5.66],[-48.6,-5.18],[-47.76,-5.25],[-47.95,-6.09]],[[-59.77,0.1],[-60.64,-1.99],[-61.56,-1.16],[-59.77,0.1]],[[-61.98,-11.82],[-61.99,-11.85],[-62.12,-11.91],[-62.06,-11.98],[-61.61,-12.41],[-61.57,-12.5],[-61.54,-12.51],[-61.51,-12.58],[-61.53,-12.68],[-61.61,-12.76],[-61.75,-12.82],[-61.85,-12.84],[-61.89,-12.82],[-61.89,-12.81],[-61.94,-12.81],[-62.49,-12.45],[-62.59,-12.35],[-62.9,-12.45],[-62.99,-12.26],[-62.78,-12.02],[-62.76,-12.01],[-62.73,-11.97],[-62.67,-11.92],[-62.66,-11.89],[-62.54,-11.8],[-62.51,-11.8],[-62.48,-11.78],[-62.37,-11.74],[-62.27,-11.72],[-62.27,-11.71],[-61.98,-11.66],[-61.95,-11.81],[-61.98,-11.82]],[[-62.14,-6.99],[-62.11,-6.99],[-61.68,-6.55],[-61.67,-6.56],[-62.16,-8.74],[-62.18,-8.7],[-62.89,-8.05],[-62.84,-7.02],[-62.16,-6.93],[-62.14,-6.99]],[[-38.89,-8.38],[-38.95,-8.2],[-38.74,-8.22],[-38.73,-8.34],[-38.89,-8.38]],[[-72.77,-7.84],[-73.12,-7.64],[-73.05,-7.57],[-73.17,-7.56],[-73.07,-7.45],[-72.98,-7.53],[-72.97,-7.53],[-72.76,-7.84],[-72.77,-7.84]],[[-71.15,-5.3],[-70.86,-5.72],[-71.1,-5.99],[-71.32,-5.54],[-71.15,-5.3]],[[-47.77,-8.35],[-47.37,-7.85],[-46.39,-7.72],[-46.28,-8.41],[-47,-8.78],[-47.77,-8.35]],[[-45.45,-19.14],[-45.03,-19.01],[-44.75,-19.48],[-45.41,-19.5],[-45.45,-19.14]],[[-64.33,-9.21],[-63.36,-8.97],[-63.18,-9.32],[-64.12,-9.48],[-64.33,-9.21]],[[-64.1,-7.26],[-63.84,-7.36],[-63.88,-7.44],[-64.07,-7.41],[-64.1,-7.26]],[[-71.94,-5.16],[-71.54,-5.35],[-71.91,-5.55],[-71.95,-5.61],[-73.19,-6.08],[-73.41,-5.12],[-72.03,-5.09],[-71.94,-5.16]],[[-70.25,-4.65],[-70.07,-4.84],[-70.29,-5.2],[-70.55,-5.01],[-70.25,-4.65]],[[-38.42,-9.16],[-38.38,-9.14],[-38.36,-9.17],[-38.39,-9.19],[-38.42,-9.16]],[[-44.32,-14.55],[-42.7,-14.75],[-42.97,-16.16],[-44.07,-15.77],[-44.32,-14.55]],[[-50.6,-10.68],[-50.6,-10.67],[-51.55,-10.51],[-50.59,-9.13],[-49.95,-10.01],[-49.78,-10.05],[-48.44,-10.8],[-47.95,-14.43],[-48.87,-14.72],[-50.35,-13.59],[-50.6,-10.68]],[[-72.6,-6.41],[-71.98,-6.61],[-72.35,-6.99],[-72.6,-6.41]],[[-49.01,-4.64],[-48.74,-4.71],[-48.84,-5.26],[-49,-5.25],[-49.01,-4.64]],[[-38.85,-10.4],[-38.77,-10.37],[-38.72,-10.45],[-38.77,-10.5],[-38.85,-10.4]],[[-50.31,-3.19],[-50.08,-3.1],[-50.05,-3.46],[-50.24,-3.48],[-50.31,-3.19]],[[-38.79,-8.44],[-38.71,-8.34],[-38.65,-8.4],[-38.68,-8.5],[-38.79,-8.44]],[[-56.12,0.39],[-55.45,0.28],[-55.92,-0.52],[-56.12,0.39]],[[-38.65,-9],[-38.9,-9.12],[-38.95,-8.82],[-38.76,-8.8],[-38.65,-9]],[[-64.37,-9.58],[-64.48,-10.24],[-64.95,-9.8],[-64.37,-9.58]],[[-38.68,-10.59],[-38.53,-10.58],[-38.6,-10.74],[-38.72,-10.69],[-38.68,-10.59]],[[-39.51,-8.6],[-39.24,-8.64],[-39.32,-8.84],[-39.46,-8.82],[-39.51,-8.6]]]},"properties":{"NAME":null,"ABBREVN":null,"SUBJECTO":null,"BORDERPRECISION":1,"PARTOF":null}},
{"type":"Feature","geometry":{"type":"Polygon","coordinates":[[[-74.08,11.38],[-74.22,11.37],[-74.25,11.27],[-74.08,11.38]]]},"properties":{"NAME":null,"ABBREVN":null,"SUBJECTO":null,"BORDERPRECISION":1,"PARTOF":null}},
{"type":"Feature","geometry":{"type":"Polygon","coordinates":[[[-74.27,11.23],[-74.32,10.95],[-74.27,11.09],[-74.27,11.23]]]},"properties":{"NAME":null,"ABBREVN":null,"SUBJECTO":null,"BORDERPRECISION":1,"PARTOF":null}},
{"type":"Feature","geometry":{"type":"Polygon","coordinates":[[[-63.08,4.58],[-63.03,4.79],[-63.16,4.89],[-64.04,6.46],[-61.6,7.09],[-61.58,7.09],[-61.59,7.15],[-62.68,8.37],[-64.02,7.37],[-65.16,7.34],[-64.19,9.85],[-63.46,8.71],[-61.43,8.13],[-61.4,8.16],[-62.95,9.22],[-63.16,10.43],[-63.88,10.5],[-64.24,10.49],[-67.98,10.54],[-69.75,11.53],[-71.54,10.95],[-71.59,10.74],[-71.58,10.71],[-71.02,9.61],[-70.9,9.64],[-70.15,9.05],[-70.26,9],[-70.25,8.97],[-71.58,7.52],[-71.66,7.29],[-71.54,7.27],[-70.1,7.12],[-69.72,7.13],[-69.6,7.2],[-67.31,7.52],[-67.12,7.24],[-67.08,7.23],[-66.93,7.04],[-66.87,7.05],[-65.25,6.69],[-65.23,6.56],[-65.11,6.53],[-65.06,6.45],[-64.8,6.53],[-64.35,6.44],[-63.87,5.15],[-63.8,4.9],[-63.78,4.88],[-63.36,4.51],[-63.1,4.59],[-63.08,4.58]]]},"properties":{"NAME":null,"ABBREVN":null,"SUBJECTO":null,"BORDERPRECISION":1,"PARTOF":null}},
{"type":"Feature","geometry":{"type":"Polygon","coordinates":[[[-73.8,11.31],[-73.79,11.33],[-73.78,11.33],[-73.9,11.34],[-73.85,11.32],[-73.8,11.31]]]},"properties":{"NAME":null,"ABBREVN":null,"SUBJECTO":null,"BORDERPRECISION":1,"PARTOF":null}},
{"type":"Feature","geometry":{"type":"Polygon","coordinates":[[[-121.94,39.35],[-121.9,39.49],[-121.94,39.49],[-121.93,39.46],[-121.94,39.35]]]},"properties":{"NAME":null,"ABBREVN":null,"SUBJECTO":null,"BORDERPRECISION":1,"PARTOF":null}},
{"type":"Feature","geometry":{"type":"Polygon","coordinates":[[[-123.67,41.72],[-123.68,41.68],[-123.67,41.68],[-123.67,41.72]]]},"properties":{"NAME":null,"ABBREVN":null,"SUBJECTO":null,"BORDERPRECISION":1,"PARTOF":null}},
{"type":"Feature","geometry":{"type":"Polygon","coordinates":[[[-121.28,39.45],[-121.41,39.35],[-121.42,39.31],[-121.3,39.4],[-121.28,39.45]]]},"properties":{"NAME":null,"ABBREVN":null,"SUBJECTO":null,"BORDERPRECISION":1,"PARTOF":null}},
{"type":"Feature","geometry":null,"properties":{"NAME":null,"ABBREVN":null,"SUBJECTO":null,"BORDERPRECISION":1,"PARTOF":null}},
{"type":"Feature","geometry":{"type":"Polygon","coordinates":[[[-123.42,40.32],[-123.4,40.31],[-123.36,40.33],[-123.36,40.34],[-123.42,40.32]]]},"properties":{"NAME":null,"ABBREVN":null,"SUBJECTO":null,"BORDERPRECISION":1,"PARTOF":null}},
{"type":"Feature","geometry":{"type":"Polygon","coordinates":[[[-123.47,40.61],[-123.44,40.62],[-123.52,40.7],[-123.47,40.61]]]},"properties":{"NAME":null,"ABBREVN":null,"SUBJECTO":null,"BORDERPRECISION":1,"PARTOF":null}},
{"type":"Feature","geometry":{"type":"Polygon","coordinates":[[[-123.93,41.56],[-123.93,41.53],[-123.92,41.53],[-123.93,41.56]]]},"properties":{"NAME":null,"ABBREVN":null,"SUBJECTO":null,"BORDERPRECISION":1,"PARTOF":null}},
{"type":"Feature","geometry":{"type":"Polygon","coordinates":[[[-118.63,36.47],[-118.55,36.54],[-118.65,36.6],[-118.63,36.47]]]},"properties":{"NAME":null,"ABBREVN":null,"SUBJECTO":null,"BORDERPRECISION":1,"PARTOF":null}},
{"type":"Feature","geometry":{"type":"Polygon","coordinates":[[[-112.44,39.78],[-112.37,39.96],[-112.41,39.91],[-112.44,39.78]]]},"properties":{"NAME":null,"ABBREVN":null,"SUBJECTO":null,"BORDERPRECISION":1,"PARTOF":null}},
{"type":"Feature","geometry":null,"properties":{"NAME":null,"ABBREVN":null,"SUBJECTO":null,"BORDERPRECISION":1,"PARTOF":null}},
{"type":"Feature","geometry":{"type":"Polygon","coordinates":[[[-120.25,37.69],[-120.28,37.75],[-120.29,37.75],[-120.27,37.71],[-120.25,37.69]]]},"properties":{"NAME":null,"ABBREVN":null,"SUBJECTO":null,"BORDERPRECISION":1,"PARTOF":null}},
{"type":"Feature","geometry":{"type":"Polygon","coordinates":[[[-120.69,38.06],[-120.68,38.06],[-120.58,38.09],[-120.4,38.28],[-120.41,38.29],[-120.65,38.09],[-120.69,38.06]]]},"properties":{"NAME":null,"ABBREVN":null,"SUBJECTO":null,"BORDERPRECISION":1,"PARTOF":null}},
{"type":"Feature","geometry":{"type":"Polygon","coordinates":[[[-120.87,39.74],[-120.91,39.73],[-121.11,39.56],[-121.12,39.52],[-120.87,39.74]]]},"properties":{"NAME":null,"ABBREVN":null,"SUBJECTO":null,"BORDERPRECISION":1,"PARTOF":null}},
{"type":"Feature","geometry":{"type":"Polygon","coordinates":[[[-113.39,41.7],[-112.22,41.24],[-112.12,41.27],[-112.59,41.77],[-113.12,41.79],[-113.39,41.7]]]},"properties":{"NAME":null,"ABBREVN":null,"SUBJECTO":null,"BORDERPRECISION":1,"PARTOF":null}},
{"type":"Feature","geometry":{"type":"Polygon","coordinates":[[[-117.49,38.82],[-116.17,41.46],[-116.65,41.46],[-116.81,41.38],[-117.55,39.13],[-117.49,38.82]]]},"properties":{"NAME":null,"ABBREVN":null,"SUBJECTO":null,"BORDERPRECISION":1,"PARTOF":null}},
{"type":"Feature","geometry":null,"properties":{"NAME":null,"ABBREVN":null,"SUBJECTO":null,"BORDERPRECISION":1,"PARTOF":null}},
{"type":"Feature","geometry":null,"properties":{"NAME":null,"ABBREVN":null,"SUBJECTO":null,"BORDERPRECISION":1,"PARTOF":null}},
{"type":"Feature","geometry":{"type":"Polygon","coordinates":[[[-123.3,39.04],[-123.39,39.14],[-123.4,39.16],[-123.38,39.08],[-123.3,39.04]]]},"properties":{"NAME":null,"ABBREVN":null,"SUBJECTO":null,"BORDERPRECISION":1,"PARTOF":null}},
{"type":"Feature","geometry":{"type":"Polygon","coordinates":[[[-123.67,39.16],[-123.6,39.07],[-123.48,39.02],[-123.6,39.08],[-123.67,39.18],[-123.67,39.16]]]},"properties":{"NAME":null,"ABBREVN":null,"SUBJECTO":null,"BORDERPRECISION":1,"PARTOF":null}},
{"type":"Feature","geometry":{"type":"Polygon","coordinates":[[[-122.85,38.85],[-122.89,38.89],[-122.89,38.86],[-122.85,38.85]]]},"properties":{"NAME":null,"ABBREVN":null,"SUBJECTO":null,"BORDERPRECISION":1,"PARTOF":null}},
{"type":"Feature","geometry":{"type":"Polygon","coordinates":[[[-122.99,39.33],[-123.01,39.29],[-122.98,39.22],[-122.95,39.22],[-122.99,39.33]]]},"properties":{"NAME":null,"ABBREVN":null,"SUBJECTO":null,"BORDERPRECISION":1,"PARTOF":null}},
{"type":"Feature","geometry":null,"properties":{"NAME":null,"ABBREVN":null,"SUBJECTO":null,"BORDERPRECISION":1,"PARTOF":null}},
{"type":"Feature","geometry":{"type":"Polygon","coordinates":[[[-122.9,38.86],[-122.89,38.89],[-122.93,38.87],[-122.9,38.86]]]},"properties":{"NAME":null,"ABBREVN":null,"SUBJECTO":null,"BORDERPRECISION":1,"PARTOF":null}},
{"type":"Feature","geometry":{"type":"Polygon","coordinates":[[[-123.53,41.17],[-123.57,41.17],[-123.57,41.16],[-123.53,41.17]]]},"properties":{"NAME":null,"ABBREVN":null,"SUBJECTO":null,"BORDERPRECISION":1,"PARTOF":null}},
{"type":"Feature","geometry":null,"properties":{"NAME":null,"ABBREVN":null,"SUBJECTO":null,"BORDERPRECISION":1,"PARTOF":null}},
{"type":"Feature","geometry":{"type":"Polygon","coordinates":[[[-123.79,40.96],[-123.8,40.95],[-123.77,40.94],[-123.79,40.96]]]},"properties":{"NAME":null,"ABBREVN":null,"SUBJECTO":null,"BORDERPRECISION":1,"PARTOF":null}},
{"type":"Feature","geometry":{"type":"Polygon","coordinates":[[[-123.85,40.96],[-123.84,40.96],[-123.87,41.01],[-123.93,40.99],[-123.91,40.98],[-123.88,40.97],[-123.85,40.96]]]},"properties":{"NAME":null,"ABBREVN":null,"SUBJECTO":null,"BORDERPRECISION":1,"PARTOF":null}},
{"type":"Feature","geometry":{"type":"Polygon","coordinates":[[[-123.22,39.9],[-123.22,39.91],[-123.36,39.91],[-123.22,39.9]]]},"properties":{"NAME":null,"ABBREVN":null,"SUBJECTO":null,"BORDERPRECISION":1,"PARTOF":null}},
{"type":"Feature","geometry":null,"properties":{"NAME":null,"ABBREVN":null,"SUBJECTO":null,"BORDERPRECISION":1,"PARTOF":null}},
{"type":"Feature","geometry":null,"properties":{"NAME":null,"ABBREVN":null,"SUBJECTO":null,"BORDERPRECISION":1,"PARTOF":null}},
{"type":"Feature","geometry":{"type":"Polygon","coordinates":[[[-124.12,40.41],[-124.12,40.45],[-124.16,40.51],[-124.16,40.5],[-124.17,40.43],[-124.12,40.41]]]},"properties":{"NAME":null,"ABBREVN":null,"SUBJECTO":null,"BORDERPRECISION":1,"PARTOF":null}},
{"type":"Feature","geometry":{"type":"Polygon","coordinates":[[[-122.8,38.83],[-122.78,38.83],[-122.81,38.84],[-122.8,38.83]]]},"properties":{"NAME":null,"ABBREVN":null,"SUBJECTO":null,"BORDERPRECISION":1,"PARTOF":null}},
{"type":"Feature","geometry":{"type":"Polygon","coordinates":[[[-122.83,38.85],[-122.83,38.86],[-122.84,38.85],[-122.83,38.85]]]},"properties":{"NAME":null,"ABBREVN":null,"SUBJECTO":null,"BORDERPRECISION":1,"PARTOF":null}},
{"type":"Feature","geometry":{"type":"Polygon","coordinates":[[[-122.35,38.56],[-122.34,38.6],[-122.38,38.61],[-122.35,38.56]]]},"properties":{"NAME":null,"ABBREVN":null,"SUBJECTO":null,"BORDERPRECISION":1,"PARTOF":null}},
{"type":"Feature","geometry":{"type":"Polygon","coordinates":[[[-122.47,38.69],[-122.44,38.71],[-122.5,38.72],[-122.5,38.71],[-122.47,38.69]]]},"properties":{"NAME":null,"ABBREVN":null,"SUBJECTO":null,"BORDERPRECISION":1,"PARTOF":null}},
{"type":"Feature","geometry":{"type":"Polygon","coordinates":[[[-122.75,39.14],[-122.74,39.13],[-122.72,39.14],[-122.75,39.16],[-122.75,39.14]]]},"properties":{"NAME":null,"ABBREVN":null,"SUBJECTO":null,"BORDERPRECISION":1,"PARTOF":null}},
{"type":"Feature","geometry":{"type":"Polygon","coordinates":[[[-122.71,39.39],[-122.76,39.37],[-122.7,39.39],[-122.71,39.39]]]},"properties":{"NAME":null,"ABBREVN":null,"SUBJECTO":null,"BORDERPRECISION":1,"PARTOF":null}},
{"type":"Feature","geometry":null,"properties":{"NAME":null,"ABBREVN":null,"SUBJECTO":null,"BORDERPRECISION":1,"PARTOF":null}},
{"type":"Feature","geometry":{"type":"Polygon","coordinates":[[[-122.81,39.04],[-122.82,39.04],[-122.83,39.04],[-122.81,39.03],[-122.81,39.04]]]},"properties":{"NAME":null,"ABBREVN":null,"SUBJECTO":null,"BORDERPRECISION":1,"PARTOF":null}},
{"type":"Feature","geometry":{"type":"Polygon","coordinates":[[[-123.17,40.14],[-123.16,40.14],[-123.17,40.15],[-123.17,40.14]]]},"properties":{"NAME":null,"ABBREVN":null,"SUBJECTO":null,"BORDERPRECISION":1,"PARTOF":null}},
{"type":"Feature","geometry":{"type":"Polygon","coordinates":[[[-123.32,40.11],[-123.32,40.14],[-123.34,40.12],[-123.32,40.11]]]},"properties":{"NAME":null,"ABBREVN":null,"SUBJECTO":null,"BORDERPRECISION":1,"PARTOF":null}},
{"type":"Feature","geometry":{"type":"Polygon","coordinates":[[[-123.4,39.53],[-123.32,39.44],[-123.33,39.46],[-123.4,39.53]]]},"properties":{"NAME":null,"ABBREVN":null,"SUBJECTO":null,"BORDERPRECISION":1,"PARTOF":null}},
{"type":"Feature","geometry":{"type":"Polygon","coordinates":[[[-123.51,39.64],[-123.51,39.66],[-123.53,39.64],[-123.49,39.6],[-123.51,39.64]]]},"properties":{"NAME":null,"ABBREVN":null,"SUBJECTO":null,"BORDERPRECISION":1,"PARTOF":null}},
{"type":"Feature","geometry":{"type":"Polygon","coordinates":[[[-122.37,38.13],[-122.36,38.13],[-122.36,38.14],[-122.37,38.13]]]},"properties":{"NAME":null,"ABBREVN":null,"SUBJECTO":null,"BORDERPRECISION":1,"PARTOF":null}},
{"type":"Feature","geometry":{"type":"Polygon","coordinates":[[[-122.35,38.33],[-122.34,38.32],[-122.32,38.33],[-122.35,38.33]]]},"properties":{"NAME":null,"ABBREVN":null,"SUBJECTO":null,"BORDERPRECISION":1,"PARTOF":null}},
{"type":"Feature","geometry":{"type":"Polygon","coordinates":[[[-123.53,40.13],[-123.66,40.11],[-123.63,40.1],[-123.53,40.13]]]},"properties":{"NAME":null,"ABBREVN":null,"SUBJECTO":null,"BORDERPRECISION":1,"PARTOF":null}},
{"type":"Feature","geometry":{"type":"Polygon","coordinates":[[[-123.73,39.94],[-123.74,39.94],[-123.76,39.9],[-123.72,39.94],[-123.66,39.94],[-123.73,39.94]]]},"properties":{"NAME":null,"ABBREVN":null,"SUBJECTO":null,"BORDERPRECISION":1,"PARTOF":null}},
{"type":"Feature","geometry":{"type":"Polygon","coordinates":[[[-116.71,33.35],[-116.75,33.37],[-116.72,33.35],[-116.71,33.35]]]},"properties":{"NAME":null,"ABBREVN":null,"SUBJECTO":null,"BORDERPRECISION":1,"PARTOF":null}},
{"type":"Feature","geometry":{"type":"Polygon","coordinates":[[[-118.74,34.69],[-118.72,34.76],[-118.7,34.83],[-118.71,34.85],[-118.75,34.84],[-118.77,34.75],[-118.74,34.69]]]},"properties":{"NAME":null,"ABBREVN":null,"SUBJECTO":null,"BORDERPRECISION":1,"PARTOF":null}},
{"type":"Feature","geometry":{"type":"Polygon","coordinates":[[[-116.54,33.28],[-116.51,33.31],[-116.54,33.34],[-116.54,33.28]]]},"properties":{"NAME":null,"ABBREVN":null,"SUBJECTO":null,"BORDERPRECISION":1,"PARTOF":null}},
{"type":"Feature","geometry":{"type":"Polygon","coordinates":[[[-116.57,33.37],[-116.58,33.38],[-116.6,33.37],[-116.57,33.37]]]},"properties":{"NAME":null,"ABBREVN":null,"SUBJECTO":null,"BORDERPRECISION":1,"PARTOF":null}},
{"type":"Feature","geometry":{"type":"Polygon","coordinates":[[[-111.41,26.14],[-111.45,26.13],[-111.46,26.12],[-111.41,26.14]]]},"properties":{"NAME":null,"ABBREVN":null,"SUBJECTO":null,"BORDERPRECISION":1,"PARTOF":null}},
{"type":"Feature","geometry":{"type":"Polygon","coordinates":[[[-108.19,25.31],[-108.31,25.38],[-107.71,24.76],[-107.65,24.73],[-108.19,25.31]]]},"properties":{"NAME":null,"ABBREVN":null,"SUBJECTO":null,"BORDERPRECISION":1,"PARTOF":null}},
{"type":"Feature","geometry":{"type":"Polygon","coordinates":[[[-117.93,34.78],[-118.05,34.82],[-118.58,34.94],[-118.6,34.95],[-118.66,34.9],[-118.42,34.85],[-117.93,34.78]]]},"properties":{"NAME":null,"ABBREVN":null,"SUBJECTO":null,"BORDERPRECISION":1,"PARTOF":null}},
{"type":"Feature","geometry":{"type":"Polygon","coordinates":[[[-120.1,35.54],[-120.17,35.62],[-120.12,35.54],[-120.1,35.54]]]},"properties":{"NAME":null,"ABBREVN":null,"SUBJECTO":null,"BORDERPRECISION":1,"PARTOF":null}},
{"type":"Feature","geometry":null,"properties":{"NAME":null,"ABBREVN":null,"SUBJECTO":null,"BORDERPRECISION":1,"PARTOF":null}},
{"type":"Feature","geometry":{"type":"Polygon","coordinates":[[[-121.96,39.87],[-121.52,40.1],[-121.52,40.12],[-121.57,40.21],[-121.89,39.93],[-122.14,40.45],[-122.15,40.64],[-122.18,40.64],[-122.18,40.63],[-122.19,40.58],[-122.19,40.54],[-122.19,40.53],[-122.2,40.51],[-122.18,40.38],[-122.18,40.35],[-122.19,40.35],[-122.2,40.35],[-122.21,40.34],[-122.21,40.33],[-122.2,40.31],[-122.18,40.3],[-122.2,40.28],[-122.21,40.27],[-122.21,40.23],[-122.11,40.12],[-121.95,39.92],[-121.96,39.87]]]},"properties":{"NAME":null,"ABBREVN":null,"SUBJECTO":null,"BORDERPRECISION":1,"PARTOF":null}},
{"type":"Feature","geometry":null,"properties":{"NAME":null,"ABBREVN":null,"SUBJECTO":null,"BORDERPRECISION":1,"PARTOF":null}},
{"type":"Feature","geometry":{"type":"Polygon","coordinates":[[[-122.22,39.58],[-122.11,39.46],[-122.19,39.88],[-122.2,39.88],[-122.22,39.58]]]},"properties":{"NAME":null,"ABBREVN":null,"SUBJECTO":null,"BORDERPRECISION":1,"PARTOF":null}},
{"type":"Feature","geometry":null,"properties":{"NAME":null,"ABBREVN":null,"SUBJECTO":null,"BORDERPRECISION":1,"PARTOF":null}},
{"type":"Feature","geometry":{"type":"Polygon","coordinates":[[[-111.84,29.83],[-111.78,29.76],[-111.81,29.82],[-111.84,29.83]]]},"properties":{"NAME":null,"ABBREVN":null,"SUBJECTO":null,"BORDERPRECISION":1,"PARTOF":null}},
{"type":"Feature","geometry":{"type":"Polygon","coordinates":[[[-122,40.83],[-121.99,40.83],[-121.96,40.84],[-121.97,40.85],[-122,40.85],[-122,40.84],[-122,40.83]]]},"properties":{"NAME":null,"ABBREVN":null,"SUBJECTO":null,"BORDERPRECISION":1,"PARTOF":null}},
{"type":"Feature","geometry":null,"properties":{"NAME":null,"ABBREVN":null,"SUBJECTO":null,"BORDERPRECISION":1,"PARTOF":null}},
{"type":"Feature","geometry":{"type":"Polygon","coordinates":[[[-124.35,51.13],[-124.38,51.18],[-124.39,51.14],[-124.35,51.13]]]},"properties":{"NAME":null,"ABBREVN":null,"SUBJECTO":null,"BORDERPRECISION":1,"PARTOF":null}},
{"type":"Feature","geometry":{"type":"Polygon","coordinates":[[[-125.51,51.93],[-125.56,51.93],[-125.55,51.9],[-125.51,51.93]]]},"properties":{"NAME":null,"ABBREVN":null,"SUBJECTO":null,"BORDERPRECISION":1,"PARTOF":null}},
{"type":"Feature","geometry":null,"properties":{"NAME":null,"ABBREVN":null,"SUBJECTO":null,"BORDERPRECISION":1,"PARTOF":null}},
{"type":"Feature","geometry":{"type":"Polygon","coordinates":[[[-124,50.49],[-123.99,50.5],[-124,50.5],[-124,50.49]]]},"properties":{"NAME":null,"ABBREVN":null,"SUBJECTO":null,"BORDERPRECISION":1,"PARTOF":null}},
{"type":"Feature","geometry":{"type":"Polygon","coordinates":[[[-127.53,53.46],[-127.55,53.48],[-127.61,53.52],[-127.62,53.51],[-127.49,53.42],[-127.53,53.46]]]},"properties":{"NAME":null,"ABBREVN":null,"SUBJECTO":null,"BORDERPRECISION":1,"PARTOF":null}},
{"type":"Feature","geometry":{"type":"Polygon","coordinates":[[[-127.89,54.15],[-127.89,54.17],[-127.92,54.15],[-127.92,54.13],[-127.97,54.13],[-127.98,54.1],[-128,54.06],[-127.94,54.12],[-127.89,54.15]]]},"properties":{"NAME":null,"ABBREVN":null,"SUBJECTO":null,"BORDERPRECISION":1,"PARTOF":null}},
{"type":"Feature","geometry":{"type":"Polygon","coordinates":[[[-126.2,52.75],[-126.37,52.83],[-126.52,52.9],[-126.53,52.91],[-126.61,52.95],[-126.63,52.94],[-126.2,52.75]]]},"properties":{"NAME":null,"ABBREVN":null,"SUBJECTO":null,"BORDERPRECISION":1,"PARTOF":null}},
{"type":"Feature","geometry":{"type":"Polygon","coordinates":[[[-127.27,53.05],[-127.28,53.21],[-127.3,53.19],[-127.27,53.05]]]},"properties":{"NAME":null,"ABBREVN":null,"SUBJECTO":null,"BORDERPRECISION":1,"PARTOF":null}},
{"type":"Feature","geometry":{"type":"Polygon","coordinates":[[[-126.54,51.85],[-126.52,51.86],[-126.55,51.86],[-126.54,51.85]]]},"properties":{"NAME":null,"ABBREVN":null,"SUBJECTO":null,"BORDERPRECISION":1,"PARTOF":null}},
{"type":"Feature","geometry":{"type":"Polygon","coordinates":[[[-128.52,53.28],[-128.5,53.28],[-128.52,53.29],[-128.52,53.28]]]},"properties":{"NAME":null,"ABBREVN":null,"SUBJECTO":null,"BORDERPRECISION":1,"PARTOF":null}},
{"type":"Feature","geometry":{"type":"Polygon","coordinates":[[[-128.17,55.5],[-128.17,55.51],[-128.18,55.51],[-128.17,55.5]]]},"properties":{"NAME":null,"ABBREVN":null,"SUBJECTO":null,"BORDERPRECISION":1,"PARTOF":null}},
{"type":"Feature","geometry":{"type":"Polygon","coordinates":[[[-128.46,55.94],[-128.45,55.97],[-128.48,55.96],[-128.46,55.94]]]},"properties":{"NAME":null,"ABBREVN":null,"SUBJECTO":null,"BORDERPRECISION":1,"PARTOF":null}},
{"type":"Feature","geometry":{"type":"Polygon","coordinates":[[[-124.43,48.11],[-124.38,48.1],[-124.41,48.12],[-124.43,48.11]]]},"properties":{"NAME":null,"ABBREVN":null,"SUBJECTO":null,"BORDERPRECISION":1,"PARTOF":null}},
{"type":"Feature","geometry":{"type":"Polygon","coordinates":[[[-124.32,48.09],[-124.31,48.08],[-124.25,48.08],[-124.26,48.09],[-124.27,48.12],[-124.27,48.13],[-124.32,48.09]]]},"properties":{"NAME":null,"ABBREVN":null,"SUBJECTO":null,"BORDERPRECISION":1,"PARTOF":null}},
{"type":"Feature","geometry":null,"properties":{"NAME":null,"ABBREVN":null,"SUBJECTO":null,"BORDERPRECISION":1,"PARTOF":null}},
{"type":"Feature","geometry":{"type":"Polygon","coordinates":[[[-126.93,51.5],[-126.91,51.48],[-126.8,51.43],[-126.86,51.48],[-126.93,51.5]]]},"properties":{"NAME":null,"ABBREVN":null,"SUBJECTO":null,"BORDERPRECISION":1,"PARTOF":null}},
{"type":"Feature","geometry":{"type":"Polygon","coordinates":[[[-121.36,47.23],[-121.29,47.26],[-121.32,47.28],[-121.36,47.23]]]},"properties":{"NAME":null,"ABBREVN":null,"SUBJECTO":null,"BORDERPRECISION":1,"PARTOF":null}},
{"type":"Feature","geometry":{"type":"Polygon","coordinates":[[[-77.21,38.88],[-77.26,38.75],[-77.21,38.8],[-77.2,38.8],[-77.21,38.85],[-77.21,38.88]]]},"properties":{"NAME":null,"ABBREVN":null,"SUBJECTO":null,"BORDERPRECISION":1,"PARTOF":null}},
{"type":"Feature","geometry":{"type":"Polygon","coordinates":[[[-116.03,46.69],[-115.76,46.71],[-115.8,46.77],[-115.99,46.75],[-116.03,46.69]]]},"properties":{"NAME":null,"ABBREVN":null,"SUBJECTO":null,"BORDERPRECISION":1,"PARTOF":null}},
{"type":"Feature","geometry":{"type":"Polygon","coordinates":[[[-116.66,46.86],[-116.66,46.82],[-116.22,46.69],[-116.21,46.7],[-116.66,46.86]]]},"properties":{"NAME":null,"ABBREVN":null,"SUBJECTO":null,"BORDERPRECISION":1,"PARTOF":null}},
{"type":"Feature","geometry":{"type":"Polygon","coordinates":[[[-91.17,30.34],[-91.16,30.32],[-91.15,30.32],[-91.17,30.34]]]},"properties":{"NAME":null,"ABBREVN":null,"SUBJECTO":null,"BORDERPRECISION":1,"PARTOF":null}},
{"type":"Feature","geometry":{"type":"Polygon","coordinates":[[[-91.2,30.43],[-91.25,30.44],[-91.22,30.39],[-91.2,30.43]]]},"properties":{"NAME":null,"ABBREVN":null,"SUBJECTO":null,"BORDERPRECISION":1,"PARTOF":null}},
{"type":"Feature","geometry":{"type":"Polygon","coordinates":[[[-77.55,37.66],[-77.56,37.6],[-77.53,37.64],[-77.55,37.66]]]},"properties":{"NAME":null,"ABBREVN":null,"SUBJECTO":null,"BORDERPRECISION":1,"PARTOF":null}},
{"type":"Feature","geometry":{"type":"Polygon","coordinates":[[[-79.94,35.82],[-79.97,35.78],[-80.3,35.56],[-80.52,35.55],[-80.52,35.49],[-80.47,35.3],[-80.48,35.22],[-80.35,35.17],[-80.33,35.19],[-79.67,35.75],[-79.61,35.82],[-79.77,35.82],[-79.94,35.82]]]},"properties":{"NAME":null,"ABBREVN":null,"SUBJECTO":null,"BORDERPRECISION":1,"PARTOF":null}},
{"type":"Feature","geometry":{"type":"Polygon","coordinates":[[[-160.57,63.41],[-160.49,63.42],[-160.49,63.44],[-160.57,63.41]]]},"properties":{"NAME":null,"ABBREVN":null,"SUBJECTO":null,"BORDERPRECISION":1,"PARTOF":null}},
{"type":"Feature","geometry":{"type":"Polygon","coordinates":[[[-159.79,63.89],[-159.87,63.9],[-159.86,63.88],[-160.01,63.69],[-160.03,63.66],[-159.79,63.89]]]},"properties":{"NAME":null,"ABBREVN":null,"SUBJECTO":null,"BORDERPRECISION":1,"PARTOF":null}},
{"type":"Feature","geometry":{"type":"Polygon","coordinates":[[[-120.66,67.75],[-120.89,67.63],[-120.76,67.63],[-120.29,67.49],[-120.66,67.75]]]},"properties":{"NAME":null,"ABBREVN":null,"SUBJECTO":null,"BORDERPRECISION":1,"PARTOF":null}},
{"type":"Feature","geometry":{"type":"Polygon","coordinates":[[[-159.15,62.77],[-159.01,62.74],[-157.65,62.67],[-157.44,62.64],[-157.58,62.82],[-158,62.83],[-159.15,62.77]]]},"properties":{"NAME":null,"ABBREVN":null,"SUBJECTO":null,"BORDERPRECISION":1,"PARTOF":null}},
{"type":"Feature","geometry":null,"properties":{"NAME":null,"ABBREVN":null,"SUBJECTO":null,"BORDERPRECISION":1,"PARTOF":null}},
{"type":"Feature","geometry":null,"properties":{"NAME":null,"ABBREVN":null,"SUBJECTO":null,"BORDERPRECISION":1,"PARTOF":null}},
{"type":"Feature","geometry":null,"properties":{"NAME":null,"ABBREVN":null,"SUBJECTO":null,"BORDERPRECISION":1,"PARTOF":null}},
{"type":"Feature","geometry":{"type":"Polygon","coordinates":[[[-87.18,53.15],[-88.33,54.62],[-90.79,55.18],[-92.99,54.28],[-93.73,53.41],[-92.28,52.35],[-87.18,53.15]]]},"properties":{"NAME":null,"ABBREVN":null,"SUBJECTO":null,"BORDERPRECISION":1,"PARTOF":null}},
{"type":"Feature","geometry":{"type":"Polygon","coordinates":[[[-88.02,32.38],[-88.03,32.43],[-88.04,32.41],[-88.02,32.38]]]},"properties":{"NAME":null,"ABBREVN":null,"SUBJECTO":null,"BORDERPRECISION":1,"PARTOF":null}},
{"type":"Feature","geometry":null,"properties":{"NAME":null,"ABBREVN":null,"SUBJECTO":null,"BORDERPRECISION":1,"PARTOF":null}},
{"type":"Feature","geometry":{"type":"Polygon","coordinates":[[[-87.81,32.89],[-87.61,33.04],[-87.65,33.04],[-87.81,32.89]]]},"properties":{"NAME":null,"ABBREVN":null,"SUBJECTO":null,"BORDERPRECISION":1,"PARTOF":null}},
{"type":"Feature","geometry":{"type":"Polygon","coordinates":[[[-87.94,32.49],[-87.89,32.52],[-87.91,32.52],[-87.94,32.49]]]},"properties":{"NAME":null,"ABBREVN":null,"SUBJECTO":null,"BORDERPRECISION":1,"PARTOF":null}},
{"type":"Feature","geometry":{"type":"Polygon","coordinates":[[[-87.95,31.27],[-87.93,31.28],[-87.91,31.34],[-87.95,31.27]]]},"properties":{"NAME":null,"ABBREVN":null,"SUBJECTO":null,"BORDERPRECISION":1,"PARTOF":null}},
{"type":"Feature","geometry":{"type":"Polygon","coordinates":[[[-87.97,31.03],[-87.96,30.99],[-87.95,31.1],[-87.96,31.06],[-87.97,31.03]]]},"properties":{"NAME":null,"ABBREVN":null,"SUBJECTO":null,"BORDERPRECISION":1,"PARTOF":null}},
{"type":"Feature","geometry":{"type":"MultiPolygon","coordinates":[]},"properties":{"NAME":null,"ABBREVN":null,"SUBJECTO":null,"BORDERPRECISION":1,"PARTOF":null}},
{"type":"Feature","geometry":{"type":"Polygon","coordinates":[[[-87.9,31.45],[-87.9,31.54],[-87.96,31.55],[-87.9,31.45]]]},"properties":{"NAME":null,"ABBREVN":null,"SUBJECTO":null,"BORDERPRECISION":1,"PARTOF":null}},
{"type":"Feature","geometry":{"type":"Polygon","coordinates":[[[-82.11,33.57],[-82.06,33.52],[-82.03,33.54],[-82.03,33.55],[-82.11,33.57]]]},"properties":{"NAME":null,"ABBREVN":null,"SUBJECTO":null,"BORDERPRECISION":1,"PARTOF":null}},
{"type":"Feature","geometry":{"type":"Polygon","coordinates":[[[-81.6,33.07],[-81.61,33.06],[-81.5,32.97],[-81.52,33.03],[-81.6,33.07]]]},"properties":{"NAME":null,"ABBREVN":null,"SUBJECTO":null,"BORDERPRECISION":1,"PARTOF":null}},
{"type":"Feature","geometry":{"type":"Polygon","coordinates":[[[-92.11,32.05],[-92.08,32.06],[-92.1,32.08],[-92.11,32.05]]]},"properties":{"NAME":null,"ABBREVN":null,"SUBJECTO":null,"BORDERPRECISION":1,"PARTOF":null}},
{"type":"Feature","geometry":{"type":"Polygon","coordinates":[[[-94.92,31.18],[-94.8,31.18],[-94.62,31.25],[-94.92,31.3],[-94.91,31.23],[-94.92,31.18]]]},"properties":{"NAME":null,"ABBREVN":null,"SUBJECTO":null,"BORDERPRECISION":1,"PARTOF":null}},
{"type":"Feature","geometry":{"type":"Polygon","coordinates":[[[-82.38,33.91],[-82.39,33.95],[-82.44,33.96],[-82.38,33.91]]]},"properties":{"NAME":null,"ABBREVN":null,"SUBJECTO":null,"BORDERPRECISION":1,"PARTOF":null}},
{"type":"Feature","geometry":{"type":"Polygon","coordinates":[[[-87.5,33.37],[-87.53,33.31],[-87.62,33.24],[-87.66,33.23],[-87.68,33.16],[-87.67,33.18],[-87.5,33.32],[-87.5,33.37]]]},"properties":{"NAME":null,"ABBREVN":null,"SUBJECTO":null,"BORDERPRECISION":1,"PARTOF":null}},
{"type":"Feature","geometry":null,"properties":{"NAME":null,"ABBREVN":null,"SUBJECTO":null,"BORDERPRECISION":1,"PARTOF":null}},
{"type":"Feature","geometry":{"type":"Polygon","coordinates":[[[-79.53,33.45],[-79.45,33.54],[-79.39,33.55],[-79.38,33.57],[-79.32,33.63],[-79.34,33.66],[-79.33,33.81],[-79.42,33.8],[-79.89,33.73],[-79.95,33.74],[-79.96,33.68],[-80.01,33.61],[-79.67,33.43],[-79.53,33.45]]]},"properties":{"NAME":null,"ABBREVN":null,"SUBJECTO":null,"BORDERPRECISION":1,"PARTOF":null}},
{"type":"Feature","geometry":{"type":"Polygon","coordinates":[[[-121.96,39.25],[-121.76,38.93],[-121.76,39.06],[-121.9,39.24],[-121.96,39.25]]]},"properties":{"NAME":null,"ABBREVN":null,"SUBJECTO":null,"BORDERPRECISION":1,"PARTOF":null}},
{"type":"Feature","geometry":{"type":"Polygon","coordinates":[[[-121.67,38.78],[-121.66,38.77],[-121.64,38.77],[-121.67,38.78]]]},"properties":{"NAME":null,"ABBREVN":null,"SUBJECTO":null,"BORDERPRECISION":1,"PARTOF":null}},
{"type":"Feature","geometry":{"type":"Polygon","coordinates":[[[-122.59,39],[-122.55,39.01],[-122.59,39.04],[-122.59,39]]]},"properties":{"NAME":null,"ABBREVN":null,"SUBJECTO":null,"BORDERPRECISION":1,"PARTOF":null}},
{"type":"Feature","geometry":{"type":"Polygon","coordinates":[[[-120.53,38.59],[-120.52,38.58],[-120.52,38.59],[-120.53,38.59]]]},"properties":{"NAME":null,"ABBREVN":null,"SUBJECTO":null,"BORDERPRECISION":1,"PARTOF":null}},
{"type":"Feature","geometry":{"type":"MultiPolygon","coordinates":[]},"properties":{"NAME":null,"ABBREVN":null,"SUBJECTO":null,"BORDERPRECISION":1,"PARTOF":null}},
{"type":"Feature","geometry":null,"properties":{"NAME":null,"ABBREVN":null,"SUBJECTO":null,"BORDERPRECISION":1,"PARTOF":null}},
{"type":"Feature","geometry":{"type":"Polygon","coordinates":[[[-114.51,40.45],[-114.49,40.71],[-114.52,40.66],[-114.51,40.45]]]},"properties":{"NAME":null,"ABBREVN":null,"SUBJECTO":null,"BORDERPRECISION":1,"PARTOF":null}},
{"type":"Feature","geometry":{"type":"Polygon","coordinates":[[[-119.51,37.37],[-119.58,37.33],[-119.6,37.32],[-119.58,37.24],[-119.56,37.24],[-119.5,37.34],[-119.51,37.37]]]},"properties":{"NAME":null,"ABBREVN":null,"SUBJECTO":null,"BORDERPRECISION":1,"PARTOF":null}},
{"type":"Feature","geometry":{"type":"Polygon","coordinates":[[[-120.56,40.52],[-120.53,40.58],[-120.59,40.51],[-120.56,40.52]]]},"properties":{"NAME":null,"ABBREVN":null,"SUBJECTO":null,"BORDERPRECISION":1,"PARTOF":null}},
{"type":"Feature","geometry":{"type":"Polygon","coordinates":[[[-120.71,40.46],[-120.79,40.47],[-120.84,40.46],[-120.71,40.46]]]},"properties":{"NAME":null,"ABBREVN":null,"SUBJECTO":null,"BORDERPRECISION":1,"PARTOF":null}},
{"type":"Feature","geometry":{"type":"Polygon","coordinates":[[[-78.44,40.17],[-78.67,40.15],[-77.73,39.92],[-77.45,39.59],[-77.03,39.69],[-76.5,39.72],[-76.61,39.77],[-78.44,40.17]]]},"properties":{"NAME":null,"ABBREVN":null,"SUBJECTO":null,"BORDERPRECISION":1,"PARTOF":null}},
{"type":"Feature","geometry":{"type":"Polygon","coordinates":[[[-79.44,38.16],[-79.51,38.24],[-79.3,38.65],[-79.29,38.78],[-79.66,38.61],[-80,38.11],[-80.17,37.87],[-80.28,37.65],[-80.36,37.53],[-79.98,37.43],[-79.81,37.4],[-79.7,37.27],[-79.46,37.29],[-78.9,37.09],[-78.83,37.07],[-78.74,37.13],[-78.59,37.13],[-79.44,38.16]]]},"properties":{"NAME":null,"ABBREVN":null,"SUBJECTO":null,"BORDERPRECISION":1,"PARTOF":null}},
{"type":"Feature","geometry":{"type":"Polygon","coordinates":[[[-121.92,40.78],[-121.65,40.46],[-121.65,40.5],[-121.65,40.55],[-121.89,40.75],[-121.92,40.78]]]},"properties":{"NAME":null,"ABBREVN":null,"SUBJECTO":null,"BORDERPRECISION":1,"PARTOF":null}},
{"type":"Feature","geometry":{"type":"Polygon","coordinates":[[[-122.61,39.06],[-122.7,39.13],[-122.67,39.09],[-122.61,39.06]]]},"properties":{"NAME":null,"ABBREVN":null,"SUBJECTO":null,"BORDERPRECISION":1,"PARTOF":null}},
{"type":"Feature","geometry":{"type":"Polygon","coordinates":[[[-121.27,40.5],[-121.2,40.49],[-121.05,40.5],[-121.27,40.5]]]},"properties":{"NAME":null,"ABBREVN":null,"SUBJECTO":null,"BORDERPRECISION":1,"PARTOF":null}},
{"type":"Feature","geometry":{"type":"Polygon","coordinates":[[[-121.48,40.48],[-121.49,40.46],[-121.42,40.47],[-121.48,40.48]]]},"properties":{"NAME":null,"ABBREVN":null,"SUBJECTO":null,"BORDERPRECISION":1,"PARTOF":null}},
{"type":"Feature","geometry":{"type":"Polygon","coordinates":[[[-73.84,46.3],[-73.76,46.2],[-73.69,46.25],[-73.84,46.3]]]},"properties":{"NAME":null,"ABBREVN":null,"SUBJECTO":null,"BORDERPRECISION":1,"PARTOF":null}},
{"type":"Feature","geometry":{"type":"Polygon","coordinates":[[[-73.68,46.24],[-73.75,46.19],[-73.7,46.13],[-73.45,45.86],[-73.45,45.81],[-73.44,45.79],[-73.4,45.79],[-73.29,45.63],[-73.07,46.17],[-73.02,46.2],[-73.03,46.24],[-73.47,46.17],[-73.68,46.24]]]},"properties":{"NAME":null,"ABBREVN":null,"SUBJECTO":null,"BORDERPRECISION":1,"PARTOF":null}},
{"type":"Feature","geometry":{"type":"Polygon","coordinates":[[[-74.94,46.65],[-74.93,46.63],[-74.92,46.63],[-74.89,46.64],[-74.94,46.65]]]},"properties":{"NAME":null,"ABBREVN":null,"SUBJECTO":null,"BORDERPRECISION":1,"PARTOF":null}},
{"type":"Feature","geometry":{"type":"Polygon","coordinates":[[[-73.98,46.32],[-73.91,46.32],[-74,46.35],[-73.98,46.32]]]},"properties":{"NAME":null,"ABBREVN":null,"SUBJECTO":null,"BORDERPRECISION":1,"PARTOF":null}},
{"type":"Feature","geometry":{"type":"Polygon","coordinates":[[[-71.82,42.55],[-72.09,42.53],[-72.12,42.44],[-71.82,42.55]]]},"properties":{"NAME":null,"ABBREVN":null,"SUBJECTO":null,"BORDERPRECISION":1,"PARTOF":null}},
{"type":"Feature","geometry":{"type":"Polygon","coordinates":[[[-71.79,41.48],[-71.78,41.58],[-71.79,41.5],[-71.79,41.48]]]},"properties":{"NAME":null,"ABBREVN":null,"SUBJECTO":null,"BORDERPRECISION":1,"PARTOF":null}},
{"type":"Feature","geometry":{"type":"Polygon","coordinates":[[[-70.5,48.34],[-70.66,48.36],[-70.68,48.34],[-70.5,48.34]]]},"properties":{"NAME":null,"ABBREVN":null,"SUBJECTO":null,"BORDERPRECISION":1,"PARTOF":null}},
{"type":"Feature","geometry":{"type":"Polygon","coordinates":[[[-70.09,48.22],[-70.12,48.25],[-70.22,48.28],[-70.09,48.22]]]},"properties":{"NAME":null,"ABBREVN":null,"SUBJECTO":null,"BORDERPRECISION":1,"PARTOF":null}},
{"type":"Feature","geometry":{"type":"Polygon","coordinates":[[[-91.05,30.2],[-90.91,29.99],[-90.83,30.01],[-91.05,30.2]]]},"properties":{"NAME":null,"ABBREVN":null,"SUBJECTO":null,"BORDERPRECISION":1,"PARTOF":null}},
{"type":"Feature","geometry":{"type":"Polygon","coordinates":[[[-92.06,30.41],[-92.06,30.37],[-92.03,30.33],[-92.01,30.31],[-91.02,29.97],[-91.11,30.2],[-91.22,30.31],[-91.21,30.34],[-91.23,30.36],[-91.22,30.38],[-91.26,30.44],[-91.93,30.93],[-92.08,30.89],[-91.88,30.76],[-92.03,30.61],[-92.02,30.42],[-92.06,30.41]]]},"properties":{"NAME":null,"ABBREVN":null,"SUBJECTO":null,"BORDERPRECISION":1,"PARTOF":null}},
{"type":"Feature","geometry":null,"properties":{"NAME":null,"ABBREVN":null,"SUBJECTO":null,"BORDERPRECISION":1,"PARTOF":null}},
{"type":"Feature","geometry":null,"properties":{"NAME":null,"ABBREVN":null,"SUBJECTO":null,"BORDERPRECISION":1,"PARTOF":null}},
{"type":"Feature","geometry":{"type":"Polygon","coordinates":[[[-76.26,48.21],[-76.42,48.21],[-76.28,47.92],[-76.13,47.89],[-76.26,48.21]]]},"properties":{"NAME":null,"ABBREVN":null,"SUBJECTO":null,"BORDERPRECISION":1,"PARTOF":null}},
{"type":"Feature","geometry":{"type":"Polygon","coordinates":[[[-92.19,30.14],[-92.16,30.23],[-92.18,30.25],[-92.19,30.14]]]},"properties":{"NAME":null,"ABBREVN":null,"SUBJECTO":null,"BORDERPRECISION":1,"PARTOF":null}},
{"type":"Feature","geometry":{"type":"Polygon","coordinates":[[[-92.2,30],[-92.18,29.96],[-92.19,30.02],[-92.2,30]]]},"properties":{"NAME":null,"ABBREVN":null,"SUBJECTO":null,"BORDERPRECISION":1,"PARTOF":null}},
{"type":"Feature","geometry":{"type":"Polygon","coordinates":[[[-90.62,14.56],[-90.6,14.61],[-90.61,14.61],[-90.62,14.56]]]},"properties":{"NAME":null,"ABBREVN":null,"SUBJECTO":null,"BORDERPRECISION":1,"PARTOF":null}},
{"type":"Feature","geometry":{"type":"Polygon","coordinates":[[[-90.07,15.16],[-90.14,15.17],[-90.14,15.14],[-90.58,14.93],[-90.62,14.93],[-90.6,14.9],[-90.56,14.89],[-90.45,14.74],[-90.35,14.75],[-89.69,14.77],[-89.62,14.86],[-89.39,15.26],[-89.63,15.19],[-89.97,15.09],[-90.07,15.16]]]},"properties":{"NAME":null,"ABBREVN":null,"SUBJECTO":null,"BORDERPRECISION":1,"PARTOF":null}},
{"type":"Feature","geometry":{"type":"Polygon","coordinates":[[[-76.14,41.16],[-75.83,41.15],[-75.65,41.32],[-75.59,41.39],[-75.63,41.56],[-75.63,41.64],[-75.96,41.6],[-76.07,41.59],[-76.11,41.43],[-76.14,41.16]]]},"properties":{"NAME":null,"ABBREVN":null,"SUBJECTO":null,"BORDERPRECISION":1,"PARTOF":null}},
{"type":"Feature","geometry":{"type":"Polygon","coordinates":[[[-89.61,13.99],[-89.63,13.97],[-89.76,14.03],[-89.78,14],[-89.68,13.9],[-89.61,13.99]]]},"properties":{"NAME":null,"ABBREVN":null,"SUBJECTO":null,"BORDERPRECISION":1,"PARTOF":null}},
{"type":"Feature","geometry":{"type":"Polygon","coordinates":[[[-90.71,16.03],[-90.79,16.04],[-90.88,16.04],[-90.93,16.04],[-91.01,15.85],[-91.03,15.76],[-90.96,15.69],[-90.96,15.7],[-90.72,16.02],[-90.71,16.03]]]},"properties":{"NAME":null,"ABBREVN":null,"SUBJECTO":null,"BORDERPRECISION":1,"PARTOF":null}},
{"type":"Feature","geometry":{"type":"Polygon","coordinates":[[[-91.48,15.24],[-91.53,15.24],[-91.59,15.12],[-91.55,15.15],[-91.51,15.18],[-91.48,15.24]]]},"properties":{"NAME":null,"ABBREVN":null,"SUBJECTO":null,"BORDERPRECISION":1,"PARTOF":null}},
{"type":"Feature","geometry":{"type":"Polygon","coordinates":[[[-90.78,15.47],[-90.8,15.44],[-90.76,15.37],[-90.58,15.31],[-90.53,15.44],[-90.37,15.42],[-90.56,15.49],[-90.78,15.47]]]},"properties":{"NAME":null,"ABBREVN":null,"SUBJECTO":null,"BORDERPRECISION":1,"PARTOF":null}},
{"type":"Feature","geometry":{"type":"Polygon","coordinates":[[[-90.93,15.58],[-90.93,15.49],[-90.89,15.52],[-90.92,15.58],[-90.93,15.58]]]},"properties":{"NAME":null,"ABBREVN":null,"SUBJECTO":null,"BORDERPRECISION":1,"PARTOF":null}},
{"type":"Feature","geometry":{"type":"Polygon","coordinates":[[[-72.29,41.42],[-72.33,41.53],[-72.36,41.53],[-72.37,41.45],[-72.36,41.43],[-72.33,41.42],[-72.29,41.42]]]},"properties":{"NAME":null,"ABBREVN":null,"SUBJECTO":null,"BORDERPRECISION":1,"PARTOF":null}},
{"type":"Feature","geometry":{"type":"Polygon","coordinates":[[[-72.38,41.99],[-72.42,42],[-72.45,41.98],[-72.37,41.96],[-72.37,41.86],[-72.33,41.91],[-72.38,41.99]]]},"properties":{"NAME":null,"ABBREVN":null,"SUBJECTO":null,"BORDERPRECISION":1,"PARTOF":null}},
{"type":"Feature","geometry":{"type":"Polygon","coordinates":[[[-75.21,38.37],[-75.18,38.38],[-75.28,38.37],[-75.21,38.37]]]},"properties":{"NAME":null,"ABBREVN":null,"SUBJECTO":null,"BORDERPRECISION":1,"PARTOF":null}},
{"type":"Feature","geometry":{"type":"Polygon","coordinates":[[[-75.39,38.34],[-75.52,38.32],[-75.55,38.31],[-75.39,38.34]]]},"properties":{"NAME":null,"ABBREVN":null,"SUBJECTO":null,"BORDERPRECISION":1,"PARTOF":null}},
{"type":"Feature","geometry":{"type":"Polygon","coordinates":[[[-77.77,49.1],[-77.03,48.73],[-76.95,48.78],[-76.77,48.72],[-76.81,48.62],[-76.77,48.59],[-76.62,48.62],[-76.46,49.05],[-77.76,50.11],[-78.04,49.99],[-78.03,49.91],[-77.77,49.14],[-77.77,49.1]]]},"properties":{"NAME":null,"ABBREVN":null,"SUBJECTO":null,"BORDERPRECISION":1,"PARTOF":null}},
{"type":"Feature","geometry":{"type":"Polygon","coordinates":[[[-78.68,41.53],[-78.78,41.53],[-78.82,41.53],[-79.04,41.38],[-79.7,41.22],[-79.8,41.1],[-79.23,40.76],[-78.85,40.89],[-78.7,41.28],[-78.68,41.53]]]},"properties":{"NAME":null,"ABBREVN":null,"SUBJECTO":null,"BORDERPRECISION":1,"PARTOF":null}},
{"type":"Feature","geometry":{"type":"Polygon","coordinates":[[[-72.8,41.93],[-72.79,41.9],[-72.74,41.9],[-72.69,41.92],[-72.72,41.96],[-72.76,41.96],[-72.8,41.93]]]},"properties":{"NAME":null,"ABBREVN":null,"SUBJECTO":null,"BORDERPRECISION":1,"PARTOF":null}},
{"type":"Feature","geometry":{"type":"Polygon","coordinates":[[[-73.07,41.79],[-72.99,41.79],[-72.94,41.79],[-72.95,41.97],[-72.88,41.97],[-72.9,41.98],[-73.03,42.05],[-73.15,42.04],[-73.09,41.84],[-73.07,41.79]]]},"properties":{"NAME":null,"ABBREVN":null,"SUBJECTO":null,"BORDERPRECISION":1,"PARTOF":null}},
{"type":"Feature","geometry":{"type":"Polygon","coordinates":[[[-95.02,17.37],[-95.11,17.52],[-95.11,17.55],[-95.15,17.56],[-95.11,17.45],[-95.02,17.37]]]},"properties":{"NAME":null,"ABBREVN":null,"SUBJECTO":null,"BORDERPRECISION":1,"PARTOF":null}},
{"type":"Feature","geometry":{"type":"Polygon","coordinates":[[[-45.41,-5.96],[-45.39,-5.97],[-45.38,-5.93],[-45.48,-5.96],[-45.41,-5.96]]]},"properties":{"NAME":null,"ABBREVN":null,"SUBJECTO":null,"BORDERPRECISION":1,"PARTOF":null}},
{"type":"Feature","geometry":{"type":"Polygon","coordinates":[[[-84.96,15.14],[-85.11,15.2],[-85.12,15.14],[-85.07,15.14],[-84.96,15.14]]]},"properties":{"NAME":null,"ABBREVN":null,"SUBJECTO":null,"BORDERPRECISION":1,"PARTOF":null}},
{"type":"Feature","geometry":{"type":"Polygon","coordinates":[[[-85.79,13.4],[-85.5,13.39],[-85.15,12.81],[-85.26,12.7],[-85.25,12.62],[-84.9,11.45],[-84.82,11.27],[-84.8,11.27],[-84.36,11.75],[-84.24,11.84],[-84.26,11.86],[-84.02,12.11],[-84,12.12],[-83.99,12.16],[-84.12,12.58],[-84.19,12.71],[-84.2,12.71],[-84.35,12.77],[-84.55,13.01],[-84.55,13.07],[-84.57,13.15],[-84.7,13.63],[-85.19,14.03],[-85.24,14],[-85.48,14.07],[-85.37,14.21],[-85.36,14.23],[-85.31,14.25],[-85.29,14.26],[-85.25,14.27],[-85.21,14.39],[-85.2,14.41],[-85.17,14.49],[-85.23,14.85],[-85.27,14.85],[-85.38,15.68],[-85.43,15.7],[-88.87,15.55],[-88.93,15.48],[-89.14,15.36],[-89.18,15.32],[-89.04,14.08],[-89.06,14.06],[-88.56,13.83],[-88.52,13.83],[-87.54,15],[-87.57,15.04],[-87.76,15.59],[-86.17,15.44],[-87.07,14.53],[-87.12,14.31],[-87.33,13.76],[-87.39,13.64],[-87.21,13.56],[-87.12,13.55],[-85.9,13.49],[-85.79,13.4]]]},"properties":{"NAME":null,"ABBREVN":null,"SUBJECTO":null,"BORDERPRECISION":1,"PARTOF":null}},
{"type":"Feature","geometry":{"type":"Polygon","coordinates":[[[-67,-7.48],[-66.95,-7.39],[-67.03,-7.4],[-67,-7.48]]]},"properties":{"NAME":null,"ABBREVN":null,"SUBJECTO":null,"BORDERPRECISION":1,"PARTOF":null}},
{"type":"Feature","geometry":{"type":"Polygon","coordinates":[[[-64.87,-7.13],[-64.85,-7.14],[-64.82,-6.87],[-64.93,-7.04],[-64.9,-7.08],[-64.87,-7.11],[-64.87,-7.13]]]},"properties":{"NAME":null,"ABBREVN":null,"SUBJECTO":null,"BORDERPRECISION":1,"PARTOF":null}},
{"type":"Feature","geometry":{"type":"Polygon","coordinates":[[[-64.81,-7.27],[-64.78,-7.24],[-64.85,-7.15],[-64.96,-7.19],[-64.98,-7.2],[-65.01,-7.22],[-65.09,-7.3],[-65.16,-7.33],[-65.18,-7.33],[-65.3,-7.41],[-65.22,-7.41],[-65.19,-7.4],[-64.81,-7.27]]]},"properties":{"NAME":null,"ABBREVN":null,"SUBJECTO":null,"BORDERPRECISION":1,"PARTOF":null}},
{"type":"Feature","geometry":{"type":"Polygon","coordinates":[[[-67.56,-8.28],[-67.62,-8.22],[-67.97,-8.6],[-67.67,-8.47],[-67.62,-8.42],[-67.56,-8.28]]]},"properties":{"NAME":null,"ABBREVN":null,"SUBJECTO":null,"BORDERPRECISION":1,"PARTOF":null}},
{"type":"Feature","geometry":{"type":"Polygon","coordinates":[[[-90.44,16.57],[-90.63,16.68],[-90.62,16.66],[-90.49,16.54],[-90.44,16.57]]]},"properties":{"NAME":null,"ABBREVN":null,"SUBJECTO":null,"BORDERPRECISION":1,"PARTOF":null}},
{"type":"Feature","geometry":{"type":"Polygon","coordinates":[[[-91.16,17.06],[-91,17],[-91.28,17.24],[-91.33,17.25],[-91.36,17.23],[-91.28,17.17],[-91.25,17.13],[-91.24,17.13],[-91.17,17.08],[-91.16,17.06]]]},"properties":{"NAME":null,"ABBREVN":null,"SUBJECTO":null,"BORDERPRECISION":1,"PARTOF":null}},
{"type":"Feature","geometry":{"type":"Polygon","coordinates":[[[-92.46,15.77],[-92.28,15.85],[-92.32,15.9],[-92.46,15.77]]]},"properties":{"NAME":null,"ABBREVN":null,"SUBJECTO":null,"BORDERPRECISION":1,"PARTOF":null}},
{"type":"Feature","geometry":{"type":"Polygon","coordinates":[[[-92.9,15.69],[-92.84,15.61],[-92.7,15.68],[-92.9,15.69]]]},"properties":{"NAME":null,"ABBREVN":null,"SUBJECTO":null,"BORDERPRECISION":1,"PARTOF":null}},
{"type":"Feature","geometry":{"type":"Polygon","coordinates":[[[-87.21,13.56],[-87.39,13.64],[-87.36,13.58],[-87.21,13.56]]]},"properties":{"NAME":null,"ABBREVN":null,"SUBJECTO":null,"BORDERPRECISION":1,"PARTOF":null}},
{"type":"Feature","geometry":{"type":"Polygon","coordinates":[[[-84.91,15.61],[-84.91,15.62],[-85.04,15.61],[-85.12,15.59],[-85.11,15.2],[-84.89,15.19],[-84.9,15.25],[-84.93,15.55],[-84.91,15.61]]]},"properties":{"NAME":null,"ABBREVN":null,"SUBJECTO":null,"BORDERPRECISION":1,"PARTOF":null}},
{"type":"Feature","geometry":{"type":"Polygon","coordinates":[[[-92.77,17.74],[-93.04,17.83],[-93.05,17.8],[-92.99,17.62],[-92.93,17.59],[-92.91,17.62],[-92.79,17.71],[-92.77,17.74]]]},"properties":{"NAME":null,"ABBREVN":null,"SUBJECTO":null,"BORDERPRECISION":1,"PARTOF":null}},
{"type":"Feature","geometry":{"type":"Polygon","coordinates":[[[-84.09,10.3],[-84.11,10.27],[-83.93,10.46],[-83.96,10.48],[-83.99,10.5],[-84.09,10.3]]]},"properties":{"NAME":null,"ABBREVN":null,"SUBJECTO":null,"BORDERPRECISION":1,"PARTOF":null}},
{"type":"Feature","geometry":{"type":"Polygon","coordinates":[[[-75.47,4.45],[-75.38,4.44],[-74.99,5.21],[-75.26,4.99],[-75.47,4.45]]]},"properties":{"NAME":null,"ABBREVN":null,"SUBJECTO":null,"BORDERPRECISION":1,"PARTOF":null}},
{"type":"Feature","geometry":{"type":"Polygon","coordinates":[[[-78.7,9.32],[-78.59,9.3],[-78.57,9.32],[-78.64,9.33],[-78.7,9.32]]]},"properties":{"NAME":null,"ABBREVN":null,"SUBJECTO":null,"BORDERPRECISION":1,"PARTOF":null}},
{"type":"Feature","geometry":{"type":"Polygon","coordinates":[[[-70.95,9.15],[-70.97,9.12],[-70.94,9.13],[-70.95,9.15]]]},"properties":{"NAME":null,"ABBREVN":null,"SUBJECTO":null,"BORDERPRECISION":1,"PARTOF":null}},
{"type":"Feature","geometry":{"type":"Polygon","coordinates":[[[-71.55,6.91],[-71.6,6.92],[-71.64,6.75],[-71.5,6.75],[-71.49,6.76],[-71.55,6.91]]]},"properties":{"NAME":null,"ABBREVN":null,"SUBJECTO":null,"BORDERPRECISION":1,"PARTOF":null}},
{"type":"Feature","geometry":{"type":"Polygon","coordinates":[[[-78.26,9.19],[-78.26,9.14],[-78.09,8.97],[-78.09,8.98],[-78,9.04],[-78.03,9.07],[-78.26,9.19]]]},"properties":{"NAME":null,"ABBREVN":null,"SUBJECTO":null,"BORDERPRECISION":1,"PARTOF":null}},
{"type":"Feature","geometry":{"type":"Polygon","coordinates":[[[-79.55,-4.51],[-79.77,-4.77],[-79.81,-4.76],[-79.67,-5.35],[-79.68,-5.39],[-79.43,-5.64],[-79.4,-4.6],[-79.41,-4.61],[-79.55,-4.51]]]},"properties":{"NAME":null,"ABBREVN":null,"SUBJECTO":null,"BORDERPRECISION":1,"PARTOF":null}},
{"type":"Feature","geometry":{"type":"Polygon","coordinates":[[[-78.46,9.25],[-78.29,9.15],[-78.26,9.14],[-78.26,9.19],[-78.31,9.2],[-78.44,9.26],[-78.46,9.25]]]},"properties":{"NAME":null,"ABBREVN":null,"SUBJECTO":null,"BORDERPRECISION":1,"PARTOF":null}},
{"type":"Feature","geometry":{"type":"Polygon","coordinates":[[[-77.77,8.83],[-77.9,8.81],[-77.84,8.77],[-77.73,8.71],[-77.64,8.7],[-77.76,8.83],[-77.77,8.83]]]},"properties":{"NAME":null,"ABBREVN":null,"SUBJECTO":null,"BORDERPRECISION":1,"PARTOF":null}},
{"type":"Feature","geometry":{"type":"Polygon","coordinates":[[[-62.1,-7.14],[-62.1,-7.15],[-62.03,-7.12],[-62.1,-7.14]]]},"properties":{"NAME":null,"ABBREVN":null,"SUBJECTO":null,"BORDERPRECISION":1,"PARTOF":null}},
{"type":"Feature","geometry":{"type":"Polygon","coordinates":[[[-62.25,-8.16],[-62.27,-8.17],[-62.17,-8.38],[-62.17,-8.18],[-62.25,-8.16]]]},"properties":{"NAME":null,"ABBREVN":null,"SUBJECTO":null,"BORDERPRECISION":1,"PARTOF":null}},
{"type":"Feature","geometry":{"type":"Polygon","coordinates":[[[-61.71,-6.58],[-61.7,-6.58],[-61.7,-6.57],[-61.71,-6.58]]]},"properties":{"NAME":null,"ABBREVN":null,"SUBJECTO":null,"BORDERPRECISION":1,"PARTOF":null}},
{"type":"Feature","geometry":{"type":"Polygon","coordinates":[[[-61.8,-6.7],[-61.8,-6.71],[-61.78,-6.68],[-61.8,-6.7]]]},"properties":{"NAME":null,"ABBREVN":null,"SUBJECTO":null,"BORDERPRECISION":1,"PARTOF":null}},
{"type":"Feature","geometry":{"type":"Polygon","coordinates":[[[-52.75,-4.01],[-52.81,-3.93],[-54.99,-4.35],[-55.05,-4.17],[-56.84,-6.35],[-57.48,-8.26],[-57.51,-8.29],[-57.29,-8.42],[-57.14,-8.48],[-56.95,-8.25],[-56.67,-8.35],[-56.64,-9.03],[-56.57,-9.29],[-56.43,-9.39],[-54.76,-10.65],[-53.57,-10.52],[-53.16,-10.66],[-53.01,-9.9],[-53.71,-9.66],[-53.84,-9.65],[-54.55,-9.86],[-54.55,-8.88],[-54.55,-8.78],[-53.18,-7.01],[-52.48,-6.66],[-53.07,-5.14],[-52.75,-4.01]],[[-54.5,-5.48],[-54.36,-5.76],[-54.63,-6.01],[-54.83,-5.72],[-54.5,-5.48]]]},"properties":{"NAME":null,"ABBREVN":null,"SUBJECTO":null,"BORDERPRECISION":1,"PARTOF":null}},
{"type":"Feature","geometry":{"type":"Polygon","coordinates":[[[-53.57,-10.62],[-53.57,-10.53],[-54.76,-10.65],[-54.65,-11.06],[-53.89,-11.01],[-53.7,-10.64],[-53.57,-10.62]]]},"properties":{"NAME":null,"ABBREVN":null,"SUBJECTO":null,"BORDERPRECISION":1,"PARTOF":null}},
{"type":"Feature","geometry":{"type":"Polygon","coordinates":[[[-62.21,-7.51],[-62.2,-7.46],[-62.23,-7.51],[-62.23,-7.52],[-62.21,-7.51]]]},"properties":{"NAME":null,"ABBREVN":null,"SUBJECTO":null,"BORDERPRECISION":1,"PARTOF":null}},
{"type":"Feature","geometry":null,"properties":{"NAME":null,"ABBREVN":null,"SUBJECTO":null,"BORDERPRECISION":1,"PARTOF":null}},
{"type":"Feature","geometry":{"type":"Polygon","coordinates":[[[-103.7,22.11],[-103.66,22.11],[-103.69,22.13],[-103.7,22.11]]]},"properties":{"NAME":null,"ABBREVN":null,"SUBJECTO":null,"BORDERPRECISION":1,"PARTOF":null}},
{"type":"Feature","geometry":{"type":"Polygon","coordinates":[[[-103.64,21.77],[-103.56,21.99],[-103.67,21.92],[-103.72,21.76],[-103.64,21.77]]]},"properties":{"NAME":null,"ABBREVN":null,"SUBJECTO":null,"BORDERPRECISION":1,"PARTOF":null}},
{"type":"Feature","geometry":{"type":"Polygon","coordinates":[[[-103.22,20.99],[-103.1,21.01],[-102.99,21.14],[-103,21.15],[-103.17,21.01],[-103.22,20.99]]]},"properties":{"NAME":null,"ABBREVN":null,"SUBJECTO":null,"BORDERPRECISION":1,"PARTOF":null}},
{"type":"Feature","geometry":{"type":"Polygon","coordinates":[[[-103.31,20.95],[-103.29,20.95],[-103.28,20.96],[-103.31,20.95]]]},"properties":{"NAME":null,"ABBREVN":null,"SUBJECTO":null,"BORDERPRECISION":1,"PARTOF":null}},
{"type":"Feature","geometry":null,"properties":{"NAME":null,"ABBREVN":null,"SUBJECTO":null,"BORDERPRECISION":1,"PARTOF":null}},
{"type":"Feature","geometry":{"type":"Polygon","coordinates":[[[-100.2,22.47],[-100.15,22.56],[-99.37,22.22],[-99.34,22.16],[-99.29,22.32],[-99.24,22.34],[-99.3,22.68],[-98.97,23.04],[-99,23.16],[-99.7,23.19],[-99.71,23.48],[-100.33,22.55],[-100.2,22.47]]]},"properties":{"NAME":null,"ABBREVN":null,"SUBJECTO":null,"BORDERPRECISION":1,"PARTOF":null}},
{"type":"Feature","geometry":{"type":"Polygon","coordinates":[[[-102.17,21.15],[-102.38,21.53],[-102.42,21.44],[-102.51,21.3],[-102.59,21.28],[-102.33,21.32],[-102.45,20.82],[-101.98,20.72],[-101.94,20.74],[-101.95,20.78],[-102.17,21.15]]]},"properties":{"NAME":null,"ABBREVN":null,"SUBJECTO":null,"BORDERPRECISION":1,"PARTOF":null}},
{"type":"Feature","geometry":{"type":"Polygon","coordinates":[[[-101.67,18.12],[-101.59,18.09],[-101.47,18.21],[-100.24,18.44],[-100.21,18.51],[-100.24,18.58],[-100.24,18.59],[-100.27,18.68],[-100.5,18.54],[-101.3,18.3],[-101.67,18.12]]]},"properties":{"NAME":null,"ABBREVN":null,"SUBJECTO":null,"BORDERPRECISION":1,"PARTOF":null}},
{"type":"Feature","geometry":{"type":"Polygon","coordinates":[[[-99.44,24.64],[-99.31,24.77],[-99.6,25.46],[-99.66,25.58],[-99.8,25.63],[-100.81,25.72],[-101.84,25.68],[-99.44,24.64]]]},"properties":{"NAME":null,"ABBREVN":null,"SUBJECTO":null,"BORDERPRECISION":1,"PARTOF":null}},
{"type":"Feature","geometry":{"type":"Polygon","coordinates":[[[-102.36,27.05],[-102.42,27.13],[-102.49,27.05],[-102.36,27.05]]]},"properties":{"NAME":null,"ABBREVN":null,"SUBJECTO":null,"BORDERPRECISION":1,"PARTOF":null}},
{"type":"Feature","geometry":{"type":"Polygon","coordinates":[[[-98.46,22.61],[-98.38,22.7],[-98.52,22.58],[-98.46,22.61]]]},"properties":{"NAME":null,"ABBREVN":null,"SUBJECTO":null,"BORDERPRECISION":1,"PARTOF":null}},
{"type":"Feature","geometry":{"type":"Polygon","coordinates":[[[-102.64,25.28],[-102.71,25.24],[-102.64,25.17],[-102.64,25.28]]]},"properties":{"NAME":null,"ABBREVN":null,"SUBJECTO":null,"BORDERPRECISION":1,"PARTOF":null}},
{"type":"Feature","geometry":{"type":"Polygon","coordinates":[[[-107.56,25.63],[-107.4,25.66],[-107.34,25.2],[-107.36,25.18],[-106.72,24.45],[-106.52,24.45],[-106.11,24.78],[-106,24.67],[-106.49,25.39],[-106.91,25.54],[-107.12,25.57],[-107.24,25.67],[-107.45,25.74],[-107.82,26],[-108,26.24],[-107.98,26.32],[-108.11,26.57],[-108.17,27.61],[-108.23,27.6],[-108.74,27.33],[-108.87,27.35],[-108.63,26.84],[-108.56,26.77],[-108.52,26.81],[-108.18,26.78],[-108.23,25.77],[-108.35,25.81],[-108.37,25.77],[-108.49,25.65],[-108.35,25.51],[-108.32,25.48],[-108.25,25.55],[-107.64,25.77],[-107.56,25.63]]]},"properties":{"NAME":null,"ABBREVN":null,"SUBJECTO":null,"BORDERPRECISION":1,"PARTOF":null}},
{"type":"Feature","geometry":{"type":"Polygon","coordinates":[[[-109.59,27.48],[-109.34,27.62],[-109.22,27.65],[-109.3,27.81],[-109.29,27.78],[-109.59,27.48]]]},"properties":{"NAME":null,"ABBREVN":null,"SUBJECTO":null,"BORDERPRECISION":1,"PARTOF":null}},
{"type":"Feature","geometry":{"type":"Polygon","coordinates":[[[-104.03,25.84],[-104,25.74],[-103.97,25.21],[-103.87,24.91],[-103.29,25.27],[-103.32,25.3],[-102.74,26.76],[-102.82,26.82],[-103.8,26.07],[-104.03,25.84]]]},"properties":{"NAME":null,"ABBREVN":null,"SUBJECTO":null,"BORDERPRECISION":1,"PARTOF":null}},
{"type":"Feature","geometry":{"type":"Polygon","coordinates":[[[-106.65,26.4],[-106.6,26.41],[-106.29,26.87],[-106.27,27.21],[-106.29,27.22],[-106.71,27.01],[-106.8,26.88],[-106.78,26.79],[-106.69,26.56],[-106.65,26.4]]]},"properties":{"NAME":null,"ABBREVN":null,"SUBJECTO":null,"BORDERPRECISION":1,"PARTOF":null}},
{"type":"Feature","geometry":{"type":"Polygon","coordinates":[[[-113.63,35.82],[-113.64,35.83],[-113.65,35.82],[-113.63,35.82]]]},"properties":{"NAME":null,"ABBREVN":null,"SUBJECTO":null,"BORDERPRECISION":1,"PARTOF":null}},
{"type":"Feature","geometry":{"type":"Polygon","coordinates":[[[-113.7,35.88],[-113.7,35.9],[-113.71,35.92],[-113.7,35.88]]]},"properties":{"NAME":null,"ABBREVN":null,"SUBJECTO":null,"BORDERPRECISION":1,"PARTOF":null}},
{"type":"Feature","geometry":{"type":"Polygon","coordinates":[[[-113.44,35.76],[-113.4,35.75],[-113.37,35.76],[-113.44,35.76]]]},"properties":{"NAME":null,"ABBREVN":null,"SUBJECTO":null,"BORDERPRECISION":1,"PARTOF":null}},
{"type":"Feature","geometry":{"type":"Polygon","coordinates":[[[-113.57,35.82],[-113.51,35.77],[-113.49,35.77],[-113.53,35.79],[-113.56,35.83],[-113.57,35.82]]]},"properties":{"NAME":null,"ABBREVN":null,"SUBJECTO":null,"BORDERPRECISION":1,"PARTOF":null}},
{"type":"Feature","geometry":{"type":"Polygon","coordinates":[[[-114.18,36.02],[-114.22,36.05],[-114.31,36.08],[-114.28,36.04],[-114.18,36.02]]]},"properties":{"NAME":null,"ABBREVN":null,"SUBJECTO":null,"BORDERPRECISION":1,"PARTOF":null}},
{"type":"Feature","geometry":{"type":"Polygon","coordinates":[[[-114.72,36.11],[-114.74,36.12],[-114.75,36.1],[-114.72,36.11]]]},"properties":{"NAME":null,"ABBREVN":null,"SUBJECTO":null,"BORDERPRECISION":1,"PARTOF":null}},
{"type":"Feature","geometry":{"type":"Polygon","coordinates":[[[-113.73,35.94],[-113.75,35.98],[-113.77,35.98],[-113.73,35.94]]]},"properties":{"NAME":null,"ABBREVN":null,"SUBJECTO":null,"BORDERPRECISION":1,"PARTOF":null}},
{"type":"Feature","geometry":{"type":"Polygon","coordinates":[[[-113.98,36.17],[-113.89,36.06],[-113.85,36.05],[-113.89,36.08],[-113.98,36.19],[-113.98,36.17]]]},"properties":{"NAME":null,"ABBREVN":null,"SUBJECTO":null,"BORDERPRECISION":1,"PARTOF":null}},
{"type":"Feature","geometry":{"type":"Polygon","coordinates":[[[-106.62,24.01],[-106.62,23.99],[-106.61,24.02],[-106.62,24.01]]]},"properties":{"NAME":null,"ABBREVN":null,"SUBJECTO":null,"BORDERPRECISION":1,"PARTOF":null}},
{"type":"Feature","geometry":{"type":"Polygon","coordinates":[[[-110.73,29.77],[-111.01,29.75],[-110.9,29.54],[-110.59,29.52],[-110.46,29.37],[-110.73,29.76],[-110.73,29.77]]]},"properties":{"NAME":null,"ABBREVN":null,"SUBJECTO":null,"BORDERPRECISION":1,"PARTOF":null}},
{"type":"Feature","geometry":{"type":"Polygon","coordinates":[[[-103.75,22.69],[-103.76,22.73],[-103.94,22.73],[-103.75,22.69]]]},"properties":{"NAME":null,"ABBREVN":null,"SUBJECTO":null,"BORDERPRECISION":1,"PARTOF":null}},
{"type":"Feature","geometry":{"type":"Polygon","coordinates":[[[-105.9,23.14],[-105.89,23.19],[-106,23.32],[-106.01,23.25],[-105.9,23.14]]]},"properties":{"NAME":null,"ABBREVN":null,"SUBJECTO":null,"BORDERPRECISION":1,"PARTOF":null}},
{"type":"Feature","geometry":null,"properties":{"NAME":null,"ABBREVN":null,"SUBJECTO":null,"BORDERPRECISION":1,"PARTOF":null}},
{"type":"Feature","geometry":null,"properties":{"NAME":null,"ABBREVN":null,"SUBJECTO":null,"BORDERPRECISION":1,"PARTOF":null}},
{"type":"Feature","geometry":{"type":"Polygon","coordinates":[[[-111.55,29.74],[-111.72,29.67],[-111.64,29.57],[-111.35,29.71],[-111.55,29.74]]]},"properties":{"NAME":null,"ABBREVN":null,"SUBJECTO":null,"BORDERPRECISION":1,"PARTOF":null}},
{"type":"Feature","geometry":{"type":"Polygon","coordinates":[[[-110.16,28.19],[-110.25,28.27],[-111.02,28.67],[-110.95,28.58],[-110.81,28.49],[-110.67,28.44],[-110.16,28.19]]]},"properties":{"NAME":null,"ABBREVN":null,"SUBJECTO":null,"BORDERPRECISION":1,"PARTOF":null}},
{"type":"Feature","geometry":{"type":"Polygon","coordinates":[[[-119.69,45.93],[-119.82,45.87],[-119.75,45.88],[-119.69,45.93]]]},"properties":{"NAME":null,"ABBREVN":null,"SUBJECTO":null,"BORDERPRECISION":1,"PARTOF":null}},
{"type":"Feature","geometry":{"type":"Polygon","coordinates":[[[-121.27,43.73],[-120.83,43.8],[-120.85,43.9],[-120.85,44],[-121.33,44.01],[-121.37,44.01],[-121.37,44],[-121.39,43.99],[-121.38,43.99],[-121.33,43.8],[-121.27,43.73]]]},"properties":{"NAME":null,"ABBREVN":null,"SUBJECTO":null,"BORDERPRECISION":1,"PARTOF":null}},
{"type":"Feature","geometry":{"type":"Polygon","coordinates":[[[-115.64,44.57],[-116.03,44.68],[-117.02,44.72],[-117.03,44.72],[-117.21,44.32],[-116.91,44.02],[-116.85,43.99],[-116.76,44.02],[-115.64,44.57]]]},"properties":{"NAME":null,"ABBREVN":null,"SUBJECTO":null,"BORDERPRECISION":1,"PARTOF":null}},
{"type":"Feature","geometry":{"type":"Polygon","coordinates":[[[-119.57,46.3],[-119.53,46.2],[-119.51,46.3],[-119.57,46.3]]]},"properties":{"NAME":null,"ABBREVN":null,"SUBJECTO":null,"BORDERPRECISION":1,"PARTOF":null}},
{"type":"Feature","geometry":{"type":"Polygon","coordinates":[[[-76.83,38.06],[-76.85,38.07],[-76.84,38.06],[-76.83,38.06]]]},"properties":{"NAME":null,"ABBREVN":null,"SUBJECTO":null,"BORDERPRECISION":1,"PARTOF":null}},
{"type":"Feature","geometry":{"type":"Polygon","coordinates":[[[-77.06,38.1],[-77.05,38.12],[-77.05,38.14],[-77.06,38.13],[-77.06,38.11],[-77.06,38.1]]]},"properties":{"NAME":null,"ABBREVN":null,"SUBJECTO":null,"BORDERPRECISION":1,"PARTOF":null}},
{"type":"Feature","geometry":{"type":"Polygon","coordinates":[[[-121.53,46.85],[-121.46,46.91],[-121.53,46.9],[-121.65,46.83],[-121.72,46.82],[-121.68,46.79],[-121.66,46.82],[-121.55,46.85],[-121.53,46.85]]]},"properties":{"NAME":null,"ABBREVN":null,"SUBJECTO":null,"BORDERPRECISION":1,"PARTOF":null}},
{"type":"Feature","geometry":{"type":"Polygon","coordinates":[[[-76.63,37.93],[-76.64,37.94],[-76.65,37.92],[-76.63,37.93]]]},"properties":{"NAME":null,"ABBREVN":null,"SUBJECTO":null,"BORDERPRECISION":1,"PARTOF":null}},
{"type":"Feature","geometry":{"type":"Polygon","coordinates":[[[-118.67,36.41],[-118.63,36.43],[-118.63,36.44],[-118.67,36.41]]]},"properties":{"NAME":null,"ABBREVN":null,"SUBJECTO":null,"BORDERPRECISION":1,"PARTOF":null}},
{"type":"Feature","geometry":{"type":"Polygon","coordinates":[[[-118.87,36.46],[-118.94,36.54],[-118.94,36.5],[-118.87,36.46]]]},"properties":{"NAME":null,"ABBREVN":null,"SUBJECTO":null,"BORDERPRECISION":1,"PARTOF":null}},
{"type":"Feature","geometry":{"type":"Polygon","coordinates":[[[-118.09,35.65],[-118.2,35.68],[-118.5,35.61],[-118.39,35.59],[-118.09,35.65]]]},"properties":{"NAME":null,"ABBREVN":null,"SUBJECTO":null,"BORDERPRECISION":1,"PARTOF":null}},
{"type":"Feature","geometry":{"type":"Polygon","coordinates":[[[-118.58,35.84],[-118.64,35.9],[-118.66,35.87],[-118.59,35.83],[-118.58,35.84]]]},"properties":{"NAME":null,"ABBREVN":null,"SUBJECTO":null,"BORDERPRECISION":1,"PARTOF":null}},
{"type":"Feature","geometry":{"type":"Polygon","coordinates":[[[-121.78,36.52],[-121.74,36.45],[-121.62,36.53],[-121.65,36.54],[-121.78,36.52]]]},"properties":{"NAME":null,"ABBREVN":null,"SUBJECTO":null,"BORDERPRECISION":1,"PARTOF":null}},
{"type":"Feature","geometry":{"type":"Polygon","coordinates":[[[-113.26,45.96],[-113.33,46.07],[-113.9,46.35],[-114.13,46.33],[-114.42,46.34],[-114.3,45.51],[-114.13,45.61],[-114.02,45.6],[-113.99,45.61],[-113.72,45.83],[-113.26,45.96]]]},"properties":{"NAME":null,"ABBREVN":null,"SUBJECTO":null,"BORDERPRECISION":1,"PARTOF":null}},
{"type":"Feature","geometry":{"type":"Polygon","coordinates":[[[-120.32,37.45],[-120.3,37.47],[-120.49,37.62],[-120.51,37.62],[-120.52,37.63],[-120.48,37.55],[-120.32,37.45]]]},"properties":{"NAME":null,"ABBREVN":null,"SUBJECTO":null,"BORDERPRECISION":1,"PARTOF":null}},
{"type":"Feature","geometry":{"type":"Polygon","coordinates":[[[-120.54,36.43],[-120.71,36.4],[-120.86,36.35],[-120.78,36.32],[-120.4,35.99],[-120.31,35.93],[-120.54,36.43]]]},"properties":{"NAME":null,"ABBREVN":null,"SUBJECTO":null,"BORDERPRECISION":1,"PARTOF":null}},
{"type":"Feature","geometry":{"type":"Polygon","coordinates":[[[-77.13,37.62],[-77.12,37.62],[-77.12,37.63],[-77.13,37.62]]]},"properties":{"NAME":null,"ABBREVN":null,"SUBJECTO":null,"BORDERPRECISION":1,"PARTOF":null}},
{"type":"Feature","geometry":{"type":"Polygon","coordinates":[[[-77.51,37.41],[-77.51,37.42],[-77.61,37.44],[-77.64,37.42],[-77.58,37.3],[-77.54,37.3],[-77.51,37.41]]]},"properties":{"NAME":null,"ABBREVN":null,"SUBJECTO":null,"BORDERPRECISION":1,"PARTOF":null}},
{"type":"Feature","geometry":{"type":"MultiPolygon","coordinates":[]},"properties":{"NAME":null,"ABBREVN":null,"SUBJECTO":null,"BORDERPRECISION":1,"PARTOF":null}},
{"type":"Feature","geometry":{"type":"Polygon","coordinates":[[[-76.96,37.51],[-76.91,37.45],[-76.86,37.44],[-76.82,37.41],[-76.81,37.41],[-76.82,37.49],[-76.8,37.5],[-76.81,37.51],[-76.96,37.51]]]},"properties":{"NAME":null,"ABBREVN":null,"SUBJECTO":null,"BORDERPRECISION":1,"PARTOF":null}},
{"type":"Feature","geometry":{"type":"Polygon","coordinates":[[[-90.49,30.03],[-90.46,30.01],[-90.47,30.02],[-90.49,30.03]]]},"properties":{"NAME":null,"ABBREVN":null,"SUBJECTO":null,"BORDERPRECISION":1,"PARTOF":null}},
{"type":"Feature","geometry":null,"properties":{"NAME":null,"ABBREVN":null,"SUBJECTO":null,"BORDERPRECISION":1,"PARTOF":null}},
{"type":"Feature","geometry":{"type":"Polygon","coordinates":[[[-77.64,37.19],[-77.62,37.2],[-77.63,37.2],[-77.64,37.19]]]},"properties":{"NAME":null,"ABBREVN":null,"SUBJECTO":null,"BORDERPRECISION":1,"PARTOF":null}},
{"type":"Feature","geometry":{"type":"Polygon","coordinates":[[[-90.41,29.98],[-90.43,29.98],[-90.4,29.97],[-90.41,29.98]]]},"properties":{"NAME":null,"ABBREVN":null,"SUBJECTO":null,"BORDERPRECISION":1,"PARTOF":null}},
{"type":"Feature","geometry":{"type":"Polygon","coordinates":[[[-77.27,38.24],[-77.28,38.25],[-77.29,38.24],[-77.27,38.24]]]},"properties":{"NAME":null,"ABBREVN":null,"SUBJECTO":null,"BORDERPRECISION":1,"PARTOF":null}},
{"type":"Feature","geometry":null,"properties":{"NAME":null,"ABBREVN":null,"SUBJECTO":null,"BORDERPRECISION":1,"PARTOF":null}},
{"type":"Feature","geometry":{"type":"Polygon","coordinates":[[[-77.14,38.16],[-77.15,38.17],[-77.17,38.17],[-77.14,38.16]]]},"properties":{"NAME":null,"ABBREVN":null,"SUBJECTO":null,"BORDERPRECISION":1,"PARTOF":null}},
{"type":"Feature","geometry":{"type":"Polygon","coordinates":[[[-77.21,38.19],[-77.22,38.2],[-77.23,38.2],[-77.21,38.19]]]},"properties":{"NAME":null,"ABBREVN":null,"SUBJECTO":null,"BORDERPRECISION":1,"PARTOF":null}},
{"type":"Feature","geometry":{"type":"Polygon","coordinates":[[[-76.75,37.83],[-76.73,37.82],[-76.72,37.85],[-76.75,37.83]]]},"properties":{"NAME":null,"ABBREVN":null,"SUBJECTO":null,"BORDERPRECISION":1,"PARTOF":null}},
{"type":"Feature","geometry":null,"properties":{"NAME":null,"ABBREVN":null,"SUBJECTO":null,"BORDERPRECISION":1,"PARTOF":null}},
{"type":"Feature","geometry":{"type":"Polygon","coordinates":[[[-77.04,37.76],[-77.09,37.75],[-77.41,37.88],[-77.5,37.84],[-77.52,37.77],[-77.13,37.68],[-77.09,37.71],[-77.02,37.72],[-77.04,37.76]]]},"properties":{"NAME":null,"ABBREVN":null,"SUBJECTO":null,"BORDERPRECISION":1,"PARTOF":null}},
{"type":"Feature","geometry":{"type":"Polygon","coordinates":[[[-77.02,37.81],[-77.02,37.79],[-76.98,37.81],[-77.02,37.81]]]},"properties":{"NAME":null,"ABBREVN":null,"SUBJECTO":null,"BORDERPRECISION":1,"PARTOF":null}},
{"type":"Feature","geometry":{"type":"Polygon","coordinates":[[[-1.06,50.69],[-1.31,50.77],[-1.52,50.7],[-1.28,50.58],[-1.06,50.69]]]},"properties":{"NAME":null,"ABBREVN":null,"SUBJECTO":null,"BORDERPRECISION":1,"PARTOF":null}},
{"type":"Feature","geometry":{"type":"Polygon","coordinates":[[[-4.15,53.23],[-4.28,53.4],[-4.57,53.27],[-4.35,53.12],[-4.15,53.23]]]},"properties":{"NAME":null,"ABBREVN":null,"SUBJECTO":null,"BORDERPRECISION":1,"PARTOF":null}},
{"type":"Feature","geometry":{"type":"Polygon","coordinates":[[[-5.1,55.44],[-5.15,55.67],[-5.4,55.6],[-5.1,55.44]]]},"properties":{"NAME":null,"ABBREVN":null,"SUBJECTO":null,"BORDERPRECISION":1,"PARTOF":null}},
{"type":"Feature","geometry":{"type":"Polygon","coordinates":[[[-6.12,55.88],[-6.33,55.59],[-6.02,55.68],[-6.12,55.88]]]},"properties":{"NAME":null,"ABBREVN":null,"SUBJECTO":null,"BORDERPRECISION":1,"PARTOF":null}},
{"type":"Feature","geometry":{"type":"Polygon","coordinates":[[[-5.95,55.83],[-5.75,56.06],[-5.97,56.02],[-6.08,55.91],[-5.95,55.83]]]},"properties":{"NAME":null,"ABBREVN":null,"SUBJECTO":null,"BORDERPRECISION":1,"PARTOF":null}},
{"type":"Feature","geometry":{"type":"Polygon","coordinates":[[[-7.47,56.94],[-7.38,56.98],[-7.45,57.06],[-7.55,56.97],[-7.47,56.94]]]},"properties":{"NAME":null,"ABBREVN":null,"SUBJECTO":null,"BORDERPRECISION":1,"PARTOF":null}},
{"type":"Feature","geometry":{"type":"Polygon","coordinates":[[[-7.22,57.34],[-7.42,57.38],[-7.38,57.11],[-7.23,57.09],[-7.22,57.34]]]},"properties":{"NAME":null,"ABBREVN":null,"SUBJECTO":null,"BORDERPRECISION":1,"PARTOF":null}},
{"type":"Feature","geometry":{"type":"Polygon","coordinates":[[[-7.27,57.4],[-7.2,57.46],[-7.35,57.49],[-7.39,57.42],[-7.27,57.4]]]},"properties":{"NAME":null,"ABBREVN":null,"SUBJECTO":null,"BORDERPRECISION":1,"PARTOF":null}},
{"type":"Feature","geometry":{"type":"Polygon","coordinates":[[[-7.19,57.69],[-7.48,57.56],[-7.15,57.51],[-7.19,57.69]]]},"properties":{"NAME":null,"ABBREVN":null,"SUBJECTO":null,"BORDERPRECISION":1,"PARTOF":null}},
{"type":"Feature","geometry":{"type":"Polygon","coordinates":[[[-7.01,57.88],[-6.99,57.92],[-7.07,57.9],[-7.01,57.88]]]},"properties":{"NAME":null,"ABBREVN":null,"SUBJECTO":null,"BORDERPRECISION":1,"PARTOF":null}},
{"type":"Feature","geometry":{"type":"Polygon","coordinates":[[[-6.2,58.36],[-7.03,58.24],[-6.47,57.94],[-6.2,58.36]]]},"properties":{"NAME":null,"ABBREVN":null,"SUBJECTO":null,"BORDERPRECISION":1,"PARTOF":null}},
{"type":"Feature","geometry":{"type":"Polygon","coordinates":[[[-2.92,58.73],[-2.88,58.82],[-3.04,58.82],[-2.92,58.73]]]},"properties":{"NAME":null,"ABBREVN":null,"SUBJECTO":null,"BORDERPRECISION":1,"PARTOF":null}},
{"type":"Feature","geometry":{"type":"Polygon","coordinates":[[[-3.23,58.78],[-3.14,58.8],[-3.34,58.93],[-3.43,58.87],[-3.23,58.78]]]},"properties":{"NAME":null,"ABBREVN":null,"SUBJECTO":null,"BORDERPRECISION":1,"PARTOF":null}},
{"type":"Feature","geometry":{"type":"Polygon","coordinates":[[[-2.79,58.95],[-3.08,59.12],[-3.19,58.91],[-2.79,58.95]]]},"properties":{"NAME":null,"ABBREVN":null,"SUBJECTO":null,"BORDERPRECISION":1,"PARTOF":null}},
{"type":"Feature","geometry":{"type":"Polygon","coordinates":[[[-2.68,59.2],[-2.62,59.24],[-2.5,59.24],[-2.41,59.31],[-2.59,59.29],[-2.68,59.2]]]},"properties":{"NAME":null,"ABBREVN":null,"SUBJECTO":null,"BORDERPRECISION":1,"PARTOF":null}},
{"type":"Feature","geometry":{"type":"Polygon","coordinates":[[[-2.89,59.3],[-3.05,59.33],[-3,59.26],[-2.97,59.29],[-2.89,59.3]]]},"properties":{"NAME":null,"ABBREVN":null,"SUBJECTO":null,"BORDERPRECISION":1,"PARTOF":null}},
{"type":"Feature","geometry":{"type":"Polygon","coordinates":[[[-1.3,60.49],[-1.32,60.36],[-1.65,60.23],[-1.13,60.15],[-1.04,60.45],[-1.3,60.49]]]},"properties":{"NAME":null,"ABBREVN":null,"SUBJECTO":null,"BORDERPRECISION":1,"PARTOF":null}},
{"type":"Feature","geometry":{"type":"Polygon","coordinates":[[[-1.03,60.5],[-0.99,60.72],[-1.18,60.64],[-1.03,60.5]]]},"properties":{"NAME":null,"ABBREVN":null,"SUBJECTO":null,"BORDERPRECISION":1,"PARTOF":null}},
{"type":"Feature","geometry":{"type":"Polygon","coordinates":[[[-0.82,60.69],[-0.77,60.83],[-0.94,60.79],[-0.97,60.69],[-0.82,60.69]]]},"properties":{"NAME":null,"ABBREVN":null,"SUBJECTO":null,"BORDERPRECISION":1,"PARTOF":null}},
{"type":"Feature","geometry":{"type":"Polygon","coordinates":[[[-6.71,61.94],[-6.72,62.03],[-7.19,62.31],[-7.23,62.17],[-6.71,61.94]]]},"properties":{"NAME":null,"ABBREVN":null,"SUBJECTO":null,"BORDERPRECISION":1,"PARTOF":null}},
{"type":"Feature","geometry":{"type":"Polygon","coordinates":[[[-4.78,54.06],[-4.39,54.19],[-4.53,54.37],[-4.78,54.06]]]},"properties":{"NAME":null,"ABBREVN":null,"SUBJECTO":null,"BORDERPRECISION":1,"PARTOF":null}},
{"type":"Feature","geometry":{"type":"Polygon","coordinates":[[[129.72,28.45],[129.16,28.23],[129.37,28.12],[129.72,28.45]]]},"properties":{"NAME":null,"ABBREVN":null,"SUBJECTO":null,"BORDERPRECISION":1,"PARTOF":null}},
{"type":"Feature","geometry":{"type":"Polygon","coordinates":[[[129.96,29.96],[129.94,30],[129.92,29.98],[129.96,29.96]]]},"properties":{"NAME":null,"ABBREVN":null,"SUBJECTO":null,"BORDERPRECISION":1,"PARTOF":null}},
{"type":"Feature","geometry":{"type":"Polygon","coordinates":[[[129.9,29.87],[129.88,29.83],[129.92,29.82],[129.9,29.87]]]},"properties":{"NAME":null,"ABBREVN":null,"SUBJECTO":null,"BORDERPRECISION":1,"PARTOF":null}},
{"type":"Feature","geometry":{"type":"Polygon","coordinates":[[[130.91,30.35],[131.07,30.69],[130.95,30.68],[130.91,30.35]]]},"properties":{"NAME":null,"ABBREVN":null,"SUBJECTO":null,"BORDERPRECISION":1,"PARTOF":null}},
{"type":"Feature","geometry":{"type":"Polygon","coordinates":[[[130.56,30.24],[130.67,30.37],[130.51,30.46],[130.39,30.4],[130.56,30.24]]]},"properties":{"NAME":null,"ABBREVN":null,"SUBJECTO":null,"BORDERPRECISION":1,"PARTOF":null}},
{"type":"Feature","geometry":{"type":"Polygon","coordinates":[[[121.73,25.14],[120.12,23.63],[120.88,22.34],[121.73,25.14]]]},"properties":{"NAME":"Taiwan","ABBREVN":"Taiwan","SUBJECTO":"Taiwan","BORDERPRECISION":1,"PARTOF":"Taiwan"}},
{"type":"Feature","geometry":{"type":"Polygon","coordinates":[[[128.9,32.64],[128.65,32.78],[128.61,32.61],[128.9,32.64]]]},"properties":{"NAME":null,"ABBREVN":null,"SUBJECTO":null,"BORDERPRECISION":1,"PARTOF":null}},
{"type":"Feature","geometry":{"type":"Polygon","coordinates":[[[123.87,24.25],[123.92,24.37],[123.77,24.41],[123.68,24.32],[123.87,24.25]]]},"properties":{"NAME":null,"ABBREVN":null,"SUBJECTO":null,"BORDERPRECISION":1,"PARTOF":null}},
{"type":"Feature","geometry":{"type":"Polygon","coordinates":[[[125.36,24.78],[125.26,24.88],[125.25,24.74],[125.36,24.78]]]},"properties":{"NAME":null,"ABBREVN":null,"SUBJECTO":null,"BORDERPRECISION":1,"PARTOF":null}},
{"type":"Feature","geometry":{"type":"Polygon","coordinates":[[[124.26,24.46],[124.08,24.42],[124.12,24.34],[124.23,24.34],[124.26,24.46]]]},"properties":{"NAME":null,"ABBREVN":null,"SUBJECTO":null,"BORDERPRECISION":1,"PARTOF":null}},
{"type":"Feature","geometry":{"type":"Polygon","coordinates":[[[128.25,26.64],[128.25,26.84],[127.96,26.54],[128.25,26.64]]]},"properties":{"NAME":null,"ABBREVN":null,"SUBJECTO":null,"BORDERPRECISION":1,"PARTOF":null}},
{"type":"Feature","geometry":{"type":"Polygon","coordinates":[[[126.76,26.39],[126.7,26.35],[126.78,26.3],[126.81,26.35],[126.76,26.39]]]},"properties":{"NAME":null,"ABBREVN":null,"SUBJECTO":null,"BORDERPRECISION":1,"PARTOF":null}},
{"type":"Feature","geometry":{"type":"Polygon","coordinates":[[[128.95,27.68],[129.03,27.77],[128.9,27.9],[128.9,27.73],[128.95,27.68]]]},"properties":{"NAME":null,"ABBREVN":null,"SUBJECTO":null,"BORDERPRECISION":1,"PARTOF":null}},
{"type":"Feature","geometry":{"type":"Polygon","coordinates":[[[128.61,27.36],[128.7,27.45],[128.52,27.41],[128.61,27.36]]]},"properties":{"NAME":null,"ABBREVN":null,"SUBJECTO":null,"BORDERPRECISION":1,"PARTOF":null}},
{"type":"Feature","geometry":{"type":"Polygon","coordinates":[[[129.99,28.28],[130.03,28.35],[129.94,28.32],[129.99,28.28]]]},"properties":{"NAME":null,"ABBREVN":null,"SUBJECTO":null,"BORDERPRECISION":1,"PARTOF":null}},
{"type":"Feature","geometry":{"type":"Polygon","coordinates":[[[129.34,28.08],[129.34,28.11],[129.22,28.18],[129.22,28.1],[129.34,28.08]]]},"properties":{"NAME":null,"ABBREVN":null,"SUBJECTO":null,"BORDERPRECISION":1,"PARTOF":null}},
{"type":"Feature","geometry":{"type":"Polygon","coordinates":[[[129.73,29.61],[129.75,29.65],[129.71,29.65],[129.73,29.61]]]},"properties":{"NAME":null,"ABBREVN":null,"SUBJECTO":null,"BORDERPRECISION":1,"PARTOF":null}},
{"type":"Feature","geometry":{"type":"Polygon","coordinates":[[[77.98,34.87],[82.69,34.74],[89.92,35.19],[90,36.51],[91.69,36.36],[95.52,37.1],[95.59,38.94],[102.93,39.02],[119.6,42.03],[131.87,43.29],[134.14,42.99],[137.72,46],[140.08,48.5],[141.12,53.05],[138.42,54.09],[137.98,53.46],[136.49,53.65],[126.44,54.92],[118.11,56.89],[109.08,57.6],[102.59,57.3],[87.21,49.61],[85.52,48.41],[77.18,46.78],[74.07,45.54],[68.23,42.24],[64.53,40.15],[68.58,37.13],[72.03,35.61],[75.33,34.95],[77.98,34.87]]]},"properties":{"NAME":"Chagatai Khanate","ABBREVN":"Chagatai Khanate","SUBJECTO":"Chagatai Khanate","BORDERPRECISION":1,"PARTOF":"Chagatai Khanate"}},
{"type":"Feature","geometry":{"type":"MultiPolygon","coordinates":[[[[162.75,58.97],[163.25,59.29],[162.84,59.06],[162.75,58.97]]],[[[161.8,58.1],[162.91,58.89],[162.62,58.73],[161.8,58.1]]]]},"properties":{"NAME":null,"ABBREVN":null,"SUBJECTO":null,"BORDERPRECISION":1,"PARTOF":null}},
{"type":"Feature","geometry":{"type":"Polygon","coordinates":[[[18.53,66.43],[21.88,66.97],[25.63,66.7],[26.48,65.57],[27.1,66.83],[31.25,67.64],[32.64,67.05],[39.19,66.04],[40.83,67.66],[35.44,69.15],[29.73,69.7],[28.31,70.95],[24.57,70.74],[19.82,69.37],[18.53,66.43]]]},"properties":{"NAME":"Sámi","ABBREVN":"Sámi","SUBJECTO":"Sámi","BORDERPRECISION":1,"PARTOF":"Sámi"}},
{"type":"Feature","geometry":{"type":"Polygon","coordinates":[[[59.29,45.28],[59.05,44.95],[59.24,44.8],[59.46,45.06],[59.29,45.28]]]},"properties":{"NAME":null,"ABBREVN":null,"SUBJECTO":null,"BORDERPRECISION":1,"PARTOF":null}},
{"type":"Feature","geometry":{"type":"Polygon","coordinates":[[[75.24,62.13],[75.66,58.62],[78.4,58.59],[82.54,57.08],[78.8,54.39],[87.21,49.61],[102.59,57.3],[93.98,56.89],[85.08,58.16],[77.04,61.97],[75.24,62.13]]]},"properties":{"NAME":"Oirat Confederation","ABBREVN":"Oirat Confederation","SUBJECTO":"Oirat Confederation","BORDERPRECISION":1,"PARTOF":"Oirat Confederation"}},
{"type":"Feature","geometry":{"type":"Polygon","coordinates":[[[56.67,58.26],[52.85,46.94],[51.51,45.37],[51.17,43.72],[52.52,42.07],[53.99,42.11],[54.82,40.88],[52.85,40.18],[54.07,38.9],[55.64,40.05],[58.88,43.85],[58.82,45.93],[61.27,46.26],[66.67,44.43],[68.23,42.24],[74.07,45.54],[77.18,46.78],[85.52,48.41],[87.21,49.61],[78.8,54.39],[68.59,54.28],[64.68,55.97],[64.63,58.48],[67.89,61.69],[61.88,59.85],[56.67,58.26]]]},"properties":{"NAME":"White Horde","ABBREVN":"White Horde","SUBJECTO":"White Horde","BORDERPRECISION":1,"PARTOF":"White Horde"}},
{"type":"Feature","geometry":{"type":"Polygon","coordinates":[[[59.98,26.51],[65.52,26.93],[66.99,27.74],[69.57,29.96],[70.34,31.38],[72.03,35.61],[68.58,37.13],[64.53,40.15],[68.23,42.24],[66.67,44.43],[61.27,46.26],[60.94,44.44],[58.88,43.85],[55.64,40.05],[54.07,38.9],[53.98,36.78],[57.19,30.76],[59.18,28.48],[59.98,26.51]]]},"properties":{"NAME":"Timurid Emirates","ABBREVN":"Timurid Em.","SUBJECTO":"Timurid Emirates","BORDERPRECISION":1,"PARTOF":"Timurid Emirates"}},
{"type":"Feature","geometry":{"type":"MultiPolygon","coordinates":[[[[13.76,41.21],[15.67,40.09],[17.08,40.53],[14.08,42.63],[13.76,41.21]]],[[[-0.91,42.88],[-2.13,41.82],[-1.81,39.86],[-1.94,36.95],[0.17,38.74],[-0.39,39.43],[0.88,41.02],[3.13,41.86],[3,42.77],[-0.91,42.88]]]]},"properties":{"NAME":"Aragón","ABBREVN":"Aragón","SUBJECTO":"Aragón","BORDERPRECISION":1,"PARTOF":"Aragón"}},
{"type":"Feature","geometry":{"type":"Polygon","coordinates":[[[60.48,25.3],[61.34,25.03],[66.62,25.32],[68.23,23.49],[69.06,23.79],[69.35,26.19],[70.13,28.1],[72.82,31.06],[70.34,31.38],[69.57,29.96],[66.99,27.74],[65.52,26.93],[59.98,26.51],[60.48,25.3]]]},"properties":{"NAME":"Sind","ABBREVN":"Sind","SUBJECTO":"Sind","BORDERPRECISION":1,"PARTOF":"Sind"}},
{"type":"Feature","geometry":{"type":"Polygon","coordinates":[[[83.62,21.72],[78.6,21.32],[78.57,20.44],[78.53,19.12],[79.96,17.6],[81.86,18.73],[84.3,20.75],[83.62,21.72]]]},"properties":{"NAME":"Gondwana","ABBREVN":"Gondwana","SUBJECTO":"Gondwana","BORDERPRECISION":1,"PARTOF":"Gondwana"}},
{"type":"Feature","geometry":{"type":"Polygon","coordinates":[[[72.82,31.06],[70.13,28.1],[69.35,26.19],[69.06,23.79],[70.47,24.32],[73.04,24.2],[73.71,22.95],[76.93,23.9],[78.28,24.3],[76.43,27.52],[74.88,27.96],[74.59,30.69],[72.82,31.06]]]},"properties":{"NAME":"Rajastan","ABBREVN":"Rajastan","SUBJECTO":"Rajastan","BORDERPRECISION":1,"PARTOF":"Rajastan"}},
{"type":"Feature","geometry":{"type":"Polygon","coordinates":[[[68.23,23.49],[69.13,21.97],[71.02,20.66],[72.12,21.16],[72.79,19.88],[73.49,19.91],[74.27,21.91],[73.71,22.95],[73.04,24.2],[70.47,24.32],[69.06,23.79],[68.23,23.49]]]},"properties":{"NAME":"Gujarat","ABBREVN":"Gujarat","SUBJECTO":"Gujarat","BORDERPRECISION":1,"PARTOF":"Gujarat"}},
{"type":"Feature","geometry":{"type":"Polygon","coordinates":[[[84.97,27.61],[85.86,28.2],[82.04,30.19],[81.11,30.19],[80.67,29.68],[80.1,29.02],[83.08,27.28],[84.51,27.31],[84.97,27.61]]]},"properties":{"NAME":"Nepal","ABBREVN":"Nepal","SUBJECTO":"Nepal","BORDERPRECISION":1,"PARTOF":"Nepal"}},
{"type":"Feature","geometry":{"type":"Polygon","coordinates":[[[75.33,34.95],[72.03,35.61],[70.34,31.38],[72.82,31.06],[75.33,34.95]]]},"properties":{"NAME":"Punjab","ABBREVN":"Punjab","SUBJECTO":"Punjab","BORDERPRECISION":1,"PARTOF":"Punjab"}},
{"type":"Feature","geometry":{"type":"Polygon","coordinates":[[[78.57,20.44],[76.09,21.05],[76.93,23.9],[73.71,22.95],[74.27,21.91],[73.49,19.91],[72.79,19.88],[73.4,16.62],[75.41,18.5],[77.39,18.77],[78.17,19.01],[78.53,19.12],[78.57,20.44]]]},"properties":{"NAME":"Ahmadnagar","ABBREVN":"Ahmadnagar","SUBJECTO":"Ahmadnagar","BORDERPRECISION":1,"PARTOF":"Deccan Sultanates"}},
{"type":"Feature","geometry":{"type":"Polygon","coordinates":[[[78.28,24.3],[76.93,23.9],[76.09,21.05],[78.57,20.44],[78.6,21.32],[83.62,21.72],[82.55,23.24],[78.28,24.3]]]},"properties":{"NAME":"Berar","ABBREVN":"Berar","SUBJECTO":"Berar","BORDERPRECISION":1,"PARTOF":"Berar"}},
{"type":"Feature","geometry":{"type":"Polygon","coordinates":[[[77.39,18.77],[77.17,16.66],[78,16.47],[78.17,19.01],[77.39,18.77]]]},"properties":{"NAME":"Bidar","ABBREVN":"Bidar","SUBJECTO":"Bidar","BORDERPRECISION":1,"PARTOF":"Deccan Sultanates"}},
{"type":"Feature","geometry":{"type":"Polygon","coordinates":[[[77.92,16.25],[78,16.47],[77.17,16.66],[77.39,18.77],[75.41,18.5],[73.4,16.62],[73.49,16.29],[76.1,15.97],[77.92,16.25]]]},"properties":{"NAME":"Bijapur","ABBREVN":"Bijapur","SUBJECTO":"Bijapur","BORDERPRECISION":1,"PARTOF":"Deccan Sultanates"}},
{"type":"Feature","geometry":{"type":"Polygon","coordinates":[[[84.3,20.75],[81.86,18.73],[79.96,17.6],[82.32,17],[85.38,19.61],[84.3,20.75]]]},"properties":{"NAME":"Orissa","ABBREVN":"Orissa","SUBJECTO":"Orissa","BORDERPRECISION":1,"PARTOF":"Orissa"}},
{"type":"Feature","geometry":{"type":"Polygon","coordinates":[[[80.46,15.77],[82.32,17],[79.96,17.6],[78.53,19.12],[78.17,19.01],[78,16.47],[77.92,16.25],[80.46,15.77]]]},"properties":{"NAME":"Golkonda","ABBREVN":"Golkonda","SUBJECTO":"Golkonda","BORDERPRECISION":1,"PARTOF":"Deccan Sultanates"}},
{"type":"Feature","geometry":{"type":"MultiPolygon","coordinates":[[[[-29.34,69.87],[-26.96,68.5],[-22.73,69.77],[-25.29,71.57],[-24.08,73.76],[-20.33,73.42],[-18.25,77.3],[-22.61,80.87],[-26.06,79.64],[-27.71,74.99],[-29.34,73.28],[-29.34,69.87]]],[[[-64.89,79.38],[-72.53,78.17],[-69.04,76.29],[-58.64,75.79],[-54.73,73.04],[-51.72,71.59],[-50.48,67.48],[-53.1,65.87],[-50.52,63.09],[-48.4,67.15],[-52.06,74.7],[-58.83,78.24],[-64.89,79.38]]]]},"properties":{"NAME":"Thule","ABBREVN":"Thule","SUBJECTO":"Thule","BORDERPRECISION":1,"PARTOF":"Thule"}},
{"type":"Feature","geometry":{"type":"Polygon","coordinates":[[[178.18,-18.24],[178.17,-17.34],[177.51,-17.51],[177.33,-18.12],[178.18,-18.24]]]},"properties":{"NAME":"Tuʻi Tonga Empire","ABBREVN":"Tuʻi Tonga Empire","SUBJECTO":"Tuʻi Tonga Empire","BORDERPRECISION":1,"PARTOF":"Tuʻi Tonga Empire"}},
{"type":"Feature","geometry":{"type":"Polygon","coordinates":[[[-109.24,-27.13],[-109.37,-27.06],[-109.43,-27.2],[-109.24,-27.13]]]},"properties":{"NAME":"Polynesians","ABBREVN":"Polynesians","SUBJECTO":"Polynesians","BORDERPRECISION":1,"PARTOF":"Polynesians"}},
{"type":"Feature","geometry":{"type":"Polygon","coordinates":[[[125.38,39.41],[124.74,38.28],[126.63,37.59],[126.37,34.79],[128.45,34.85],[129.44,35.48],[129.34,37.26],[127.44,39.62],[129.76,40.89],[129.64,41.66],[125.38,39.41]]]},"properties":{"NAME":"Korea","ABBREVN":"Korea","SUBJECTO":"Korea","BORDERPRECISION":3,"PARTOF":"Korea"}},
{"type":"Feature","geometry":{"type":"MultiPolygon","coordinates":[[[[16.64,43.39],[16.99,43.32],[17.3,43.08],[19.61,41.76],[19.37,40.26],[21.23,37.9],[23.56,38.35],[22.6,40.4],[23.89,40.73],[28.83,40.91],[27.5,42.52],[28.69,44.49],[30.83,46.58],[31.95,46.86],[30.89,47.45],[28.37,45.33],[26.54,45.25],[23.54,45.86],[16.7,43.85],[16.64,43.39]]],[[[38.61,38.37],[41.21,40.24],[41.48,41.44],[40.36,40.96],[36.38,41.24],[33.56,41.98],[30.74,41.04],[26.13,39.88],[27.16,37.36],[30.47,36.19],[31.37,36.71],[33.17,35.97],[35.89,36.77],[38.61,38.37]]]]},"properties":{"NAME":"Ottoman Empire","ABBREVN":"Ottoman Emp.","SUBJECTO":"Ottoman Empire","BORDERPRECISION":1,"PARTOF":"Ottoman Empire","wikipedia":null}}
]}